task,episode_key,condition_id,step_id,episode_success,num_steps,control_init_source_target_distance,control_init_source_target_dx,control_init_source_target_dy,control_init_source_target_dz,control_init_source_target_xy_distance,failure_mode_height_violation,failure_mode_no_correct_move,failure_mode_primary,failure_mode_transport_not_completed,gt_all_obj_keep_height,gt_correct_move_duration_steps,gt_correct_move_fraction,gt_correct_move_fraction_episode,gt_correct_move_streak,gt_elapsed_steps,gt_first_correct_move_step,gt_first_height_violation_step,gt_first_near_target_step,gt_first_success_step,gt_height_violation,gt_height_violation_streak,gt_is_closest_to_tgt,gt_move_phase,gt_move_phase_change,gt_moved_correct_obj,gt_moved_wrong_obj,gt_near_target_duration_steps,gt_near_tgt_obj,gt_reward,gt_source_init_x,gt_source_init_y,gt_source_init_z,gt_success,gt_target_init_x,gt_target_init_y,gt_target_init_z,gt_terminated,gt_time_since_first_correct_move,gt_truncated,max_steps
move_near,move_near/condition_0000,0,0,True,58,0.29604844002514835,0.024632632732391357,-0.2941364496946335,-0.022839903831481934,0.2951660848307145,0,0,success,0,True,5,0.0,0.08620689655172414,0,1,52,,57,57,0,0,False,0,0,False,False,1,False,0.0,0.6642991304397583,0.2257809340953827,0.8956101536750793,False,0.6889317631721497,-0.0683555155992508,0.8727702498435974,False,,False,80
move_near,move_near/condition_0000,0,1,True,58,0.29604844002514835,0.024632632732391357,-0.2941364496946335,-0.022839903831481934,0.2951660848307145,0,0,success,0,True,5,0.0,0.08620689655172414,0,2,52,,57,57,0,0,False,0,0,False,False,1,False,0.0,0.6642991304397583,0.2257809340953827,0.8956101536750793,False,0.6889317631721497,-0.0683555155992508,0.8727702498435974,False,,False,80
move_near,move_near/condition_0000,0,2,True,58,0.29604844002514835,0.024632632732391357,-0.2941364496946335,-0.022839903831481934,0.2951660848307145,0,0,success,0,True,5,0.0,0.08620689655172414,0,3,52,,57,57,0,0,False,0,0,False,False,1,False,0.0,0.6642991304397583,0.2257809340953827,0.8956101536750793,False,0.6889317631721497,-0.0683555155992508,0.8727702498435974,False,,False,80
move_near,move_near/condition_0000,0,3,True,58,0.29604844002514835,0.024632632732391357,-0.2941364496946335,-0.022839903831481934,0.2951660848307145,0,0,success,0,True,5,0.0,0.08620689655172414,0,4,52,,57,57,0,0,False,0,0,False,False,1,False,0.0,0.6642991304397583,0.2257809340953827,0.8956101536750793,False,0.6889317631721497,-0.0683555155992508,0.8727702498435974,False,,False,80
move_near,move_near/condition_0000,0,4,True,58,0.29604844002514835,0.024632632732391357,-0.2941364496946335,-0.022839903831481934,0.2951660848307145,0,0,success,0,True,5,0.0,0.08620689655172414,0,5,52,,57,57,0,0,False,0,0,False,False,1,False,0.0,0.6642991304397583,0.2257809340953827,0.8956101536750793,False,0.6889317631721497,-0.0683555155992508,0.8727702498435974,False,,False,80
move_near,move_near/condition_0000,0,5,True,58,0.29604844002514835,0.024632632732391357,-0.2941364496946335,-0.022839903831481934,0.2951660848307145,0,0,success,0,True,5,0.0,0.08620689655172414,0,6,52,,57,57,0,0,False,0,0,False,False,1,False,0.0,0.6642991304397583,0.2257809340953827,0.8956101536750793,False,0.6889317631721497,-0.0683555155992508,0.8727702498435974,False,,False,80
move_near,move_near/condition_0000,0,6,True,58,0.29604844002514835,0.024632632732391357,-0.2941364496946335,-0.022839903831481934,0.2951660848307145,0,0,success,0,True,5,0.0,0.08620689655172414,0,7,52,,57,57,0,0,False,0,0,False,False,1,False,0.0,0.6642991304397583,0.2257809340953827,0.8956101536750793,False,0.6889317631721497,-0.0683555155992508,0.8727702498435974,False,,False,80
move_near,move_near/condition_0000,0,7,True,58,0.29604844002514835,0.024632632732391357,-0.2941364496946335,-0.022839903831481934,0.2951660848307145,0,0,success,0,True,5,0.0,0.08620689655172414,0,8,52,,57,57,0,0,False,0,0,False,False,1,False,0.0,0.6642991304397583,0.2257809340953827,0.8956101536750793,False,0.6889317631721497,-0.0683555155992508,0.8727702498435974,False,,False,80
move_near,move_near/condition_0000,0,8,True,58,0.29604844002514835,0.024632632732391357,-0.2941364496946335,-0.022839903831481934,0.2951660848307145,0,0,success,0,True,5,0.0,0.08620689655172414,0,9,52,,57,57,0,0,False,0,0,False,False,1,False,0.0,0.6642991304397583,0.2257809340953827,0.8956101536750793,False,0.6889317631721497,-0.0683555155992508,0.8727702498435974,False,,False,80
move_near,move_near/condition_0000,0,9,True,58,0.29604844002514835,0.024632632732391357,-0.2941364496946335,-0.022839903831481934,0.2951660848307145,0,0,success,0,True,5,0.0,0.08620689655172414,0,10,52,,57,57,0,0,False,0,0,False,False,1,False,0.0,0.6642991304397583,0.2257809340953827,0.8956101536750793,False,0.6889317631721497,-0.0683555155992508,0.8727702498435974,False,,False,80
move_near,move_near/condition_0000,0,10,True,58,0.29604844002514835,0.024632632732391357,-0.2941364496946335,-0.022839903831481934,0.2951660848307145,0,0,success,0,True,5,0.0,0.08620689655172414,0,11,52,,57,57,0,0,False,0,0,False,False,1,False,0.0,0.6642991304397583,0.2257809340953827,0.8956101536750793,False,0.6889317631721497,-0.0683555155992508,0.8727702498435974,False,,False,80
move_near,move_near/condition_0000,0,11,True,58,0.29604844002514835,0.024632632732391357,-0.2941364496946335,-0.022839903831481934,0.2951660848307145,0,0,success,0,True,5,0.0,0.08620689655172414,0,12,52,,57,57,0,0,False,0,0,False,False,1,False,0.0,0.6642991304397583,0.2257809340953827,0.8956101536750793,False,0.6889317631721497,-0.0683555155992508,0.8727702498435974,False,,False,80
move_near,move_near/condition_0000,0,12,True,58,0.29604844002514835,0.024632632732391357,-0.2941364496946335,-0.022839903831481934,0.2951660848307145,0,0,success,0,True,5,0.0,0.08620689655172414,0,13,52,,57,57,0,0,False,0,0,False,False,1,False,0.0,0.6642991304397583,0.2257809340953827,0.8956101536750793,False,0.6889317631721497,-0.0683555155992508,0.8727702498435974,False,,False,80
move_near,move_near/condition_0000,0,13,True,58,0.29604844002514835,0.024632632732391357,-0.2941364496946335,-0.022839903831481934,0.2951660848307145,0,0,success,0,True,5,0.0,0.08620689655172414,0,14,52,,57,57,0,0,False,0,0,False,False,1,False,0.0,0.6642991304397583,0.2257809340953827,0.8956101536750793,False,0.6889317631721497,-0.0683555155992508,0.8727702498435974,False,,False,80
move_near,move_near/condition_0000,0,14,True,58,0.29604844002514835,0.024632632732391357,-0.2941364496946335,-0.022839903831481934,0.2951660848307145,0,0,success,0,True,5,0.0,0.08620689655172414,0,15,52,,57,57,0,0,False,0,0,False,False,1,False,0.0,0.6642991304397583,0.2257809340953827,0.8956101536750793,False,0.6889317631721497,-0.0683555155992508,0.8727702498435974,False,,False,80
move_near,move_near/condition_0000,0,15,True,58,0.29604844002514835,0.024632632732391357,-0.2941364496946335,-0.022839903831481934,0.2951660848307145,0,0,success,0,True,5,0.0,0.08620689655172414,0,16,52,,57,57,0,0,False,0,0,False,False,1,False,0.0,0.6642991304397583,0.2257809340953827,0.8956101536750793,False,0.6889317631721497,-0.0683555155992508,0.8727702498435974,False,,False,80
move_near,move_near/condition_0000,0,16,True,58,0.29604844002514835,0.024632632732391357,-0.2941364496946335,-0.022839903831481934,0.2951660848307145,0,0,success,0,True,5,0.0,0.08620689655172414,0,17,52,,57,57,0,0,False,0,0,False,False,1,False,0.0,0.6642991304397583,0.2257809340953827,0.8956101536750793,False,0.6889317631721497,-0.0683555155992508,0.8727702498435974,False,,False,80
move_near,move_near/condition_0000,0,17,True,58,0.29604844002514835,0.024632632732391357,-0.2941364496946335,-0.022839903831481934,0.2951660848307145,0,0,success,0,True,5,0.0,0.08620689655172414,0,18,52,,57,57,0,0,False,0,0,False,False,1,False,0.0,0.6642991304397583,0.2257809340953827,0.8956101536750793,False,0.6889317631721497,-0.0683555155992508,0.8727702498435974,False,,False,80
move_near,move_near/condition_0000,0,18,True,58,0.29604844002514835,0.024632632732391357,-0.2941364496946335,-0.022839903831481934,0.2951660848307145,0,0,success,0,True,5,0.0,0.08620689655172414,0,19,52,,57,57,0,0,False,0,0,False,False,1,False,0.0,0.6642991304397583,0.2257809340953827,0.8956101536750793,False,0.6889317631721497,-0.0683555155992508,0.8727702498435974,False,,False,80
move_near,move_near/condition_0000,0,19,True,58,0.29604844002514835,0.024632632732391357,-0.2941364496946335,-0.022839903831481934,0.2951660848307145,0,0,success,0,True,5,0.0,0.08620689655172414,0,20,52,,57,57,0,0,False,0,0,False,False,1,False,0.0,0.6642991304397583,0.2257809340953827,0.8956101536750793,False,0.6889317631721497,-0.0683555155992508,0.8727702498435974,False,,False,80
move_near,move_near/condition_0000,0,20,True,58,0.29604844002514835,0.024632632732391357,-0.2941364496946335,-0.022839903831481934,0.2951660848307145,0,0,success,0,True,5,0.0,0.08620689655172414,0,21,52,,57,57,0,0,False,0,0,False,False,1,False,0.0,0.6642991304397583,0.2257809340953827,0.8956101536750793,False,0.6889317631721497,-0.0683555155992508,0.8727702498435974,False,,False,80
move_near,move_near/condition_0000,0,21,True,58,0.29604844002514835,0.024632632732391357,-0.2941364496946335,-0.022839903831481934,0.2951660848307145,0,0,success,0,True,5,0.0,0.08620689655172414,0,22,52,,57,57,0,0,False,0,0,False,False,1,False,0.0,0.6642991304397583,0.2257809340953827,0.8956101536750793,False,0.6889317631721497,-0.0683555155992508,0.8727702498435974,False,,False,80
move_near,move_near/condition_0000,0,22,True,58,0.29604844002514835,0.024632632732391357,-0.2941364496946335,-0.022839903831481934,0.2951660848307145,0,0,success,0,True,5,0.0,0.08620689655172414,0,23,52,,57,57,0,0,False,0,0,False,False,1,False,0.0,0.6642991304397583,0.2257809340953827,0.8956101536750793,False,0.6889317631721497,-0.0683555155992508,0.8727702498435974,False,,False,80
move_near,move_near/condition_0000,0,23,True,58,0.29604844002514835,0.024632632732391357,-0.2941364496946335,-0.022839903831481934,0.2951660848307145,0,0,success,0,True,5,0.0,0.08620689655172414,0,24,52,,57,57,0,0,False,0,0,False,False,1,False,0.0,0.6642991304397583,0.2257809340953827,0.8956101536750793,False,0.6889317631721497,-0.0683555155992508,0.8727702498435974,False,,False,80
move_near,move_near/condition_0000,0,24,True,58,0.29604844002514835,0.024632632732391357,-0.2941364496946335,-0.022839903831481934,0.2951660848307145,0,0,success,0,True,5,0.0,0.08620689655172414,0,25,52,,57,57,0,0,False,0,0,False,False,1,False,0.0,0.6642991304397583,0.2257809340953827,0.8956101536750793,False,0.6889317631721497,-0.0683555155992508,0.8727702498435974,False,,False,80
move_near,move_near/condition_0000,0,25,True,58,0.29604844002514835,0.024632632732391357,-0.2941364496946335,-0.022839903831481934,0.2951660848307145,0,0,success,0,True,5,0.0,0.08620689655172414,0,26,52,,57,57,0,0,False,0,0,False,False,1,False,0.0,0.6642991304397583,0.2257809340953827,0.8956101536750793,False,0.6889317631721497,-0.0683555155992508,0.8727702498435974,False,,False,80
move_near,move_near/condition_0000,0,26,True,58,0.29604844002514835,0.024632632732391357,-0.2941364496946335,-0.022839903831481934,0.2951660848307145,0,0,success,0,True,5,0.0,0.08620689655172414,0,27,52,,57,57,0,0,False,0,0,False,False,1,False,0.0,0.6642991304397583,0.2257809340953827,0.8956101536750793,False,0.6889317631721497,-0.0683555155992508,0.8727702498435974,False,,False,80
move_near,move_near/condition_0000,0,27,True,58,0.29604844002514835,0.024632632732391357,-0.2941364496946335,-0.022839903831481934,0.2951660848307145,0,0,success,0,True,5,0.0,0.08620689655172414,0,28,52,,57,57,0,0,False,0,0,False,False,1,False,0.0,0.6642991304397583,0.2257809340953827,0.8956101536750793,False,0.6889317631721497,-0.0683555155992508,0.8727702498435974,False,,False,80
move_near,move_near/condition_0000,0,28,True,58,0.29604844002514835,0.024632632732391357,-0.2941364496946335,-0.022839903831481934,0.2951660848307145,0,0,success,0,True,5,0.0,0.08620689655172414,0,29,52,,57,57,0,0,False,0,0,False,False,1,False,0.0,0.6642991304397583,0.2257809340953827,0.8956101536750793,False,0.6889317631721497,-0.0683555155992508,0.8727702498435974,False,,False,80
move_near,move_near/condition_0000,0,29,True,58,0.29604844002514835,0.024632632732391357,-0.2941364496946335,-0.022839903831481934,0.2951660848307145,0,0,success,0,True,5,0.0,0.08620689655172414,0,30,52,,57,57,0,0,False,0,0,False,False,1,False,0.0,0.6642991304397583,0.2257809340953827,0.8956101536750793,False,0.6889317631721497,-0.0683555155992508,0.8727702498435974,False,,False,80
move_near,move_near/condition_0000,0,30,True,58,0.29604844002514835,0.024632632732391357,-0.2941364496946335,-0.022839903831481934,0.2951660848307145,0,0,success,0,True,5,0.0,0.08620689655172414,0,31,52,,57,57,0,0,False,0,0,False,False,1,False,0.0,0.6642991304397583,0.2257809340953827,0.8956101536750793,False,0.6889317631721497,-0.0683555155992508,0.8727702498435974,False,,False,80
move_near,move_near/condition_0000,0,31,True,58,0.29604844002514835,0.024632632732391357,-0.2941364496946335,-0.022839903831481934,0.2951660848307145,0,0,success,0,True,5,0.0,0.08620689655172414,0,32,52,,57,57,0,0,False,0,0,False,False,1,False,0.0,0.6642991304397583,0.2257809340953827,0.8956101536750793,False,0.6889317631721497,-0.0683555155992508,0.8727702498435974,False,,False,80
move_near,move_near/condition_0000,0,32,True,58,0.29604844002514835,0.024632632732391357,-0.2941364496946335,-0.022839903831481934,0.2951660848307145,0,0,success,0,True,5,0.0,0.08620689655172414,0,33,52,,57,57,0,0,False,0,0,False,False,1,False,0.0,0.6642991304397583,0.2257809340953827,0.8956101536750793,False,0.6889317631721497,-0.0683555155992508,0.8727702498435974,False,,False,80
move_near,move_near/condition_0000,0,33,True,58,0.29604844002514835,0.024632632732391357,-0.2941364496946335,-0.022839903831481934,0.2951660848307145,0,0,success,0,True,5,0.0,0.08620689655172414,0,34,52,,57,57,0,0,False,0,0,False,False,1,False,0.0,0.6642991304397583,0.2257809340953827,0.8956101536750793,False,0.6889317631721497,-0.0683555155992508,0.8727702498435974,False,,False,80
move_near,move_near/condition_0000,0,34,True,58,0.29604844002514835,0.024632632732391357,-0.2941364496946335,-0.022839903831481934,0.2951660848307145,0,0,success,0,True,5,0.0,0.08620689655172414,0,35,52,,57,57,0,0,False,0,0,False,False,1,False,0.0,0.6642991304397583,0.2257809340953827,0.8956101536750793,False,0.6889317631721497,-0.0683555155992508,0.8727702498435974,False,,False,80
move_near,move_near/condition_0000,0,35,True,58,0.29604844002514835,0.024632632732391357,-0.2941364496946335,-0.022839903831481934,0.2951660848307145,0,0,success,0,True,5,0.0,0.08620689655172414,0,36,52,,57,57,0,0,False,0,0,False,False,1,False,0.0,0.6642991304397583,0.2257809340953827,0.8956101536750793,False,0.6889317631721497,-0.0683555155992508,0.8727702498435974,False,,False,80
move_near,move_near/condition_0000,0,36,True,58,0.29604844002514835,0.024632632732391357,-0.2941364496946335,-0.022839903831481934,0.2951660848307145,0,0,success,0,True,5,0.0,0.08620689655172414,0,37,52,,57,57,0,0,False,0,0,False,False,1,False,0.0,0.6642991304397583,0.2257809340953827,0.8956101536750793,False,0.6889317631721497,-0.0683555155992508,0.8727702498435974,False,,False,80
move_near,move_near/condition_0000,0,37,True,58,0.29604844002514835,0.024632632732391357,-0.2941364496946335,-0.022839903831481934,0.2951660848307145,0,0,success,0,True,5,0.0,0.08620689655172414,0,38,52,,57,57,0,0,False,0,0,False,False,1,False,0.0,0.6642991304397583,0.2257809340953827,0.8956101536750793,False,0.6889317631721497,-0.0683555155992508,0.8727702498435974,False,,False,80
move_near,move_near/condition_0000,0,38,True,58,0.29604844002514835,0.024632632732391357,-0.2941364496946335,-0.022839903831481934,0.2951660848307145,0,0,success,0,True,5,0.0,0.08620689655172414,0,39,52,,57,57,0,0,False,0,0,False,False,1,False,0.0,0.6642991304397583,0.2257809340953827,0.8956101536750793,False,0.6889317631721497,-0.0683555155992508,0.8727702498435974,False,,False,80
move_near,move_near/condition_0000,0,39,True,58,0.29604844002514835,0.024632632732391357,-0.2941364496946335,-0.022839903831481934,0.2951660848307145,0,0,success,0,True,5,0.0,0.08620689655172414,0,40,52,,57,57,0,0,False,0,0,False,False,1,False,0.0,0.6642991304397583,0.2257809340953827,0.8956101536750793,False,0.6889317631721497,-0.0683555155992508,0.8727702498435974,False,,False,80
move_near,move_near/condition_0000,0,40,True,58,0.29604844002514835,0.024632632732391357,-0.2941364496946335,-0.022839903831481934,0.2951660848307145,0,0,success,0,True,5,0.0,0.08620689655172414,0,41,52,,57,57,0,0,False,0,0,False,False,1,False,0.0,0.6642991304397583,0.2257809340953827,0.8956101536750793,False,0.6889317631721497,-0.0683555155992508,0.8727702498435974,False,,False,80
move_near,move_near/condition_0000,0,41,True,58,0.29604844002514835,0.024632632732391357,-0.2941364496946335,-0.022839903831481934,0.2951660848307145,0,0,success,0,True,5,0.0,0.08620689655172414,0,42,52,,57,57,0,0,False,0,0,False,False,1,False,0.0,0.6642991304397583,0.2257809340953827,0.8956101536750793,False,0.6889317631721497,-0.0683555155992508,0.8727702498435974,False,,False,80
move_near,move_near/condition_0000,0,42,True,58,0.29604844002514835,0.024632632732391357,-0.2941364496946335,-0.022839903831481934,0.2951660848307145,0,0,success,0,True,5,0.0,0.08620689655172414,0,43,52,,57,57,0,0,False,0,0,False,False,1,False,0.0,0.6642991304397583,0.2257809340953827,0.8956101536750793,False,0.6889317631721497,-0.0683555155992508,0.8727702498435974,False,,False,80
move_near,move_near/condition_0000,0,43,True,58,0.29604844002514835,0.024632632732391357,-0.2941364496946335,-0.022839903831481934,0.2951660848307145,0,0,success,0,True,5,0.0,0.08620689655172414,0,44,52,,57,57,0,0,False,0,0,False,False,1,False,0.0,0.6642991304397583,0.2257809340953827,0.8956101536750793,False,0.6889317631721497,-0.0683555155992508,0.8727702498435974,False,,False,80
move_near,move_near/condition_0000,0,44,True,58,0.29604844002514835,0.024632632732391357,-0.2941364496946335,-0.022839903831481934,0.2951660848307145,0,0,success,0,True,5,0.0,0.08620689655172414,0,45,52,,57,57,0,0,False,0,0,False,False,1,False,0.0,0.6642991304397583,0.2257809340953827,0.8956101536750793,False,0.6889317631721497,-0.0683555155992508,0.8727702498435974,False,,False,80
move_near,move_near/condition_0000,0,45,True,58,0.29604844002514835,0.024632632732391357,-0.2941364496946335,-0.022839903831481934,0.2951660848307145,0,0,success,0,True,5,0.0,0.08620689655172414,0,46,52,,57,57,0,0,False,0,0,False,False,1,False,0.0,0.6642991304397583,0.2257809340953827,0.8956101536750793,False,0.6889317631721497,-0.0683555155992508,0.8727702498435974,False,,False,80
move_near,move_near/condition_0000,0,46,True,58,0.29604844002514835,0.024632632732391357,-0.2941364496946335,-0.022839903831481934,0.2951660848307145,0,0,success,0,True,5,0.0,0.08620689655172414,0,47,52,,57,57,0,0,False,0,0,False,False,1,False,0.0,0.6642991304397583,0.2257809340953827,0.8956101536750793,False,0.6889317631721497,-0.0683555155992508,0.8727702498435974,False,,False,80
move_near,move_near/condition_0000,0,47,True,58,0.29604844002514835,0.024632632732391357,-0.2941364496946335,-0.022839903831481934,0.2951660848307145,0,0,success,0,True,5,0.0,0.08620689655172414,0,48,52,,57,57,0,0,False,0,0,False,False,1,False,0.0,0.6642991304397583,0.2257809340953827,0.8956101536750793,False,0.6889317631721497,-0.0683555155992508,0.8727702498435974,False,,False,80
move_near,move_near/condition_0000,0,48,True,58,0.29604844002514835,0.024632632732391357,-0.2941364496946335,-0.022839903831481934,0.2951660848307145,0,0,success,0,True,5,0.0,0.08620689655172414,0,49,52,,57,57,0,0,False,0,0,False,False,1,False,0.0,0.6642991304397583,0.2257809340953827,0.8956101536750793,False,0.6889317631721497,-0.0683555155992508,0.8727702498435974,False,,False,80
move_near,move_near/condition_0000,0,49,True,58,0.29604844002514835,0.024632632732391357,-0.2941364496946335,-0.022839903831481934,0.2951660848307145,0,0,success,0,True,5,0.0,0.08620689655172414,0,50,52,,57,57,0,0,False,0,0,False,False,1,False,0.0,0.6642991304397583,0.2257809340953827,0.8956101536750793,False,0.6889317631721497,-0.0683555155992508,0.8727702498435974,False,,False,80
move_near,move_near/condition_0000,0,50,True,58,0.29604844002514835,0.024632632732391357,-0.2941364496946335,-0.022839903831481934,0.2951660848307145,0,0,success,0,True,5,0.0,0.08620689655172414,0,51,52,,57,57,0,0,False,0,0,False,False,1,False,0.0,0.6642991304397583,0.2257809340953827,0.8956101536750793,False,0.6889317631721497,-0.0683555155992508,0.8727702498435974,False,,False,80
move_near,move_near/condition_0000,0,51,True,58,0.29604844002514835,0.024632632732391357,-0.2941364496946335,-0.022839903831481934,0.2951660848307145,0,0,success,0,True,5,0.0,0.08620689655172414,0,52,52,,57,57,0,0,False,0,0,False,False,1,False,0.0,0.6642991304397583,0.2257809340953827,0.8956101536750793,False,0.6889317631721497,-0.0683555155992508,0.8727702498435974,False,,False,80
move_near,move_near/condition_0000,0,52,True,58,0.29604844002514835,0.024632632732391357,-0.2941364496946335,-0.022839903831481934,0.2951660848307145,0,0,success,0,True,5,0.018867924528301886,0.08620689655172414,1,53,52,,57,57,0,0,False,1,1,True,False,1,False,0.0,0.6642991304397583,0.2257809340953827,0.8956101536750793,False,0.6889317631721497,-0.0683555155992508,0.8727702498435974,False,0,False,80
move_near,move_near/condition_0000,0,53,True,58,0.29604844002514835,0.024632632732391357,-0.2941364496946335,-0.022839903831481934,0.2951660848307145,0,0,success,0,True,5,0.018518518518518517,0.08620689655172414,0,54,52,,57,57,0,0,False,0,1,False,False,1,False,0.0,0.6642991304397583,0.2257809340953827,0.8956101536750793,False,0.6889317631721497,-0.0683555155992508,0.8727702498435974,False,1,False,80
move_near,move_near/condition_0000,0,54,True,58,0.29604844002514835,0.024632632732391357,-0.2941364496946335,-0.022839903831481934,0.2951660848307145,0,0,success,0,True,5,0.03636363636363636,0.08620689655172414,1,55,52,,57,57,0,0,False,1,1,True,False,1,False,0.0,0.6642991304397583,0.2257809340953827,0.8956101536750793,False,0.6889317631721497,-0.0683555155992508,0.8727702498435974,False,2,False,80
move_near,move_near/condition_0000,0,55,True,58,0.29604844002514835,0.024632632732391357,-0.2941364496946335,-0.022839903831481934,0.2951660848307145,0,0,success,0,True,5,0.05357142857142857,0.08620689655172414,2,56,52,,57,57,0,0,False,1,0,True,False,1,False,0.0,0.6642991304397583,0.2257809340953827,0.8956101536750793,False,0.6889317631721497,-0.0683555155992508,0.8727702498435974,False,3,False,80
move_near,move_near/condition_0000,0,56,True,58,0.29604844002514835,0.024632632732391357,-0.2941364496946335,-0.022839903831481934,0.2951660848307145,0,0,success,0,True,5,0.07017543859649122,0.08620689655172414,3,57,52,,57,57,0,0,True,1,0,True,False,1,False,0.0,0.6642991304397583,0.2257809340953827,0.8956101536750793,False,0.6889317631721497,-0.0683555155992508,0.8727702498435974,False,4,False,80
move_near,move_near/condition_0000,0,57,True,58,0.29604844002514835,0.024632632732391357,-0.2941364496946335,-0.022839903831481934,0.2951660848307145,0,0,success,0,True,5,0.08620689655172414,0.08620689655172414,4,58,52,,57,57,0,0,True,3,1,True,False,1,True,1.0,0.6642991304397583,0.2257809340953827,0.8956101536750793,True,0.6889317631721497,-0.0683555155992508,0.8727702498435974,True,5,False,80
move_near,move_near/condition_0001,1,0,True,39,0.25373084301433124,-0.18860724568367004,-0.16168026626110077,-0.05163466930389404,0.2484214194119354,0,0,success,0,True,2,0.0,0.05128205128205128,0,1,37,,38,38,0,0,True,0,0,False,False,1,False,0.0,0.6647871136665344,0.22454477846622467,0.8959947228431702,False,0.4761798679828644,0.0628645122051239,0.8443600535392761,False,,False,80
move_near,move_near/condition_0001,1,1,True,39,0.25373084301433124,-0.18860724568367004,-0.16168026626110077,-0.05163466930389404,0.2484214194119354,0,0,success,0,True,2,0.0,0.05128205128205128,0,2,37,,38,38,0,0,True,0,0,False,False,1,False,0.0,0.6647871136665344,0.22454477846622467,0.8959947228431702,False,0.4761798679828644,0.0628645122051239,0.8443600535392761,False,,False,80
move_near,move_near/condition_0001,1,2,True,39,0.25373084301433124,-0.18860724568367004,-0.16168026626110077,-0.05163466930389404,0.2484214194119354,0,0,success,0,True,2,0.0,0.05128205128205128,0,3,37,,38,38,0,0,True,0,0,False,False,1,False,0.0,0.6647871136665344,0.22454477846622467,0.8959947228431702,False,0.4761798679828644,0.0628645122051239,0.8443600535392761,False,,False,80
move_near,move_near/condition_0001,1,3,True,39,0.25373084301433124,-0.18860724568367004,-0.16168026626110077,-0.05163466930389404,0.2484214194119354,0,0,success,0,True,2,0.0,0.05128205128205128,0,4,37,,38,38,0,0,True,0,0,False,False,1,False,0.0,0.6647871136665344,0.22454477846622467,0.8959947228431702,False,0.4761798679828644,0.0628645122051239,0.8443600535392761,False,,False,80
move_near,move_near/condition_0001,1,4,True,39,0.25373084301433124,-0.18860724568367004,-0.16168026626110077,-0.05163466930389404,0.2484214194119354,0,0,success,0,True,2,0.0,0.05128205128205128,0,5,37,,38,38,0,0,True,0,0,False,False,1,False,0.0,0.6647871136665344,0.22454477846622467,0.8959947228431702,False,0.4761798679828644,0.0628645122051239,0.8443600535392761,False,,False,80
move_near,move_near/condition_0001,1,5,True,39,0.25373084301433124,-0.18860724568367004,-0.16168026626110077,-0.05163466930389404,0.2484214194119354,0,0,success,0,True,2,0.0,0.05128205128205128,0,6,37,,38,38,0,0,True,0,0,False,False,1,False,0.0,0.6647871136665344,0.22454477846622467,0.8959947228431702,False,0.4761798679828644,0.0628645122051239,0.8443600535392761,False,,False,80
move_near,move_near/condition_0001,1,6,True,39,0.25373084301433124,-0.18860724568367004,-0.16168026626110077,-0.05163466930389404,0.2484214194119354,0,0,success,0,True,2,0.0,0.05128205128205128,0,7,37,,38,38,0,0,True,0,0,False,False,1,False,0.0,0.6647871136665344,0.22454477846622467,0.8959947228431702,False,0.4761798679828644,0.0628645122051239,0.8443600535392761,False,,False,80
move_near,move_near/condition_0001,1,7,True,39,0.25373084301433124,-0.18860724568367004,-0.16168026626110077,-0.05163466930389404,0.2484214194119354,0,0,success,0,True,2,0.0,0.05128205128205128,0,8,37,,38,38,0,0,True,0,0,False,False,1,False,0.0,0.6647871136665344,0.22454477846622467,0.8959947228431702,False,0.4761798679828644,0.0628645122051239,0.8443600535392761,False,,False,80
move_near,move_near/condition_0001,1,8,True,39,0.25373084301433124,-0.18860724568367004,-0.16168026626110077,-0.05163466930389404,0.2484214194119354,0,0,success,0,True,2,0.0,0.05128205128205128,0,9,37,,38,38,0,0,True,0,0,False,False,1,False,0.0,0.6647871136665344,0.22454477846622467,0.8959947228431702,False,0.4761798679828644,0.0628645122051239,0.8443600535392761,False,,False,80
move_near,move_near/condition_0001,1,9,True,39,0.25373084301433124,-0.18860724568367004,-0.16168026626110077,-0.05163466930389404,0.2484214194119354,0,0,success,0,True,2,0.0,0.05128205128205128,0,10,37,,38,38,0,0,True,0,0,False,False,1,False,0.0,0.6647871136665344,0.22454477846622467,0.8959947228431702,False,0.4761798679828644,0.0628645122051239,0.8443600535392761,False,,False,80
move_near,move_near/condition_0001,1,10,True,39,0.25373084301433124,-0.18860724568367004,-0.16168026626110077,-0.05163466930389404,0.2484214194119354,0,0,success,0,True,2,0.0,0.05128205128205128,0,11,37,,38,38,0,0,True,0,0,False,False,1,False,0.0,0.6647871136665344,0.22454477846622467,0.8959947228431702,False,0.4761798679828644,0.0628645122051239,0.8443600535392761,False,,False,80
move_near,move_near/condition_0001,1,11,True,39,0.25373084301433124,-0.18860724568367004,-0.16168026626110077,-0.05163466930389404,0.2484214194119354,0,0,success,0,True,2,0.0,0.05128205128205128,0,12,37,,38,38,0,0,True,0,0,False,False,1,False,0.0,0.6647871136665344,0.22454477846622467,0.8959947228431702,False,0.4761798679828644,0.0628645122051239,0.8443600535392761,False,,False,80
move_near,move_near/condition_0001,1,12,True,39,0.25373084301433124,-0.18860724568367004,-0.16168026626110077,-0.05163466930389404,0.2484214194119354,0,0,success,0,True,2,0.0,0.05128205128205128,0,13,37,,38,38,0,0,True,0,0,False,False,1,False,0.0,0.6647871136665344,0.22454477846622467,0.8959947228431702,False,0.4761798679828644,0.0628645122051239,0.8443600535392761,False,,False,80
move_near,move_near/condition_0001,1,13,True,39,0.25373084301433124,-0.18860724568367004,-0.16168026626110077,-0.05163466930389404,0.2484214194119354,0,0,success,0,True,2,0.0,0.05128205128205128,0,14,37,,38,38,0,0,True,0,0,False,False,1,False,0.0,0.6647871136665344,0.22454477846622467,0.8959947228431702,False,0.4761798679828644,0.0628645122051239,0.8443600535392761,False,,False,80
move_near,move_near/condition_0001,1,14,True,39,0.25373084301433124,-0.18860724568367004,-0.16168026626110077,-0.05163466930389404,0.2484214194119354,0,0,success,0,True,2,0.0,0.05128205128205128,0,15,37,,38,38,0,0,True,0,0,False,False,1,False,0.0,0.6647871136665344,0.22454477846622467,0.8959947228431702,False,0.4761798679828644,0.0628645122051239,0.8443600535392761,False,,False,80
move_near,move_near/condition_0001,1,15,True,39,0.25373084301433124,-0.18860724568367004,-0.16168026626110077,-0.05163466930389404,0.2484214194119354,0,0,success,0,True,2,0.0,0.05128205128205128,0,16,37,,38,38,0,0,True,0,0,False,False,1,False,0.0,0.6647871136665344,0.22454477846622467,0.8959947228431702,False,0.4761798679828644,0.0628645122051239,0.8443600535392761,False,,False,80
move_near,move_near/condition_0001,1,16,True,39,0.25373084301433124,-0.18860724568367004,-0.16168026626110077,-0.05163466930389404,0.2484214194119354,0,0,success,0,True,2,0.0,0.05128205128205128,0,17,37,,38,38,0,0,True,0,0,False,False,1,False,0.0,0.6647871136665344,0.22454477846622467,0.8959947228431702,False,0.4761798679828644,0.0628645122051239,0.8443600535392761,False,,False,80
move_near,move_near/condition_0001,1,17,True,39,0.25373084301433124,-0.18860724568367004,-0.16168026626110077,-0.05163466930389404,0.2484214194119354,0,0,success,0,True,2,0.0,0.05128205128205128,0,18,37,,38,38,0,0,True,0,0,False,False,1,False,0.0,0.6647871136665344,0.22454477846622467,0.8959947228431702,False,0.4761798679828644,0.0628645122051239,0.8443600535392761,False,,False,80
move_near,move_near/condition_0001,1,18,True,39,0.25373084301433124,-0.18860724568367004,-0.16168026626110077,-0.05163466930389404,0.2484214194119354,0,0,success,0,True,2,0.0,0.05128205128205128,0,19,37,,38,38,0,0,True,0,0,False,False,1,False,0.0,0.6647871136665344,0.22454477846622467,0.8959947228431702,False,0.4761798679828644,0.0628645122051239,0.8443600535392761,False,,False,80
move_near,move_near/condition_0001,1,19,True,39,0.25373084301433124,-0.18860724568367004,-0.16168026626110077,-0.05163466930389404,0.2484214194119354,0,0,success,0,True,2,0.0,0.05128205128205128,0,20,37,,38,38,0,0,True,0,0,False,False,1,False,0.0,0.6647871136665344,0.22454477846622467,0.8959947228431702,False,0.4761798679828644,0.0628645122051239,0.8443600535392761,False,,False,80
move_near,move_near/condition_0001,1,20,True,39,0.25373084301433124,-0.18860724568367004,-0.16168026626110077,-0.05163466930389404,0.2484214194119354,0,0,success,0,True,2,0.0,0.05128205128205128,0,21,37,,38,38,0,0,True,0,0,False,False,1,False,0.0,0.6647871136665344,0.22454477846622467,0.8959947228431702,False,0.4761798679828644,0.0628645122051239,0.8443600535392761,False,,False,80
move_near,move_near/condition_0001,1,21,True,39,0.25373084301433124,-0.18860724568367004,-0.16168026626110077,-0.05163466930389404,0.2484214194119354,0,0,success,0,True,2,0.0,0.05128205128205128,0,22,37,,38,38,0,0,True,0,0,False,False,1,False,0.0,0.6647871136665344,0.22454477846622467,0.8959947228431702,False,0.4761798679828644,0.0628645122051239,0.8443600535392761,False,,False,80
move_near,move_near/condition_0001,1,22,True,39,0.25373084301433124,-0.18860724568367004,-0.16168026626110077,-0.05163466930389404,0.2484214194119354,0,0,success,0,True,2,0.0,0.05128205128205128,0,23,37,,38,38,0,0,True,0,0,False,False,1,False,0.0,0.6647871136665344,0.22454477846622467,0.8959947228431702,False,0.4761798679828644,0.0628645122051239,0.8443600535392761,False,,False,80
move_near,move_near/condition_0001,1,23,True,39,0.25373084301433124,-0.18860724568367004,-0.16168026626110077,-0.05163466930389404,0.2484214194119354,0,0,success,0,True,2,0.0,0.05128205128205128,0,24,37,,38,38,0,0,True,0,0,False,False,1,False,0.0,0.6647871136665344,0.22454477846622467,0.8959947228431702,False,0.4761798679828644,0.0628645122051239,0.8443600535392761,False,,False,80
move_near,move_near/condition_0001,1,24,True,39,0.25373084301433124,-0.18860724568367004,-0.16168026626110077,-0.05163466930389404,0.2484214194119354,0,0,success,0,True,2,0.0,0.05128205128205128,0,25,37,,38,38,0,0,True,0,0,False,False,1,False,0.0,0.6647871136665344,0.22454477846622467,0.8959947228431702,False,0.4761798679828644,0.0628645122051239,0.8443600535392761,False,,False,80
move_near,move_near/condition_0001,1,25,True,39,0.25373084301433124,-0.18860724568367004,-0.16168026626110077,-0.05163466930389404,0.2484214194119354,0,0,success,0,True,2,0.0,0.05128205128205128,0,26,37,,38,38,0,0,True,0,0,False,False,1,False,0.0,0.6647871136665344,0.22454477846622467,0.8959947228431702,False,0.4761798679828644,0.0628645122051239,0.8443600535392761,False,,False,80
move_near,move_near/condition_0001,1,26,True,39,0.25373084301433124,-0.18860724568367004,-0.16168026626110077,-0.05163466930389404,0.2484214194119354,0,0,success,0,True,2,0.0,0.05128205128205128,0,27,37,,38,38,0,0,True,0,0,False,False,1,False,0.0,0.6647871136665344,0.22454477846622467,0.8959947228431702,False,0.4761798679828644,0.0628645122051239,0.8443600535392761,False,,False,80
move_near,move_near/condition_0001,1,27,True,39,0.25373084301433124,-0.18860724568367004,-0.16168026626110077,-0.05163466930389404,0.2484214194119354,0,0,success,0,True,2,0.0,0.05128205128205128,0,28,37,,38,38,0,0,True,0,0,False,False,1,False,0.0,0.6647871136665344,0.22454477846622467,0.8959947228431702,False,0.4761798679828644,0.0628645122051239,0.8443600535392761,False,,False,80
move_near,move_near/condition_0001,1,28,True,39,0.25373084301433124,-0.18860724568367004,-0.16168026626110077,-0.05163466930389404,0.2484214194119354,0,0,success,0,True,2,0.0,0.05128205128205128,0,29,37,,38,38,0,0,True,0,0,False,False,1,False,0.0,0.6647871136665344,0.22454477846622467,0.8959947228431702,False,0.4761798679828644,0.0628645122051239,0.8443600535392761,False,,False,80
move_near,move_near/condition_0001,1,29,True,39,0.25373084301433124,-0.18860724568367004,-0.16168026626110077,-0.05163466930389404,0.2484214194119354,0,0,success,0,True,2,0.0,0.05128205128205128,0,30,37,,38,38,0,0,True,0,0,False,False,1,False,0.0,0.6647871136665344,0.22454477846622467,0.8959947228431702,False,0.4761798679828644,0.0628645122051239,0.8443600535392761,False,,False,80
move_near,move_near/condition_0001,1,30,True,39,0.25373084301433124,-0.18860724568367004,-0.16168026626110077,-0.05163466930389404,0.2484214194119354,0,0,success,0,True,2,0.0,0.05128205128205128,0,31,37,,38,38,0,0,True,0,0,False,False,1,False,0.0,0.6647871136665344,0.22454477846622467,0.8959947228431702,False,0.4761798679828644,0.0628645122051239,0.8443600535392761,False,,False,80
move_near,move_near/condition_0001,1,31,True,39,0.25373084301433124,-0.18860724568367004,-0.16168026626110077,-0.05163466930389404,0.2484214194119354,0,0,success,0,True,2,0.0,0.05128205128205128,0,32,37,,38,38,0,0,True,0,0,False,False,1,False,0.0,0.6647871136665344,0.22454477846622467,0.8959947228431702,False,0.4761798679828644,0.0628645122051239,0.8443600535392761,False,,False,80
move_near,move_near/condition_0001,1,32,True,39,0.25373084301433124,-0.18860724568367004,-0.16168026626110077,-0.05163466930389404,0.2484214194119354,0,0,success,0,True,2,0.0,0.05128205128205128,0,33,37,,38,38,0,0,True,0,0,False,False,1,False,0.0,0.6647871136665344,0.22454477846622467,0.8959947228431702,False,0.4761798679828644,0.0628645122051239,0.8443600535392761,False,,False,80
move_near,move_near/condition_0001,1,33,True,39,0.25373084301433124,-0.18860724568367004,-0.16168026626110077,-0.05163466930389404,0.2484214194119354,0,0,success,0,True,2,0.0,0.05128205128205128,0,34,37,,38,38,0,0,True,0,0,False,False,1,False,0.0,0.6647871136665344,0.22454477846622467,0.8959947228431702,False,0.4761798679828644,0.0628645122051239,0.8443600535392761,False,,False,80
move_near,move_near/condition_0001,1,34,True,39,0.25373084301433124,-0.18860724568367004,-0.16168026626110077,-0.05163466930389404,0.2484214194119354,0,0,success,0,True,2,0.0,0.05128205128205128,0,35,37,,38,38,0,0,True,0,0,False,False,1,False,0.0,0.6647871136665344,0.22454477846622467,0.8959947228431702,False,0.4761798679828644,0.0628645122051239,0.8443600535392761,False,,False,80
move_near,move_near/condition_0001,1,35,True,39,0.25373084301433124,-0.18860724568367004,-0.16168026626110077,-0.05163466930389404,0.2484214194119354,0,0,success,0,True,2,0.0,0.05128205128205128,0,36,37,,38,38,0,0,True,0,0,False,False,1,False,0.0,0.6647871136665344,0.22454477846622467,0.8959947228431702,False,0.4761798679828644,0.0628645122051239,0.8443600535392761,False,,False,80
move_near,move_near/condition_0001,1,36,True,39,0.25373084301433124,-0.18860724568367004,-0.16168026626110077,-0.05163466930389404,0.2484214194119354,0,0,success,0,True,2,0.0,0.05128205128205128,0,37,37,,38,38,0,0,True,0,0,False,False,1,False,0.0,0.6647871136665344,0.22454477846622467,0.8959947228431702,False,0.4761798679828644,0.0628645122051239,0.8443600535392761,False,,False,80
move_near,move_near/condition_0001,1,37,True,39,0.25373084301433124,-0.18860724568367004,-0.16168026626110077,-0.05163466930389404,0.2484214194119354,0,0,success,0,True,2,0.02631578947368421,0.05128205128205128,1,38,37,,38,38,0,0,True,1,1,True,False,1,False,0.0,0.6647871136665344,0.22454477846622467,0.8959947228431702,False,0.4761798679828644,0.0628645122051239,0.8443600535392761,False,0,False,80
move_near,move_near/condition_0001,1,38,True,39,0.25373084301433124,-0.18860724568367004,-0.16168026626110077,-0.05163466930389404,0.2484214194119354,0,0,success,0,True,2,0.05128205128205128,0.05128205128205128,2,39,37,,38,38,0,0,True,3,1,True,False,1,True,1.0,0.6647871136665344,0.22454477846622467,0.8959947228431702,True,0.4761798679828644,0.0628645122051239,0.8443600535392761,True,1,False,80
move_near,move_near/condition_0002,2,0,True,26,0.2960711882566522,-0.024648547172546387,0.2941580265760422,0.022839725017547607,0.29518891489490046,0,0,success,0,True,7,0.0,0.2692307692307692,0,1,19,,25,25,0,0,False,0,0,False,False,1,False,0.0,0.6889330148696899,-0.06835614144802094,0.8727704882621765,False,0.6642844676971436,0.22580188512802124,0.8956102132797241,False,,False,80
move_near,move_near/condition_0002,2,1,True,26,0.2960711882566522,-0.024648547172546387,0.2941580265760422,0.022839725017547607,0.29518891489490046,0,0,success,0,True,7,0.0,0.2692307692307692,0,2,19,,25,25,0,0,False,0,0,False,False,1,False,0.0,0.6889330148696899,-0.06835614144802094,0.8727704882621765,False,0.6642844676971436,0.22580188512802124,0.8956102132797241,False,,False,80
move_near,move_near/condition_0002,2,2,True,26,0.2960711882566522,-0.024648547172546387,0.2941580265760422,0.022839725017547607,0.29518891489490046,0,0,success,0,True,7,0.0,0.2692307692307692,0,3,19,,25,25,0,0,False,0,0,False,False,1,False,0.0,0.6889330148696899,-0.06835614144802094,0.8727704882621765,False,0.6642844676971436,0.22580188512802124,0.8956102132797241,False,,False,80
move_near,move_near/condition_0002,2,3,True,26,0.2960711882566522,-0.024648547172546387,0.2941580265760422,0.022839725017547607,0.29518891489490046,0,0,success,0,True,7,0.0,0.2692307692307692,0,4,19,,25,25,0,0,False,0,0,False,False,1,False,0.0,0.6889330148696899,-0.06835614144802094,0.8727704882621765,False,0.6642844676971436,0.22580188512802124,0.8956102132797241,False,,False,80
move_near,move_near/condition_0002,2,4,True,26,0.2960711882566522,-0.024648547172546387,0.2941580265760422,0.022839725017547607,0.29518891489490046,0,0,success,0,True,7,0.0,0.2692307692307692,0,5,19,,25,25,0,0,False,0,0,False,False,1,False,0.0,0.6889330148696899,-0.06835614144802094,0.8727704882621765,False,0.6642844676971436,0.22580188512802124,0.8956102132797241,False,,False,80
move_near,move_near/condition_0002,2,5,True,26,0.2960711882566522,-0.024648547172546387,0.2941580265760422,0.022839725017547607,0.29518891489490046,0,0,success,0,True,7,0.0,0.2692307692307692,0,6,19,,25,25,0,0,False,0,0,False,False,1,False,0.0,0.6889330148696899,-0.06835614144802094,0.8727704882621765,False,0.6642844676971436,0.22580188512802124,0.8956102132797241,False,,False,80
move_near,move_near/condition_0002,2,6,True,26,0.2960711882566522,-0.024648547172546387,0.2941580265760422,0.022839725017547607,0.29518891489490046,0,0,success,0,True,7,0.0,0.2692307692307692,0,7,19,,25,25,0,0,False,0,0,False,False,1,False,0.0,0.6889330148696899,-0.06835614144802094,0.8727704882621765,False,0.6642844676971436,0.22580188512802124,0.8956102132797241,False,,False,80
move_near,move_near/condition_0002,2,7,True,26,0.2960711882566522,-0.024648547172546387,0.2941580265760422,0.022839725017547607,0.29518891489490046,0,0,success,0,True,7,0.0,0.2692307692307692,0,8,19,,25,25,0,0,False,0,0,False,False,1,False,0.0,0.6889330148696899,-0.06835614144802094,0.8727704882621765,False,0.6642844676971436,0.22580188512802124,0.8956102132797241,False,,False,80
move_near,move_near/condition_0002,2,8,True,26,0.2960711882566522,-0.024648547172546387,0.2941580265760422,0.022839725017547607,0.29518891489490046,0,0,success,0,True,7,0.0,0.2692307692307692,0,9,19,,25,25,0,0,False,0,0,False,False,1,False,0.0,0.6889330148696899,-0.06835614144802094,0.8727704882621765,False,0.6642844676971436,0.22580188512802124,0.8956102132797241,False,,False,80
move_near,move_near/condition_0002,2,9,True,26,0.2960711882566522,-0.024648547172546387,0.2941580265760422,0.022839725017547607,0.29518891489490046,0,0,success,0,True,7,0.0,0.2692307692307692,0,10,19,,25,25,0,0,False,0,0,False,False,1,False,0.0,0.6889330148696899,-0.06835614144802094,0.8727704882621765,False,0.6642844676971436,0.22580188512802124,0.8956102132797241,False,,False,80
move_near,move_near/condition_0002,2,10,True,26,0.2960711882566522,-0.024648547172546387,0.2941580265760422,0.022839725017547607,0.29518891489490046,0,0,success,0,True,7,0.0,0.2692307692307692,0,11,19,,25,25,0,0,False,0,0,False,False,1,False,0.0,0.6889330148696899,-0.06835614144802094,0.8727704882621765,False,0.6642844676971436,0.22580188512802124,0.8956102132797241,False,,False,80
move_near,move_near/condition_0002,2,11,True,26,0.2960711882566522,-0.024648547172546387,0.2941580265760422,0.022839725017547607,0.29518891489490046,0,0,success,0,True,7,0.0,0.2692307692307692,0,12,19,,25,25,0,0,False,0,0,False,False,1,False,0.0,0.6889330148696899,-0.06835614144802094,0.8727704882621765,False,0.6642844676971436,0.22580188512802124,0.8956102132797241,False,,False,80
move_near,move_near/condition_0002,2,12,True,26,0.2960711882566522,-0.024648547172546387,0.2941580265760422,0.022839725017547607,0.29518891489490046,0,0,success,0,True,7,0.0,0.2692307692307692,0,13,19,,25,25,0,0,False,0,0,False,False,1,False,0.0,0.6889330148696899,-0.06835614144802094,0.8727704882621765,False,0.6642844676971436,0.22580188512802124,0.8956102132797241,False,,False,80
move_near,move_near/condition_0002,2,13,True,26,0.2960711882566522,-0.024648547172546387,0.2941580265760422,0.022839725017547607,0.29518891489490046,0,0,success,0,True,7,0.0,0.2692307692307692,0,14,19,,25,25,0,0,False,0,0,False,False,1,False,0.0,0.6889330148696899,-0.06835614144802094,0.8727704882621765,False,0.6642844676971436,0.22580188512802124,0.8956102132797241,False,,False,80
move_near,move_near/condition_0002,2,14,True,26,0.2960711882566522,-0.024648547172546387,0.2941580265760422,0.022839725017547607,0.29518891489490046,0,0,success,0,True,7,0.0,0.2692307692307692,0,15,19,,25,25,0,0,False,0,0,False,False,1,False,0.0,0.6889330148696899,-0.06835614144802094,0.8727704882621765,False,0.6642844676971436,0.22580188512802124,0.8956102132797241,False,,False,80
move_near,move_near/condition_0002,2,15,True,26,0.2960711882566522,-0.024648547172546387,0.2941580265760422,0.022839725017547607,0.29518891489490046,0,0,success,0,True,7,0.0,0.2692307692307692,0,16,19,,25,25,0,0,False,0,0,False,False,1,False,0.0,0.6889330148696899,-0.06835614144802094,0.8727704882621765,False,0.6642844676971436,0.22580188512802124,0.8956102132797241,False,,False,80
move_near,move_near/condition_0002,2,16,True,26,0.2960711882566522,-0.024648547172546387,0.2941580265760422,0.022839725017547607,0.29518891489490046,0,0,success,0,True,7,0.0,0.2692307692307692,0,17,19,,25,25,0,0,False,0,0,False,False,1,False,0.0,0.6889330148696899,-0.06835614144802094,0.8727704882621765,False,0.6642844676971436,0.22580188512802124,0.8956102132797241,False,,False,80
move_near,move_near/condition_0002,2,17,True,26,0.2960711882566522,-0.024648547172546387,0.2941580265760422,0.022839725017547607,0.29518891489490046,0,0,success,0,True,7,0.0,0.2692307692307692,0,18,19,,25,25,0,0,False,0,0,False,False,1,False,0.0,0.6889330148696899,-0.06835614144802094,0.8727704882621765,False,0.6642844676971436,0.22580188512802124,0.8956102132797241,False,,False,80
move_near,move_near/condition_0002,2,18,True,26,0.2960711882566522,-0.024648547172546387,0.2941580265760422,0.022839725017547607,0.29518891489490046,0,0,success,0,True,7,0.0,0.2692307692307692,0,19,19,,25,25,0,0,False,0,0,False,False,1,False,0.0,0.6889330148696899,-0.06835614144802094,0.8727704882621765,False,0.6642844676971436,0.22580188512802124,0.8956102132797241,False,,False,80
move_near,move_near/condition_0002,2,19,True,26,0.2960711882566522,-0.024648547172546387,0.2941580265760422,0.022839725017547607,0.29518891489490046,0,0,success,0,True,7,0.05,0.2692307692307692,1,20,19,,25,25,0,0,True,1,1,True,False,1,False,0.0,0.6889330148696899,-0.06835614144802094,0.8727704882621765,False,0.6642844676971436,0.22580188512802124,0.8956102132797241,False,0,False,80
move_near,move_near/condition_0002,2,20,True,26,0.2960711882566522,-0.024648547172546387,0.2941580265760422,0.022839725017547607,0.29518891489490046,0,0,success,0,True,7,0.09523809523809523,0.2692307692307692,2,21,19,,25,25,0,0,True,1,0,True,False,1,False,0.0,0.6889330148696899,-0.06835614144802094,0.8727704882621765,False,0.6642844676971436,0.22580188512802124,0.8956102132797241,False,1,False,80
move_near,move_near/condition_0002,2,21,True,26,0.2960711882566522,-0.024648547172546387,0.2941580265760422,0.022839725017547607,0.29518891489490046,0,0,success,0,True,7,0.13636363636363635,0.2692307692307692,3,22,19,,25,25,0,0,True,1,0,True,False,1,False,0.0,0.6889330148696899,-0.06835614144802094,0.8727704882621765,False,0.6642844676971436,0.22580188512802124,0.8956102132797241,False,2,False,80
move_near,move_near/condition_0002,2,22,True,26,0.2960711882566522,-0.024648547172546387,0.2941580265760422,0.022839725017547607,0.29518891489490046,0,0,success,0,True,7,0.17391304347826086,0.2692307692307692,4,23,19,,25,25,0,0,True,1,0,True,False,1,False,0.0,0.6889330148696899,-0.06835614144802094,0.8727704882621765,False,0.6642844676971436,0.22580188512802124,0.8956102132797241,False,3,False,80
move_near,move_near/condition_0002,2,23,True,26,0.2960711882566522,-0.024648547172546387,0.2941580265760422,0.022839725017547607,0.29518891489490046,0,0,success,0,True,7,0.20833333333333334,0.2692307692307692,5,24,19,,25,25,0,0,True,1,0,True,False,1,False,0.0,0.6889330148696899,-0.06835614144802094,0.8727704882621765,False,0.6642844676971436,0.22580188512802124,0.8956102132797241,False,4,False,80
move_near,move_near/condition_0002,2,24,True,26,0.2960711882566522,-0.024648547172546387,0.2941580265760422,0.022839725017547607,0.29518891489490046,0,0,success,0,True,7,0.24,0.2692307692307692,6,25,19,,25,25,0,0,True,1,0,True,False,1,False,0.0,0.6889330148696899,-0.06835614144802094,0.8727704882621765,False,0.6642844676971436,0.22580188512802124,0.8956102132797241,False,5,False,80
move_near,move_near/condition_0002,2,25,True,26,0.2960711882566522,-0.024648547172546387,0.2941580265760422,0.022839725017547607,0.29518891489490046,0,0,success,0,True,7,0.2692307692307692,0.2692307692307692,7,26,19,,25,25,0,0,True,3,1,True,False,1,True,1.0,0.6889330148696899,-0.06835614144802094,0.8727704882621765,True,0.6642844676971436,0.22580188512802124,0.8956102132797241,True,6,False,80
move_near,move_near/condition_0003,3,0,True,32,0.2515752176245937,-0.2127532660961151,0.13122113049030304,-0.02841043472290039,0.2499658723140371,0,0,success,0,True,10,0.0,0.3125,0,1,19,,31,31,0,0,True,0,0,False,False,1,False,0.0,0.6889331340789795,-0.06835661828517914,0.8727704882621765,False,0.4761798679828644,0.0628645122051239,0.8443600535392761,False,,False,80
move_near,move_near/condition_0003,3,1,True,32,0.2515752176245937,-0.2127532660961151,0.13122113049030304,-0.02841043472290039,0.2499658723140371,0,0,success,0,True,10,0.0,0.3125,0,2,19,,31,31,0,0,True,0,0,False,False,1,False,0.0,0.6889331340789795,-0.06835661828517914,0.8727704882621765,False,0.4761798679828644,0.0628645122051239,0.8443600535392761,False,,False,80
move_near,move_near/condition_0003,3,2,True,32,0.2515752176245937,-0.2127532660961151,0.13122113049030304,-0.02841043472290039,0.2499658723140371,0,0,success,0,True,10,0.0,0.3125,0,3,19,,31,31,0,0,True,0,0,False,False,1,False,0.0,0.6889331340789795,-0.06835661828517914,0.8727704882621765,False,0.4761798679828644,0.0628645122051239,0.8443600535392761,False,,False,80
move_near,move_near/condition_0003,3,3,True,32,0.2515752176245937,-0.2127532660961151,0.13122113049030304,-0.02841043472290039,0.2499658723140371,0,0,success,0,True,10,0.0,0.3125,0,4,19,,31,31,0,0,True,0,0,False,False,1,False,0.0,0.6889331340789795,-0.06835661828517914,0.8727704882621765,False,0.4761798679828644,0.0628645122051239,0.8443600535392761,False,,False,80
move_near,move_near/condition_0003,3,4,True,32,0.2515752176245937,-0.2127532660961151,0.13122113049030304,-0.02841043472290039,0.2499658723140371,0,0,success,0,True,10,0.0,0.3125,0,5,19,,31,31,0,0,True,0,0,False,False,1,False,0.0,0.6889331340789795,-0.06835661828517914,0.8727704882621765,False,0.4761798679828644,0.0628645122051239,0.8443600535392761,False,,False,80
move_near,move_near/condition_0003,3,5,True,32,0.2515752176245937,-0.2127532660961151,0.13122113049030304,-0.02841043472290039,0.2499658723140371,0,0,success,0,True,10,0.0,0.3125,0,6,19,,31,31,0,0,True,0,0,False,False,1,False,0.0,0.6889331340789795,-0.06835661828517914,0.8727704882621765,False,0.4761798679828644,0.0628645122051239,0.8443600535392761,False,,False,80
move_near,move_near/condition_0003,3,6,True,32,0.2515752176245937,-0.2127532660961151,0.13122113049030304,-0.02841043472290039,0.2499658723140371,0,0,success,0,True,10,0.0,0.3125,0,7,19,,31,31,0,0,True,0,0,False,False,1,False,0.0,0.6889331340789795,-0.06835661828517914,0.8727704882621765,False,0.4761798679828644,0.0628645122051239,0.8443600535392761,False,,False,80
move_near,move_near/condition_0003,3,7,True,32,0.2515752176245937,-0.2127532660961151,0.13122113049030304,-0.02841043472290039,0.2499658723140371,0,0,success,0,True,10,0.0,0.3125,0,8,19,,31,31,0,0,True,0,0,False,False,1,False,0.0,0.6889331340789795,-0.06835661828517914,0.8727704882621765,False,0.4761798679828644,0.0628645122051239,0.8443600535392761,False,,False,80
move_near,move_near/condition_0003,3,8,True,32,0.2515752176245937,-0.2127532660961151,0.13122113049030304,-0.02841043472290039,0.2499658723140371,0,0,success,0,True,10,0.0,0.3125,0,9,19,,31,31,0,0,True,0,0,False,False,1,False,0.0,0.6889331340789795,-0.06835661828517914,0.8727704882621765,False,0.4761798679828644,0.0628645122051239,0.8443600535392761,False,,False,80
move_near,move_near/condition_0003,3,9,True,32,0.2515752176245937,-0.2127532660961151,0.13122113049030304,-0.02841043472290039,0.2499658723140371,0,0,success,0,True,10,0.0,0.3125,0,10,19,,31,31,0,0,True,0,0,False,False,1,False,0.0,0.6889331340789795,-0.06835661828517914,0.8727704882621765,False,0.4761798679828644,0.0628645122051239,0.8443600535392761,False,,False,80
move_near,move_near/condition_0003,3,10,True,32,0.2515752176245937,-0.2127532660961151,0.13122113049030304,-0.02841043472290039,0.2499658723140371,0,0,success,0,True,10,0.0,0.3125,0,11,19,,31,31,0,0,True,0,0,False,False,1,False,0.0,0.6889331340789795,-0.06835661828517914,0.8727704882621765,False,0.4761798679828644,0.0628645122051239,0.8443600535392761,False,,False,80
move_near,move_near/condition_0003,3,11,True,32,0.2515752176245937,-0.2127532660961151,0.13122113049030304,-0.02841043472290039,0.2499658723140371,0,0,success,0,True,10,0.0,0.3125,0,12,19,,31,31,0,0,True,0,0,False,False,1,False,0.0,0.6889331340789795,-0.06835661828517914,0.8727704882621765,False,0.4761798679828644,0.0628645122051239,0.8443600535392761,False,,False,80
move_near,move_near/condition_0003,3,12,True,32,0.2515752176245937,-0.2127532660961151,0.13122113049030304,-0.02841043472290039,0.2499658723140371,0,0,success,0,True,10,0.0,0.3125,0,13,19,,31,31,0,0,True,0,0,False,False,1,False,0.0,0.6889331340789795,-0.06835661828517914,0.8727704882621765,False,0.4761798679828644,0.0628645122051239,0.8443600535392761,False,,False,80
move_near,move_near/condition_0003,3,13,True,32,0.2515752176245937,-0.2127532660961151,0.13122113049030304,-0.02841043472290039,0.2499658723140371,0,0,success,0,True,10,0.0,0.3125,0,14,19,,31,31,0,0,True,0,0,False,False,1,False,0.0,0.6889331340789795,-0.06835661828517914,0.8727704882621765,False,0.4761798679828644,0.0628645122051239,0.8443600535392761,False,,False,80
move_near,move_near/condition_0003,3,14,True,32,0.2515752176245937,-0.2127532660961151,0.13122113049030304,-0.02841043472290039,0.2499658723140371,0,0,success,0,True,10,0.0,0.3125,0,15,19,,31,31,0,0,True,0,0,False,False,1,False,0.0,0.6889331340789795,-0.06835661828517914,0.8727704882621765,False,0.4761798679828644,0.0628645122051239,0.8443600535392761,False,,False,80
move_near,move_near/condition_0003,3,15,True,32,0.2515752176245937,-0.2127532660961151,0.13122113049030304,-0.02841043472290039,0.2499658723140371,0,0,success,0,True,10,0.0,0.3125,0,16,19,,31,31,0,0,True,0,0,False,False,1,False,0.0,0.6889331340789795,-0.06835661828517914,0.8727704882621765,False,0.4761798679828644,0.0628645122051239,0.8443600535392761,False,,False,80
move_near,move_near/condition_0003,3,16,True,32,0.2515752176245937,-0.2127532660961151,0.13122113049030304,-0.02841043472290039,0.2499658723140371,0,0,success,0,True,10,0.0,0.3125,0,17,19,,31,31,0,0,True,0,0,False,False,1,False,0.0,0.6889331340789795,-0.06835661828517914,0.8727704882621765,False,0.4761798679828644,0.0628645122051239,0.8443600535392761,False,,False,80
move_near,move_near/condition_0003,3,17,True,32,0.2515752176245937,-0.2127532660961151,0.13122113049030304,-0.02841043472290039,0.2499658723140371,0,0,success,0,True,10,0.0,0.3125,0,18,19,,31,31,0,0,True,0,0,False,False,1,False,0.0,0.6889331340789795,-0.06835661828517914,0.8727704882621765,False,0.4761798679828644,0.0628645122051239,0.8443600535392761,False,,False,80
move_near,move_near/condition_0003,3,18,True,32,0.2515752176245937,-0.2127532660961151,0.13122113049030304,-0.02841043472290039,0.2499658723140371,0,0,success,0,True,10,0.0,0.3125,0,19,19,,31,31,0,0,True,0,0,False,False,1,False,0.0,0.6889331340789795,-0.06835661828517914,0.8727704882621765,False,0.4761798679828644,0.0628645122051239,0.8443600535392761,False,,False,80
move_near,move_near/condition_0003,3,19,True,32,0.2515752176245937,-0.2127532660961151,0.13122113049030304,-0.02841043472290039,0.2499658723140371,0,0,success,0,True,10,0.05,0.3125,1,20,19,,31,31,0,0,True,1,1,True,False,1,False,0.0,0.6889331340789795,-0.06835661828517914,0.8727704882621765,False,0.4761798679828644,0.0628645122051239,0.8443600535392761,False,0,False,80
move_near,move_near/condition_0003,3,20,True,32,0.2515752176245937,-0.2127532660961151,0.13122113049030304,-0.02841043472290039,0.2499658723140371,0,0,success,0,True,10,0.09523809523809523,0.3125,2,21,19,,31,31,0,0,True,1,0,True,False,1,False,0.0,0.6889331340789795,-0.06835661828517914,0.8727704882621765,False,0.4761798679828644,0.0628645122051239,0.8443600535392761,False,1,False,80
move_near,move_near/condition_0003,3,21,True,32,0.2515752176245937,-0.2127532660961151,0.13122113049030304,-0.02841043472290039,0.2499658723140371,0,0,success,0,True,10,0.13636363636363635,0.3125,3,22,19,,31,31,0,0,True,1,0,True,False,1,False,0.0,0.6889331340789795,-0.06835661828517914,0.8727704882621765,False,0.4761798679828644,0.0628645122051239,0.8443600535392761,False,2,False,80
move_near,move_near/condition_0003,3,22,True,32,0.2515752176245937,-0.2127532660961151,0.13122113049030304,-0.02841043472290039,0.2499658723140371,0,0,success,0,True,10,0.13043478260869565,0.3125,0,23,19,,31,31,0,0,True,0,1,False,False,1,False,0.0,0.6889331340789795,-0.06835661828517914,0.8727704882621765,False,0.4761798679828644,0.0628645122051239,0.8443600535392761,False,3,False,80
move_near,move_near/condition_0003,3,23,True,32,0.2515752176245937,-0.2127532660961151,0.13122113049030304,-0.02841043472290039,0.2499658723140371,0,0,success,0,True,10,0.125,0.3125,0,24,19,,31,31,0,0,True,0,0,False,False,1,False,0.0,0.6889331340789795,-0.06835661828517914,0.8727704882621765,False,0.4761798679828644,0.0628645122051239,0.8443600535392761,False,4,False,80
move_near,move_near/condition_0003,3,24,True,32,0.2515752176245937,-0.2127532660961151,0.13122113049030304,-0.02841043472290039,0.2499658723140371,0,0,success,0,True,10,0.12,0.3125,0,25,19,,31,31,0,0,True,0,0,False,False,1,False,0.0,0.6889331340789795,-0.06835661828517914,0.8727704882621765,False,0.4761798679828644,0.0628645122051239,0.8443600535392761,False,5,False,80
move_near,move_near/condition_0003,3,25,True,32,0.2515752176245937,-0.2127532660961151,0.13122113049030304,-0.02841043472290039,0.2499658723140371,0,0,success,0,True,10,0.15384615384615385,0.3125,1,26,19,,31,31,0,0,True,1,1,True,False,1,False,0.0,0.6889331340789795,-0.06835661828517914,0.8727704882621765,False,0.4761798679828644,0.0628645122051239,0.8443600535392761,False,6,False,80
move_near,move_near/condition_0003,3,26,True,32,0.2515752176245937,-0.2127532660961151,0.13122113049030304,-0.02841043472290039,0.2499658723140371,0,0,success,0,True,10,0.18518518518518517,0.3125,2,27,19,,31,31,0,0,True,1,0,True,False,1,False,0.0,0.6889331340789795,-0.06835661828517914,0.8727704882621765,False,0.4761798679828644,0.0628645122051239,0.8443600535392761,False,7,False,80
move_near,move_near/condition_0003,3,27,True,32,0.2515752176245937,-0.2127532660961151,0.13122113049030304,-0.02841043472290039,0.2499658723140371,0,0,success,0,True,10,0.21428571428571427,0.3125,3,28,19,,31,31,0,0,True,1,0,True,False,1,False,0.0,0.6889331340789795,-0.06835661828517914,0.8727704882621765,False,0.4761798679828644,0.0628645122051239,0.8443600535392761,False,8,False,80
move_near,move_near/condition_0003,3,28,True,32,0.2515752176245937,-0.2127532660961151,0.13122113049030304,-0.02841043472290039,0.2499658723140371,0,0,success,0,True,10,0.2413793103448276,0.3125,4,29,19,,31,31,0,0,True,1,0,True,False,1,False,0.0,0.6889331340789795,-0.06835661828517914,0.8727704882621765,False,0.4761798679828644,0.0628645122051239,0.8443600535392761,False,9,False,80
move_near,move_near/condition_0003,3,29,True,32,0.2515752176245937,-0.2127532660961151,0.13122113049030304,-0.02841043472290039,0.2499658723140371,0,0,success,0,True,10,0.26666666666666666,0.3125,5,30,19,,31,31,0,0,True,1,0,True,False,1,False,0.0,0.6889331340789795,-0.06835661828517914,0.8727704882621765,False,0.4761798679828644,0.0628645122051239,0.8443600535392761,False,10,False,80
move_near,move_near/condition_0003,3,30,True,32,0.2515752176245937,-0.2127532660961151,0.13122113049030304,-0.02841043472290039,0.2499658723140371,0,0,success,0,True,10,0.2903225806451613,0.3125,6,31,19,,31,31,0,0,True,1,0,True,False,1,False,0.0,0.6889331340789795,-0.06835661828517914,0.8727704882621765,False,0.4761798679828644,0.0628645122051239,0.8443600535392761,False,11,False,80
move_near,move_near/condition_0003,3,31,True,32,0.2515752176245937,-0.2127532660961151,0.13122113049030304,-0.02841043472290039,0.2499658723140371,0,0,success,0,True,10,0.3125,0.3125,7,32,19,,31,31,0,0,True,3,1,True,False,1,True,1.0,0.6889331340789795,-0.06835661828517914,0.8727704882621765,True,0.4761798679828644,0.0628645122051239,0.8443600535392761,True,12,False,80
move_near,move_near/condition_0004,4,0,True,29,0.25383906409123036,0.18753117322921753,0.16316312551498413,0.05142104625701904,0.24857623872877563,0,0,success,0,True,5,0.0,0.1724137931034483,0,1,24,,28,28,0,0,True,0,0,False,False,1,False,0.0,0.4761850833892822,0.06287750601768494,0.8443600535392761,False,0.6637162566184998,0.22604063153266907,0.8957810997962952,False,,False,80
move_near,move_near/condition_0004,4,1,True,29,0.25383906409123036,0.18753117322921753,0.16316312551498413,0.05142104625701904,0.24857623872877563,0,0,success,0,True,5,0.0,0.1724137931034483,0,2,24,,28,28,0,0,True,0,0,False,False,1,False,0.0,0.4761850833892822,0.06287750601768494,0.8443600535392761,False,0.6637162566184998,0.22604063153266907,0.8957810997962952,False,,False,80
move_near,move_near/condition_0004,4,2,True,29,0.25383906409123036,0.18753117322921753,0.16316312551498413,0.05142104625701904,0.24857623872877563,0,0,success,0,True,5,0.0,0.1724137931034483,0,3,24,,28,28,0,0,True,0,0,False,False,1,False,0.0,0.4761850833892822,0.06287750601768494,0.8443600535392761,False,0.6637162566184998,0.22604063153266907,0.8957810997962952,False,,False,80
move_near,move_near/condition_0004,4,3,True,29,0.25383906409123036,0.18753117322921753,0.16316312551498413,0.05142104625701904,0.24857623872877563,0,0,success,0,True,5,0.0,0.1724137931034483,0,4,24,,28,28,0,0,True,0,0,False,False,1,False,0.0,0.4761850833892822,0.06287750601768494,0.8443600535392761,False,0.6637162566184998,0.22604063153266907,0.8957810997962952,False,,False,80
move_near,move_near/condition_0004,4,4,True,29,0.25383906409123036,0.18753117322921753,0.16316312551498413,0.05142104625701904,0.24857623872877563,0,0,success,0,True,5,0.0,0.1724137931034483,0,5,24,,28,28,0,0,True,0,0,False,False,1,False,0.0,0.4761850833892822,0.06287750601768494,0.8443600535392761,False,0.6637162566184998,0.22604063153266907,0.8957810997962952,False,,False,80
move_near,move_near/condition_0004,4,5,True,29,0.25383906409123036,0.18753117322921753,0.16316312551498413,0.05142104625701904,0.24857623872877563,0,0,success,0,True,5,0.0,0.1724137931034483,0,6,24,,28,28,0,0,True,0,0,False,False,1,False,0.0,0.4761850833892822,0.06287750601768494,0.8443600535392761,False,0.6637162566184998,0.22604063153266907,0.8957810997962952,False,,False,80
move_near,move_near/condition_0004,4,6,True,29,0.25383906409123036,0.18753117322921753,0.16316312551498413,0.05142104625701904,0.24857623872877563,0,0,success,0,True,5,0.0,0.1724137931034483,0,7,24,,28,28,0,0,True,0,0,False,False,1,False,0.0,0.4761850833892822,0.06287750601768494,0.8443600535392761,False,0.6637162566184998,0.22604063153266907,0.8957810997962952,False,,False,80
move_near,move_near/condition_0004,4,7,True,29,0.25383906409123036,0.18753117322921753,0.16316312551498413,0.05142104625701904,0.24857623872877563,0,0,success,0,True,5,0.0,0.1724137931034483,0,8,24,,28,28,0,0,True,0,0,False,False,1,False,0.0,0.4761850833892822,0.06287750601768494,0.8443600535392761,False,0.6637162566184998,0.22604063153266907,0.8957810997962952,False,,False,80
move_near,move_near/condition_0004,4,8,True,29,0.25383906409123036,0.18753117322921753,0.16316312551498413,0.05142104625701904,0.24857623872877563,0,0,success,0,True,5,0.0,0.1724137931034483,0,9,24,,28,28,0,0,True,0,0,False,False,1,False,0.0,0.4761850833892822,0.06287750601768494,0.8443600535392761,False,0.6637162566184998,0.22604063153266907,0.8957810997962952,False,,False,80
move_near,move_near/condition_0004,4,9,True,29,0.25383906409123036,0.18753117322921753,0.16316312551498413,0.05142104625701904,0.24857623872877563,0,0,success,0,True,5,0.0,0.1724137931034483,0,10,24,,28,28,0,0,True,0,0,False,False,1,False,0.0,0.4761850833892822,0.06287750601768494,0.8443600535392761,False,0.6637162566184998,0.22604063153266907,0.8957810997962952,False,,False,80
move_near,move_near/condition_0004,4,10,True,29,0.25383906409123036,0.18753117322921753,0.16316312551498413,0.05142104625701904,0.24857623872877563,0,0,success,0,True,5,0.0,0.1724137931034483,0,11,24,,28,28,0,0,True,0,0,False,False,1,False,0.0,0.4761850833892822,0.06287750601768494,0.8443600535392761,False,0.6637162566184998,0.22604063153266907,0.8957810997962952,False,,False,80
move_near,move_near/condition_0004,4,11,True,29,0.25383906409123036,0.18753117322921753,0.16316312551498413,0.05142104625701904,0.24857623872877563,0,0,success,0,True,5,0.0,0.1724137931034483,0,12,24,,28,28,0,0,True,0,0,False,False,1,False,0.0,0.4761850833892822,0.06287750601768494,0.8443600535392761,False,0.6637162566184998,0.22604063153266907,0.8957810997962952,False,,False,80
move_near,move_near/condition_0004,4,12,True,29,0.25383906409123036,0.18753117322921753,0.16316312551498413,0.05142104625701904,0.24857623872877563,0,0,success,0,True,5,0.0,0.1724137931034483,0,13,24,,28,28,0,0,True,0,0,False,False,1,False,0.0,0.4761850833892822,0.06287750601768494,0.8443600535392761,False,0.6637162566184998,0.22604063153266907,0.8957810997962952,False,,False,80
move_near,move_near/condition_0004,4,13,True,29,0.25383906409123036,0.18753117322921753,0.16316312551498413,0.05142104625701904,0.24857623872877563,0,0,success,0,True,5,0.0,0.1724137931034483,0,14,24,,28,28,0,0,True,0,0,False,False,1,False,0.0,0.4761850833892822,0.06287750601768494,0.8443600535392761,False,0.6637162566184998,0.22604063153266907,0.8957810997962952,False,,False,80
move_near,move_near/condition_0004,4,14,True,29,0.25383906409123036,0.18753117322921753,0.16316312551498413,0.05142104625701904,0.24857623872877563,0,0,success,0,True,5,0.0,0.1724137931034483,0,15,24,,28,28,0,0,True,0,0,False,False,1,False,0.0,0.4761850833892822,0.06287750601768494,0.8443600535392761,False,0.6637162566184998,0.22604063153266907,0.8957810997962952,False,,False,80
move_near,move_near/condition_0004,4,15,True,29,0.25383906409123036,0.18753117322921753,0.16316312551498413,0.05142104625701904,0.24857623872877563,0,0,success,0,True,5,0.0,0.1724137931034483,0,16,24,,28,28,0,0,True,0,0,False,False,1,False,0.0,0.4761850833892822,0.06287750601768494,0.8443600535392761,False,0.6637162566184998,0.22604063153266907,0.8957810997962952,False,,False,80
move_near,move_near/condition_0004,4,16,True,29,0.25383906409123036,0.18753117322921753,0.16316312551498413,0.05142104625701904,0.24857623872877563,0,0,success,0,True,5,0.0,0.1724137931034483,0,17,24,,28,28,0,0,True,0,0,False,False,1,False,0.0,0.4761850833892822,0.06287750601768494,0.8443600535392761,False,0.6637162566184998,0.22604063153266907,0.8957810997962952,False,,False,80
move_near,move_near/condition_0004,4,17,True,29,0.25383906409123036,0.18753117322921753,0.16316312551498413,0.05142104625701904,0.24857623872877563,0,0,success,0,True,5,0.0,0.1724137931034483,0,18,24,,28,28,0,0,True,0,0,False,False,1,False,0.0,0.4761850833892822,0.06287750601768494,0.8443600535392761,False,0.6637162566184998,0.22604063153266907,0.8957810997962952,False,,False,80
move_near,move_near/condition_0004,4,18,True,29,0.25383906409123036,0.18753117322921753,0.16316312551498413,0.05142104625701904,0.24857623872877563,0,0,success,0,True,5,0.0,0.1724137931034483,0,19,24,,28,28,0,0,True,0,0,False,False,1,False,0.0,0.4761850833892822,0.06287750601768494,0.8443600535392761,False,0.6637162566184998,0.22604063153266907,0.8957810997962952,False,,False,80
move_near,move_near/condition_0004,4,19,True,29,0.25383906409123036,0.18753117322921753,0.16316312551498413,0.05142104625701904,0.24857623872877563,0,0,success,0,True,5,0.0,0.1724137931034483,0,20,24,,28,28,0,0,True,0,0,False,False,1,False,0.0,0.4761850833892822,0.06287750601768494,0.8443600535392761,False,0.6637162566184998,0.22604063153266907,0.8957810997962952,False,,False,80
move_near,move_near/condition_0004,4,20,True,29,0.25383906409123036,0.18753117322921753,0.16316312551498413,0.05142104625701904,0.24857623872877563,0,0,success,0,True,5,0.0,0.1724137931034483,0,21,24,,28,28,0,0,True,0,0,False,False,1,False,0.0,0.4761850833892822,0.06287750601768494,0.8443600535392761,False,0.6637162566184998,0.22604063153266907,0.8957810997962952,False,,False,80
move_near,move_near/condition_0004,4,21,True,29,0.25383906409123036,0.18753117322921753,0.16316312551498413,0.05142104625701904,0.24857623872877563,0,0,success,0,True,5,0.0,0.1724137931034483,0,22,24,,28,28,0,0,True,0,0,False,False,1,False,0.0,0.4761850833892822,0.06287750601768494,0.8443600535392761,False,0.6637162566184998,0.22604063153266907,0.8957810997962952,False,,False,80
move_near,move_near/condition_0004,4,22,True,29,0.25383906409123036,0.18753117322921753,0.16316312551498413,0.05142104625701904,0.24857623872877563,0,0,success,0,True,5,0.0,0.1724137931034483,0,23,24,,28,28,0,0,True,0,0,False,False,1,False,0.0,0.4761850833892822,0.06287750601768494,0.8443600535392761,False,0.6637162566184998,0.22604063153266907,0.8957810997962952,False,,False,80
move_near,move_near/condition_0004,4,23,True,29,0.25383906409123036,0.18753117322921753,0.16316312551498413,0.05142104625701904,0.24857623872877563,0,0,success,0,True,5,0.0,0.1724137931034483,0,24,24,,28,28,0,0,True,0,0,False,False,1,False,0.0,0.4761850833892822,0.06287750601768494,0.8443600535392761,False,0.6637162566184998,0.22604063153266907,0.8957810997962952,False,,False,80
move_near,move_near/condition_0004,4,24,True,29,0.25383906409123036,0.18753117322921753,0.16316312551498413,0.05142104625701904,0.24857623872877563,0,0,success,0,True,5,0.04,0.1724137931034483,1,25,24,,28,28,0,0,True,1,1,True,False,1,False,0.0,0.4761850833892822,0.06287750601768494,0.8443600535392761,False,0.6637162566184998,0.22604063153266907,0.8957810997962952,False,0,False,80
move_near,move_near/condition_0004,4,25,True,29,0.25383906409123036,0.18753117322921753,0.16316312551498413,0.05142104625701904,0.24857623872877563,0,0,success,0,True,5,0.07692307692307693,0.1724137931034483,2,26,24,,28,28,0,0,True,1,0,True,False,1,False,0.0,0.4761850833892822,0.06287750601768494,0.8443600535392761,False,0.6637162566184998,0.22604063153266907,0.8957810997962952,False,1,False,80
move_near,move_near/condition_0004,4,26,True,29,0.25383906409123036,0.18753117322921753,0.16316312551498413,0.05142104625701904,0.24857623872877563,0,0,success,0,True,5,0.1111111111111111,0.1724137931034483,3,27,24,,28,28,0,0,True,1,0,True,False,1,False,0.0,0.4761850833892822,0.06287750601768494,0.8443600535392761,False,0.6637162566184998,0.22604063153266907,0.8957810997962952,False,2,False,80
move_near,move_near/condition_0004,4,27,True,29,0.25383906409123036,0.18753117322921753,0.16316312551498413,0.05142104625701904,0.24857623872877563,0,0,success,0,True,5,0.14285714285714285,0.1724137931034483,4,28,24,,28,28,0,0,True,1,0,True,False,1,False,0.0,0.4761850833892822,0.06287750601768494,0.8443600535392761,False,0.6637162566184998,0.22604063153266907,0.8957810997962952,False,3,False,80
move_near,move_near/condition_0004,4,28,True,29,0.25383906409123036,0.18753117322921753,0.16316312551498413,0.05142104625701904,0.24857623872877563,0,0,success,0,True,5,0.1724137931034483,0.1724137931034483,5,29,24,,28,28,0,0,True,3,1,True,False,1,True,1.0,0.4761850833892822,0.06287750601768494,0.8443600535392761,True,0.6637162566184998,0.22604063153266907,0.8957810997962952,True,4,False,80
move_near,move_near/condition_0005,5,0,False,80,0.2515507917547851,0.2128591537475586,-0.13100212812423706,0.028411686420440674,0.2499411468870338,0,1,no_correct_move,0,True,0,0.0,0.0,0,1,,,,,0,0,True,0,0,False,False,0,False,0.0,0.47607260942459106,0.06264661252498627,0.8443585634231567,False,0.6889317631721497,-0.0683555155992508,0.8727702498435974,False,,False,80
move_near,move_near/condition_0005,5,1,False,80,0.2515507917547851,0.2128591537475586,-0.13100212812423706,0.028411686420440674,0.2499411468870338,0,1,no_correct_move,0,True,0,0.0,0.0,0,2,,,,,0,0,True,0,0,False,False,0,False,0.0,0.47607260942459106,0.06264661252498627,0.8443585634231567,False,0.6889317631721497,-0.0683555155992508,0.8727702498435974,False,,False,80
move_near,move_near/condition_0005,5,2,False,80,0.2515507917547851,0.2128591537475586,-0.13100212812423706,0.028411686420440674,0.2499411468870338,0,1,no_correct_move,0,True,0,0.0,0.0,0,3,,,,,0,0,True,0,0,False,False,0,False,0.0,0.47607260942459106,0.06264661252498627,0.8443585634231567,False,0.6889317631721497,-0.0683555155992508,0.8727702498435974,False,,False,80
move_near,move_near/condition_0005,5,3,False,80,0.2515507917547851,0.2128591537475586,-0.13100212812423706,0.028411686420440674,0.2499411468870338,0,1,no_correct_move,0,True,0,0.0,0.0,0,4,,,,,0,0,True,0,0,False,False,0,False,0.0,0.47607260942459106,0.06264661252498627,0.8443585634231567,False,0.6889317631721497,-0.0683555155992508,0.8727702498435974,False,,False,80
move_near,move_near/condition_0005,5,4,False,80,0.2515507917547851,0.2128591537475586,-0.13100212812423706,0.028411686420440674,0.2499411468870338,0,1,no_correct_move,0,True,0,0.0,0.0,0,5,,,,,0,0,True,0,0,False,False,0,False,0.0,0.47607260942459106,0.06264661252498627,0.8443585634231567,False,0.6889317631721497,-0.0683555155992508,0.8727702498435974,False,,False,80
move_near,move_near/condition_0005,5,5,False,80,0.2515507917547851,0.2128591537475586,-0.13100212812423706,0.028411686420440674,0.2499411468870338,0,1,no_correct_move,0,True,0,0.0,0.0,0,6,,,,,0,0,True,0,0,False,False,0,False,0.0,0.47607260942459106,0.06264661252498627,0.8443585634231567,False,0.6889317631721497,-0.0683555155992508,0.8727702498435974,False,,False,80
move_near,move_near/condition_0005,5,6,False,80,0.2515507917547851,0.2128591537475586,-0.13100212812423706,0.028411686420440674,0.2499411468870338,0,1,no_correct_move,0,True,0,0.0,0.0,0,7,,,,,0,0,True,0,0,False,False,0,False,0.0,0.47607260942459106,0.06264661252498627,0.8443585634231567,False,0.6889317631721497,-0.0683555155992508,0.8727702498435974,False,,False,80
move_near,move_near/condition_0005,5,7,False,80,0.2515507917547851,0.2128591537475586,-0.13100212812423706,0.028411686420440674,0.2499411468870338,0,1,no_correct_move,0,True,0,0.0,0.0,0,8,,,,,0,0,True,0,0,False,False,0,False,0.0,0.47607260942459106,0.06264661252498627,0.8443585634231567,False,0.6889317631721497,-0.0683555155992508,0.8727702498435974,False,,False,80
move_near,move_near/condition_0005,5,8,False,80,0.2515507917547851,0.2128591537475586,-0.13100212812423706,0.028411686420440674,0.2499411468870338,0,1,no_correct_move,0,True,0,0.0,0.0,0,9,,,,,0,0,True,0,0,False,False,0,False,0.0,0.47607260942459106,0.06264661252498627,0.8443585634231567,False,0.6889317631721497,-0.0683555155992508,0.8727702498435974,False,,False,80
move_near,move_near/condition_0005,5,9,False,80,0.2515507917547851,0.2128591537475586,-0.13100212812423706,0.028411686420440674,0.2499411468870338,0,1,no_correct_move,0,True,0,0.0,0.0,0,10,,,,,0,0,True,0,0,False,False,0,False,0.0,0.47607260942459106,0.06264661252498627,0.8443585634231567,False,0.6889317631721497,-0.0683555155992508,0.8727702498435974,False,,False,80
move_near,move_near/condition_0005,5,10,False,80,0.2515507917547851,0.2128591537475586,-0.13100212812423706,0.028411686420440674,0.2499411468870338,0,1,no_correct_move,0,True,0,0.0,0.0,0,11,,,,,0,0,True,0,0,False,False,0,False,0.0,0.47607260942459106,0.06264661252498627,0.8443585634231567,False,0.6889317631721497,-0.0683555155992508,0.8727702498435974,False,,False,80
move_near,move_near/condition_0005,5,11,False,80,0.2515507917547851,0.2128591537475586,-0.13100212812423706,0.028411686420440674,0.2499411468870338,0,1,no_correct_move,0,True,0,0.0,0.0,0,12,,,,,0,0,True,0,0,False,False,0,False,0.0,0.47607260942459106,0.06264661252498627,0.8443585634231567,False,0.6889317631721497,-0.0683555155992508,0.8727702498435974,False,,False,80
move_near,move_near/condition_0005,5,12,False,80,0.2515507917547851,0.2128591537475586,-0.13100212812423706,0.028411686420440674,0.2499411468870338,0,1,no_correct_move,0,True,0,0.0,0.0,0,13,,,,,0,0,True,0,0,False,False,0,False,0.0,0.47607260942459106,0.06264661252498627,0.8443585634231567,False,0.6889317631721497,-0.0683555155992508,0.8727702498435974,False,,False,80
move_near,move_near/condition_0005,5,13,False,80,0.2515507917547851,0.2128591537475586,-0.13100212812423706,0.028411686420440674,0.2499411468870338,0,1,no_correct_move,0,True,0,0.0,0.0,0,14,,,,,0,0,True,0,0,False,False,0,False,0.0,0.47607260942459106,0.06264661252498627,0.8443585634231567,False,0.6889317631721497,-0.0683555155992508,0.8727702498435974,False,,False,80
move_near,move_near/condition_0005,5,14,False,80,0.2515507917547851,0.2128591537475586,-0.13100212812423706,0.028411686420440674,0.2499411468870338,0,1,no_correct_move,0,True,0,0.0,0.0,0,15,,,,,0,0,True,0,0,False,False,0,False,0.0,0.47607260942459106,0.06264661252498627,0.8443585634231567,False,0.6889317631721497,-0.0683555155992508,0.8727702498435974,False,,False,80
move_near,move_near/condition_0005,5,15,False,80,0.2515507917547851,0.2128591537475586,-0.13100212812423706,0.028411686420440674,0.2499411468870338,0,1,no_correct_move,0,True,0,0.0,0.0,0,16,,,,,0,0,True,0,0,False,False,0,False,0.0,0.47607260942459106,0.06264661252498627,0.8443585634231567,False,0.6889317631721497,-0.0683555155992508,0.8727702498435974,False,,False,80
move_near,move_near/condition_0005,5,16,False,80,0.2515507917547851,0.2128591537475586,-0.13100212812423706,0.028411686420440674,0.2499411468870338,0,1,no_correct_move,0,True,0,0.0,0.0,0,17,,,,,0,0,True,0,0,False,False,0,False,0.0,0.47607260942459106,0.06264661252498627,0.8443585634231567,False,0.6889317631721497,-0.0683555155992508,0.8727702498435974,False,,False,80
move_near,move_near/condition_0005,5,17,False,80,0.2515507917547851,0.2128591537475586,-0.13100212812423706,0.028411686420440674,0.2499411468870338,0,1,no_correct_move,0,True,0,0.0,0.0,0,18,,,,,0,0,True,0,0,False,False,0,False,0.0,0.47607260942459106,0.06264661252498627,0.8443585634231567,False,0.6889317631721497,-0.0683555155992508,0.8727702498435974,False,,False,80
move_near,move_near/condition_0005,5,18,False,80,0.2515507917547851,0.2128591537475586,-0.13100212812423706,0.028411686420440674,0.2499411468870338,0,1,no_correct_move,0,True,0,0.0,0.0,0,19,,,,,0,0,True,0,0,False,False,0,False,0.0,0.47607260942459106,0.06264661252498627,0.8443585634231567,False,0.6889317631721497,-0.0683555155992508,0.8727702498435974,False,,False,80
move_near,move_near/condition_0005,5,19,False,80,0.2515507917547851,0.2128591537475586,-0.13100212812423706,0.028411686420440674,0.2499411468870338,0,1,no_correct_move,0,True,0,0.0,0.0,0,20,,,,,0,0,True,0,0,False,False,0,False,0.0,0.47607260942459106,0.06264661252498627,0.8443585634231567,False,0.6889317631721497,-0.0683555155992508,0.8727702498435974,False,,False,80
move_near,move_near/condition_0005,5,20,False,80,0.2515507917547851,0.2128591537475586,-0.13100212812423706,0.028411686420440674,0.2499411468870338,0,1,no_correct_move,0,True,0,0.0,0.0,0,21,,,,,0,0,True,0,0,False,False,0,False,0.0,0.47607260942459106,0.06264661252498627,0.8443585634231567,False,0.6889317631721497,-0.0683555155992508,0.8727702498435974,False,,False,80
move_near,move_near/condition_0005,5,21,False,80,0.2515507917547851,0.2128591537475586,-0.13100212812423706,0.028411686420440674,0.2499411468870338,0,1,no_correct_move,0,True,0,0.0,0.0,0,22,,,,,0,0,True,0,0,False,False,0,False,0.0,0.47607260942459106,0.06264661252498627,0.8443585634231567,False,0.6889317631721497,-0.0683555155992508,0.8727702498435974,False,,False,80
move_near,move_near/condition_0005,5,22,False,80,0.2515507917547851,0.2128591537475586,-0.13100212812423706,0.028411686420440674,0.2499411468870338,0,1,no_correct_move,0,True,0,0.0,0.0,0,23,,,,,0,0,True,0,0,False,False,0,False,0.0,0.47607260942459106,0.06264661252498627,0.8443585634231567,False,0.6889317631721497,-0.0683555155992508,0.8727702498435974,False,,False,80
move_near,move_near/condition_0005,5,23,False,80,0.2515507917547851,0.2128591537475586,-0.13100212812423706,0.028411686420440674,0.2499411468870338,0,1,no_correct_move,0,True,0,0.0,0.0,0,24,,,,,0,0,True,0,0,False,False,0,False,0.0,0.47607260942459106,0.06264661252498627,0.8443585634231567,False,0.6889317631721497,-0.0683555155992508,0.8727702498435974,False,,False,80
move_near,move_near/condition_0005,5,24,False,80,0.2515507917547851,0.2128591537475586,-0.13100212812423706,0.028411686420440674,0.2499411468870338,0,1,no_correct_move,0,True,0,0.0,0.0,0,25,,,,,0,0,True,0,0,False,False,0,False,0.0,0.47607260942459106,0.06264661252498627,0.8443585634231567,False,0.6889317631721497,-0.0683555155992508,0.8727702498435974,False,,False,80
move_near,move_near/condition_0005,5,25,False,80,0.2515507917547851,0.2128591537475586,-0.13100212812423706,0.028411686420440674,0.2499411468870338,0,1,no_correct_move,0,True,0,0.0,0.0,0,26,,,,,0,0,True,0,0,False,False,0,False,0.0,0.47607260942459106,0.06264661252498627,0.8443585634231567,False,0.6889317631721497,-0.0683555155992508,0.8727702498435974,False,,False,80
move_near,move_near/condition_0005,5,26,False,80,0.2515507917547851,0.2128591537475586,-0.13100212812423706,0.028411686420440674,0.2499411468870338,0,1,no_correct_move,0,True,0,0.0,0.0,0,27,,,,,0,0,True,0,0,False,False,0,False,0.0,0.47607260942459106,0.06264661252498627,0.8443585634231567,False,0.6889317631721497,-0.0683555155992508,0.8727702498435974,False,,False,80
move_near,move_near/condition_0005,5,27,False,80,0.2515507917547851,0.2128591537475586,-0.13100212812423706,0.028411686420440674,0.2499411468870338,0,1,no_correct_move,0,True,0,0.0,0.0,0,28,,,,,0,0,True,0,0,False,False,0,False,0.0,0.47607260942459106,0.06264661252498627,0.8443585634231567,False,0.6889317631721497,-0.0683555155992508,0.8727702498435974,False,,False,80
move_near,move_near/condition_0005,5,28,False,80,0.2515507917547851,0.2128591537475586,-0.13100212812423706,0.028411686420440674,0.2499411468870338,0,1,no_correct_move,0,True,0,0.0,0.0,0,29,,,,,0,0,True,0,0,False,False,0,False,0.0,0.47607260942459106,0.06264661252498627,0.8443585634231567,False,0.6889317631721497,-0.0683555155992508,0.8727702498435974,False,,False,80
move_near,move_near/condition_0005,5,29,False,80,0.2515507917547851,0.2128591537475586,-0.13100212812423706,0.028411686420440674,0.2499411468870338,0,1,no_correct_move,0,True,0,0.0,0.0,0,30,,,,,0,0,True,0,0,False,False,0,False,0.0,0.47607260942459106,0.06264661252498627,0.8443585634231567,False,0.6889317631721497,-0.0683555155992508,0.8727702498435974,False,,False,80
move_near,move_near/condition_0005,5,30,False,80,0.2515507917547851,0.2128591537475586,-0.13100212812423706,0.028411686420440674,0.2499411468870338,0,1,no_correct_move,0,True,0,0.0,0.0,0,31,,,,,0,0,True,0,0,False,False,0,False,0.0,0.47607260942459106,0.06264661252498627,0.8443585634231567,False,0.6889317631721497,-0.0683555155992508,0.8727702498435974,False,,False,80
move_near,move_near/condition_0005,5,31,False,80,0.2515507917547851,0.2128591537475586,-0.13100212812423706,0.028411686420440674,0.2499411468870338,0,1,no_correct_move,0,True,0,0.0,0.0,0,32,,,,,0,0,True,0,0,False,False,0,False,0.0,0.47607260942459106,0.06264661252498627,0.8443585634231567,False,0.6889317631721497,-0.0683555155992508,0.8727702498435974,False,,False,80
move_near,move_near/condition_0005,5,32,False,80,0.2515507917547851,0.2128591537475586,-0.13100212812423706,0.028411686420440674,0.2499411468870338,0,1,no_correct_move,0,True,0,0.0,0.0,0,33,,,,,0,0,True,0,0,False,False,0,False,0.0,0.47607260942459106,0.06264661252498627,0.8443585634231567,False,0.6889317631721497,-0.0683555155992508,0.8727702498435974,False,,False,80
move_near,move_near/condition_0005,5,33,False,80,0.2515507917547851,0.2128591537475586,-0.13100212812423706,0.028411686420440674,0.2499411468870338,0,1,no_correct_move,0,True,0,0.0,0.0,0,34,,,,,0,0,True,0,0,False,False,0,False,0.0,0.47607260942459106,0.06264661252498627,0.8443585634231567,False,0.6889317631721497,-0.0683555155992508,0.8727702498435974,False,,False,80
move_near,move_near/condition_0005,5,34,False,80,0.2515507917547851,0.2128591537475586,-0.13100212812423706,0.028411686420440674,0.2499411468870338,0,1,no_correct_move,0,True,0,0.0,0.0,0,35,,,,,0,0,True,0,0,False,False,0,False,0.0,0.47607260942459106,0.06264661252498627,0.8443585634231567,False,0.6889317631721497,-0.0683555155992508,0.8727702498435974,False,,False,80
move_near,move_near/condition_0005,5,35,False,80,0.2515507917547851,0.2128591537475586,-0.13100212812423706,0.028411686420440674,0.2499411468870338,0,1,no_correct_move,0,True,0,0.0,0.0,0,36,,,,,0,0,True,0,0,False,False,0,False,0.0,0.47607260942459106,0.06264661252498627,0.8443585634231567,False,0.6889317631721497,-0.0683555155992508,0.8727702498435974,False,,False,80
move_near,move_near/condition_0005,5,36,False,80,0.2515507917547851,0.2128591537475586,-0.13100212812423706,0.028411686420440674,0.2499411468870338,0,1,no_correct_move,0,True,0,0.0,0.0,0,37,,,,,0,0,True,0,0,False,False,0,False,0.0,0.47607260942459106,0.06264661252498627,0.8443585634231567,False,0.6889317631721497,-0.0683555155992508,0.8727702498435974,False,,False,80
move_near,move_near/condition_0005,5,37,False,80,0.2515507917547851,0.2128591537475586,-0.13100212812423706,0.028411686420440674,0.2499411468870338,0,1,no_correct_move,0,True,0,0.0,0.0,0,38,,,,,0,0,True,0,0,False,False,0,False,0.0,0.47607260942459106,0.06264661252498627,0.8443585634231567,False,0.6889317631721497,-0.0683555155992508,0.8727702498435974,False,,False,80
move_near,move_near/condition_0005,5,38,False,80,0.2515507917547851,0.2128591537475586,-0.13100212812423706,0.028411686420440674,0.2499411468870338,0,1,no_correct_move,0,True,0,0.0,0.0,0,39,,,,,0,0,True,0,0,False,False,0,False,0.0,0.47607260942459106,0.06264661252498627,0.8443585634231567,False,0.6889317631721497,-0.0683555155992508,0.8727702498435974,False,,False,80
move_near,move_near/condition_0005,5,39,False,80,0.2515507917547851,0.2128591537475586,-0.13100212812423706,0.028411686420440674,0.2499411468870338,0,1,no_correct_move,0,True,0,0.0,0.0,0,40,,,,,0,0,True,0,0,False,False,0,False,0.0,0.47607260942459106,0.06264661252498627,0.8443585634231567,False,0.6889317631721497,-0.0683555155992508,0.8727702498435974,False,,False,80
move_near,move_near/condition_0005,5,40,False,80,0.2515507917547851,0.2128591537475586,-0.13100212812423706,0.028411686420440674,0.2499411468870338,0,1,no_correct_move,0,True,0,0.0,0.0,0,41,,,,,0,0,True,0,0,False,False,0,False,0.0,0.47607260942459106,0.06264661252498627,0.8443585634231567,False,0.6889317631721497,-0.0683555155992508,0.8727702498435974,False,,False,80
move_near,move_near/condition_0005,5,41,False,80,0.2515507917547851,0.2128591537475586,-0.13100212812423706,0.028411686420440674,0.2499411468870338,0,1,no_correct_move,0,True,0,0.0,0.0,0,42,,,,,0,0,True,0,0,False,False,0,False,0.0,0.47607260942459106,0.06264661252498627,0.8443585634231567,False,0.6889317631721497,-0.0683555155992508,0.8727702498435974,False,,False,80
move_near,move_near/condition_0005,5,42,False,80,0.2515507917547851,0.2128591537475586,-0.13100212812423706,0.028411686420440674,0.2499411468870338,0,1,no_correct_move,0,True,0,0.0,0.0,0,43,,,,,0,0,True,0,0,False,False,0,False,0.0,0.47607260942459106,0.06264661252498627,0.8443585634231567,False,0.6889317631721497,-0.0683555155992508,0.8727702498435974,False,,False,80
move_near,move_near/condition_0005,5,43,False,80,0.2515507917547851,0.2128591537475586,-0.13100212812423706,0.028411686420440674,0.2499411468870338,0,1,no_correct_move,0,True,0,0.0,0.0,0,44,,,,,0,0,True,0,0,False,False,0,False,0.0,0.47607260942459106,0.06264661252498627,0.8443585634231567,False,0.6889317631721497,-0.0683555155992508,0.8727702498435974,False,,False,80
move_near,move_near/condition_0005,5,44,False,80,0.2515507917547851,0.2128591537475586,-0.13100212812423706,0.028411686420440674,0.2499411468870338,0,1,no_correct_move,0,True,0,0.0,0.0,0,45,,,,,0,0,True,0,0,False,False,0,False,0.0,0.47607260942459106,0.06264661252498627,0.8443585634231567,False,0.6889317631721497,-0.0683555155992508,0.8727702498435974,False,,False,80
move_near,move_near/condition_0005,5,45,False,80,0.2515507917547851,0.2128591537475586,-0.13100212812423706,0.028411686420440674,0.2499411468870338,0,1,no_correct_move,0,True,0,0.0,0.0,0,46,,,,,0,0,True,0,0,False,False,0,False,0.0,0.47607260942459106,0.06264661252498627,0.8443585634231567,False,0.6889317631721497,-0.0683555155992508,0.8727702498435974,False,,False,80
move_near,move_near/condition_0005,5,46,False,80,0.2515507917547851,0.2128591537475586,-0.13100212812423706,0.028411686420440674,0.2499411468870338,0,1,no_correct_move,0,True,0,0.0,0.0,0,47,,,,,0,0,True,0,0,False,False,0,False,0.0,0.47607260942459106,0.06264661252498627,0.8443585634231567,False,0.6889317631721497,-0.0683555155992508,0.8727702498435974,False,,False,80
move_near,move_near/condition_0005,5,47,False,80,0.2515507917547851,0.2128591537475586,-0.13100212812423706,0.028411686420440674,0.2499411468870338,0,1,no_correct_move,0,True,0,0.0,0.0,0,48,,,,,0,0,True,0,0,False,False,0,False,0.0,0.47607260942459106,0.06264661252498627,0.8443585634231567,False,0.6889317631721497,-0.0683555155992508,0.8727702498435974,False,,False,80
move_near,move_near/condition_0005,5,48,False,80,0.2515507917547851,0.2128591537475586,-0.13100212812423706,0.028411686420440674,0.2499411468870338,0,1,no_correct_move,0,True,0,0.0,0.0,0,49,,,,,0,0,True,0,0,False,False,0,False,0.0,0.47607260942459106,0.06264661252498627,0.8443585634231567,False,0.6889317631721497,-0.0683555155992508,0.8727702498435974,False,,False,80
move_near,move_near/condition_0005,5,49,False,80,0.2515507917547851,0.2128591537475586,-0.13100212812423706,0.028411686420440674,0.2499411468870338,0,1,no_correct_move,0,True,0,0.0,0.0,0,50,,,,,0,0,True,0,0,False,False,0,False,0.0,0.47607260942459106,0.06264661252498627,0.8443585634231567,False,0.6889317631721497,-0.0683555155992508,0.8727702498435974,False,,False,80
move_near,move_near/condition_0005,5,50,False,80,0.2515507917547851,0.2128591537475586,-0.13100212812423706,0.028411686420440674,0.2499411468870338,0,1,no_correct_move,0,True,0,0.0,0.0,0,51,,,,,0,0,True,0,0,False,False,0,False,0.0,0.47607260942459106,0.06264661252498627,0.8443585634231567,False,0.6889317631721497,-0.0683555155992508,0.8727702498435974,False,,False,80
move_near,move_near/condition_0005,5,51,False,80,0.2515507917547851,0.2128591537475586,-0.13100212812423706,0.028411686420440674,0.2499411468870338,0,1,no_correct_move,0,True,0,0.0,0.0,0,52,,,,,0,0,True,0,0,False,False,0,False,0.0,0.47607260942459106,0.06264661252498627,0.8443585634231567,False,0.6889317631721497,-0.0683555155992508,0.8727702498435974,False,,False,80
move_near,move_near/condition_0005,5,52,False,80,0.2515507917547851,0.2128591537475586,-0.13100212812423706,0.028411686420440674,0.2499411468870338,0,1,no_correct_move,0,True,0,0.0,0.0,0,53,,,,,0,0,True,0,0,False,False,0,False,0.0,0.47607260942459106,0.06264661252498627,0.8443585634231567,False,0.6889317631721497,-0.0683555155992508,0.8727702498435974,False,,False,80
move_near,move_near/condition_0005,5,53,False,80,0.2515507917547851,0.2128591537475586,-0.13100212812423706,0.028411686420440674,0.2499411468870338,0,1,no_correct_move,0,True,0,0.0,0.0,0,54,,,,,0,0,True,0,0,False,False,0,False,0.0,0.47607260942459106,0.06264661252498627,0.8443585634231567,False,0.6889317631721497,-0.0683555155992508,0.8727702498435974,False,,False,80
move_near,move_near/condition_0005,5,54,False,80,0.2515507917547851,0.2128591537475586,-0.13100212812423706,0.028411686420440674,0.2499411468870338,0,1,no_correct_move,0,True,0,0.0,0.0,0,55,,,,,0,0,True,0,0,False,False,0,False,0.0,0.47607260942459106,0.06264661252498627,0.8443585634231567,False,0.6889317631721497,-0.0683555155992508,0.8727702498435974,False,,False,80
move_near,move_near/condition_0005,5,55,False,80,0.2515507917547851,0.2128591537475586,-0.13100212812423706,0.028411686420440674,0.2499411468870338,0,1,no_correct_move,0,True,0,0.0,0.0,0,56,,,,,0,0,True,0,0,False,False,0,False,0.0,0.47607260942459106,0.06264661252498627,0.8443585634231567,False,0.6889317631721497,-0.0683555155992508,0.8727702498435974,False,,False,80
move_near,move_near/condition_0005,5,56,False,80,0.2515507917547851,0.2128591537475586,-0.13100212812423706,0.028411686420440674,0.2499411468870338,0,1,no_correct_move,0,True,0,0.0,0.0,0,57,,,,,0,0,True,0,0,False,False,0,False,0.0,0.47607260942459106,0.06264661252498627,0.8443585634231567,False,0.6889317631721497,-0.0683555155992508,0.8727702498435974,False,,False,80
move_near,move_near/condition_0005,5,57,False,80,0.2515507917547851,0.2128591537475586,-0.13100212812423706,0.028411686420440674,0.2499411468870338,0,1,no_correct_move,0,True,0,0.0,0.0,0,58,,,,,0,0,True,0,0,False,False,0,False,0.0,0.47607260942459106,0.06264661252498627,0.8443585634231567,False,0.6889317631721497,-0.0683555155992508,0.8727702498435974,False,,False,80
move_near,move_near/condition_0005,5,58,False,80,0.2515507917547851,0.2128591537475586,-0.13100212812423706,0.028411686420440674,0.2499411468870338,0,1,no_correct_move,0,True,0,0.0,0.0,0,59,,,,,0,0,True,0,0,False,False,0,False,0.0,0.47607260942459106,0.06264661252498627,0.8443585634231567,False,0.6889317631721497,-0.0683555155992508,0.8727702498435974,False,,False,80
move_near,move_near/condition_0005,5,59,False,80,0.2515507917547851,0.2128591537475586,-0.13100212812423706,0.028411686420440674,0.2499411468870338,0,1,no_correct_move,0,True,0,0.0,0.0,0,60,,,,,0,0,True,0,0,False,False,0,False,0.0,0.47607260942459106,0.06264661252498627,0.8443585634231567,False,0.6889317631721497,-0.0683555155992508,0.8727702498435974,False,,False,80
move_near,move_near/condition_0005,5,60,False,80,0.2515507917547851,0.2128591537475586,-0.13100212812423706,0.028411686420440674,0.2499411468870338,0,1,no_correct_move,0,True,0,0.0,0.0,0,61,,,,,0,0,True,0,0,False,False,0,False,0.0,0.47607260942459106,0.06264661252498627,0.8443585634231567,False,0.6889317631721497,-0.0683555155992508,0.8727702498435974,False,,False,80
move_near,move_near/condition_0005,5,61,False,80,0.2515507917547851,0.2128591537475586,-0.13100212812423706,0.028411686420440674,0.2499411468870338,0,1,no_correct_move,0,True,0,0.0,0.0,0,62,,,,,0,0,True,0,0,False,False,0,False,0.0,0.47607260942459106,0.06264661252498627,0.8443585634231567,False,0.6889317631721497,-0.0683555155992508,0.8727702498435974,False,,False,80
move_near,move_near/condition_0005,5,62,False,80,0.2515507917547851,0.2128591537475586,-0.13100212812423706,0.028411686420440674,0.2499411468870338,0,1,no_correct_move,0,True,0,0.0,0.0,0,63,,,,,0,0,True,0,0,False,False,0,False,0.0,0.47607260942459106,0.06264661252498627,0.8443585634231567,False,0.6889317631721497,-0.0683555155992508,0.8727702498435974,False,,False,80
move_near,move_near/condition_0005,5,63,False,80,0.2515507917547851,0.2128591537475586,-0.13100212812423706,0.028411686420440674,0.2499411468870338,0,1,no_correct_move,0,True,0,0.0,0.0,0,64,,,,,0,0,True,0,0,False,False,0,False,0.0,0.47607260942459106,0.06264661252498627,0.8443585634231567,False,0.6889317631721497,-0.0683555155992508,0.8727702498435974,False,,False,80
move_near,move_near/condition_0005,5,64,False,80,0.2515507917547851,0.2128591537475586,-0.13100212812423706,0.028411686420440674,0.2499411468870338,0,1,no_correct_move,0,True,0,0.0,0.0,0,65,,,,,0,0,True,0,0,False,False,0,False,0.0,0.47607260942459106,0.06264661252498627,0.8443585634231567,False,0.6889317631721497,-0.0683555155992508,0.8727702498435974,False,,False,80
move_near,move_near/condition_0005,5,65,False,80,0.2515507917547851,0.2128591537475586,-0.13100212812423706,0.028411686420440674,0.2499411468870338,0,1,no_correct_move,0,True,0,0.0,0.0,0,66,,,,,0,0,True,0,0,False,False,0,False,0.0,0.47607260942459106,0.06264661252498627,0.8443585634231567,False,0.6889317631721497,-0.0683555155992508,0.8727702498435974,False,,False,80
move_near,move_near/condition_0005,5,66,False,80,0.2515507917547851,0.2128591537475586,-0.13100212812423706,0.028411686420440674,0.2499411468870338,0,1,no_correct_move,0,True,0,0.0,0.0,0,67,,,,,0,0,True,0,0,False,False,0,False,0.0,0.47607260942459106,0.06264661252498627,0.8443585634231567,False,0.6889317631721497,-0.0683555155992508,0.8727702498435974,False,,False,80
move_near,move_near/condition_0005,5,67,False,80,0.2515507917547851,0.2128591537475586,-0.13100212812423706,0.028411686420440674,0.2499411468870338,0,1,no_correct_move,0,True,0,0.0,0.0,0,68,,,,,0,0,True,0,0,False,False,0,False,0.0,0.47607260942459106,0.06264661252498627,0.8443585634231567,False,0.6889317631721497,-0.0683555155992508,0.8727702498435974,False,,False,80
move_near,move_near/condition_0005,5,68,False,80,0.2515507917547851,0.2128591537475586,-0.13100212812423706,0.028411686420440674,0.2499411468870338,0,1,no_correct_move,0,True,0,0.0,0.0,0,69,,,,,0,0,True,0,0,False,False,0,False,0.0,0.47607260942459106,0.06264661252498627,0.8443585634231567,False,0.6889317631721497,-0.0683555155992508,0.8727702498435974,False,,False,80
move_near,move_near/condition_0005,5,69,False,80,0.2515507917547851,0.2128591537475586,-0.13100212812423706,0.028411686420440674,0.2499411468870338,0,1,no_correct_move,0,True,0,0.0,0.0,0,70,,,,,0,0,True,0,0,False,False,0,False,0.0,0.47607260942459106,0.06264661252498627,0.8443585634231567,False,0.6889317631721497,-0.0683555155992508,0.8727702498435974,False,,False,80
move_near,move_near/condition_0005,5,70,False,80,0.2515507917547851,0.2128591537475586,-0.13100212812423706,0.028411686420440674,0.2499411468870338,0,1,no_correct_move,0,True,0,0.0,0.0,0,71,,,,,0,0,True,0,0,False,False,0,False,0.0,0.47607260942459106,0.06264661252498627,0.8443585634231567,False,0.6889317631721497,-0.0683555155992508,0.8727702498435974,False,,False,80
move_near,move_near/condition_0005,5,71,False,80,0.2515507917547851,0.2128591537475586,-0.13100212812423706,0.028411686420440674,0.2499411468870338,0,1,no_correct_move,0,True,0,0.0,0.0,0,72,,,,,0,0,True,0,0,False,False,0,False,0.0,0.47607260942459106,0.06264661252498627,0.8443585634231567,False,0.6889317631721497,-0.0683555155992508,0.8727702498435974,False,,False,80
move_near,move_near/condition_0005,5,72,False,80,0.2515507917547851,0.2128591537475586,-0.13100212812423706,0.028411686420440674,0.2499411468870338,0,1,no_correct_move,0,True,0,0.0,0.0,0,73,,,,,0,0,True,0,0,False,False,0,False,0.0,0.47607260942459106,0.06264661252498627,0.8443585634231567,False,0.6889317631721497,-0.0683555155992508,0.8727702498435974,False,,False,80
move_near,move_near/condition_0005,5,73,False,80,0.2515507917547851,0.2128591537475586,-0.13100212812423706,0.028411686420440674,0.2499411468870338,0,1,no_correct_move,0,True,0,0.0,0.0,0,74,,,,,0,0,True,0,0,False,False,0,False,0.0,0.47607260942459106,0.06264661252498627,0.8443585634231567,False,0.6889317631721497,-0.0683555155992508,0.8727702498435974,False,,False,80
move_near,move_near/condition_0005,5,74,False,80,0.2515507917547851,0.2128591537475586,-0.13100212812423706,0.028411686420440674,0.2499411468870338,0,1,no_correct_move,0,True,0,0.0,0.0,0,75,,,,,0,0,True,0,0,False,False,0,False,0.0,0.47607260942459106,0.06264661252498627,0.8443585634231567,False,0.6889317631721497,-0.0683555155992508,0.8727702498435974,False,,False,80
move_near,move_near/condition_0005,5,75,False,80,0.2515507917547851,0.2128591537475586,-0.13100212812423706,0.028411686420440674,0.2499411468870338,0,1,no_correct_move,0,True,0,0.0,0.0,0,76,,,,,0,0,True,0,0,False,False,0,False,0.0,0.47607260942459106,0.06264661252498627,0.8443585634231567,False,0.6889317631721497,-0.0683555155992508,0.8727702498435974,False,,False,80
move_near,move_near/condition_0005,5,76,False,80,0.2515507917547851,0.2128591537475586,-0.13100212812423706,0.028411686420440674,0.2499411468870338,0,1,no_correct_move,0,True,0,0.0,0.0,0,77,,,,,0,0,True,0,0,False,False,0,False,0.0,0.47607260942459106,0.06264661252498627,0.8443585634231567,False,0.6889317631721497,-0.0683555155992508,0.8727702498435974,False,,False,80
move_near,move_near/condition_0005,5,77,False,80,0.2515507917547851,0.2128591537475586,-0.13100212812423706,0.028411686420440674,0.2499411468870338,0,1,no_correct_move,0,True,0,0.0,0.0,0,78,,,,,0,0,True,0,0,False,False,0,False,0.0,0.47607260942459106,0.06264661252498627,0.8443585634231567,False,0.6889317631721497,-0.0683555155992508,0.8727702498435974,False,,False,80
move_near,move_near/condition_0005,5,78,False,80,0.2515507917547851,0.2128591537475586,-0.13100212812423706,0.028411686420440674,0.2499411468870338,0,1,no_correct_move,0,True,0,0.0,0.0,0,79,,,,,0,0,True,0,0,False,False,0,False,0.0,0.47607260942459106,0.06264661252498627,0.8443585634231567,False,0.6889317631721497,-0.0683555155992508,0.8727702498435974,False,,False,80
move_near,move_near/condition_0005,5,79,False,80,0.2515507917547851,0.2128591537475586,-0.13100212812423706,0.028411686420440674,0.2499411468870338,0,1,no_correct_move,0,True,0,0.0,0.0,0,80,,,,,0,0,True,0,0,False,False,0,False,0.0,0.47607260942459106,0.06264661252498627,0.8443585634231567,False,0.6889317631721497,-0.0683555155992508,0.8727702498435974,False,,True,80
move_near,move_near/condition_0006,6,0,True,34,0.2466655308663504,0.21035772562026978,-0.12677475810050964,-0.022840142250061035,0.24560580616014646,0,0,success,0,True,6,0.0,0.17647058823529413,0,1,28,,33,33,0,0,True,0,0,False,False,1,False,0.0,0.4650939106941223,0.20781096816062927,0.8956103920936584,False,0.6754516363143921,0.08103621006011963,0.8727702498435974,False,,False,80
move_near,move_near/condition_0006,6,1,True,34,0.2466655308663504,0.21035772562026978,-0.12677475810050964,-0.022840142250061035,0.24560580616014646,0,0,success,0,True,6,0.0,0.17647058823529413,0,2,28,,33,33,0,0,True,0,0,False,False,1,False,0.0,0.4650939106941223,0.20781096816062927,0.8956103920936584,False,0.6754516363143921,0.08103621006011963,0.8727702498435974,False,,False,80
move_near,move_near/condition_0006,6,2,True,34,0.2466655308663504,0.21035772562026978,-0.12677475810050964,-0.022840142250061035,0.24560580616014646,0,0,success,0,True,6,0.0,0.17647058823529413,0,3,28,,33,33,0,0,True,0,0,False,False,1,False,0.0,0.4650939106941223,0.20781096816062927,0.8956103920936584,False,0.6754516363143921,0.08103621006011963,0.8727702498435974,False,,False,80
move_near,move_near/condition_0006,6,3,True,34,0.2466655308663504,0.21035772562026978,-0.12677475810050964,-0.022840142250061035,0.24560580616014646,0,0,success,0,True,6,0.0,0.17647058823529413,0,4,28,,33,33,0,0,True,0,0,False,False,1,False,0.0,0.4650939106941223,0.20781096816062927,0.8956103920936584,False,0.6754516363143921,0.08103621006011963,0.8727702498435974,False,,False,80
move_near,move_near/condition_0006,6,4,True,34,0.2466655308663504,0.21035772562026978,-0.12677475810050964,-0.022840142250061035,0.24560580616014646,0,0,success,0,True,6,0.0,0.17647058823529413,0,5,28,,33,33,0,0,True,0,0,False,False,1,False,0.0,0.4650939106941223,0.20781096816062927,0.8956103920936584,False,0.6754516363143921,0.08103621006011963,0.8727702498435974,False,,False,80
move_near,move_near/condition_0006,6,5,True,34,0.2466655308663504,0.21035772562026978,-0.12677475810050964,-0.022840142250061035,0.24560580616014646,0,0,success,0,True,6,0.0,0.17647058823529413,0,6,28,,33,33,0,0,True,0,0,False,False,1,False,0.0,0.4650939106941223,0.20781096816062927,0.8956103920936584,False,0.6754516363143921,0.08103621006011963,0.8727702498435974,False,,False,80
move_near,move_near/condition_0006,6,6,True,34,0.2466655308663504,0.21035772562026978,-0.12677475810050964,-0.022840142250061035,0.24560580616014646,0,0,success,0,True,6,0.0,0.17647058823529413,0,7,28,,33,33,0,0,True,0,0,False,False,1,False,0.0,0.4650939106941223,0.20781096816062927,0.8956103920936584,False,0.6754516363143921,0.08103621006011963,0.8727702498435974,False,,False,80
move_near,move_near/condition_0006,6,7,True,34,0.2466655308663504,0.21035772562026978,-0.12677475810050964,-0.022840142250061035,0.24560580616014646,0,0,success,0,True,6,0.0,0.17647058823529413,0,8,28,,33,33,0,0,True,0,0,False,False,1,False,0.0,0.4650939106941223,0.20781096816062927,0.8956103920936584,False,0.6754516363143921,0.08103621006011963,0.8727702498435974,False,,False,80
move_near,move_near/condition_0006,6,8,True,34,0.2466655308663504,0.21035772562026978,-0.12677475810050964,-0.022840142250061035,0.24560580616014646,0,0,success,0,True,6,0.0,0.17647058823529413,0,9,28,,33,33,0,0,True,0,0,False,False,1,False,0.0,0.4650939106941223,0.20781096816062927,0.8956103920936584,False,0.6754516363143921,0.08103621006011963,0.8727702498435974,False,,False,80
move_near,move_near/condition_0006,6,9,True,34,0.2466655308663504,0.21035772562026978,-0.12677475810050964,-0.022840142250061035,0.24560580616014646,0,0,success,0,True,6,0.0,0.17647058823529413,0,10,28,,33,33,0,0,True,0,0,False,False,1,False,0.0,0.4650939106941223,0.20781096816062927,0.8956103920936584,False,0.6754516363143921,0.08103621006011963,0.8727702498435974,False,,False,80
move_near,move_near/condition_0006,6,10,True,34,0.2466655308663504,0.21035772562026978,-0.12677475810050964,-0.022840142250061035,0.24560580616014646,0,0,success,0,True,6,0.0,0.17647058823529413,0,11,28,,33,33,0,0,True,0,0,False,False,1,False,0.0,0.4650939106941223,0.20781096816062927,0.8956103920936584,False,0.6754516363143921,0.08103621006011963,0.8727702498435974,False,,False,80
move_near,move_near/condition_0006,6,11,True,34,0.2466655308663504,0.21035772562026978,-0.12677475810050964,-0.022840142250061035,0.24560580616014646,0,0,success,0,True,6,0.0,0.17647058823529413,0,12,28,,33,33,0,0,True,0,0,False,False,1,False,0.0,0.4650939106941223,0.20781096816062927,0.8956103920936584,False,0.6754516363143921,0.08103621006011963,0.8727702498435974,False,,False,80
move_near,move_near/condition_0006,6,12,True,34,0.2466655308663504,0.21035772562026978,-0.12677475810050964,-0.022840142250061035,0.24560580616014646,0,0,success,0,True,6,0.0,0.17647058823529413,0,13,28,,33,33,0,0,True,0,0,False,False,1,False,0.0,0.4650939106941223,0.20781096816062927,0.8956103920936584,False,0.6754516363143921,0.08103621006011963,0.8727702498435974,False,,False,80
move_near,move_near/condition_0006,6,13,True,34,0.2466655308663504,0.21035772562026978,-0.12677475810050964,-0.022840142250061035,0.24560580616014646,0,0,success,0,True,6,0.0,0.17647058823529413,0,14,28,,33,33,0,0,True,0,0,False,False,1,False,0.0,0.4650939106941223,0.20781096816062927,0.8956103920936584,False,0.6754516363143921,0.08103621006011963,0.8727702498435974,False,,False,80
move_near,move_near/condition_0006,6,14,True,34,0.2466655308663504,0.21035772562026978,-0.12677475810050964,-0.022840142250061035,0.24560580616014646,0,0,success,0,True,6,0.0,0.17647058823529413,0,15,28,,33,33,0,0,True,0,0,False,False,1,False,0.0,0.4650939106941223,0.20781096816062927,0.8956103920936584,False,0.6754516363143921,0.08103621006011963,0.8727702498435974,False,,False,80
move_near,move_near/condition_0006,6,15,True,34,0.2466655308663504,0.21035772562026978,-0.12677475810050964,-0.022840142250061035,0.24560580616014646,0,0,success,0,True,6,0.0,0.17647058823529413,0,16,28,,33,33,0,0,True,0,0,False,False,1,False,0.0,0.4650939106941223,0.20781096816062927,0.8956103920936584,False,0.6754516363143921,0.08103621006011963,0.8727702498435974,False,,False,80
move_near,move_near/condition_0006,6,16,True,34,0.2466655308663504,0.21035772562026978,-0.12677475810050964,-0.022840142250061035,0.24560580616014646,0,0,success,0,True,6,0.0,0.17647058823529413,0,17,28,,33,33,0,0,True,0,0,False,False,1,False,0.0,0.4650939106941223,0.20781096816062927,0.8956103920936584,False,0.6754516363143921,0.08103621006011963,0.8727702498435974,False,,False,80
move_near,move_near/condition_0006,6,17,True,34,0.2466655308663504,0.21035772562026978,-0.12677475810050964,-0.022840142250061035,0.24560580616014646,0,0,success,0,True,6,0.0,0.17647058823529413,0,18,28,,33,33,0,0,True,0,0,False,False,1,False,0.0,0.4650939106941223,0.20781096816062927,0.8956103920936584,False,0.6754516363143921,0.08103621006011963,0.8727702498435974,False,,False,80
move_near,move_near/condition_0006,6,18,True,34,0.2466655308663504,0.21035772562026978,-0.12677475810050964,-0.022840142250061035,0.24560580616014646,0,0,success,0,True,6,0.0,0.17647058823529413,0,19,28,,33,33,0,0,True,0,0,False,False,1,False,0.0,0.4650939106941223,0.20781096816062927,0.8956103920936584,False,0.6754516363143921,0.08103621006011963,0.8727702498435974,False,,False,80
move_near,move_near/condition_0006,6,19,True,34,0.2466655308663504,0.21035772562026978,-0.12677475810050964,-0.022840142250061035,0.24560580616014646,0,0,success,0,True,6,0.0,0.17647058823529413,0,20,28,,33,33,0,0,True,0,0,False,False,1,False,0.0,0.4650939106941223,0.20781096816062927,0.8956103920936584,False,0.6754516363143921,0.08103621006011963,0.8727702498435974,False,,False,80
move_near,move_near/condition_0006,6,20,True,34,0.2466655308663504,0.21035772562026978,-0.12677475810050964,-0.022840142250061035,0.24560580616014646,0,0,success,0,True,6,0.0,0.17647058823529413,0,21,28,,33,33,0,0,True,0,0,False,False,1,False,0.0,0.4650939106941223,0.20781096816062927,0.8956103920936584,False,0.6754516363143921,0.08103621006011963,0.8727702498435974,False,,False,80
move_near,move_near/condition_0006,6,21,True,34,0.2466655308663504,0.21035772562026978,-0.12677475810050964,-0.022840142250061035,0.24560580616014646,0,0,success,0,True,6,0.0,0.17647058823529413,0,22,28,,33,33,0,0,True,0,0,False,False,1,False,0.0,0.4650939106941223,0.20781096816062927,0.8956103920936584,False,0.6754516363143921,0.08103621006011963,0.8727702498435974,False,,False,80
move_near,move_near/condition_0006,6,22,True,34,0.2466655308663504,0.21035772562026978,-0.12677475810050964,-0.022840142250061035,0.24560580616014646,0,0,success,0,True,6,0.0,0.17647058823529413,0,23,28,,33,33,0,0,True,0,0,False,False,1,False,0.0,0.4650939106941223,0.20781096816062927,0.8956103920936584,False,0.6754516363143921,0.08103621006011963,0.8727702498435974,False,,False,80
move_near,move_near/condition_0006,6,23,True,34,0.2466655308663504,0.21035772562026978,-0.12677475810050964,-0.022840142250061035,0.24560580616014646,0,0,success,0,True,6,0.0,0.17647058823529413,0,24,28,,33,33,0,0,True,0,0,False,False,1,False,0.0,0.4650939106941223,0.20781096816062927,0.8956103920936584,False,0.6754516363143921,0.08103621006011963,0.8727702498435974,False,,False,80
move_near,move_near/condition_0006,6,24,True,34,0.2466655308663504,0.21035772562026978,-0.12677475810050964,-0.022840142250061035,0.24560580616014646,0,0,success,0,True,6,0.0,0.17647058823529413,0,25,28,,33,33,0,0,True,0,0,False,False,1,False,0.0,0.4650939106941223,0.20781096816062927,0.8956103920936584,False,0.6754516363143921,0.08103621006011963,0.8727702498435974,False,,False,80
move_near,move_near/condition_0006,6,25,True,34,0.2466655308663504,0.21035772562026978,-0.12677475810050964,-0.022840142250061035,0.24560580616014646,0,0,success,0,True,6,0.0,0.17647058823529413,0,26,28,,33,33,0,0,True,0,0,False,False,1,False,0.0,0.4650939106941223,0.20781096816062927,0.8956103920936584,False,0.6754516363143921,0.08103621006011963,0.8727702498435974,False,,False,80
move_near,move_near/condition_0006,6,26,True,34,0.2466655308663504,0.21035772562026978,-0.12677475810050964,-0.022840142250061035,0.24560580616014646,0,0,success,0,True,6,0.0,0.17647058823529413,0,27,28,,33,33,0,0,True,0,0,False,False,1,False,0.0,0.4650939106941223,0.20781096816062927,0.8956103920936584,False,0.6754516363143921,0.08103621006011963,0.8727702498435974,False,,False,80
move_near,move_near/condition_0006,6,27,True,34,0.2466655308663504,0.21035772562026978,-0.12677475810050964,-0.022840142250061035,0.24560580616014646,0,0,success,0,True,6,0.0,0.17647058823529413,0,28,28,,33,33,0,0,True,0,0,False,False,1,False,0.0,0.4650939106941223,0.20781096816062927,0.8956103920936584,False,0.6754516363143921,0.08103621006011963,0.8727702498435974,False,,False,80
move_near,move_near/condition_0006,6,28,True,34,0.2466655308663504,0.21035772562026978,-0.12677475810050964,-0.022840142250061035,0.24560580616014646,0,0,success,0,True,6,0.034482758620689655,0.17647058823529413,1,29,28,,33,33,0,0,True,1,1,True,False,1,False,0.0,0.4650939106941223,0.20781096816062927,0.8956103920936584,False,0.6754516363143921,0.08103621006011963,0.8727702498435974,False,0,False,80
move_near,move_near/condition_0006,6,29,True,34,0.2466655308663504,0.21035772562026978,-0.12677475810050964,-0.022840142250061035,0.24560580616014646,0,0,success,0,True,6,0.06666666666666667,0.17647058823529413,2,30,28,,33,33,0,0,True,1,0,True,False,1,False,0.0,0.4650939106941223,0.20781096816062927,0.8956103920936584,False,0.6754516363143921,0.08103621006011963,0.8727702498435974,False,1,False,80
move_near,move_near/condition_0006,6,30,True,34,0.2466655308663504,0.21035772562026978,-0.12677475810050964,-0.022840142250061035,0.24560580616014646,0,0,success,0,True,6,0.0967741935483871,0.17647058823529413,3,31,28,,33,33,0,0,True,1,0,True,False,1,False,0.0,0.4650939106941223,0.20781096816062927,0.8956103920936584,False,0.6754516363143921,0.08103621006011963,0.8727702498435974,False,2,False,80
move_near,move_near/condition_0006,6,31,True,34,0.2466655308663504,0.21035772562026978,-0.12677475810050964,-0.022840142250061035,0.24560580616014646,0,0,success,0,True,6,0.125,0.17647058823529413,4,32,28,,33,33,0,0,True,1,0,True,False,1,False,0.0,0.4650939106941223,0.20781096816062927,0.8956103920936584,False,0.6754516363143921,0.08103621006011963,0.8727702498435974,False,3,False,80
move_near,move_near/condition_0006,6,32,True,34,0.2466655308663504,0.21035772562026978,-0.12677475810050964,-0.022840142250061035,0.24560580616014646,0,0,success,0,True,6,0.15151515151515152,0.17647058823529413,5,33,28,,33,33,0,0,True,1,0,True,False,1,False,0.0,0.4650939106941223,0.20781096816062927,0.8956103920936584,False,0.6754516363143921,0.08103621006011963,0.8727702498435974,False,4,False,80
move_near,move_near/condition_0006,6,33,True,34,0.2466655308663504,0.21035772562026978,-0.12677475810050964,-0.022840142250061035,0.24560580616014646,0,0,success,0,True,6,0.17647058823529413,0.17647058823529413,6,34,28,,33,33,0,0,True,3,1,True,False,1,True,1.0,0.4650939106941223,0.20781096816062927,0.8956103920936584,True,0.6754516363143921,0.08103621006011963,0.8727702498435974,True,5,False,80
move_near,move_near/condition_0007,7,0,True,51,0.30014559278479847,0.0253981351852417,-0.2946697771549225,-0.05110806226730347,0.2957623080100294,0,0,success,0,True,10,0.0,0.19607843137254902,0,1,41,,46,50,0,0,False,0,0,False,False,5,False,0.0,0.4642859101295471,0.20820187032222748,0.8954683542251587,False,0.4896840453147888,-0.08646790683269501,0.8443602919578552,False,,False,80
move_near,move_near/condition_0007,7,1,True,51,0.30014559278479847,0.0253981351852417,-0.2946697771549225,-0.05110806226730347,0.2957623080100294,0,0,success,0,True,10,0.0,0.19607843137254902,0,2,41,,46,50,0,0,False,0,0,False,False,5,False,0.0,0.4642859101295471,0.20820187032222748,0.8954683542251587,False,0.4896840453147888,-0.08646790683269501,0.8443602919578552,False,,False,80
move_near,move_near/condition_0007,7,2,True,51,0.30014559278479847,0.0253981351852417,-0.2946697771549225,-0.05110806226730347,0.2957623080100294,0,0,success,0,True,10,0.0,0.19607843137254902,0,3,41,,46,50,0,0,False,0,0,False,False,5,False,0.0,0.4642859101295471,0.20820187032222748,0.8954683542251587,False,0.4896840453147888,-0.08646790683269501,0.8443602919578552,False,,False,80
move_near,move_near/condition_0007,7,3,True,51,0.30014559278479847,0.0253981351852417,-0.2946697771549225,-0.05110806226730347,0.2957623080100294,0,0,success,0,True,10,0.0,0.19607843137254902,0,4,41,,46,50,0,0,False,0,0,False,False,5,False,0.0,0.4642859101295471,0.20820187032222748,0.8954683542251587,False,0.4896840453147888,-0.08646790683269501,0.8443602919578552,False,,False,80
move_near,move_near/condition_0007,7,4,True,51,0.30014559278479847,0.0253981351852417,-0.2946697771549225,-0.05110806226730347,0.2957623080100294,0,0,success,0,True,10,0.0,0.19607843137254902,0,5,41,,46,50,0,0,False,0,0,False,False,5,False,0.0,0.4642859101295471,0.20820187032222748,0.8954683542251587,False,0.4896840453147888,-0.08646790683269501,0.8443602919578552,False,,False,80
move_near,move_near/condition_0007,7,5,True,51,0.30014559278479847,0.0253981351852417,-0.2946697771549225,-0.05110806226730347,0.2957623080100294,0,0,success,0,True,10,0.0,0.19607843137254902,0,6,41,,46,50,0,0,False,0,0,False,False,5,False,0.0,0.4642859101295471,0.20820187032222748,0.8954683542251587,False,0.4896840453147888,-0.08646790683269501,0.8443602919578552,False,,False,80
move_near,move_near/condition_0007,7,6,True,51,0.30014559278479847,0.0253981351852417,-0.2946697771549225,-0.05110806226730347,0.2957623080100294,0,0,success,0,True,10,0.0,0.19607843137254902,0,7,41,,46,50,0,0,False,0,0,False,False,5,False,0.0,0.4642859101295471,0.20820187032222748,0.8954683542251587,False,0.4896840453147888,-0.08646790683269501,0.8443602919578552,False,,False,80
move_near,move_near/condition_0007,7,7,True,51,0.30014559278479847,0.0253981351852417,-0.2946697771549225,-0.05110806226730347,0.2957623080100294,0,0,success,0,True,10,0.0,0.19607843137254902,0,8,41,,46,50,0,0,False,0,0,False,False,5,False,0.0,0.4642859101295471,0.20820187032222748,0.8954683542251587,False,0.4896840453147888,-0.08646790683269501,0.8443602919578552,False,,False,80
move_near,move_near/condition_0007,7,8,True,51,0.30014559278479847,0.0253981351852417,-0.2946697771549225,-0.05110806226730347,0.2957623080100294,0,0,success,0,True,10,0.0,0.19607843137254902,0,9,41,,46,50,0,0,False,0,0,False,False,5,False,0.0,0.4642859101295471,0.20820187032222748,0.8954683542251587,False,0.4896840453147888,-0.08646790683269501,0.8443602919578552,False,,False,80
move_near,move_near/condition_0007,7,9,True,51,0.30014559278479847,0.0253981351852417,-0.2946697771549225,-0.05110806226730347,0.2957623080100294,0,0,success,0,True,10,0.0,0.19607843137254902,0,10,41,,46,50,0,0,False,0,0,False,False,5,False,0.0,0.4642859101295471,0.20820187032222748,0.8954683542251587,False,0.4896840453147888,-0.08646790683269501,0.8443602919578552,False,,False,80
move_near,move_near/condition_0007,7,10,True,51,0.30014559278479847,0.0253981351852417,-0.2946697771549225,-0.05110806226730347,0.2957623080100294,0,0,success,0,True,10,0.0,0.19607843137254902,0,11,41,,46,50,0,0,False,0,0,False,False,5,False,0.0,0.4642859101295471,0.20820187032222748,0.8954683542251587,False,0.4896840453147888,-0.08646790683269501,0.8443602919578552,False,,False,80
move_near,move_near/condition_0007,7,11,True,51,0.30014559278479847,0.0253981351852417,-0.2946697771549225,-0.05110806226730347,0.2957623080100294,0,0,success,0,True,10,0.0,0.19607843137254902,0,12,41,,46,50,0,0,False,0,0,False,False,5,False,0.0,0.4642859101295471,0.20820187032222748,0.8954683542251587,False,0.4896840453147888,-0.08646790683269501,0.8443602919578552,False,,False,80
move_near,move_near/condition_0007,7,12,True,51,0.30014559278479847,0.0253981351852417,-0.2946697771549225,-0.05110806226730347,0.2957623080100294,0,0,success,0,True,10,0.0,0.19607843137254902,0,13,41,,46,50,0,0,False,0,0,False,False,5,False,0.0,0.4642859101295471,0.20820187032222748,0.8954683542251587,False,0.4896840453147888,-0.08646790683269501,0.8443602919578552,False,,False,80
move_near,move_near/condition_0007,7,13,True,51,0.30014559278479847,0.0253981351852417,-0.2946697771549225,-0.05110806226730347,0.2957623080100294,0,0,success,0,True,10,0.0,0.19607843137254902,0,14,41,,46,50,0,0,False,0,0,False,False,5,False,0.0,0.4642859101295471,0.20820187032222748,0.8954683542251587,False,0.4896840453147888,-0.08646790683269501,0.8443602919578552,False,,False,80
move_near,move_near/condition_0007,7,14,True,51,0.30014559278479847,0.0253981351852417,-0.2946697771549225,-0.05110806226730347,0.2957623080100294,0,0,success,0,True,10,0.0,0.19607843137254902,0,15,41,,46,50,0,0,False,0,0,False,False,5,False,0.0,0.4642859101295471,0.20820187032222748,0.8954683542251587,False,0.4896840453147888,-0.08646790683269501,0.8443602919578552,False,,False,80
move_near,move_near/condition_0007,7,15,True,51,0.30014559278479847,0.0253981351852417,-0.2946697771549225,-0.05110806226730347,0.2957623080100294,0,0,success,0,True,10,0.0,0.19607843137254902,0,16,41,,46,50,0,0,False,0,0,False,False,5,False,0.0,0.4642859101295471,0.20820187032222748,0.8954683542251587,False,0.4896840453147888,-0.08646790683269501,0.8443602919578552,False,,False,80
move_near,move_near/condition_0007,7,16,True,51,0.30014559278479847,0.0253981351852417,-0.2946697771549225,-0.05110806226730347,0.2957623080100294,0,0,success,0,True,10,0.0,0.19607843137254902,0,17,41,,46,50,0,0,False,0,0,False,False,5,False,0.0,0.4642859101295471,0.20820187032222748,0.8954683542251587,False,0.4896840453147888,-0.08646790683269501,0.8443602919578552,False,,False,80
move_near,move_near/condition_0007,7,17,True,51,0.30014559278479847,0.0253981351852417,-0.2946697771549225,-0.05110806226730347,0.2957623080100294,0,0,success,0,True,10,0.0,0.19607843137254902,0,18,41,,46,50,0,0,False,0,0,False,False,5,False,0.0,0.4642859101295471,0.20820187032222748,0.8954683542251587,False,0.4896840453147888,-0.08646790683269501,0.8443602919578552,False,,False,80
move_near,move_near/condition_0007,7,18,True,51,0.30014559278479847,0.0253981351852417,-0.2946697771549225,-0.05110806226730347,0.2957623080100294,0,0,success,0,True,10,0.0,0.19607843137254902,0,19,41,,46,50,0,0,False,0,0,False,False,5,False,0.0,0.4642859101295471,0.20820187032222748,0.8954683542251587,False,0.4896840453147888,-0.08646790683269501,0.8443602919578552,False,,False,80
move_near,move_near/condition_0007,7,19,True,51,0.30014559278479847,0.0253981351852417,-0.2946697771549225,-0.05110806226730347,0.2957623080100294,0,0,success,0,True,10,0.0,0.19607843137254902,0,20,41,,46,50,0,0,False,0,0,False,False,5,False,0.0,0.4642859101295471,0.20820187032222748,0.8954683542251587,False,0.4896840453147888,-0.08646790683269501,0.8443602919578552,False,,False,80
move_near,move_near/condition_0007,7,20,True,51,0.30014559278479847,0.0253981351852417,-0.2946697771549225,-0.05110806226730347,0.2957623080100294,0,0,success,0,True,10,0.0,0.19607843137254902,0,21,41,,46,50,0,0,False,0,0,False,False,5,False,0.0,0.4642859101295471,0.20820187032222748,0.8954683542251587,False,0.4896840453147888,-0.08646790683269501,0.8443602919578552,False,,False,80
move_near,move_near/condition_0007,7,21,True,51,0.30014559278479847,0.0253981351852417,-0.2946697771549225,-0.05110806226730347,0.2957623080100294,0,0,success,0,True,10,0.0,0.19607843137254902,0,22,41,,46,50,0,0,False,0,0,False,False,5,False,0.0,0.4642859101295471,0.20820187032222748,0.8954683542251587,False,0.4896840453147888,-0.08646790683269501,0.8443602919578552,False,,False,80
move_near,move_near/condition_0007,7,22,True,51,0.30014559278479847,0.0253981351852417,-0.2946697771549225,-0.05110806226730347,0.2957623080100294,0,0,success,0,True,10,0.0,0.19607843137254902,0,23,41,,46,50,0,0,False,0,0,False,False,5,False,0.0,0.4642859101295471,0.20820187032222748,0.8954683542251587,False,0.4896840453147888,-0.08646790683269501,0.8443602919578552,False,,False,80
move_near,move_near/condition_0007,7,23,True,51,0.30014559278479847,0.0253981351852417,-0.2946697771549225,-0.05110806226730347,0.2957623080100294,0,0,success,0,True,10,0.0,0.19607843137254902,0,24,41,,46,50,0,0,False,0,0,False,False,5,False,0.0,0.4642859101295471,0.20820187032222748,0.8954683542251587,False,0.4896840453147888,-0.08646790683269501,0.8443602919578552,False,,False,80
move_near,move_near/condition_0007,7,24,True,51,0.30014559278479847,0.0253981351852417,-0.2946697771549225,-0.05110806226730347,0.2957623080100294,0,0,success,0,True,10,0.0,0.19607843137254902,0,25,41,,46,50,0,0,False,0,0,False,False,5,False,0.0,0.4642859101295471,0.20820187032222748,0.8954683542251587,False,0.4896840453147888,-0.08646790683269501,0.8443602919578552,False,,False,80
move_near,move_near/condition_0007,7,25,True,51,0.30014559278479847,0.0253981351852417,-0.2946697771549225,-0.05110806226730347,0.2957623080100294,0,0,success,0,True,10,0.0,0.19607843137254902,0,26,41,,46,50,0,0,False,0,0,False,False,5,False,0.0,0.4642859101295471,0.20820187032222748,0.8954683542251587,False,0.4896840453147888,-0.08646790683269501,0.8443602919578552,False,,False,80
move_near,move_near/condition_0007,7,26,True,51,0.30014559278479847,0.0253981351852417,-0.2946697771549225,-0.05110806226730347,0.2957623080100294,0,0,success,0,True,10,0.0,0.19607843137254902,0,27,41,,46,50,0,0,False,0,0,False,False,5,False,0.0,0.4642859101295471,0.20820187032222748,0.8954683542251587,False,0.4896840453147888,-0.08646790683269501,0.8443602919578552,False,,False,80
move_near,move_near/condition_0007,7,27,True,51,0.30014559278479847,0.0253981351852417,-0.2946697771549225,-0.05110806226730347,0.2957623080100294,0,0,success,0,True,10,0.0,0.19607843137254902,0,28,41,,46,50,0,0,False,0,0,False,False,5,False,0.0,0.4642859101295471,0.20820187032222748,0.8954683542251587,False,0.4896840453147888,-0.08646790683269501,0.8443602919578552,False,,False,80
move_near,move_near/condition_0007,7,28,True,51,0.30014559278479847,0.0253981351852417,-0.2946697771549225,-0.05110806226730347,0.2957623080100294,0,0,success,0,True,10,0.0,0.19607843137254902,0,29,41,,46,50,0,0,False,0,0,False,False,5,False,0.0,0.4642859101295471,0.20820187032222748,0.8954683542251587,False,0.4896840453147888,-0.08646790683269501,0.8443602919578552,False,,False,80
move_near,move_near/condition_0007,7,29,True,51,0.30014559278479847,0.0253981351852417,-0.2946697771549225,-0.05110806226730347,0.2957623080100294,0,0,success,0,True,10,0.0,0.19607843137254902,0,30,41,,46,50,0,0,False,0,0,False,False,5,False,0.0,0.4642859101295471,0.20820187032222748,0.8954683542251587,False,0.4896840453147888,-0.08646790683269501,0.8443602919578552,False,,False,80
move_near,move_near/condition_0007,7,30,True,51,0.30014559278479847,0.0253981351852417,-0.2946697771549225,-0.05110806226730347,0.2957623080100294,0,0,success,0,True,10,0.0,0.19607843137254902,0,31,41,,46,50,0,0,False,0,0,False,False,5,False,0.0,0.4642859101295471,0.20820187032222748,0.8954683542251587,False,0.4896840453147888,-0.08646790683269501,0.8443602919578552,False,,False,80
move_near,move_near/condition_0007,7,31,True,51,0.30014559278479847,0.0253981351852417,-0.2946697771549225,-0.05110806226730347,0.2957623080100294,0,0,success,0,True,10,0.0,0.19607843137254902,0,32,41,,46,50,0,0,False,0,0,False,False,5,False,0.0,0.4642859101295471,0.20820187032222748,0.8954683542251587,False,0.4896840453147888,-0.08646790683269501,0.8443602919578552,False,,False,80
move_near,move_near/condition_0007,7,32,True,51,0.30014559278479847,0.0253981351852417,-0.2946697771549225,-0.05110806226730347,0.2957623080100294,0,0,success,0,True,10,0.0,0.19607843137254902,0,33,41,,46,50,0,0,False,0,0,False,False,5,False,0.0,0.4642859101295471,0.20820187032222748,0.8954683542251587,False,0.4896840453147888,-0.08646790683269501,0.8443602919578552,False,,False,80
move_near,move_near/condition_0007,7,33,True,51,0.30014559278479847,0.0253981351852417,-0.2946697771549225,-0.05110806226730347,0.2957623080100294,0,0,success,0,True,10,0.0,0.19607843137254902,0,34,41,,46,50,0,0,False,0,0,False,False,5,False,0.0,0.4642859101295471,0.20820187032222748,0.8954683542251587,False,0.4896840453147888,-0.08646790683269501,0.8443602919578552,False,,False,80
move_near,move_near/condition_0007,7,34,True,51,0.30014559278479847,0.0253981351852417,-0.2946697771549225,-0.05110806226730347,0.2957623080100294,0,0,success,0,True,10,0.0,0.19607843137254902,0,35,41,,46,50,0,0,False,0,0,False,False,5,False,0.0,0.4642859101295471,0.20820187032222748,0.8954683542251587,False,0.4896840453147888,-0.08646790683269501,0.8443602919578552,False,,False,80
move_near,move_near/condition_0007,7,35,True,51,0.30014559278479847,0.0253981351852417,-0.2946697771549225,-0.05110806226730347,0.2957623080100294,0,0,success,0,True,10,0.0,0.19607843137254902,0,36,41,,46,50,0,0,False,0,0,False,False,5,False,0.0,0.4642859101295471,0.20820187032222748,0.8954683542251587,False,0.4896840453147888,-0.08646790683269501,0.8443602919578552,False,,False,80
move_near,move_near/condition_0007,7,36,True,51,0.30014559278479847,0.0253981351852417,-0.2946697771549225,-0.05110806226730347,0.2957623080100294,0,0,success,0,True,10,0.0,0.19607843137254902,0,37,41,,46,50,0,0,False,0,0,False,False,5,False,0.0,0.4642859101295471,0.20820187032222748,0.8954683542251587,False,0.4896840453147888,-0.08646790683269501,0.8443602919578552,False,,False,80
move_near,move_near/condition_0007,7,37,True,51,0.30014559278479847,0.0253981351852417,-0.2946697771549225,-0.05110806226730347,0.2957623080100294,0,0,success,0,True,10,0.0,0.19607843137254902,0,38,41,,46,50,0,0,False,0,0,False,False,5,False,0.0,0.4642859101295471,0.20820187032222748,0.8954683542251587,False,0.4896840453147888,-0.08646790683269501,0.8443602919578552,False,,False,80
move_near,move_near/condition_0007,7,38,True,51,0.30014559278479847,0.0253981351852417,-0.2946697771549225,-0.05110806226730347,0.2957623080100294,0,0,success,0,True,10,0.0,0.19607843137254902,0,39,41,,46,50,0,0,False,0,0,False,False,5,False,0.0,0.4642859101295471,0.20820187032222748,0.8954683542251587,False,0.4896840453147888,-0.08646790683269501,0.8443602919578552,False,,False,80
move_near,move_near/condition_0007,7,39,True,51,0.30014559278479847,0.0253981351852417,-0.2946697771549225,-0.05110806226730347,0.2957623080100294,0,0,success,0,True,10,0.0,0.19607843137254902,0,40,41,,46,50,0,0,False,0,0,False,False,5,False,0.0,0.4642859101295471,0.20820187032222748,0.8954683542251587,False,0.4896840453147888,-0.08646790683269501,0.8443602919578552,False,,False,80
move_near,move_near/condition_0007,7,40,True,51,0.30014559278479847,0.0253981351852417,-0.2946697771549225,-0.05110806226730347,0.2957623080100294,0,0,success,0,True,10,0.0,0.19607843137254902,0,41,41,,46,50,0,0,False,0,0,False,False,5,False,0.0,0.4642859101295471,0.20820187032222748,0.8954683542251587,False,0.4896840453147888,-0.08646790683269501,0.8443602919578552,False,,False,80
move_near,move_near/condition_0007,7,41,True,51,0.30014559278479847,0.0253981351852417,-0.2946697771549225,-0.05110806226730347,0.2957623080100294,0,0,success,0,True,10,0.023809523809523808,0.19607843137254902,1,42,41,,46,50,0,0,False,1,1,True,False,5,False,0.0,0.4642859101295471,0.20820187032222748,0.8954683542251587,False,0.4896840453147888,-0.08646790683269501,0.8443602919578552,False,0,False,80
move_near,move_near/condition_0007,7,42,True,51,0.30014559278479847,0.0253981351852417,-0.2946697771549225,-0.05110806226730347,0.2957623080100294,0,0,success,0,True,10,0.046511627906976744,0.19607843137254902,2,43,41,,46,50,0,0,False,1,0,True,False,5,False,0.0,0.4642859101295471,0.20820187032222748,0.8954683542251587,False,0.4896840453147888,-0.08646790683269501,0.8443602919578552,False,1,False,80
move_near,move_near/condition_0007,7,43,True,51,0.30014559278479847,0.0253981351852417,-0.2946697771549225,-0.05110806226730347,0.2957623080100294,0,0,success,0,True,10,0.06818181818181818,0.19607843137254902,3,44,41,,46,50,0,0,False,1,0,True,False,5,False,0.0,0.4642859101295471,0.20820187032222748,0.8954683542251587,False,0.4896840453147888,-0.08646790683269501,0.8443602919578552,False,2,False,80
move_near,move_near/condition_0007,7,44,True,51,0.30014559278479847,0.0253981351852417,-0.2946697771549225,-0.05110806226730347,0.2957623080100294,0,0,success,0,True,10,0.08888888888888889,0.19607843137254902,4,45,41,,46,50,0,0,False,1,0,True,False,5,False,0.0,0.4642859101295471,0.20820187032222748,0.8954683542251587,False,0.4896840453147888,-0.08646790683269501,0.8443602919578552,False,3,False,80
move_near,move_near/condition_0007,7,45,True,51,0.30014559278479847,0.0253981351852417,-0.2946697771549225,-0.05110806226730347,0.2957623080100294,0,0,success,0,True,10,0.10869565217391304,0.19607843137254902,5,46,41,,46,50,0,0,False,1,0,True,False,5,False,0.0,0.4642859101295471,0.20820187032222748,0.8954683542251587,False,0.4896840453147888,-0.08646790683269501,0.8443602919578552,False,4,False,80
move_near,move_near/condition_0007,7,46,True,51,0.30014559278479847,0.0253981351852417,-0.2946697771549225,-0.05110806226730347,0.2957623080100294,0,0,success,0,True,10,0.1276595744680851,0.19607843137254902,6,47,41,,46,50,0,0,False,2,1,True,False,5,True,0.0,0.4642859101295471,0.20820187032222748,0.8954683542251587,False,0.4896840453147888,-0.08646790683269501,0.8443602919578552,False,5,False,80
move_near,move_near/condition_0007,7,47,True,51,0.30014559278479847,0.0253981351852417,-0.2946697771549225,-0.05110806226730347,0.2957623080100294,0,0,success,0,True,10,0.14583333333333334,0.19607843137254902,7,48,41,,46,50,0,0,False,2,0,True,False,5,True,0.0,0.4642859101295471,0.20820187032222748,0.8954683542251587,False,0.4896840453147888,-0.08646790683269501,0.8443602919578552,False,6,False,80
move_near,move_near/condition_0007,7,48,True,51,0.30014559278479847,0.0253981351852417,-0.2946697771549225,-0.05110806226730347,0.2957623080100294,0,0,success,0,True,10,0.16326530612244897,0.19607843137254902,8,49,41,,46,50,0,0,False,2,0,True,False,5,True,0.0,0.4642859101295471,0.20820187032222748,0.8954683542251587,False,0.4896840453147888,-0.08646790683269501,0.8443602919578552,False,7,False,80
move_near,move_near/condition_0007,7,49,True,51,0.30014559278479847,0.0253981351852417,-0.2946697771549225,-0.05110806226730347,0.2957623080100294,0,0,success,0,True,10,0.18,0.19607843137254902,9,50,41,,46,50,0,0,False,2,0,True,False,5,True,0.0,0.4642859101295471,0.20820187032222748,0.8954683542251587,False,0.4896840453147888,-0.08646790683269501,0.8443602919578552,False,8,False,80
move_near,move_near/condition_0007,7,50,True,51,0.30014559278479847,0.0253981351852417,-0.2946697771549225,-0.05110806226730347,0.2957623080100294,0,0,success,0,True,10,0.19607843137254902,0.19607843137254902,10,51,41,,46,50,0,0,True,3,1,True,False,5,True,1.0,0.4642859101295471,0.20820187032222748,0.8954683542251587,True,0.4896840453147888,-0.08646790683269501,0.8443602919578552,True,9,False,80
move_near,move_near/condition_0008,8,0,True,24,0.2466591422755143,-0.21035587787628174,0.1267654150724411,0.022840023040771484,0.24559940108963912,0,0,success,0,True,3,0.0,0.125,0,1,21,,23,23,0,0,True,0,0,False,False,1,False,0.0,0.6754501461982727,0.08103542029857635,0.8727703094482422,False,0.46509426832199097,0.20780083537101746,0.8956103324890137,False,,False,80
move_near,move_near/condition_0008,8,1,True,24,0.2466591422755143,-0.21035587787628174,0.1267654150724411,0.022840023040771484,0.24559940108963912,0,0,success,0,True,3,0.0,0.125,0,2,21,,23,23,0,0,True,0,0,False,False,1,False,0.0,0.6754501461982727,0.08103542029857635,0.8727703094482422,False,0.46509426832199097,0.20780083537101746,0.8956103324890137,False,,False,80
move_near,move_near/condition_0008,8,2,True,24,0.2466591422755143,-0.21035587787628174,0.1267654150724411,0.022840023040771484,0.24559940108963912,0,0,success,0,True,3,0.0,0.125,0,3,21,,23,23,0,0,True,0,0,False,False,1,False,0.0,0.6754501461982727,0.08103542029857635,0.8727703094482422,False,0.46509426832199097,0.20780083537101746,0.8956103324890137,False,,False,80
move_near,move_near/condition_0008,8,3,True,24,0.2466591422755143,-0.21035587787628174,0.1267654150724411,0.022840023040771484,0.24559940108963912,0,0,success,0,True,3,0.0,0.125,0,4,21,,23,23,0,0,True,0,0,False,False,1,False,0.0,0.6754501461982727,0.08103542029857635,0.8727703094482422,False,0.46509426832199097,0.20780083537101746,0.8956103324890137,False,,False,80
move_near,move_near/condition_0008,8,4,True,24,0.2466591422755143,-0.21035587787628174,0.1267654150724411,0.022840023040771484,0.24559940108963912,0,0,success,0,True,3,0.0,0.125,0,5,21,,23,23,0,0,True,0,0,False,False,1,False,0.0,0.6754501461982727,0.08103542029857635,0.8727703094482422,False,0.46509426832199097,0.20780083537101746,0.8956103324890137,False,,False,80
move_near,move_near/condition_0008,8,5,True,24,0.2466591422755143,-0.21035587787628174,0.1267654150724411,0.022840023040771484,0.24559940108963912,0,0,success,0,True,3,0.0,0.125,0,6,21,,23,23,0,0,True,0,0,False,False,1,False,0.0,0.6754501461982727,0.08103542029857635,0.8727703094482422,False,0.46509426832199097,0.20780083537101746,0.8956103324890137,False,,False,80
move_near,move_near/condition_0008,8,6,True,24,0.2466591422755143,-0.21035587787628174,0.1267654150724411,0.022840023040771484,0.24559940108963912,0,0,success,0,True,3,0.0,0.125,0,7,21,,23,23,0,0,True,0,0,False,False,1,False,0.0,0.6754501461982727,0.08103542029857635,0.8727703094482422,False,0.46509426832199097,0.20780083537101746,0.8956103324890137,False,,False,80
move_near,move_near/condition_0008,8,7,True,24,0.2466591422755143,-0.21035587787628174,0.1267654150724411,0.022840023040771484,0.24559940108963912,0,0,success,0,True,3,0.0,0.125,0,8,21,,23,23,0,0,True,0,0,False,False,1,False,0.0,0.6754501461982727,0.08103542029857635,0.8727703094482422,False,0.46509426832199097,0.20780083537101746,0.8956103324890137,False,,False,80
move_near,move_near/condition_0008,8,8,True,24,0.2466591422755143,-0.21035587787628174,0.1267654150724411,0.022840023040771484,0.24559940108963912,0,0,success,0,True,3,0.0,0.125,0,9,21,,23,23,0,0,True,0,0,False,False,1,False,0.0,0.6754501461982727,0.08103542029857635,0.8727703094482422,False,0.46509426832199097,0.20780083537101746,0.8956103324890137,False,,False,80
move_near,move_near/condition_0008,8,9,True,24,0.2466591422755143,-0.21035587787628174,0.1267654150724411,0.022840023040771484,0.24559940108963912,0,0,success,0,True,3,0.0,0.125,0,10,21,,23,23,0,0,True,0,0,False,False,1,False,0.0,0.6754501461982727,0.08103542029857635,0.8727703094482422,False,0.46509426832199097,0.20780083537101746,0.8956103324890137,False,,False,80
move_near,move_near/condition_0008,8,10,True,24,0.2466591422755143,-0.21035587787628174,0.1267654150724411,0.022840023040771484,0.24559940108963912,0,0,success,0,True,3,0.0,0.125,0,11,21,,23,23,0,0,True,0,0,False,False,1,False,0.0,0.6754501461982727,0.08103542029857635,0.8727703094482422,False,0.46509426832199097,0.20780083537101746,0.8956103324890137,False,,False,80
move_near,move_near/condition_0008,8,11,True,24,0.2466591422755143,-0.21035587787628174,0.1267654150724411,0.022840023040771484,0.24559940108963912,0,0,success,0,True,3,0.0,0.125,0,12,21,,23,23,0,0,True,0,0,False,False,1,False,0.0,0.6754501461982727,0.08103542029857635,0.8727703094482422,False,0.46509426832199097,0.20780083537101746,0.8956103324890137,False,,False,80
move_near,move_near/condition_0008,8,12,True,24,0.2466591422755143,-0.21035587787628174,0.1267654150724411,0.022840023040771484,0.24559940108963912,0,0,success,0,True,3,0.0,0.125,0,13,21,,23,23,0,0,True,0,0,False,False,1,False,0.0,0.6754501461982727,0.08103542029857635,0.8727703094482422,False,0.46509426832199097,0.20780083537101746,0.8956103324890137,False,,False,80
move_near,move_near/condition_0008,8,13,True,24,0.2466591422755143,-0.21035587787628174,0.1267654150724411,0.022840023040771484,0.24559940108963912,0,0,success,0,True,3,0.0,0.125,0,14,21,,23,23,0,0,True,0,0,False,False,1,False,0.0,0.6754501461982727,0.08103542029857635,0.8727703094482422,False,0.46509426832199097,0.20780083537101746,0.8956103324890137,False,,False,80
move_near,move_near/condition_0008,8,14,True,24,0.2466591422755143,-0.21035587787628174,0.1267654150724411,0.022840023040771484,0.24559940108963912,0,0,success,0,True,3,0.0,0.125,0,15,21,,23,23,0,0,True,0,0,False,False,1,False,0.0,0.6754501461982727,0.08103542029857635,0.8727703094482422,False,0.46509426832199097,0.20780083537101746,0.8956103324890137,False,,False,80
move_near,move_near/condition_0008,8,15,True,24,0.2466591422755143,-0.21035587787628174,0.1267654150724411,0.022840023040771484,0.24559940108963912,0,0,success,0,True,3,0.0,0.125,0,16,21,,23,23,0,0,True,0,0,False,False,1,False,0.0,0.6754501461982727,0.08103542029857635,0.8727703094482422,False,0.46509426832199097,0.20780083537101746,0.8956103324890137,False,,False,80
move_near,move_near/condition_0008,8,16,True,24,0.2466591422755143,-0.21035587787628174,0.1267654150724411,0.022840023040771484,0.24559940108963912,0,0,success,0,True,3,0.0,0.125,0,17,21,,23,23,0,0,True,0,0,False,False,1,False,0.0,0.6754501461982727,0.08103542029857635,0.8727703094482422,False,0.46509426832199097,0.20780083537101746,0.8956103324890137,False,,False,80
move_near,move_near/condition_0008,8,17,True,24,0.2466591422755143,-0.21035587787628174,0.1267654150724411,0.022840023040771484,0.24559940108963912,0,0,success,0,True,3,0.0,0.125,0,18,21,,23,23,0,0,True,0,0,False,False,1,False,0.0,0.6754501461982727,0.08103542029857635,0.8727703094482422,False,0.46509426832199097,0.20780083537101746,0.8956103324890137,False,,False,80
move_near,move_near/condition_0008,8,18,True,24,0.2466591422755143,-0.21035587787628174,0.1267654150724411,0.022840023040771484,0.24559940108963912,0,0,success,0,True,3,0.0,0.125,0,19,21,,23,23,0,0,True,0,0,False,False,1,False,0.0,0.6754501461982727,0.08103542029857635,0.8727703094482422,False,0.46509426832199097,0.20780083537101746,0.8956103324890137,False,,False,80
move_near,move_near/condition_0008,8,19,True,24,0.2466591422755143,-0.21035587787628174,0.1267654150724411,0.022840023040771484,0.24559940108963912,0,0,success,0,True,3,0.0,0.125,0,20,21,,23,23,0,0,True,0,0,False,False,1,False,0.0,0.6754501461982727,0.08103542029857635,0.8727703094482422,False,0.46509426832199097,0.20780083537101746,0.8956103324890137,False,,False,80
move_near,move_near/condition_0008,8,20,True,24,0.2466591422755143,-0.21035587787628174,0.1267654150724411,0.022840023040771484,0.24559940108963912,0,0,success,0,True,3,0.0,0.125,0,21,21,,23,23,0,0,True,0,0,False,False,1,False,0.0,0.6754501461982727,0.08103542029857635,0.8727703094482422,False,0.46509426832199097,0.20780083537101746,0.8956103324890137,False,,False,80
move_near,move_near/condition_0008,8,21,True,24,0.2466591422755143,-0.21035587787628174,0.1267654150724411,0.022840023040771484,0.24559940108963912,0,0,success,0,True,3,0.045454545454545456,0.125,1,22,21,,23,23,0,0,True,1,1,True,False,1,False,0.0,0.6754501461982727,0.08103542029857635,0.8727703094482422,False,0.46509426832199097,0.20780083537101746,0.8956103324890137,False,0,False,80
move_near,move_near/condition_0008,8,22,True,24,0.2466591422755143,-0.21035587787628174,0.1267654150724411,0.022840023040771484,0.24559940108963912,0,0,success,0,True,3,0.08695652173913043,0.125,2,23,21,,23,23,0,0,True,1,0,True,False,1,False,0.0,0.6754501461982727,0.08103542029857635,0.8727703094482422,False,0.46509426832199097,0.20780083537101746,0.8956103324890137,False,1,False,80
move_near,move_near/condition_0008,8,23,True,24,0.2466591422755143,-0.21035587787628174,0.1267654150724411,0.022840023040771484,0.24559940108963912,0,0,success,0,True,3,0.125,0.125,3,24,21,,23,23,0,0,True,3,1,True,False,1,True,1.0,0.6754501461982727,0.08103542029857635,0.8727703094482422,True,0.46509426832199097,0.20780083537101746,0.8956103324890137,True,2,False,80
move_near,move_near/condition_0009,9,0,False,80,0.25201360655693883,-0.1858886182308197,-0.16777682304382324,-0.028411567211151123,0.25040695025985565,0,1,no_correct_move,0,True,0,0.0,0.0,0,1,,,,,0,0,True,0,0,False,False,0,False,0.0,0.6754531860351562,0.08103592693805695,0.872770369052887,False,0.48956456780433655,-0.0867408961057663,0.8443588018417358,False,,False,80
move_near,move_near/condition_0009,9,1,False,80,0.25201360655693883,-0.1858886182308197,-0.16777682304382324,-0.028411567211151123,0.25040695025985565,0,1,no_correct_move,0,True,0,0.0,0.0,0,2,,,,,0,0,True,0,0,False,False,0,False,0.0,0.6754531860351562,0.08103592693805695,0.872770369052887,False,0.48956456780433655,-0.0867408961057663,0.8443588018417358,False,,False,80
move_near,move_near/condition_0009,9,2,False,80,0.25201360655693883,-0.1858886182308197,-0.16777682304382324,-0.028411567211151123,0.25040695025985565,0,1,no_correct_move,0,True,0,0.0,0.0,0,3,,,,,0,0,True,0,0,False,False,0,False,0.0,0.6754531860351562,0.08103592693805695,0.872770369052887,False,0.48956456780433655,-0.0867408961057663,0.8443588018417358,False,,False,80
move_near,move_near/condition_0009,9,3,False,80,0.25201360655693883,-0.1858886182308197,-0.16777682304382324,-0.028411567211151123,0.25040695025985565,0,1,no_correct_move,0,True,0,0.0,0.0,0,4,,,,,0,0,True,0,0,False,False,0,False,0.0,0.6754531860351562,0.08103592693805695,0.872770369052887,False,0.48956456780433655,-0.0867408961057663,0.8443588018417358,False,,False,80
move_near,move_near/condition_0009,9,4,False,80,0.25201360655693883,-0.1858886182308197,-0.16777682304382324,-0.028411567211151123,0.25040695025985565,0,1,no_correct_move,0,True,0,0.0,0.0,0,5,,,,,0,0,True,0,0,False,False,0,False,0.0,0.6754531860351562,0.08103592693805695,0.872770369052887,False,0.48956456780433655,-0.0867408961057663,0.8443588018417358,False,,False,80
move_near,move_near/condition_0009,9,5,False,80,0.25201360655693883,-0.1858886182308197,-0.16777682304382324,-0.028411567211151123,0.25040695025985565,0,1,no_correct_move,0,True,0,0.0,0.0,0,6,,,,,0,0,True,0,0,False,False,0,False,0.0,0.6754531860351562,0.08103592693805695,0.872770369052887,False,0.48956456780433655,-0.0867408961057663,0.8443588018417358,False,,False,80
move_near,move_near/condition_0009,9,6,False,80,0.25201360655693883,-0.1858886182308197,-0.16777682304382324,-0.028411567211151123,0.25040695025985565,0,1,no_correct_move,0,True,0,0.0,0.0,0,7,,,,,0,0,True,0,0,False,False,0,False,0.0,0.6754531860351562,0.08103592693805695,0.872770369052887,False,0.48956456780433655,-0.0867408961057663,0.8443588018417358,False,,False,80
move_near,move_near/condition_0009,9,7,False,80,0.25201360655693883,-0.1858886182308197,-0.16777682304382324,-0.028411567211151123,0.25040695025985565,0,1,no_correct_move,0,True,0,0.0,0.0,0,8,,,,,0,0,True,0,0,False,False,0,False,0.0,0.6754531860351562,0.08103592693805695,0.872770369052887,False,0.48956456780433655,-0.0867408961057663,0.8443588018417358,False,,False,80
move_near,move_near/condition_0009,9,8,False,80,0.25201360655693883,-0.1858886182308197,-0.16777682304382324,-0.028411567211151123,0.25040695025985565,0,1,no_correct_move,0,True,0,0.0,0.0,0,9,,,,,0,0,True,0,0,False,False,0,False,0.0,0.6754531860351562,0.08103592693805695,0.872770369052887,False,0.48956456780433655,-0.0867408961057663,0.8443588018417358,False,,False,80
move_near,move_near/condition_0009,9,9,False,80,0.25201360655693883,-0.1858886182308197,-0.16777682304382324,-0.028411567211151123,0.25040695025985565,0,1,no_correct_move,0,True,0,0.0,0.0,0,10,,,,,0,0,True,0,0,False,False,0,False,0.0,0.6754531860351562,0.08103592693805695,0.872770369052887,False,0.48956456780433655,-0.0867408961057663,0.8443588018417358,False,,False,80
move_near,move_near/condition_0009,9,10,False,80,0.25201360655693883,-0.1858886182308197,-0.16777682304382324,-0.028411567211151123,0.25040695025985565,0,1,no_correct_move,0,True,0,0.0,0.0,0,11,,,,,0,0,True,0,0,False,False,0,False,0.0,0.6754531860351562,0.08103592693805695,0.872770369052887,False,0.48956456780433655,-0.0867408961057663,0.8443588018417358,False,,False,80
move_near,move_near/condition_0009,9,11,False,80,0.25201360655693883,-0.1858886182308197,-0.16777682304382324,-0.028411567211151123,0.25040695025985565,0,1,no_correct_move,0,True,0,0.0,0.0,0,12,,,,,0,0,True,0,0,False,False,0,False,0.0,0.6754531860351562,0.08103592693805695,0.872770369052887,False,0.48956456780433655,-0.0867408961057663,0.8443588018417358,False,,False,80
move_near,move_near/condition_0009,9,12,False,80,0.25201360655693883,-0.1858886182308197,-0.16777682304382324,-0.028411567211151123,0.25040695025985565,0,1,no_correct_move,0,True,0,0.0,0.0,0,13,,,,,0,0,True,0,0,False,False,0,False,0.0,0.6754531860351562,0.08103592693805695,0.872770369052887,False,0.48956456780433655,-0.0867408961057663,0.8443588018417358,False,,False,80
move_near,move_near/condition_0009,9,13,False,80,0.25201360655693883,-0.1858886182308197,-0.16777682304382324,-0.028411567211151123,0.25040695025985565,0,1,no_correct_move,0,True,0,0.0,0.0,0,14,,,,,0,0,True,0,0,False,False,0,False,0.0,0.6754531860351562,0.08103592693805695,0.872770369052887,False,0.48956456780433655,-0.0867408961057663,0.8443588018417358,False,,False,80
move_near,move_near/condition_0009,9,14,False,80,0.25201360655693883,-0.1858886182308197,-0.16777682304382324,-0.028411567211151123,0.25040695025985565,0,1,no_correct_move,0,True,0,0.0,0.0,0,15,,,,,0,0,True,0,0,False,False,0,False,0.0,0.6754531860351562,0.08103592693805695,0.872770369052887,False,0.48956456780433655,-0.0867408961057663,0.8443588018417358,False,,False,80
move_near,move_near/condition_0009,9,15,False,80,0.25201360655693883,-0.1858886182308197,-0.16777682304382324,-0.028411567211151123,0.25040695025985565,0,1,no_correct_move,0,True,0,0.0,0.0,0,16,,,,,0,0,True,0,0,False,False,0,False,0.0,0.6754531860351562,0.08103592693805695,0.872770369052887,False,0.48956456780433655,-0.0867408961057663,0.8443588018417358,False,,False,80
move_near,move_near/condition_0009,9,16,False,80,0.25201360655693883,-0.1858886182308197,-0.16777682304382324,-0.028411567211151123,0.25040695025985565,0,1,no_correct_move,0,True,0,0.0,0.0,0,17,,,,,0,0,True,0,0,False,False,0,False,0.0,0.6754531860351562,0.08103592693805695,0.872770369052887,False,0.48956456780433655,-0.0867408961057663,0.8443588018417358,False,,False,80
move_near,move_near/condition_0009,9,17,False,80,0.25201360655693883,-0.1858886182308197,-0.16777682304382324,-0.028411567211151123,0.25040695025985565,0,1,no_correct_move,0,True,0,0.0,0.0,0,18,,,,,0,0,True,0,0,False,False,0,False,0.0,0.6754531860351562,0.08103592693805695,0.872770369052887,False,0.48956456780433655,-0.0867408961057663,0.8443588018417358,False,,False,80
move_near,move_near/condition_0009,9,18,False,80,0.25201360655693883,-0.1858886182308197,-0.16777682304382324,-0.028411567211151123,0.25040695025985565,0,1,no_correct_move,0,True,0,0.0,0.0,0,19,,,,,0,0,True,0,0,False,False,0,False,0.0,0.6754531860351562,0.08103592693805695,0.872770369052887,False,0.48956456780433655,-0.0867408961057663,0.8443588018417358,False,,False,80
move_near,move_near/condition_0009,9,19,False,80,0.25201360655693883,-0.1858886182308197,-0.16777682304382324,-0.028411567211151123,0.25040695025985565,0,1,no_correct_move,0,True,0,0.0,0.0,0,20,,,,,0,0,True,0,0,False,False,0,False,0.0,0.6754531860351562,0.08103592693805695,0.872770369052887,False,0.48956456780433655,-0.0867408961057663,0.8443588018417358,False,,False,80
move_near,move_near/condition_0009,9,20,False,80,0.25201360655693883,-0.1858886182308197,-0.16777682304382324,-0.028411567211151123,0.25040695025985565,0,1,no_correct_move,0,True,0,0.0,0.0,0,21,,,,,0,0,True,0,0,False,False,0,False,0.0,0.6754531860351562,0.08103592693805695,0.872770369052887,False,0.48956456780433655,-0.0867408961057663,0.8443588018417358,False,,False,80
move_near,move_near/condition_0009,9,21,False,80,0.25201360655693883,-0.1858886182308197,-0.16777682304382324,-0.028411567211151123,0.25040695025985565,0,1,no_correct_move,0,True,0,0.0,0.0,0,22,,,,,0,0,True,0,0,False,False,0,False,0.0,0.6754531860351562,0.08103592693805695,0.872770369052887,False,0.48956456780433655,-0.0867408961057663,0.8443588018417358,False,,False,80
move_near,move_near/condition_0009,9,22,False,80,0.25201360655693883,-0.1858886182308197,-0.16777682304382324,-0.028411567211151123,0.25040695025985565,0,1,no_correct_move,0,True,0,0.0,0.0,0,23,,,,,0,0,True,0,0,False,False,0,False,0.0,0.6754531860351562,0.08103592693805695,0.872770369052887,False,0.48956456780433655,-0.0867408961057663,0.8443588018417358,False,,False,80
move_near,move_near/condition_0009,9,23,False,80,0.25201360655693883,-0.1858886182308197,-0.16777682304382324,-0.028411567211151123,0.25040695025985565,0,1,no_correct_move,0,True,0,0.0,0.0,0,24,,,,,0,0,True,0,0,False,False,0,False,0.0,0.6754531860351562,0.08103592693805695,0.872770369052887,False,0.48956456780433655,-0.0867408961057663,0.8443588018417358,False,,False,80
move_near,move_near/condition_0009,9,24,False,80,0.25201360655693883,-0.1858886182308197,-0.16777682304382324,-0.028411567211151123,0.25040695025985565,0,1,no_correct_move,0,True,0,0.0,0.0,0,25,,,,,0,0,True,0,0,False,False,0,False,0.0,0.6754531860351562,0.08103592693805695,0.872770369052887,False,0.48956456780433655,-0.0867408961057663,0.8443588018417358,False,,False,80
move_near,move_near/condition_0009,9,25,False,80,0.25201360655693883,-0.1858886182308197,-0.16777682304382324,-0.028411567211151123,0.25040695025985565,0,1,no_correct_move,0,True,0,0.0,0.0,0,26,,,,,0,0,True,0,0,False,False,0,False,0.0,0.6754531860351562,0.08103592693805695,0.872770369052887,False,0.48956456780433655,-0.0867408961057663,0.8443588018417358,False,,False,80
move_near,move_near/condition_0009,9,26,False,80,0.25201360655693883,-0.1858886182308197,-0.16777682304382324,-0.028411567211151123,0.25040695025985565,0,1,no_correct_move,0,True,0,0.0,0.0,0,27,,,,,0,0,True,0,0,False,False,0,False,0.0,0.6754531860351562,0.08103592693805695,0.872770369052887,False,0.48956456780433655,-0.0867408961057663,0.8443588018417358,False,,False,80
move_near,move_near/condition_0009,9,27,False,80,0.25201360655693883,-0.1858886182308197,-0.16777682304382324,-0.028411567211151123,0.25040695025985565,0,1,no_correct_move,0,True,0,0.0,0.0,0,28,,,,,0,0,True,0,0,False,False,0,False,0.0,0.6754531860351562,0.08103592693805695,0.872770369052887,False,0.48956456780433655,-0.0867408961057663,0.8443588018417358,False,,False,80
move_near,move_near/condition_0009,9,28,False,80,0.25201360655693883,-0.1858886182308197,-0.16777682304382324,-0.028411567211151123,0.25040695025985565,0,1,no_correct_move,0,True,0,0.0,0.0,0,29,,,,,0,0,True,0,0,False,False,0,False,0.0,0.6754531860351562,0.08103592693805695,0.872770369052887,False,0.48956456780433655,-0.0867408961057663,0.8443588018417358,False,,False,80
move_near,move_near/condition_0009,9,29,False,80,0.25201360655693883,-0.1858886182308197,-0.16777682304382324,-0.028411567211151123,0.25040695025985565,0,1,no_correct_move,0,True,0,0.0,0.0,0,30,,,,,0,0,True,0,0,False,False,0,False,0.0,0.6754531860351562,0.08103592693805695,0.872770369052887,False,0.48956456780433655,-0.0867408961057663,0.8443588018417358,False,,False,80
move_near,move_near/condition_0009,9,30,False,80,0.25201360655693883,-0.1858886182308197,-0.16777682304382324,-0.028411567211151123,0.25040695025985565,0,1,no_correct_move,0,True,0,0.0,0.0,0,31,,,,,0,0,True,0,0,False,False,0,False,0.0,0.6754531860351562,0.08103592693805695,0.872770369052887,False,0.48956456780433655,-0.0867408961057663,0.8443588018417358,False,,False,80
move_near,move_near/condition_0009,9,31,False,80,0.25201360655693883,-0.1858886182308197,-0.16777682304382324,-0.028411567211151123,0.25040695025985565,0,1,no_correct_move,0,True,0,0.0,0.0,0,32,,,,,0,0,True,0,0,False,False,0,False,0.0,0.6754531860351562,0.08103592693805695,0.872770369052887,False,0.48956456780433655,-0.0867408961057663,0.8443588018417358,False,,False,80
move_near,move_near/condition_0009,9,32,False,80,0.25201360655693883,-0.1858886182308197,-0.16777682304382324,-0.028411567211151123,0.25040695025985565,0,1,no_correct_move,0,True,0,0.0,0.0,0,33,,,,,0,0,True,0,0,False,False,0,False,0.0,0.6754531860351562,0.08103592693805695,0.872770369052887,False,0.48956456780433655,-0.0867408961057663,0.8443588018417358,False,,False,80
move_near,move_near/condition_0009,9,33,False,80,0.25201360655693883,-0.1858886182308197,-0.16777682304382324,-0.028411567211151123,0.25040695025985565,0,1,no_correct_move,0,True,0,0.0,0.0,0,34,,,,,0,0,True,0,0,False,False,0,False,0.0,0.6754531860351562,0.08103592693805695,0.872770369052887,False,0.48956456780433655,-0.0867408961057663,0.8443588018417358,False,,False,80
move_near,move_near/condition_0009,9,34,False,80,0.25201360655693883,-0.1858886182308197,-0.16777682304382324,-0.028411567211151123,0.25040695025985565,0,1,no_correct_move,0,True,0,0.0,0.0,0,35,,,,,0,0,True,0,0,False,False,0,False,0.0,0.6754531860351562,0.08103592693805695,0.872770369052887,False,0.48956456780433655,-0.0867408961057663,0.8443588018417358,False,,False,80
move_near,move_near/condition_0009,9,35,False,80,0.25201360655693883,-0.1858886182308197,-0.16777682304382324,-0.028411567211151123,0.25040695025985565,0,1,no_correct_move,0,True,0,0.0,0.0,0,36,,,,,0,0,True,0,0,False,False,0,False,0.0,0.6754531860351562,0.08103592693805695,0.872770369052887,False,0.48956456780433655,-0.0867408961057663,0.8443588018417358,False,,False,80
move_near,move_near/condition_0009,9,36,False,80,0.25201360655693883,-0.1858886182308197,-0.16777682304382324,-0.028411567211151123,0.25040695025985565,0,1,no_correct_move,0,True,0,0.0,0.0,0,37,,,,,0,0,True,0,0,False,False,0,False,0.0,0.6754531860351562,0.08103592693805695,0.872770369052887,False,0.48956456780433655,-0.0867408961057663,0.8443588018417358,False,,False,80
move_near,move_near/condition_0009,9,37,False,80,0.25201360655693883,-0.1858886182308197,-0.16777682304382324,-0.028411567211151123,0.25040695025985565,0,1,no_correct_move,0,True,0,0.0,0.0,0,38,,,,,0,0,True,0,0,False,False,0,False,0.0,0.6754531860351562,0.08103592693805695,0.872770369052887,False,0.48956456780433655,-0.0867408961057663,0.8443588018417358,False,,False,80
move_near,move_near/condition_0009,9,38,False,80,0.25201360655693883,-0.1858886182308197,-0.16777682304382324,-0.028411567211151123,0.25040695025985565,0,1,no_correct_move,0,True,0,0.0,0.0,0,39,,,,,0,0,True,0,0,False,False,0,False,0.0,0.6754531860351562,0.08103592693805695,0.872770369052887,False,0.48956456780433655,-0.0867408961057663,0.8443588018417358,False,,False,80
move_near,move_near/condition_0009,9,39,False,80,0.25201360655693883,-0.1858886182308197,-0.16777682304382324,-0.028411567211151123,0.25040695025985565,0,1,no_correct_move,0,True,0,0.0,0.0,0,40,,,,,0,0,True,0,0,False,False,0,False,0.0,0.6754531860351562,0.08103592693805695,0.872770369052887,False,0.48956456780433655,-0.0867408961057663,0.8443588018417358,False,,False,80
move_near,move_near/condition_0009,9,40,False,80,0.25201360655693883,-0.1858886182308197,-0.16777682304382324,-0.028411567211151123,0.25040695025985565,0,1,no_correct_move,0,True,0,0.0,0.0,0,41,,,,,0,0,True,0,0,False,False,0,False,0.0,0.6754531860351562,0.08103592693805695,0.872770369052887,False,0.48956456780433655,-0.0867408961057663,0.8443588018417358,False,,False,80
move_near,move_near/condition_0009,9,41,False,80,0.25201360655693883,-0.1858886182308197,-0.16777682304382324,-0.028411567211151123,0.25040695025985565,0,1,no_correct_move,0,True,0,0.0,0.0,0,42,,,,,0,0,True,0,0,False,False,0,False,0.0,0.6754531860351562,0.08103592693805695,0.872770369052887,False,0.48956456780433655,-0.0867408961057663,0.8443588018417358,False,,False,80
move_near,move_near/condition_0009,9,42,False,80,0.25201360655693883,-0.1858886182308197,-0.16777682304382324,-0.028411567211151123,0.25040695025985565,0,1,no_correct_move,0,True,0,0.0,0.0,0,43,,,,,0,0,True,0,0,False,False,0,False,0.0,0.6754531860351562,0.08103592693805695,0.872770369052887,False,0.48956456780433655,-0.0867408961057663,0.8443588018417358,False,,False,80
move_near,move_near/condition_0009,9,43,False,80,0.25201360655693883,-0.1858886182308197,-0.16777682304382324,-0.028411567211151123,0.25040695025985565,0,1,no_correct_move,0,True,0,0.0,0.0,0,44,,,,,0,0,True,0,0,False,False,0,False,0.0,0.6754531860351562,0.08103592693805695,0.872770369052887,False,0.48956456780433655,-0.0867408961057663,0.8443588018417358,False,,False,80
move_near,move_near/condition_0009,9,44,False,80,0.25201360655693883,-0.1858886182308197,-0.16777682304382324,-0.028411567211151123,0.25040695025985565,0,1,no_correct_move,0,True,0,0.0,0.0,0,45,,,,,0,0,True,0,0,False,False,0,False,0.0,0.6754531860351562,0.08103592693805695,0.872770369052887,False,0.48956456780433655,-0.0867408961057663,0.8443588018417358,False,,False,80
move_near,move_near/condition_0009,9,45,False,80,0.25201360655693883,-0.1858886182308197,-0.16777682304382324,-0.028411567211151123,0.25040695025985565,0,1,no_correct_move,0,True,0,0.0,0.0,0,46,,,,,0,0,True,0,0,False,False,0,False,0.0,0.6754531860351562,0.08103592693805695,0.872770369052887,False,0.48956456780433655,-0.0867408961057663,0.8443588018417358,False,,False,80
move_near,move_near/condition_0009,9,46,False,80,0.25201360655693883,-0.1858886182308197,-0.16777682304382324,-0.028411567211151123,0.25040695025985565,0,1,no_correct_move,0,True,0,0.0,0.0,0,47,,,,,0,0,True,0,0,False,False,0,False,0.0,0.6754531860351562,0.08103592693805695,0.872770369052887,False,0.48956456780433655,-0.0867408961057663,0.8443588018417358,False,,False,80
move_near,move_near/condition_0009,9,47,False,80,0.25201360655693883,-0.1858886182308197,-0.16777682304382324,-0.028411567211151123,0.25040695025985565,0,1,no_correct_move,0,True,0,0.0,0.0,0,48,,,,,0,0,True,0,0,False,False,0,False,0.0,0.6754531860351562,0.08103592693805695,0.872770369052887,False,0.48956456780433655,-0.0867408961057663,0.8443588018417358,False,,False,80
move_near,move_near/condition_0009,9,48,False,80,0.25201360655693883,-0.1858886182308197,-0.16777682304382324,-0.028411567211151123,0.25040695025985565,0,1,no_correct_move,0,True,0,0.0,0.0,0,49,,,,,0,0,True,0,0,False,False,0,False,0.0,0.6754531860351562,0.08103592693805695,0.872770369052887,False,0.48956456780433655,-0.0867408961057663,0.8443588018417358,False,,False,80
move_near,move_near/condition_0009,9,49,False,80,0.25201360655693883,-0.1858886182308197,-0.16777682304382324,-0.028411567211151123,0.25040695025985565,0,1,no_correct_move,0,True,0,0.0,0.0,0,50,,,,,0,0,True,0,0,False,False,0,False,0.0,0.6754531860351562,0.08103592693805695,0.872770369052887,False,0.48956456780433655,-0.0867408961057663,0.8443588018417358,False,,False,80
move_near,move_near/condition_0009,9,50,False,80,0.25201360655693883,-0.1858886182308197,-0.16777682304382324,-0.028411567211151123,0.25040695025985565,0,1,no_correct_move,0,True,0,0.0,0.0,0,51,,,,,0,0,True,0,0,False,False,0,False,0.0,0.6754531860351562,0.08103592693805695,0.872770369052887,False,0.48956456780433655,-0.0867408961057663,0.8443588018417358,False,,False,80
move_near,move_near/condition_0009,9,51,False,80,0.25201360655693883,-0.1858886182308197,-0.16777682304382324,-0.028411567211151123,0.25040695025985565,0,1,no_correct_move,0,True,0,0.0,0.0,0,52,,,,,0,0,True,0,0,False,False,0,False,0.0,0.6754531860351562,0.08103592693805695,0.872770369052887,False,0.48956456780433655,-0.0867408961057663,0.8443588018417358,False,,False,80
move_near,move_near/condition_0009,9,52,False,80,0.25201360655693883,-0.1858886182308197,-0.16777682304382324,-0.028411567211151123,0.25040695025985565,0,1,no_correct_move,0,True,0,0.0,0.0,0,53,,,,,0,0,True,0,0,False,False,0,False,0.0,0.6754531860351562,0.08103592693805695,0.872770369052887,False,0.48956456780433655,-0.0867408961057663,0.8443588018417358,False,,False,80
move_near,move_near/condition_0009,9,53,False,80,0.25201360655693883,-0.1858886182308197,-0.16777682304382324,-0.028411567211151123,0.25040695025985565,0,1,no_correct_move,0,True,0,0.0,0.0,0,54,,,,,0,0,True,0,0,False,False,0,False,0.0,0.6754531860351562,0.08103592693805695,0.872770369052887,False,0.48956456780433655,-0.0867408961057663,0.8443588018417358,False,,False,80
move_near,move_near/condition_0009,9,54,False,80,0.25201360655693883,-0.1858886182308197,-0.16777682304382324,-0.028411567211151123,0.25040695025985565,0,1,no_correct_move,0,True,0,0.0,0.0,0,55,,,,,0,0,True,0,0,False,False,0,False,0.0,0.6754531860351562,0.08103592693805695,0.872770369052887,False,0.48956456780433655,-0.0867408961057663,0.8443588018417358,False,,False,80
move_near,move_near/condition_0009,9,55,False,80,0.25201360655693883,-0.1858886182308197,-0.16777682304382324,-0.028411567211151123,0.25040695025985565,0,1,no_correct_move,0,True,0,0.0,0.0,0,56,,,,,0,0,True,0,0,False,False,0,False,0.0,0.6754531860351562,0.08103592693805695,0.872770369052887,False,0.48956456780433655,-0.0867408961057663,0.8443588018417358,False,,False,80
move_near,move_near/condition_0009,9,56,False,80,0.25201360655693883,-0.1858886182308197,-0.16777682304382324,-0.028411567211151123,0.25040695025985565,0,1,no_correct_move,0,True,0,0.0,0.0,0,57,,,,,0,0,True,0,0,False,False,0,False,0.0,0.6754531860351562,0.08103592693805695,0.872770369052887,False,0.48956456780433655,-0.0867408961057663,0.8443588018417358,False,,False,80
move_near,move_near/condition_0009,9,57,False,80,0.25201360655693883,-0.1858886182308197,-0.16777682304382324,-0.028411567211151123,0.25040695025985565,0,1,no_correct_move,0,True,0,0.0,0.0,0,58,,,,,0,0,True,0,0,False,False,0,False,0.0,0.6754531860351562,0.08103592693805695,0.872770369052887,False,0.48956456780433655,-0.0867408961057663,0.8443588018417358,False,,False,80
move_near,move_near/condition_0009,9,58,False,80,0.25201360655693883,-0.1858886182308197,-0.16777682304382324,-0.028411567211151123,0.25040695025985565,0,1,no_correct_move,0,True,0,0.0,0.0,0,59,,,,,0,0,True,0,0,False,False,0,False,0.0,0.6754531860351562,0.08103592693805695,0.872770369052887,False,0.48956456780433655,-0.0867408961057663,0.8443588018417358,False,,False,80
move_near,move_near/condition_0009,9,59,False,80,0.25201360655693883,-0.1858886182308197,-0.16777682304382324,-0.028411567211151123,0.25040695025985565,0,1,no_correct_move,0,True,0,0.0,0.0,0,60,,,,,0,0,True,0,0,False,False,0,False,0.0,0.6754531860351562,0.08103592693805695,0.872770369052887,False,0.48956456780433655,-0.0867408961057663,0.8443588018417358,False,,False,80
move_near,move_near/condition_0009,9,60,False,80,0.25201360655693883,-0.1858886182308197,-0.16777682304382324,-0.028411567211151123,0.25040695025985565,0,1,no_correct_move,0,True,0,0.0,0.0,0,61,,,,,0,0,True,0,0,False,False,0,False,0.0,0.6754531860351562,0.08103592693805695,0.872770369052887,False,0.48956456780433655,-0.0867408961057663,0.8443588018417358,False,,False,80
move_near,move_near/condition_0009,9,61,False,80,0.25201360655693883,-0.1858886182308197,-0.16777682304382324,-0.028411567211151123,0.25040695025985565,0,1,no_correct_move,0,True,0,0.0,0.0,0,62,,,,,0,0,True,0,0,False,False,0,False,0.0,0.6754531860351562,0.08103592693805695,0.872770369052887,False,0.48956456780433655,-0.0867408961057663,0.8443588018417358,False,,False,80
move_near,move_near/condition_0009,9,62,False,80,0.25201360655693883,-0.1858886182308197,-0.16777682304382324,-0.028411567211151123,0.25040695025985565,0,1,no_correct_move,0,True,0,0.0,0.0,0,63,,,,,0,0,True,0,0,False,False,0,False,0.0,0.6754531860351562,0.08103592693805695,0.872770369052887,False,0.48956456780433655,-0.0867408961057663,0.8443588018417358,False,,False,80
move_near,move_near/condition_0009,9,63,False,80,0.25201360655693883,-0.1858886182308197,-0.16777682304382324,-0.028411567211151123,0.25040695025985565,0,1,no_correct_move,0,True,0,0.0,0.0,0,64,,,,,0,0,True,0,0,False,False,0,False,0.0,0.6754531860351562,0.08103592693805695,0.872770369052887,False,0.48956456780433655,-0.0867408961057663,0.8443588018417358,False,,False,80
move_near,move_near/condition_0009,9,64,False,80,0.25201360655693883,-0.1858886182308197,-0.16777682304382324,-0.028411567211151123,0.25040695025985565,0,1,no_correct_move,0,True,0,0.0,0.0,0,65,,,,,0,0,True,0,0,False,False,0,False,0.0,0.6754531860351562,0.08103592693805695,0.872770369052887,False,0.48956456780433655,-0.0867408961057663,0.8443588018417358,False,,False,80
move_near,move_near/condition_0009,9,65,False,80,0.25201360655693883,-0.1858886182308197,-0.16777682304382324,-0.028411567211151123,0.25040695025985565,0,1,no_correct_move,0,True,0,0.0,0.0,0,66,,,,,0,0,True,0,0,False,False,0,False,0.0,0.6754531860351562,0.08103592693805695,0.872770369052887,False,0.48956456780433655,-0.0867408961057663,0.8443588018417358,False,,False,80
move_near,move_near/condition_0009,9,66,False,80,0.25201360655693883,-0.1858886182308197,-0.16777682304382324,-0.028411567211151123,0.25040695025985565,0,1,no_correct_move,0,True,0,0.0,0.0,0,67,,,,,0,0,True,0,0,False,False,0,False,0.0,0.6754531860351562,0.08103592693805695,0.872770369052887,False,0.48956456780433655,-0.0867408961057663,0.8443588018417358,False,,False,80
move_near,move_near/condition_0009,9,67,False,80,0.25201360655693883,-0.1858886182308197,-0.16777682304382324,-0.028411567211151123,0.25040695025985565,0,1,no_correct_move,0,True,0,0.0,0.0,0,68,,,,,0,0,True,0,0,False,False,0,False,0.0,0.6754531860351562,0.08103592693805695,0.872770369052887,False,0.48956456780433655,-0.0867408961057663,0.8443588018417358,False,,False,80
move_near,move_near/condition_0009,9,68,False,80,0.25201360655693883,-0.1858886182308197,-0.16777682304382324,-0.028411567211151123,0.25040695025985565,0,1,no_correct_move,0,True,0,0.0,0.0,0,69,,,,,0,0,True,0,0,False,False,0,False,0.0,0.6754531860351562,0.08103592693805695,0.872770369052887,False,0.48956456780433655,-0.0867408961057663,0.8443588018417358,False,,False,80
move_near,move_near/condition_0009,9,69,False,80,0.25201360655693883,-0.1858886182308197,-0.16777682304382324,-0.028411567211151123,0.25040695025985565,0,1,no_correct_move,0,True,0,0.0,0.0,0,70,,,,,0,0,True,0,0,False,False,0,False,0.0,0.6754531860351562,0.08103592693805695,0.872770369052887,False,0.48956456780433655,-0.0867408961057663,0.8443588018417358,False,,False,80
move_near,move_near/condition_0009,9,70,False,80,0.25201360655693883,-0.1858886182308197,-0.16777682304382324,-0.028411567211151123,0.25040695025985565,0,1,no_correct_move,0,True,0,0.0,0.0,0,71,,,,,0,0,True,0,0,False,False,0,False,0.0,0.6754531860351562,0.08103592693805695,0.872770369052887,False,0.48956456780433655,-0.0867408961057663,0.8443588018417358,False,,False,80
move_near,move_near/condition_0009,9,71,False,80,0.25201360655693883,-0.1858886182308197,-0.16777682304382324,-0.028411567211151123,0.25040695025985565,0,1,no_correct_move,0,True,0,0.0,0.0,0,72,,,,,0,0,True,0,0,False,False,0,False,0.0,0.6754531860351562,0.08103592693805695,0.872770369052887,False,0.48956456780433655,-0.0867408961057663,0.8443588018417358,False,,False,80
move_near,move_near/condition_0009,9,72,False,80,0.25201360655693883,-0.1858886182308197,-0.16777682304382324,-0.028411567211151123,0.25040695025985565,0,1,no_correct_move,0,True,0,0.0,0.0,0,73,,,,,0,0,True,0,0,False,False,0,False,0.0,0.6754531860351562,0.08103592693805695,0.872770369052887,False,0.48956456780433655,-0.0867408961057663,0.8443588018417358,False,,False,80
move_near,move_near/condition_0009,9,73,False,80,0.25201360655693883,-0.1858886182308197,-0.16777682304382324,-0.028411567211151123,0.25040695025985565,0,1,no_correct_move,0,True,0,0.0,0.0,0,74,,,,,0,0,True,0,0,False,False,0,False,0.0,0.6754531860351562,0.08103592693805695,0.872770369052887,False,0.48956456780433655,-0.0867408961057663,0.8443588018417358,False,,False,80
move_near,move_near/condition_0009,9,74,False,80,0.25201360655693883,-0.1858886182308197,-0.16777682304382324,-0.028411567211151123,0.25040695025985565,0,1,no_correct_move,0,True,0,0.0,0.0,0,75,,,,,0,0,True,0,0,False,False,0,False,0.0,0.6754531860351562,0.08103592693805695,0.872770369052887,False,0.48956456780433655,-0.0867408961057663,0.8443588018417358,False,,False,80
move_near,move_near/condition_0009,9,75,False,80,0.25201360655693883,-0.1858886182308197,-0.16777682304382324,-0.028411567211151123,0.25040695025985565,0,1,no_correct_move,0,True,0,0.0,0.0,0,76,,,,,0,0,True,0,0,False,False,0,False,0.0,0.6754531860351562,0.08103592693805695,0.872770369052887,False,0.48956456780433655,-0.0867408961057663,0.8443588018417358,False,,False,80
move_near,move_near/condition_0009,9,76,False,80,0.25201360655693883,-0.1858886182308197,-0.16777682304382324,-0.028411567211151123,0.25040695025985565,0,1,no_correct_move,0,True,0,0.0,0.0,0,77,,,,,0,0,True,0,0,False,False,0,False,0.0,0.6754531860351562,0.08103592693805695,0.872770369052887,False,0.48956456780433655,-0.0867408961057663,0.8443588018417358,False,,False,80
move_near,move_near/condition_0009,9,77,False,80,0.25201360655693883,-0.1858886182308197,-0.16777682304382324,-0.028411567211151123,0.25040695025985565,0,1,no_correct_move,0,True,0,0.0,0.0,0,78,,,,,0,0,True,0,0,False,False,0,False,0.0,0.6754531860351562,0.08103592693805695,0.872770369052887,False,0.48956456780433655,-0.0867408961057663,0.8443588018417358,False,,False,80
move_near,move_near/condition_0009,9,78,False,80,0.25201360655693883,-0.1858886182308197,-0.16777682304382324,-0.028411567211151123,0.25040695025985565,0,1,no_correct_move,0,True,0,0.0,0.0,0,79,,,,,0,0,True,0,0,False,False,0,False,0.0,0.6754531860351562,0.08103592693805695,0.872770369052887,False,0.48956456780433655,-0.0867408961057663,0.8443588018417358,False,,False,80
move_near,move_near/condition_0009,9,79,False,80,0.25201360655693883,-0.1858886182308197,-0.16777682304382324,-0.028411567211151123,0.25040695025985565,0,1,no_correct_move,0,True,0,0.0,0.0,0,80,,,,,0,0,True,0,0,False,False,0,False,0.0,0.6754531860351562,0.08103592693805695,0.872770369052887,False,0.48956456780433655,-0.0867408961057663,0.8443588018417358,False,,True,80
move_near,move_near/condition_0010,10,0,False,80,0.30018018132949015,-0.02538388967514038,0.29470622539520264,0.05110812187194824,0.29579739880825134,0,1,no_correct_move,0,True,0,0.0,0.0,0,1,,,,,0,0,False,0,0,False,False,0,False,0.0,0.4896697998046875,-0.08650435507297516,0.8443602323532104,False,0.4642859101295471,0.20820187032222748,0.8954683542251587,False,,False,80
move_near,move_near/condition_0010,10,1,False,80,0.30018018132949015,-0.02538388967514038,0.29470622539520264,0.05110812187194824,0.29579739880825134,0,1,no_correct_move,0,True,0,0.0,0.0,0,2,,,,,0,0,False,0,0,False,False,0,False,0.0,0.4896697998046875,-0.08650435507297516,0.8443602323532104,False,0.4642859101295471,0.20820187032222748,0.8954683542251587,False,,False,80
move_near,move_near/condition_0010,10,2,False,80,0.30018018132949015,-0.02538388967514038,0.29470622539520264,0.05110812187194824,0.29579739880825134,0,1,no_correct_move,0,True,0,0.0,0.0,0,3,,,,,0,0,False,0,0,False,False,0,False,0.0,0.4896697998046875,-0.08650435507297516,0.8443602323532104,False,0.4642859101295471,0.20820187032222748,0.8954683542251587,False,,False,80
move_near,move_near/condition_0010,10,3,False,80,0.30018018132949015,-0.02538388967514038,0.29470622539520264,0.05110812187194824,0.29579739880825134,0,1,no_correct_move,0,True,0,0.0,0.0,0,4,,,,,0,0,False,0,0,False,False,0,False,0.0,0.4896697998046875,-0.08650435507297516,0.8443602323532104,False,0.4642859101295471,0.20820187032222748,0.8954683542251587,False,,False,80
move_near,move_near/condition_0010,10,4,False,80,0.30018018132949015,-0.02538388967514038,0.29470622539520264,0.05110812187194824,0.29579739880825134,0,1,no_correct_move,0,True,0,0.0,0.0,0,5,,,,,0,0,False,0,0,False,False,0,False,0.0,0.4896697998046875,-0.08650435507297516,0.8443602323532104,False,0.4642859101295471,0.20820187032222748,0.8954683542251587,False,,False,80
move_near,move_near/condition_0010,10,5,False,80,0.30018018132949015,-0.02538388967514038,0.29470622539520264,0.05110812187194824,0.29579739880825134,0,1,no_correct_move,0,True,0,0.0,0.0,0,6,,,,,0,0,False,0,0,False,False,0,False,0.0,0.4896697998046875,-0.08650435507297516,0.8443602323532104,False,0.4642859101295471,0.20820187032222748,0.8954683542251587,False,,False,80
move_near,move_near/condition_0010,10,6,False,80,0.30018018132949015,-0.02538388967514038,0.29470622539520264,0.05110812187194824,0.29579739880825134,0,1,no_correct_move,0,True,0,0.0,0.0,0,7,,,,,0,0,False,0,0,False,False,0,False,0.0,0.4896697998046875,-0.08650435507297516,0.8443602323532104,False,0.4642859101295471,0.20820187032222748,0.8954683542251587,False,,False,80
move_near,move_near/condition_0010,10,7,False,80,0.30018018132949015,-0.02538388967514038,0.29470622539520264,0.05110812187194824,0.29579739880825134,0,1,no_correct_move,0,True,0,0.0,0.0,0,8,,,,,0,0,False,0,0,False,False,0,False,0.0,0.4896697998046875,-0.08650435507297516,0.8443602323532104,False,0.4642859101295471,0.20820187032222748,0.8954683542251587,False,,False,80
move_near,move_near/condition_0010,10,8,False,80,0.30018018132949015,-0.02538388967514038,0.29470622539520264,0.05110812187194824,0.29579739880825134,0,1,no_correct_move,0,True,0,0.0,0.0,0,9,,,,,0,0,False,0,0,False,False,0,False,0.0,0.4896697998046875,-0.08650435507297516,0.8443602323532104,False,0.4642859101295471,0.20820187032222748,0.8954683542251587,False,,False,80
move_near,move_near/condition_0010,10,9,False,80,0.30018018132949015,-0.02538388967514038,0.29470622539520264,0.05110812187194824,0.29579739880825134,0,1,no_correct_move,0,True,0,0.0,0.0,0,10,,,,,0,0,False,0,0,False,False,0,False,0.0,0.4896697998046875,-0.08650435507297516,0.8443602323532104,False,0.4642859101295471,0.20820187032222748,0.8954683542251587,False,,False,80
move_near,move_near/condition_0010,10,10,False,80,0.30018018132949015,-0.02538388967514038,0.29470622539520264,0.05110812187194824,0.29579739880825134,0,1,no_correct_move,0,True,0,0.0,0.0,0,11,,,,,0,0,False,0,0,False,False,0,False,0.0,0.4896697998046875,-0.08650435507297516,0.8443602323532104,False,0.4642859101295471,0.20820187032222748,0.8954683542251587,False,,False,80
move_near,move_near/condition_0010,10,11,False,80,0.30018018132949015,-0.02538388967514038,0.29470622539520264,0.05110812187194824,0.29579739880825134,0,1,no_correct_move,0,True,0,0.0,0.0,0,12,,,,,0,0,False,0,0,False,False,0,False,0.0,0.4896697998046875,-0.08650435507297516,0.8443602323532104,False,0.4642859101295471,0.20820187032222748,0.8954683542251587,False,,False,80
move_near,move_near/condition_0010,10,12,False,80,0.30018018132949015,-0.02538388967514038,0.29470622539520264,0.05110812187194824,0.29579739880825134,0,1,no_correct_move,0,True,0,0.0,0.0,0,13,,,,,0,0,False,0,0,False,False,0,False,0.0,0.4896697998046875,-0.08650435507297516,0.8443602323532104,False,0.4642859101295471,0.20820187032222748,0.8954683542251587,False,,False,80
move_near,move_near/condition_0010,10,13,False,80,0.30018018132949015,-0.02538388967514038,0.29470622539520264,0.05110812187194824,0.29579739880825134,0,1,no_correct_move,0,True,0,0.0,0.0,0,14,,,,,0,0,False,0,0,False,False,0,False,0.0,0.4896697998046875,-0.08650435507297516,0.8443602323532104,False,0.4642859101295471,0.20820187032222748,0.8954683542251587,False,,False,80
move_near,move_near/condition_0010,10,14,False,80,0.30018018132949015,-0.02538388967514038,0.29470622539520264,0.05110812187194824,0.29579739880825134,0,1,no_correct_move,0,True,0,0.0,0.0,0,15,,,,,0,0,False,0,0,False,False,0,False,0.0,0.4896697998046875,-0.08650435507297516,0.8443602323532104,False,0.4642859101295471,0.20820187032222748,0.8954683542251587,False,,False,80
move_near,move_near/condition_0010,10,15,False,80,0.30018018132949015,-0.02538388967514038,0.29470622539520264,0.05110812187194824,0.29579739880825134,0,1,no_correct_move,0,True,0,0.0,0.0,0,16,,,,,0,0,False,0,0,False,False,0,False,0.0,0.4896697998046875,-0.08650435507297516,0.8443602323532104,False,0.4642859101295471,0.20820187032222748,0.8954683542251587,False,,False,80
move_near,move_near/condition_0010,10,16,False,80,0.30018018132949015,-0.02538388967514038,0.29470622539520264,0.05110812187194824,0.29579739880825134,0,1,no_correct_move,0,True,0,0.0,0.0,0,17,,,,,0,0,False,0,0,False,False,0,False,0.0,0.4896697998046875,-0.08650435507297516,0.8443602323532104,False,0.4642859101295471,0.20820187032222748,0.8954683542251587,False,,False,80
move_near,move_near/condition_0010,10,17,False,80,0.30018018132949015,-0.02538388967514038,0.29470622539520264,0.05110812187194824,0.29579739880825134,0,1,no_correct_move,0,True,0,0.0,0.0,0,18,,,,,0,0,False,0,0,False,False,0,False,0.0,0.4896697998046875,-0.08650435507297516,0.8443602323532104,False,0.4642859101295471,0.20820187032222748,0.8954683542251587,False,,False,80
move_near,move_near/condition_0010,10,18,False,80,0.30018018132949015,-0.02538388967514038,0.29470622539520264,0.05110812187194824,0.29579739880825134,0,1,no_correct_move,0,True,0,0.0,0.0,0,19,,,,,0,0,False,0,0,False,False,0,False,0.0,0.4896697998046875,-0.08650435507297516,0.8443602323532104,False,0.4642859101295471,0.20820187032222748,0.8954683542251587,False,,False,80
move_near,move_near/condition_0010,10,19,False,80,0.30018018132949015,-0.02538388967514038,0.29470622539520264,0.05110812187194824,0.29579739880825134,0,1,no_correct_move,0,True,0,0.0,0.0,0,20,,,,,0,0,False,0,0,False,False,0,False,0.0,0.4896697998046875,-0.08650435507297516,0.8443602323532104,False,0.4642859101295471,0.20820187032222748,0.8954683542251587,False,,False,80
move_near,move_near/condition_0010,10,20,False,80,0.30018018132949015,-0.02538388967514038,0.29470622539520264,0.05110812187194824,0.29579739880825134,0,1,no_correct_move,0,True,0,0.0,0.0,0,21,,,,,0,0,False,0,0,False,False,0,False,0.0,0.4896697998046875,-0.08650435507297516,0.8443602323532104,False,0.4642859101295471,0.20820187032222748,0.8954683542251587,False,,False,80
move_near,move_near/condition_0010,10,21,False,80,0.30018018132949015,-0.02538388967514038,0.29470622539520264,0.05110812187194824,0.29579739880825134,0,1,no_correct_move,0,True,0,0.0,0.0,0,22,,,,,0,0,False,0,0,False,False,0,False,0.0,0.4896697998046875,-0.08650435507297516,0.8443602323532104,False,0.4642859101295471,0.20820187032222748,0.8954683542251587,False,,False,80
move_near,move_near/condition_0010,10,22,False,80,0.30018018132949015,-0.02538388967514038,0.29470622539520264,0.05110812187194824,0.29579739880825134,0,1,no_correct_move,0,True,0,0.0,0.0,0,23,,,,,0,0,False,0,0,False,False,0,False,0.0,0.4896697998046875,-0.08650435507297516,0.8443602323532104,False,0.4642859101295471,0.20820187032222748,0.8954683542251587,False,,False,80
move_near,move_near/condition_0010,10,23,False,80,0.30018018132949015,-0.02538388967514038,0.29470622539520264,0.05110812187194824,0.29579739880825134,0,1,no_correct_move,0,True,0,0.0,0.0,0,24,,,,,0,0,False,0,0,False,False,0,False,0.0,0.4896697998046875,-0.08650435507297516,0.8443602323532104,False,0.4642859101295471,0.20820187032222748,0.8954683542251587,False,,False,80
move_near,move_near/condition_0010,10,24,False,80,0.30018018132949015,-0.02538388967514038,0.29470622539520264,0.05110812187194824,0.29579739880825134,0,1,no_correct_move,0,True,0,0.0,0.0,0,25,,,,,0,0,False,0,0,False,False,0,False,0.0,0.4896697998046875,-0.08650435507297516,0.8443602323532104,False,0.4642859101295471,0.20820187032222748,0.8954683542251587,False,,False,80
move_near,move_near/condition_0010,10,25,False,80,0.30018018132949015,-0.02538388967514038,0.29470622539520264,0.05110812187194824,0.29579739880825134,0,1,no_correct_move,0,True,0,0.0,0.0,0,26,,,,,0,0,False,0,0,False,False,0,False,0.0,0.4896697998046875,-0.08650435507297516,0.8443602323532104,False,0.4642859101295471,0.20820187032222748,0.8954683542251587,False,,False,80
move_near,move_near/condition_0010,10,26,False,80,0.30018018132949015,-0.02538388967514038,0.29470622539520264,0.05110812187194824,0.29579739880825134,0,1,no_correct_move,0,True,0,0.0,0.0,0,27,,,,,0,0,False,0,0,False,False,0,False,0.0,0.4896697998046875,-0.08650435507297516,0.8443602323532104,False,0.4642859101295471,0.20820187032222748,0.8954683542251587,False,,False,80
move_near,move_near/condition_0010,10,27,False,80,0.30018018132949015,-0.02538388967514038,0.29470622539520264,0.05110812187194824,0.29579739880825134,0,1,no_correct_move,0,True,0,0.0,0.0,0,28,,,,,0,0,False,0,0,False,False,0,False,0.0,0.4896697998046875,-0.08650435507297516,0.8443602323532104,False,0.4642859101295471,0.20820187032222748,0.8954683542251587,False,,False,80
move_near,move_near/condition_0010,10,28,False,80,0.30018018132949015,-0.02538388967514038,0.29470622539520264,0.05110812187194824,0.29579739880825134,0,1,no_correct_move,0,True,0,0.0,0.0,0,29,,,,,0,0,False,0,0,False,False,0,False,0.0,0.4896697998046875,-0.08650435507297516,0.8443602323532104,False,0.4642859101295471,0.20820187032222748,0.8954683542251587,False,,False,80
move_near,move_near/condition_0010,10,29,False,80,0.30018018132949015,-0.02538388967514038,0.29470622539520264,0.05110812187194824,0.29579739880825134,0,1,no_correct_move,0,True,0,0.0,0.0,0,30,,,,,0,0,False,0,0,False,False,0,False,0.0,0.4896697998046875,-0.08650435507297516,0.8443602323532104,False,0.4642859101295471,0.20820187032222748,0.8954683542251587,False,,False,80
move_near,move_near/condition_0010,10,30,False,80,0.30018018132949015,-0.02538388967514038,0.29470622539520264,0.05110812187194824,0.29579739880825134,0,1,no_correct_move,0,True,0,0.0,0.0,0,31,,,,,0,0,False,0,0,False,False,0,False,0.0,0.4896697998046875,-0.08650435507297516,0.8443602323532104,False,0.4642859101295471,0.20820187032222748,0.8954683542251587,False,,False,80
move_near,move_near/condition_0010,10,31,False,80,0.30018018132949015,-0.02538388967514038,0.29470622539520264,0.05110812187194824,0.29579739880825134,0,1,no_correct_move,0,True,0,0.0,0.0,0,32,,,,,0,0,False,0,0,False,False,0,False,0.0,0.4896697998046875,-0.08650435507297516,0.8443602323532104,False,0.4642859101295471,0.20820187032222748,0.8954683542251587,False,,False,80
move_near,move_near/condition_0010,10,32,False,80,0.30018018132949015,-0.02538388967514038,0.29470622539520264,0.05110812187194824,0.29579739880825134,0,1,no_correct_move,0,True,0,0.0,0.0,0,33,,,,,0,0,False,0,0,False,False,0,False,0.0,0.4896697998046875,-0.08650435507297516,0.8443602323532104,False,0.4642859101295471,0.20820187032222748,0.8954683542251587,False,,False,80
move_near,move_near/condition_0010,10,33,False,80,0.30018018132949015,-0.02538388967514038,0.29470622539520264,0.05110812187194824,0.29579739880825134,0,1,no_correct_move,0,True,0,0.0,0.0,0,34,,,,,0,0,False,0,0,False,False,0,False,0.0,0.4896697998046875,-0.08650435507297516,0.8443602323532104,False,0.4642859101295471,0.20820187032222748,0.8954683542251587,False,,False,80
move_near,move_near/condition_0010,10,34,False,80,0.30018018132949015,-0.02538388967514038,0.29470622539520264,0.05110812187194824,0.29579739880825134,0,1,no_correct_move,0,True,0,0.0,0.0,0,35,,,,,0,0,False,0,0,False,False,0,False,0.0,0.4896697998046875,-0.08650435507297516,0.8443602323532104,False,0.4642859101295471,0.20820187032222748,0.8954683542251587,False,,False,80
move_near,move_near/condition_0010,10,35,False,80,0.30018018132949015,-0.02538388967514038,0.29470622539520264,0.05110812187194824,0.29579739880825134,0,1,no_correct_move,0,True,0,0.0,0.0,0,36,,,,,0,0,False,0,0,False,False,0,False,0.0,0.4896697998046875,-0.08650435507297516,0.8443602323532104,False,0.4642859101295471,0.20820187032222748,0.8954683542251587,False,,False,80
move_near,move_near/condition_0010,10,36,False,80,0.30018018132949015,-0.02538388967514038,0.29470622539520264,0.05110812187194824,0.29579739880825134,0,1,no_correct_move,0,True,0,0.0,0.0,0,37,,,,,0,0,False,0,0,False,False,0,False,0.0,0.4896697998046875,-0.08650435507297516,0.8443602323532104,False,0.4642859101295471,0.20820187032222748,0.8954683542251587,False,,False,80
move_near,move_near/condition_0010,10,37,False,80,0.30018018132949015,-0.02538388967514038,0.29470622539520264,0.05110812187194824,0.29579739880825134,0,1,no_correct_move,0,True,0,0.0,0.0,0,38,,,,,0,0,False,0,0,False,False,0,False,0.0,0.4896697998046875,-0.08650435507297516,0.8443602323532104,False,0.4642859101295471,0.20820187032222748,0.8954683542251587,False,,False,80
move_near,move_near/condition_0010,10,38,False,80,0.30018018132949015,-0.02538388967514038,0.29470622539520264,0.05110812187194824,0.29579739880825134,0,1,no_correct_move,0,True,0,0.0,0.0,0,39,,,,,0,0,False,0,0,False,False,0,False,0.0,0.4896697998046875,-0.08650435507297516,0.8443602323532104,False,0.4642859101295471,0.20820187032222748,0.8954683542251587,False,,False,80
move_near,move_near/condition_0010,10,39,False,80,0.30018018132949015,-0.02538388967514038,0.29470622539520264,0.05110812187194824,0.29579739880825134,0,1,no_correct_move,0,True,0,0.0,0.0,0,40,,,,,0,0,False,0,0,False,False,0,False,0.0,0.4896697998046875,-0.08650435507297516,0.8443602323532104,False,0.4642859101295471,0.20820187032222748,0.8954683542251587,False,,False,80
move_near,move_near/condition_0010,10,40,False,80,0.30018018132949015,-0.02538388967514038,0.29470622539520264,0.05110812187194824,0.29579739880825134,0,1,no_correct_move,0,True,0,0.0,0.0,0,41,,,,,0,0,False,0,0,False,False,0,False,0.0,0.4896697998046875,-0.08650435507297516,0.8443602323532104,False,0.4642859101295471,0.20820187032222748,0.8954683542251587,False,,False,80
move_near,move_near/condition_0010,10,41,False,80,0.30018018132949015,-0.02538388967514038,0.29470622539520264,0.05110812187194824,0.29579739880825134,0,1,no_correct_move,0,True,0,0.0,0.0,0,42,,,,,0,0,False,0,0,False,False,0,False,0.0,0.4896697998046875,-0.08650435507297516,0.8443602323532104,False,0.4642859101295471,0.20820187032222748,0.8954683542251587,False,,False,80
move_near,move_near/condition_0010,10,42,False,80,0.30018018132949015,-0.02538388967514038,0.29470622539520264,0.05110812187194824,0.29579739880825134,0,1,no_correct_move,0,True,0,0.0,0.0,0,43,,,,,0,0,False,0,0,False,False,0,False,0.0,0.4896697998046875,-0.08650435507297516,0.8443602323532104,False,0.4642859101295471,0.20820187032222748,0.8954683542251587,False,,False,80
move_near,move_near/condition_0010,10,43,False,80,0.30018018132949015,-0.02538388967514038,0.29470622539520264,0.05110812187194824,0.29579739880825134,0,1,no_correct_move,0,True,0,0.0,0.0,0,44,,,,,0,0,False,0,0,False,False,0,False,0.0,0.4896697998046875,-0.08650435507297516,0.8443602323532104,False,0.4642859101295471,0.20820187032222748,0.8954683542251587,False,,False,80
move_near,move_near/condition_0010,10,44,False,80,0.30018018132949015,-0.02538388967514038,0.29470622539520264,0.05110812187194824,0.29579739880825134,0,1,no_correct_move,0,True,0,0.0,0.0,0,45,,,,,0,0,False,0,0,False,False,0,False,0.0,0.4896697998046875,-0.08650435507297516,0.8443602323532104,False,0.4642859101295471,0.20820187032222748,0.8954683542251587,False,,False,80
move_near,move_near/condition_0010,10,45,False,80,0.30018018132949015,-0.02538388967514038,0.29470622539520264,0.05110812187194824,0.29579739880825134,0,1,no_correct_move,0,True,0,0.0,0.0,0,46,,,,,0,0,False,0,0,False,False,0,False,0.0,0.4896697998046875,-0.08650435507297516,0.8443602323532104,False,0.4642859101295471,0.20820187032222748,0.8954683542251587,False,,False,80
move_near,move_near/condition_0010,10,46,False,80,0.30018018132949015,-0.02538388967514038,0.29470622539520264,0.05110812187194824,0.29579739880825134,0,1,no_correct_move,0,True,0,0.0,0.0,0,47,,,,,0,0,False,0,0,False,False,0,False,0.0,0.4896697998046875,-0.08650435507297516,0.8443602323532104,False,0.4642859101295471,0.20820187032222748,0.8954683542251587,False,,False,80
move_near,move_near/condition_0010,10,47,False,80,0.30018018132949015,-0.02538388967514038,0.29470622539520264,0.05110812187194824,0.29579739880825134,0,1,no_correct_move,0,True,0,0.0,0.0,0,48,,,,,0,0,False,0,0,False,False,0,False,0.0,0.4896697998046875,-0.08650435507297516,0.8443602323532104,False,0.4642859101295471,0.20820187032222748,0.8954683542251587,False,,False,80
move_near,move_near/condition_0010,10,48,False,80,0.30018018132949015,-0.02538388967514038,0.29470622539520264,0.05110812187194824,0.29579739880825134,0,1,no_correct_move,0,True,0,0.0,0.0,0,49,,,,,0,0,False,0,0,False,False,0,False,0.0,0.4896697998046875,-0.08650435507297516,0.8443602323532104,False,0.4642859101295471,0.20820187032222748,0.8954683542251587,False,,False,80
move_near,move_near/condition_0010,10,49,False,80,0.30018018132949015,-0.02538388967514038,0.29470622539520264,0.05110812187194824,0.29579739880825134,0,1,no_correct_move,0,True,0,0.0,0.0,0,50,,,,,0,0,False,0,0,False,False,0,False,0.0,0.4896697998046875,-0.08650435507297516,0.8443602323532104,False,0.4642859101295471,0.20820187032222748,0.8954683542251587,False,,False,80
move_near,move_near/condition_0010,10,50,False,80,0.30018018132949015,-0.02538388967514038,0.29470622539520264,0.05110812187194824,0.29579739880825134,0,1,no_correct_move,0,True,0,0.0,0.0,0,51,,,,,0,0,False,0,0,False,False,0,False,0.0,0.4896697998046875,-0.08650435507297516,0.8443602323532104,False,0.4642859101295471,0.20820187032222748,0.8954683542251587,False,,False,80
move_near,move_near/condition_0010,10,51,False,80,0.30018018132949015,-0.02538388967514038,0.29470622539520264,0.05110812187194824,0.29579739880825134,0,1,no_correct_move,0,True,0,0.0,0.0,0,52,,,,,0,0,False,0,0,False,False,0,False,0.0,0.4896697998046875,-0.08650435507297516,0.8443602323532104,False,0.4642859101295471,0.20820187032222748,0.8954683542251587,False,,False,80
move_near,move_near/condition_0010,10,52,False,80,0.30018018132949015,-0.02538388967514038,0.29470622539520264,0.05110812187194824,0.29579739880825134,0,1,no_correct_move,0,True,0,0.0,0.0,0,53,,,,,0,0,False,0,0,False,False,0,False,0.0,0.4896697998046875,-0.08650435507297516,0.8443602323532104,False,0.4642859101295471,0.20820187032222748,0.8954683542251587,False,,False,80
move_near,move_near/condition_0010,10,53,False,80,0.30018018132949015,-0.02538388967514038,0.29470622539520264,0.05110812187194824,0.29579739880825134,0,1,no_correct_move,0,True,0,0.0,0.0,0,54,,,,,0,0,False,0,0,False,False,0,False,0.0,0.4896697998046875,-0.08650435507297516,0.8443602323532104,False,0.4642859101295471,0.20820187032222748,0.8954683542251587,False,,False,80
move_near,move_near/condition_0010,10,54,False,80,0.30018018132949015,-0.02538388967514038,0.29470622539520264,0.05110812187194824,0.29579739880825134,0,1,no_correct_move,0,True,0,0.0,0.0,0,55,,,,,0,0,False,0,0,False,False,0,False,0.0,0.4896697998046875,-0.08650435507297516,0.8443602323532104,False,0.4642859101295471,0.20820187032222748,0.8954683542251587,False,,False,80
move_near,move_near/condition_0010,10,55,False,80,0.30018018132949015,-0.02538388967514038,0.29470622539520264,0.05110812187194824,0.29579739880825134,0,1,no_correct_move,0,True,0,0.0,0.0,0,56,,,,,0,0,False,0,0,False,False,0,False,0.0,0.4896697998046875,-0.08650435507297516,0.8443602323532104,False,0.4642859101295471,0.20820187032222748,0.8954683542251587,False,,False,80
move_near,move_near/condition_0010,10,56,False,80,0.30018018132949015,-0.02538388967514038,0.29470622539520264,0.05110812187194824,0.29579739880825134,0,1,no_correct_move,0,True,0,0.0,0.0,0,57,,,,,0,0,False,0,0,False,False,0,False,0.0,0.4896697998046875,-0.08650435507297516,0.8443602323532104,False,0.4642859101295471,0.20820187032222748,0.8954683542251587,False,,False,80
move_near,move_near/condition_0010,10,57,False,80,0.30018018132949015,-0.02538388967514038,0.29470622539520264,0.05110812187194824,0.29579739880825134,0,1,no_correct_move,0,True,0,0.0,0.0,0,58,,,,,0,0,False,0,0,False,False,0,False,0.0,0.4896697998046875,-0.08650435507297516,0.8443602323532104,False,0.4642859101295471,0.20820187032222748,0.8954683542251587,False,,False,80
move_near,move_near/condition_0010,10,58,False,80,0.30018018132949015,-0.02538388967514038,0.29470622539520264,0.05110812187194824,0.29579739880825134,0,1,no_correct_move,0,True,0,0.0,0.0,0,59,,,,,0,0,False,0,0,False,False,0,False,0.0,0.4896697998046875,-0.08650435507297516,0.8443602323532104,False,0.4642859101295471,0.20820187032222748,0.8954683542251587,False,,False,80
move_near,move_near/condition_0010,10,59,False,80,0.30018018132949015,-0.02538388967514038,0.29470622539520264,0.05110812187194824,0.29579739880825134,0,1,no_correct_move,0,True,0,0.0,0.0,0,60,,,,,0,0,False,0,0,False,False,0,False,0.0,0.4896697998046875,-0.08650435507297516,0.8443602323532104,False,0.4642859101295471,0.20820187032222748,0.8954683542251587,False,,False,80
move_near,move_near/condition_0010,10,60,False,80,0.30018018132949015,-0.02538388967514038,0.29470622539520264,0.05110812187194824,0.29579739880825134,0,1,no_correct_move,0,True,0,0.0,0.0,0,61,,,,,0,0,False,0,0,False,False,0,False,0.0,0.4896697998046875,-0.08650435507297516,0.8443602323532104,False,0.4642859101295471,0.20820187032222748,0.8954683542251587,False,,False,80
move_near,move_near/condition_0010,10,61,False,80,0.30018018132949015,-0.02538388967514038,0.29470622539520264,0.05110812187194824,0.29579739880825134,0,1,no_correct_move,0,True,0,0.0,0.0,0,62,,,,,0,0,False,0,0,False,False,0,False,0.0,0.4896697998046875,-0.08650435507297516,0.8443602323532104,False,0.4642859101295471,0.20820187032222748,0.8954683542251587,False,,False,80
move_near,move_near/condition_0010,10,62,False,80,0.30018018132949015,-0.02538388967514038,0.29470622539520264,0.05110812187194824,0.29579739880825134,0,1,no_correct_move,0,True,0,0.0,0.0,0,63,,,,,0,0,False,0,0,False,False,0,False,0.0,0.4896697998046875,-0.08650435507297516,0.8443602323532104,False,0.4642859101295471,0.20820187032222748,0.8954683542251587,False,,False,80
move_near,move_near/condition_0010,10,63,False,80,0.30018018132949015,-0.02538388967514038,0.29470622539520264,0.05110812187194824,0.29579739880825134,0,1,no_correct_move,0,True,0,0.0,0.0,0,64,,,,,0,0,False,0,0,False,False,0,False,0.0,0.4896697998046875,-0.08650435507297516,0.8443602323532104,False,0.4642859101295471,0.20820187032222748,0.8954683542251587,False,,False,80
move_near,move_near/condition_0010,10,64,False,80,0.30018018132949015,-0.02538388967514038,0.29470622539520264,0.05110812187194824,0.29579739880825134,0,1,no_correct_move,0,True,0,0.0,0.0,0,65,,,,,0,0,False,0,0,False,False,0,False,0.0,0.4896697998046875,-0.08650435507297516,0.8443602323532104,False,0.4642859101295471,0.20820187032222748,0.8954683542251587,False,,False,80
move_near,move_near/condition_0010,10,65,False,80,0.30018018132949015,-0.02538388967514038,0.29470622539520264,0.05110812187194824,0.29579739880825134,0,1,no_correct_move,0,True,0,0.0,0.0,0,66,,,,,0,0,False,0,0,False,False,0,False,0.0,0.4896697998046875,-0.08650435507297516,0.8443602323532104,False,0.4642859101295471,0.20820187032222748,0.8954683542251587,False,,False,80
move_near,move_near/condition_0010,10,66,False,80,0.30018018132949015,-0.02538388967514038,0.29470622539520264,0.05110812187194824,0.29579739880825134,0,1,no_correct_move,0,True,0,0.0,0.0,0,67,,,,,0,0,False,0,0,False,False,0,False,0.0,0.4896697998046875,-0.08650435507297516,0.8443602323532104,False,0.4642859101295471,0.20820187032222748,0.8954683542251587,False,,False,80
move_near,move_near/condition_0010,10,67,False,80,0.30018018132949015,-0.02538388967514038,0.29470622539520264,0.05110812187194824,0.29579739880825134,0,1,no_correct_move,0,True,0,0.0,0.0,0,68,,,,,0,0,False,0,0,False,False,0,False,0.0,0.4896697998046875,-0.08650435507297516,0.8443602323532104,False,0.4642859101295471,0.20820187032222748,0.8954683542251587,False,,False,80
move_near,move_near/condition_0010,10,68,False,80,0.30018018132949015,-0.02538388967514038,0.29470622539520264,0.05110812187194824,0.29579739880825134,0,1,no_correct_move,0,True,0,0.0,0.0,0,69,,,,,0,0,False,0,0,False,False,0,False,0.0,0.4896697998046875,-0.08650435507297516,0.8443602323532104,False,0.4642859101295471,0.20820187032222748,0.8954683542251587,False,,False,80
move_near,move_near/condition_0010,10,69,False,80,0.30018018132949015,-0.02538388967514038,0.29470622539520264,0.05110812187194824,0.29579739880825134,0,1,no_correct_move,0,True,0,0.0,0.0,0,70,,,,,0,0,False,0,0,False,False,0,False,0.0,0.4896697998046875,-0.08650435507297516,0.8443602323532104,False,0.4642859101295471,0.20820187032222748,0.8954683542251587,False,,False,80
move_near,move_near/condition_0010,10,70,False,80,0.30018018132949015,-0.02538388967514038,0.29470622539520264,0.05110812187194824,0.29579739880825134,0,1,no_correct_move,0,True,0,0.0,0.0,0,71,,,,,0,0,False,0,0,False,False,0,False,0.0,0.4896697998046875,-0.08650435507297516,0.8443602323532104,False,0.4642859101295471,0.20820187032222748,0.8954683542251587,False,,False,80
move_near,move_near/condition_0010,10,71,False,80,0.30018018132949015,-0.02538388967514038,0.29470622539520264,0.05110812187194824,0.29579739880825134,0,1,no_correct_move,0,True,0,0.0,0.0,0,72,,,,,0,0,False,0,0,False,False,0,False,0.0,0.4896697998046875,-0.08650435507297516,0.8443602323532104,False,0.4642859101295471,0.20820187032222748,0.8954683542251587,False,,False,80
move_near,move_near/condition_0010,10,72,False,80,0.30018018132949015,-0.02538388967514038,0.29470622539520264,0.05110812187194824,0.29579739880825134,0,1,no_correct_move,0,True,0,0.0,0.0,0,73,,,,,0,0,False,0,0,False,False,0,False,0.0,0.4896697998046875,-0.08650435507297516,0.8443602323532104,False,0.4642859101295471,0.20820187032222748,0.8954683542251587,False,,False,80
move_near,move_near/condition_0010,10,73,False,80,0.30018018132949015,-0.02538388967514038,0.29470622539520264,0.05110812187194824,0.29579739880825134,0,1,no_correct_move,0,True,0,0.0,0.0,0,74,,,,,0,0,False,0,0,False,False,0,False,0.0,0.4896697998046875,-0.08650435507297516,0.8443602323532104,False,0.4642859101295471,0.20820187032222748,0.8954683542251587,False,,False,80
move_near,move_near/condition_0010,10,74,False,80,0.30018018132949015,-0.02538388967514038,0.29470622539520264,0.05110812187194824,0.29579739880825134,0,1,no_correct_move,0,True,0,0.0,0.0,0,75,,,,,0,0,False,0,0,False,False,0,False,0.0,0.4896697998046875,-0.08650435507297516,0.8443602323532104,False,0.4642859101295471,0.20820187032222748,0.8954683542251587,False,,False,80
move_near,move_near/condition_0010,10,75,False,80,0.30018018132949015,-0.02538388967514038,0.29470622539520264,0.05110812187194824,0.29579739880825134,0,1,no_correct_move,0,True,0,0.0,0.0,0,76,,,,,0,0,False,0,0,False,False,0,False,0.0,0.4896697998046875,-0.08650435507297516,0.8443602323532104,False,0.4642859101295471,0.20820187032222748,0.8954683542251587,False,,False,80
move_near,move_near/condition_0010,10,76,False,80,0.30018018132949015,-0.02538388967514038,0.29470622539520264,0.05110812187194824,0.29579739880825134,0,1,no_correct_move,0,True,0,0.0,0.0,0,77,,,,,0,0,False,0,0,False,False,0,False,0.0,0.4896697998046875,-0.08650435507297516,0.8443602323532104,False,0.4642859101295471,0.20820187032222748,0.8954683542251587,False,,False,80
move_near,move_near/condition_0010,10,77,False,80,0.30018018132949015,-0.02538388967514038,0.29470622539520264,0.05110812187194824,0.29579739880825134,0,1,no_correct_move,0,True,0,0.0,0.0,0,78,,,,,0,0,False,0,0,False,False,0,False,0.0,0.4896697998046875,-0.08650435507297516,0.8443602323532104,False,0.4642859101295471,0.20820187032222748,0.8954683542251587,False,,False,80
move_near,move_near/condition_0010,10,78,False,80,0.30018018132949015,-0.02538388967514038,0.29470622539520264,0.05110812187194824,0.29579739880825134,0,1,no_correct_move,0,True,0,0.0,0.0,0,79,,,,,0,0,False,0,0,False,False,0,False,0.0,0.4896697998046875,-0.08650435507297516,0.8443602323532104,False,0.4642859101295471,0.20820187032222748,0.8954683542251587,False,,False,80
move_near,move_near/condition_0010,10,79,False,80,0.30018018132949015,-0.02538388967514038,0.29470622539520264,0.05110812187194824,0.29579739880825134,0,1,no_correct_move,0,True,0,0.0,0.0,0,80,,,,,0,0,False,0,0,False,False,0,False,0.0,0.4896697998046875,-0.08650435507297516,0.8443602323532104,False,0.4642859101295471,0.20820187032222748,0.8954683542251587,False,,True,80
move_near,move_near/condition_0011,11,0,True,35,0.251823507583517,0.1858009696006775,0.16758859157562256,0.028410255908966064,0.25021577954008556,0,0,success,0,True,4,0.0,0.11428571428571428,0,1,31,,34,34,0,0,True,0,0,False,False,1,False,0.0,0.48964977264404297,-0.08655084669589996,0.8443601131439209,False,0.6754507422447205,0.0810377448797226,0.872770369052887,False,,False,80
move_near,move_near/condition_0011,11,1,True,35,0.251823507583517,0.1858009696006775,0.16758859157562256,0.028410255908966064,0.25021577954008556,0,0,success,0,True,4,0.0,0.11428571428571428,0,2,31,,34,34,0,0,True,0,0,False,False,1,False,0.0,0.48964977264404297,-0.08655084669589996,0.8443601131439209,False,0.6754507422447205,0.0810377448797226,0.872770369052887,False,,False,80
move_near,move_near/condition_0011,11,2,True,35,0.251823507583517,0.1858009696006775,0.16758859157562256,0.028410255908966064,0.25021577954008556,0,0,success,0,True,4,0.0,0.11428571428571428,0,3,31,,34,34,0,0,True,0,0,False,False,1,False,0.0,0.48964977264404297,-0.08655084669589996,0.8443601131439209,False,0.6754507422447205,0.0810377448797226,0.872770369052887,False,,False,80
move_near,move_near/condition_0011,11,3,True,35,0.251823507583517,0.1858009696006775,0.16758859157562256,0.028410255908966064,0.25021577954008556,0,0,success,0,True,4,0.0,0.11428571428571428,0,4,31,,34,34,0,0,True,0,0,False,False,1,False,0.0,0.48964977264404297,-0.08655084669589996,0.8443601131439209,False,0.6754507422447205,0.0810377448797226,0.872770369052887,False,,False,80
move_near,move_near/condition_0011,11,4,True,35,0.251823507583517,0.1858009696006775,0.16758859157562256,0.028410255908966064,0.25021577954008556,0,0,success,0,True,4,0.0,0.11428571428571428,0,5,31,,34,34,0,0,True,0,0,False,False,1,False,0.0,0.48964977264404297,-0.08655084669589996,0.8443601131439209,False,0.6754507422447205,0.0810377448797226,0.872770369052887,False,,False,80
move_near,move_near/condition_0011,11,5,True,35,0.251823507583517,0.1858009696006775,0.16758859157562256,0.028410255908966064,0.25021577954008556,0,0,success,0,True,4,0.0,0.11428571428571428,0,6,31,,34,34,0,0,True,0,0,False,False,1,False,0.0,0.48964977264404297,-0.08655084669589996,0.8443601131439209,False,0.6754507422447205,0.0810377448797226,0.872770369052887,False,,False,80
move_near,move_near/condition_0011,11,6,True,35,0.251823507583517,0.1858009696006775,0.16758859157562256,0.028410255908966064,0.25021577954008556,0,0,success,0,True,4,0.0,0.11428571428571428,0,7,31,,34,34,0,0,True,0,0,False,False,1,False,0.0,0.48964977264404297,-0.08655084669589996,0.8443601131439209,False,0.6754507422447205,0.0810377448797226,0.872770369052887,False,,False,80
move_near,move_near/condition_0011,11,7,True,35,0.251823507583517,0.1858009696006775,0.16758859157562256,0.028410255908966064,0.25021577954008556,0,0,success,0,True,4,0.0,0.11428571428571428,0,8,31,,34,34,0,0,True,0,0,False,False,1,False,0.0,0.48964977264404297,-0.08655084669589996,0.8443601131439209,False,0.6754507422447205,0.0810377448797226,0.872770369052887,False,,False,80
move_near,move_near/condition_0011,11,8,True,35,0.251823507583517,0.1858009696006775,0.16758859157562256,0.028410255908966064,0.25021577954008556,0,0,success,0,True,4,0.0,0.11428571428571428,0,9,31,,34,34,0,0,True,0,0,False,False,1,False,0.0,0.48964977264404297,-0.08655084669589996,0.8443601131439209,False,0.6754507422447205,0.0810377448797226,0.872770369052887,False,,False,80
move_near,move_near/condition_0011,11,9,True,35,0.251823507583517,0.1858009696006775,0.16758859157562256,0.028410255908966064,0.25021577954008556,0,0,success,0,True,4,0.0,0.11428571428571428,0,10,31,,34,34,0,0,True,0,0,False,False,1,False,0.0,0.48964977264404297,-0.08655084669589996,0.8443601131439209,False,0.6754507422447205,0.0810377448797226,0.872770369052887,False,,False,80
move_near,move_near/condition_0011,11,10,True,35,0.251823507583517,0.1858009696006775,0.16758859157562256,0.028410255908966064,0.25021577954008556,0,0,success,0,True,4,0.0,0.11428571428571428,0,11,31,,34,34,0,0,True,0,0,False,False,1,False,0.0,0.48964977264404297,-0.08655084669589996,0.8443601131439209,False,0.6754507422447205,0.0810377448797226,0.872770369052887,False,,False,80
move_near,move_near/condition_0011,11,11,True,35,0.251823507583517,0.1858009696006775,0.16758859157562256,0.028410255908966064,0.25021577954008556,0,0,success,0,True,4,0.0,0.11428571428571428,0,12,31,,34,34,0,0,True,0,0,False,False,1,False,0.0,0.48964977264404297,-0.08655084669589996,0.8443601131439209,False,0.6754507422447205,0.0810377448797226,0.872770369052887,False,,False,80
move_near,move_near/condition_0011,11,12,True,35,0.251823507583517,0.1858009696006775,0.16758859157562256,0.028410255908966064,0.25021577954008556,0,0,success,0,True,4,0.0,0.11428571428571428,0,13,31,,34,34,0,0,True,0,0,False,False,1,False,0.0,0.48964977264404297,-0.08655084669589996,0.8443601131439209,False,0.6754507422447205,0.0810377448797226,0.872770369052887,False,,False,80
move_near,move_near/condition_0011,11,13,True,35,0.251823507583517,0.1858009696006775,0.16758859157562256,0.028410255908966064,0.25021577954008556,0,0,success,0,True,4,0.0,0.11428571428571428,0,14,31,,34,34,0,0,True,0,0,False,False,1,False,0.0,0.48964977264404297,-0.08655084669589996,0.8443601131439209,False,0.6754507422447205,0.0810377448797226,0.872770369052887,False,,False,80
move_near,move_near/condition_0011,11,14,True,35,0.251823507583517,0.1858009696006775,0.16758859157562256,0.028410255908966064,0.25021577954008556,0,0,success,0,True,4,0.0,0.11428571428571428,0,15,31,,34,34,0,0,True,0,0,False,False,1,False,0.0,0.48964977264404297,-0.08655084669589996,0.8443601131439209,False,0.6754507422447205,0.0810377448797226,0.872770369052887,False,,False,80
move_near,move_near/condition_0011,11,15,True,35,0.251823507583517,0.1858009696006775,0.16758859157562256,0.028410255908966064,0.25021577954008556,0,0,success,0,True,4,0.0,0.11428571428571428,0,16,31,,34,34,0,0,True,0,0,False,False,1,False,0.0,0.48964977264404297,-0.08655084669589996,0.8443601131439209,False,0.6754507422447205,0.0810377448797226,0.872770369052887,False,,False,80
move_near,move_near/condition_0011,11,16,True,35,0.251823507583517,0.1858009696006775,0.16758859157562256,0.028410255908966064,0.25021577954008556,0,0,success,0,True,4,0.0,0.11428571428571428,0,17,31,,34,34,0,0,True,0,0,False,False,1,False,0.0,0.48964977264404297,-0.08655084669589996,0.8443601131439209,False,0.6754507422447205,0.0810377448797226,0.872770369052887,False,,False,80
move_near,move_near/condition_0011,11,17,True,35,0.251823507583517,0.1858009696006775,0.16758859157562256,0.028410255908966064,0.25021577954008556,0,0,success,0,True,4,0.0,0.11428571428571428,0,18,31,,34,34,0,0,True,0,0,False,False,1,False,0.0,0.48964977264404297,-0.08655084669589996,0.8443601131439209,False,0.6754507422447205,0.0810377448797226,0.872770369052887,False,,False,80
move_near,move_near/condition_0011,11,18,True,35,0.251823507583517,0.1858009696006775,0.16758859157562256,0.028410255908966064,0.25021577954008556,0,0,success,0,True,4,0.0,0.11428571428571428,0,19,31,,34,34,0,0,True,0,0,False,False,1,False,0.0,0.48964977264404297,-0.08655084669589996,0.8443601131439209,False,0.6754507422447205,0.0810377448797226,0.872770369052887,False,,False,80
move_near,move_near/condition_0011,11,19,True,35,0.251823507583517,0.1858009696006775,0.16758859157562256,0.028410255908966064,0.25021577954008556,0,0,success,0,True,4,0.0,0.11428571428571428,0,20,31,,34,34,0,0,True,0,0,False,False,1,False,0.0,0.48964977264404297,-0.08655084669589996,0.8443601131439209,False,0.6754507422447205,0.0810377448797226,0.872770369052887,False,,False,80
move_near,move_near/condition_0011,11,20,True,35,0.251823507583517,0.1858009696006775,0.16758859157562256,0.028410255908966064,0.25021577954008556,0,0,success,0,True,4,0.0,0.11428571428571428,0,21,31,,34,34,0,0,True,0,0,False,False,1,False,0.0,0.48964977264404297,-0.08655084669589996,0.8443601131439209,False,0.6754507422447205,0.0810377448797226,0.872770369052887,False,,False,80
move_near,move_near/condition_0011,11,21,True,35,0.251823507583517,0.1858009696006775,0.16758859157562256,0.028410255908966064,0.25021577954008556,0,0,success,0,True,4,0.0,0.11428571428571428,0,22,31,,34,34,0,0,True,0,0,False,False,1,False,0.0,0.48964977264404297,-0.08655084669589996,0.8443601131439209,False,0.6754507422447205,0.0810377448797226,0.872770369052887,False,,False,80
move_near,move_near/condition_0011,11,22,True,35,0.251823507583517,0.1858009696006775,0.16758859157562256,0.028410255908966064,0.25021577954008556,0,0,success,0,True,4,0.0,0.11428571428571428,0,23,31,,34,34,0,0,True,0,0,False,False,1,False,0.0,0.48964977264404297,-0.08655084669589996,0.8443601131439209,False,0.6754507422447205,0.0810377448797226,0.872770369052887,False,,False,80
move_near,move_near/condition_0011,11,23,True,35,0.251823507583517,0.1858009696006775,0.16758859157562256,0.028410255908966064,0.25021577954008556,0,0,success,0,True,4,0.0,0.11428571428571428,0,24,31,,34,34,0,0,True,0,0,False,False,1,False,0.0,0.48964977264404297,-0.08655084669589996,0.8443601131439209,False,0.6754507422447205,0.0810377448797226,0.872770369052887,False,,False,80
move_near,move_near/condition_0011,11,24,True,35,0.251823507583517,0.1858009696006775,0.16758859157562256,0.028410255908966064,0.25021577954008556,0,0,success,0,True,4,0.0,0.11428571428571428,0,25,31,,34,34,0,0,True,0,0,False,False,1,False,0.0,0.48964977264404297,-0.08655084669589996,0.8443601131439209,False,0.6754507422447205,0.0810377448797226,0.872770369052887,False,,False,80
move_near,move_near/condition_0011,11,25,True,35,0.251823507583517,0.1858009696006775,0.16758859157562256,0.028410255908966064,0.25021577954008556,0,0,success,0,True,4,0.0,0.11428571428571428,0,26,31,,34,34,0,0,True,0,0,False,False,1,False,0.0,0.48964977264404297,-0.08655084669589996,0.8443601131439209,False,0.6754507422447205,0.0810377448797226,0.872770369052887,False,,False,80
move_near,move_near/condition_0011,11,26,True,35,0.251823507583517,0.1858009696006775,0.16758859157562256,0.028410255908966064,0.25021577954008556,0,0,success,0,True,4,0.0,0.11428571428571428,0,27,31,,34,34,0,0,True,0,0,False,False,1,False,0.0,0.48964977264404297,-0.08655084669589996,0.8443601131439209,False,0.6754507422447205,0.0810377448797226,0.872770369052887,False,,False,80
move_near,move_near/condition_0011,11,27,True,35,0.251823507583517,0.1858009696006775,0.16758859157562256,0.028410255908966064,0.25021577954008556,0,0,success,0,True,4,0.0,0.11428571428571428,0,28,31,,34,34,0,0,True,0,0,False,False,1,False,0.0,0.48964977264404297,-0.08655084669589996,0.8443601131439209,False,0.6754507422447205,0.0810377448797226,0.872770369052887,False,,False,80
move_near,move_near/condition_0011,11,28,True,35,0.251823507583517,0.1858009696006775,0.16758859157562256,0.028410255908966064,0.25021577954008556,0,0,success,0,True,4,0.0,0.11428571428571428,0,29,31,,34,34,0,0,True,0,0,False,False,1,False,0.0,0.48964977264404297,-0.08655084669589996,0.8443601131439209,False,0.6754507422447205,0.0810377448797226,0.872770369052887,False,,False,80
move_near,move_near/condition_0011,11,29,True,35,0.251823507583517,0.1858009696006775,0.16758859157562256,0.028410255908966064,0.25021577954008556,0,0,success,0,True,4,0.0,0.11428571428571428,0,30,31,,34,34,0,0,True,0,0,False,False,1,False,0.0,0.48964977264404297,-0.08655084669589996,0.8443601131439209,False,0.6754507422447205,0.0810377448797226,0.872770369052887,False,,False,80
move_near,move_near/condition_0011,11,30,True,35,0.251823507583517,0.1858009696006775,0.16758859157562256,0.028410255908966064,0.25021577954008556,0,0,success,0,True,4,0.0,0.11428571428571428,0,31,31,,34,34,0,0,True,0,0,False,False,1,False,0.0,0.48964977264404297,-0.08655084669589996,0.8443601131439209,False,0.6754507422447205,0.0810377448797226,0.872770369052887,False,,False,80
move_near,move_near/condition_0011,11,31,True,35,0.251823507583517,0.1858009696006775,0.16758859157562256,0.028410255908966064,0.25021577954008556,0,0,success,0,True,4,0.03125,0.11428571428571428,1,32,31,,34,34,0,0,True,1,1,True,False,1,False,0.0,0.48964977264404297,-0.08655084669589996,0.8443601131439209,False,0.6754507422447205,0.0810377448797226,0.872770369052887,False,0,False,80
move_near,move_near/condition_0011,11,32,True,35,0.251823507583517,0.1858009696006775,0.16758859157562256,0.028410255908966064,0.25021577954008556,0,0,success,0,True,4,0.06060606060606061,0.11428571428571428,2,33,31,,34,34,0,0,True,1,0,True,False,1,False,0.0,0.48964977264404297,-0.08655084669589996,0.8443601131439209,False,0.6754507422447205,0.0810377448797226,0.872770369052887,False,1,False,80
move_near,move_near/condition_0011,11,33,True,35,0.251823507583517,0.1858009696006775,0.16758859157562256,0.028410255908966064,0.25021577954008556,0,0,success,0,True,4,0.08823529411764706,0.11428571428571428,3,34,31,,34,34,0,0,True,1,0,True,False,1,False,0.0,0.48964977264404297,-0.08655084669589996,0.8443601131439209,False,0.6754507422447205,0.0810377448797226,0.872770369052887,False,2,False,80
move_near,move_near/condition_0011,11,34,True,35,0.251823507583517,0.1858009696006775,0.16758859157562256,0.028410255908966064,0.25021577954008556,0,0,success,0,True,4,0.11428571428571428,0.11428571428571428,4,35,31,,34,34,0,0,True,3,1,True,False,1,True,1.0,0.48964977264404297,-0.08655084669589996,0.8443601131439209,True,0.6754507422447205,0.0810377448797226,0.872770369052887,True,3,False,80
move_near,move_near/condition_0012,12,0,False,80,0.30232698293325805,0.027277350425720215,-0.29987360537052155,-0.027080833911895752,0.30111166208594914,0,1,no_correct_move,0,True,0,0.0,0.0,0,1,,,,,0,0,False,0,0,False,False,0,False,0.0,0.6615132093429565,0.2305966317653656,0.8714383244514465,False,0.6887905597686768,-0.06927697360515594,0.8443574905395508,False,,False,80
move_near,move_near/condition_0012,12,1,False,80,0.30232698293325805,0.027277350425720215,-0.29987360537052155,-0.027080833911895752,0.30111166208594914,0,1,no_correct_move,0,True,0,0.0,0.0,0,2,,,,,0,0,False,0,0,False,False,0,False,0.0,0.6615132093429565,0.2305966317653656,0.8714383244514465,False,0.6887905597686768,-0.06927697360515594,0.8443574905395508,False,,False,80
move_near,move_near/condition_0012,12,2,False,80,0.30232698293325805,0.027277350425720215,-0.29987360537052155,-0.027080833911895752,0.30111166208594914,0,1,no_correct_move,0,True,0,0.0,0.0,0,3,,,,,0,0,False,0,0,False,False,0,False,0.0,0.6615132093429565,0.2305966317653656,0.8714383244514465,False,0.6887905597686768,-0.06927697360515594,0.8443574905395508,False,,False,80
move_near,move_near/condition_0012,12,3,False,80,0.30232698293325805,0.027277350425720215,-0.29987360537052155,-0.027080833911895752,0.30111166208594914,0,1,no_correct_move,0,True,0,0.0,0.0,0,4,,,,,0,0,False,0,0,False,False,0,False,0.0,0.6615132093429565,0.2305966317653656,0.8714383244514465,False,0.6887905597686768,-0.06927697360515594,0.8443574905395508,False,,False,80
move_near,move_near/condition_0012,12,4,False,80,0.30232698293325805,0.027277350425720215,-0.29987360537052155,-0.027080833911895752,0.30111166208594914,0,1,no_correct_move,0,True,0,0.0,0.0,0,5,,,,,0,0,False,0,0,False,False,0,False,0.0,0.6615132093429565,0.2305966317653656,0.8714383244514465,False,0.6887905597686768,-0.06927697360515594,0.8443574905395508,False,,False,80
move_near,move_near/condition_0012,12,5,False,80,0.30232698293325805,0.027277350425720215,-0.29987360537052155,-0.027080833911895752,0.30111166208594914,0,1,no_correct_move,0,True,0,0.0,0.0,0,6,,,,,0,0,False,0,0,False,False,0,False,0.0,0.6615132093429565,0.2305966317653656,0.8714383244514465,False,0.6887905597686768,-0.06927697360515594,0.8443574905395508,False,,False,80
move_near,move_near/condition_0012,12,6,False,80,0.30232698293325805,0.027277350425720215,-0.29987360537052155,-0.027080833911895752,0.30111166208594914,0,1,no_correct_move,0,True,0,0.0,0.0,0,7,,,,,0,0,False,0,0,False,False,0,False,0.0,0.6615132093429565,0.2305966317653656,0.8714383244514465,False,0.6887905597686768,-0.06927697360515594,0.8443574905395508,False,,False,80
move_near,move_near/condition_0012,12,7,False,80,0.30232698293325805,0.027277350425720215,-0.29987360537052155,-0.027080833911895752,0.30111166208594914,0,1,no_correct_move,0,True,0,0.0,0.0,0,8,,,,,0,0,False,0,0,False,False,0,False,0.0,0.6615132093429565,0.2305966317653656,0.8714383244514465,False,0.6887905597686768,-0.06927697360515594,0.8443574905395508,False,,False,80
move_near,move_near/condition_0012,12,8,False,80,0.30232698293325805,0.027277350425720215,-0.29987360537052155,-0.027080833911895752,0.30111166208594914,0,1,no_correct_move,0,True,0,0.0,0.0,0,9,,,,,0,0,False,0,0,False,False,0,False,0.0,0.6615132093429565,0.2305966317653656,0.8714383244514465,False,0.6887905597686768,-0.06927697360515594,0.8443574905395508,False,,False,80
move_near,move_near/condition_0012,12,9,False,80,0.30232698293325805,0.027277350425720215,-0.29987360537052155,-0.027080833911895752,0.30111166208594914,0,1,no_correct_move,0,True,0,0.0,0.0,0,10,,,,,0,0,False,0,0,False,False,0,False,0.0,0.6615132093429565,0.2305966317653656,0.8714383244514465,False,0.6887905597686768,-0.06927697360515594,0.8443574905395508,False,,False,80
move_near,move_near/condition_0012,12,10,False,80,0.30232698293325805,0.027277350425720215,-0.29987360537052155,-0.027080833911895752,0.30111166208594914,0,1,no_correct_move,0,True,0,0.0,0.0,0,11,,,,,0,0,False,0,0,False,False,0,False,0.0,0.6615132093429565,0.2305966317653656,0.8714383244514465,False,0.6887905597686768,-0.06927697360515594,0.8443574905395508,False,,False,80
move_near,move_near/condition_0012,12,11,False,80,0.30232698293325805,0.027277350425720215,-0.29987360537052155,-0.027080833911895752,0.30111166208594914,0,1,no_correct_move,0,True,0,0.0,0.0,0,12,,,,,0,0,False,0,0,False,False,0,False,0.0,0.6615132093429565,0.2305966317653656,0.8714383244514465,False,0.6887905597686768,-0.06927697360515594,0.8443574905395508,False,,False,80
move_near,move_near/condition_0012,12,12,False,80,0.30232698293325805,0.027277350425720215,-0.29987360537052155,-0.027080833911895752,0.30111166208594914,0,1,no_correct_move,0,True,0,0.0,0.0,0,13,,,,,0,0,False,0,0,False,False,0,False,0.0,0.6615132093429565,0.2305966317653656,0.8714383244514465,False,0.6887905597686768,-0.06927697360515594,0.8443574905395508,False,,False,80
move_near,move_near/condition_0012,12,13,False,80,0.30232698293325805,0.027277350425720215,-0.29987360537052155,-0.027080833911895752,0.30111166208594914,0,1,no_correct_move,0,True,0,0.0,0.0,0,14,,,,,0,0,False,0,0,False,False,0,False,0.0,0.6615132093429565,0.2305966317653656,0.8714383244514465,False,0.6887905597686768,-0.06927697360515594,0.8443574905395508,False,,False,80
move_near,move_near/condition_0012,12,14,False,80,0.30232698293325805,0.027277350425720215,-0.29987360537052155,-0.027080833911895752,0.30111166208594914,0,1,no_correct_move,0,True,0,0.0,0.0,0,15,,,,,0,0,False,0,0,False,False,0,False,0.0,0.6615132093429565,0.2305966317653656,0.8714383244514465,False,0.6887905597686768,-0.06927697360515594,0.8443574905395508,False,,False,80
move_near,move_near/condition_0012,12,15,False,80,0.30232698293325805,0.027277350425720215,-0.29987360537052155,-0.027080833911895752,0.30111166208594914,0,1,no_correct_move,0,True,0,0.0,0.0,0,16,,,,,0,0,False,0,0,False,False,0,False,0.0,0.6615132093429565,0.2305966317653656,0.8714383244514465,False,0.6887905597686768,-0.06927697360515594,0.8443574905395508,False,,False,80
move_near,move_near/condition_0012,12,16,False,80,0.30232698293325805,0.027277350425720215,-0.29987360537052155,-0.027080833911895752,0.30111166208594914,0,1,no_correct_move,0,True,0,0.0,0.0,0,17,,,,,0,0,False,0,0,False,False,0,False,0.0,0.6615132093429565,0.2305966317653656,0.8714383244514465,False,0.6887905597686768,-0.06927697360515594,0.8443574905395508,False,,False,80
move_near,move_near/condition_0012,12,17,False,80,0.30232698293325805,0.027277350425720215,-0.29987360537052155,-0.027080833911895752,0.30111166208594914,0,1,no_correct_move,0,True,0,0.0,0.0,0,18,,,,,0,0,False,0,0,False,False,0,False,0.0,0.6615132093429565,0.2305966317653656,0.8714383244514465,False,0.6887905597686768,-0.06927697360515594,0.8443574905395508,False,,False,80
move_near,move_near/condition_0012,12,18,False,80,0.30232698293325805,0.027277350425720215,-0.29987360537052155,-0.027080833911895752,0.30111166208594914,0,1,no_correct_move,0,True,0,0.0,0.0,0,19,,,,,0,0,False,0,0,False,False,0,False,0.0,0.6615132093429565,0.2305966317653656,0.8714383244514465,False,0.6887905597686768,-0.06927697360515594,0.8443574905395508,False,,False,80
move_near,move_near/condition_0012,12,19,False,80,0.30232698293325805,0.027277350425720215,-0.29987360537052155,-0.027080833911895752,0.30111166208594914,0,1,no_correct_move,0,True,0,0.0,0.0,0,20,,,,,0,0,False,0,0,False,False,0,False,0.0,0.6615132093429565,0.2305966317653656,0.8714383244514465,False,0.6887905597686768,-0.06927697360515594,0.8443574905395508,False,,False,80
move_near,move_near/condition_0012,12,20,False,80,0.30232698293325805,0.027277350425720215,-0.29987360537052155,-0.027080833911895752,0.30111166208594914,0,1,no_correct_move,0,True,0,0.0,0.0,0,21,,,,,0,0,False,0,0,False,False,0,False,0.0,0.6615132093429565,0.2305966317653656,0.8714383244514465,False,0.6887905597686768,-0.06927697360515594,0.8443574905395508,False,,False,80
move_near,move_near/condition_0012,12,21,False,80,0.30232698293325805,0.027277350425720215,-0.29987360537052155,-0.027080833911895752,0.30111166208594914,0,1,no_correct_move,0,True,0,0.0,0.0,0,22,,,,,0,0,False,0,0,False,False,0,False,0.0,0.6615132093429565,0.2305966317653656,0.8714383244514465,False,0.6887905597686768,-0.06927697360515594,0.8443574905395508,False,,False,80
move_near,move_near/condition_0012,12,22,False,80,0.30232698293325805,0.027277350425720215,-0.29987360537052155,-0.027080833911895752,0.30111166208594914,0,1,no_correct_move,0,True,0,0.0,0.0,0,23,,,,,0,0,False,0,0,False,False,0,False,0.0,0.6615132093429565,0.2305966317653656,0.8714383244514465,False,0.6887905597686768,-0.06927697360515594,0.8443574905395508,False,,False,80
move_near,move_near/condition_0012,12,23,False,80,0.30232698293325805,0.027277350425720215,-0.29987360537052155,-0.027080833911895752,0.30111166208594914,0,1,no_correct_move,0,True,0,0.0,0.0,0,24,,,,,0,0,False,0,0,False,False,0,False,0.0,0.6615132093429565,0.2305966317653656,0.8714383244514465,False,0.6887905597686768,-0.06927697360515594,0.8443574905395508,False,,False,80
move_near,move_near/condition_0012,12,24,False,80,0.30232698293325805,0.027277350425720215,-0.29987360537052155,-0.027080833911895752,0.30111166208594914,0,1,no_correct_move,0,True,0,0.0,0.0,0,25,,,,,0,0,False,0,0,False,False,0,False,0.0,0.6615132093429565,0.2305966317653656,0.8714383244514465,False,0.6887905597686768,-0.06927697360515594,0.8443574905395508,False,,False,80
move_near,move_near/condition_0012,12,25,False,80,0.30232698293325805,0.027277350425720215,-0.29987360537052155,-0.027080833911895752,0.30111166208594914,0,1,no_correct_move,0,True,0,0.0,0.0,0,26,,,,,0,0,False,0,0,False,False,0,False,0.0,0.6615132093429565,0.2305966317653656,0.8714383244514465,False,0.6887905597686768,-0.06927697360515594,0.8443574905395508,False,,False,80
move_near,move_near/condition_0012,12,26,False,80,0.30232698293325805,0.027277350425720215,-0.29987360537052155,-0.027080833911895752,0.30111166208594914,0,1,no_correct_move,0,True,0,0.0,0.0,0,27,,,,,0,0,False,0,0,False,False,0,False,0.0,0.6615132093429565,0.2305966317653656,0.8714383244514465,False,0.6887905597686768,-0.06927697360515594,0.8443574905395508,False,,False,80
move_near,move_near/condition_0012,12,27,False,80,0.30232698293325805,0.027277350425720215,-0.29987360537052155,-0.027080833911895752,0.30111166208594914,0,1,no_correct_move,0,True,0,0.0,0.0,0,28,,,,,0,0,False,0,0,False,False,0,False,0.0,0.6615132093429565,0.2305966317653656,0.8714383244514465,False,0.6887905597686768,-0.06927697360515594,0.8443574905395508,False,,False,80
move_near,move_near/condition_0012,12,28,False,80,0.30232698293325805,0.027277350425720215,-0.29987360537052155,-0.027080833911895752,0.30111166208594914,0,1,no_correct_move,0,True,0,0.0,0.0,0,29,,,,,0,0,False,0,0,False,False,0,False,0.0,0.6615132093429565,0.2305966317653656,0.8714383244514465,False,0.6887905597686768,-0.06927697360515594,0.8443574905395508,False,,False,80
move_near,move_near/condition_0012,12,29,False,80,0.30232698293325805,0.027277350425720215,-0.29987360537052155,-0.027080833911895752,0.30111166208594914,0,1,no_correct_move,0,True,0,0.0,0.0,0,30,,,,,0,0,False,0,0,False,False,0,False,0.0,0.6615132093429565,0.2305966317653656,0.8714383244514465,False,0.6887905597686768,-0.06927697360515594,0.8443574905395508,False,,False,80
move_near,move_near/condition_0012,12,30,False,80,0.30232698293325805,0.027277350425720215,-0.29987360537052155,-0.027080833911895752,0.30111166208594914,0,1,no_correct_move,0,True,0,0.0,0.0,0,31,,,,,0,0,False,0,0,False,False,0,False,0.0,0.6615132093429565,0.2305966317653656,0.8714383244514465,False,0.6887905597686768,-0.06927697360515594,0.8443574905395508,False,,False,80
move_near,move_near/condition_0012,12,31,False,80,0.30232698293325805,0.027277350425720215,-0.29987360537052155,-0.027080833911895752,0.30111166208594914,0,1,no_correct_move,0,True,0,0.0,0.0,0,32,,,,,0,0,False,0,0,False,False,0,False,0.0,0.6615132093429565,0.2305966317653656,0.8714383244514465,False,0.6887905597686768,-0.06927697360515594,0.8443574905395508,False,,False,80
move_near,move_near/condition_0012,12,32,False,80,0.30232698293325805,0.027277350425720215,-0.29987360537052155,-0.027080833911895752,0.30111166208594914,0,1,no_correct_move,0,True,0,0.0,0.0,0,33,,,,,0,0,False,0,0,False,False,0,False,0.0,0.6615132093429565,0.2305966317653656,0.8714383244514465,False,0.6887905597686768,-0.06927697360515594,0.8443574905395508,False,,False,80
move_near,move_near/condition_0012,12,33,False,80,0.30232698293325805,0.027277350425720215,-0.29987360537052155,-0.027080833911895752,0.30111166208594914,0,1,no_correct_move,0,True,0,0.0,0.0,0,34,,,,,0,0,False,0,0,False,False,0,False,0.0,0.6615132093429565,0.2305966317653656,0.8714383244514465,False,0.6887905597686768,-0.06927697360515594,0.8443574905395508,False,,False,80
move_near,move_near/condition_0012,12,34,False,80,0.30232698293325805,0.027277350425720215,-0.29987360537052155,-0.027080833911895752,0.30111166208594914,0,1,no_correct_move,0,True,0,0.0,0.0,0,35,,,,,0,0,False,0,0,False,False,0,False,0.0,0.6615132093429565,0.2305966317653656,0.8714383244514465,False,0.6887905597686768,-0.06927697360515594,0.8443574905395508,False,,False,80
move_near,move_near/condition_0012,12,35,False,80,0.30232698293325805,0.027277350425720215,-0.29987360537052155,-0.027080833911895752,0.30111166208594914,0,1,no_correct_move,0,True,0,0.0,0.0,0,36,,,,,0,0,False,0,0,False,False,0,False,0.0,0.6615132093429565,0.2305966317653656,0.8714383244514465,False,0.6887905597686768,-0.06927697360515594,0.8443574905395508,False,,False,80
move_near,move_near/condition_0012,12,36,False,80,0.30232698293325805,0.027277350425720215,-0.29987360537052155,-0.027080833911895752,0.30111166208594914,0,1,no_correct_move,0,True,0,0.0,0.0,0,37,,,,,0,0,False,0,0,False,False,0,False,0.0,0.6615132093429565,0.2305966317653656,0.8714383244514465,False,0.6887905597686768,-0.06927697360515594,0.8443574905395508,False,,False,80
move_near,move_near/condition_0012,12,37,False,80,0.30232698293325805,0.027277350425720215,-0.29987360537052155,-0.027080833911895752,0.30111166208594914,0,1,no_correct_move,0,True,0,0.0,0.0,0,38,,,,,0,0,False,0,0,False,False,0,False,0.0,0.6615132093429565,0.2305966317653656,0.8714383244514465,False,0.6887905597686768,-0.06927697360515594,0.8443574905395508,False,,False,80
move_near,move_near/condition_0012,12,38,False,80,0.30232698293325805,0.027277350425720215,-0.29987360537052155,-0.027080833911895752,0.30111166208594914,0,1,no_correct_move,0,True,0,0.0,0.0,0,39,,,,,0,0,False,0,0,False,False,0,False,0.0,0.6615132093429565,0.2305966317653656,0.8714383244514465,False,0.6887905597686768,-0.06927697360515594,0.8443574905395508,False,,False,80
move_near,move_near/condition_0012,12,39,False,80,0.30232698293325805,0.027277350425720215,-0.29987360537052155,-0.027080833911895752,0.30111166208594914,0,1,no_correct_move,0,True,0,0.0,0.0,0,40,,,,,0,0,False,0,0,False,False,0,False,0.0,0.6615132093429565,0.2305966317653656,0.8714383244514465,False,0.6887905597686768,-0.06927697360515594,0.8443574905395508,False,,False,80
move_near,move_near/condition_0012,12,40,False,80,0.30232698293325805,0.027277350425720215,-0.29987360537052155,-0.027080833911895752,0.30111166208594914,0,1,no_correct_move,0,True,0,0.0,0.0,0,41,,,,,0,0,False,0,0,False,False,0,False,0.0,0.6615132093429565,0.2305966317653656,0.8714383244514465,False,0.6887905597686768,-0.06927697360515594,0.8443574905395508,False,,False,80
move_near,move_near/condition_0012,12,41,False,80,0.30232698293325805,0.027277350425720215,-0.29987360537052155,-0.027080833911895752,0.30111166208594914,0,1,no_correct_move,0,True,0,0.0,0.0,0,42,,,,,0,0,False,0,0,False,False,0,False,0.0,0.6615132093429565,0.2305966317653656,0.8714383244514465,False,0.6887905597686768,-0.06927697360515594,0.8443574905395508,False,,False,80
move_near,move_near/condition_0012,12,42,False,80,0.30232698293325805,0.027277350425720215,-0.29987360537052155,-0.027080833911895752,0.30111166208594914,0,1,no_correct_move,0,True,0,0.0,0.0,0,43,,,,,0,0,False,0,0,False,False,0,False,0.0,0.6615132093429565,0.2305966317653656,0.8714383244514465,False,0.6887905597686768,-0.06927697360515594,0.8443574905395508,False,,False,80
move_near,move_near/condition_0012,12,43,False,80,0.30232698293325805,0.027277350425720215,-0.29987360537052155,-0.027080833911895752,0.30111166208594914,0,1,no_correct_move,0,True,0,0.0,0.0,0,44,,,,,0,0,False,0,0,False,False,0,False,0.0,0.6615132093429565,0.2305966317653656,0.8714383244514465,False,0.6887905597686768,-0.06927697360515594,0.8443574905395508,False,,False,80
move_near,move_near/condition_0012,12,44,False,80,0.30232698293325805,0.027277350425720215,-0.29987360537052155,-0.027080833911895752,0.30111166208594914,0,1,no_correct_move,0,True,0,0.0,0.0,0,45,,,,,0,0,False,0,0,False,False,0,False,0.0,0.6615132093429565,0.2305966317653656,0.8714383244514465,False,0.6887905597686768,-0.06927697360515594,0.8443574905395508,False,,False,80
move_near,move_near/condition_0012,12,45,False,80,0.30232698293325805,0.027277350425720215,-0.29987360537052155,-0.027080833911895752,0.30111166208594914,0,1,no_correct_move,0,True,0,0.0,0.0,0,46,,,,,0,0,False,0,0,False,False,0,False,0.0,0.6615132093429565,0.2305966317653656,0.8714383244514465,False,0.6887905597686768,-0.06927697360515594,0.8443574905395508,False,,False,80
move_near,move_near/condition_0012,12,46,False,80,0.30232698293325805,0.027277350425720215,-0.29987360537052155,-0.027080833911895752,0.30111166208594914,0,1,no_correct_move,0,True,0,0.0,0.0,0,47,,,,,0,0,False,0,0,False,False,0,False,0.0,0.6615132093429565,0.2305966317653656,0.8714383244514465,False,0.6887905597686768,-0.06927697360515594,0.8443574905395508,False,,False,80
move_near,move_near/condition_0012,12,47,False,80,0.30232698293325805,0.027277350425720215,-0.29987360537052155,-0.027080833911895752,0.30111166208594914,0,1,no_correct_move,0,True,0,0.0,0.0,0,48,,,,,0,0,False,0,0,False,False,0,False,0.0,0.6615132093429565,0.2305966317653656,0.8714383244514465,False,0.6887905597686768,-0.06927697360515594,0.8443574905395508,False,,False,80
move_near,move_near/condition_0012,12,48,False,80,0.30232698293325805,0.027277350425720215,-0.29987360537052155,-0.027080833911895752,0.30111166208594914,0,1,no_correct_move,0,True,0,0.0,0.0,0,49,,,,,0,0,False,0,0,False,False,0,False,0.0,0.6615132093429565,0.2305966317653656,0.8714383244514465,False,0.6887905597686768,-0.06927697360515594,0.8443574905395508,False,,False,80
move_near,move_near/condition_0012,12,49,False,80,0.30232698293325805,0.027277350425720215,-0.29987360537052155,-0.027080833911895752,0.30111166208594914,0,1,no_correct_move,0,True,0,0.0,0.0,0,50,,,,,0,0,False,0,0,False,False,0,False,0.0,0.6615132093429565,0.2305966317653656,0.8714383244514465,False,0.6887905597686768,-0.06927697360515594,0.8443574905395508,False,,False,80
move_near,move_near/condition_0012,12,50,False,80,0.30232698293325805,0.027277350425720215,-0.29987360537052155,-0.027080833911895752,0.30111166208594914,0,1,no_correct_move,0,True,0,0.0,0.0,0,51,,,,,0,0,False,0,0,False,False,0,False,0.0,0.6615132093429565,0.2305966317653656,0.8714383244514465,False,0.6887905597686768,-0.06927697360515594,0.8443574905395508,False,,False,80
move_near,move_near/condition_0012,12,51,False,80,0.30232698293325805,0.027277350425720215,-0.29987360537052155,-0.027080833911895752,0.30111166208594914,0,1,no_correct_move,0,True,0,0.0,0.0,0,52,,,,,0,0,False,0,0,False,False,0,False,0.0,0.6615132093429565,0.2305966317653656,0.8714383244514465,False,0.6887905597686768,-0.06927697360515594,0.8443574905395508,False,,False,80
move_near,move_near/condition_0012,12,52,False,80,0.30232698293325805,0.027277350425720215,-0.29987360537052155,-0.027080833911895752,0.30111166208594914,0,1,no_correct_move,0,True,0,0.0,0.0,0,53,,,,,0,0,False,0,0,False,False,0,False,0.0,0.6615132093429565,0.2305966317653656,0.8714383244514465,False,0.6887905597686768,-0.06927697360515594,0.8443574905395508,False,,False,80
move_near,move_near/condition_0012,12,53,False,80,0.30232698293325805,0.027277350425720215,-0.29987360537052155,-0.027080833911895752,0.30111166208594914,0,1,no_correct_move,0,True,0,0.0,0.0,0,54,,,,,0,0,False,0,0,False,False,0,False,0.0,0.6615132093429565,0.2305966317653656,0.8714383244514465,False,0.6887905597686768,-0.06927697360515594,0.8443574905395508,False,,False,80
move_near,move_near/condition_0012,12,54,False,80,0.30232698293325805,0.027277350425720215,-0.29987360537052155,-0.027080833911895752,0.30111166208594914,0,1,no_correct_move,0,True,0,0.0,0.0,0,55,,,,,0,0,False,0,0,False,False,0,False,0.0,0.6615132093429565,0.2305966317653656,0.8714383244514465,False,0.6887905597686768,-0.06927697360515594,0.8443574905395508,False,,False,80
move_near,move_near/condition_0012,12,55,False,80,0.30232698293325805,0.027277350425720215,-0.29987360537052155,-0.027080833911895752,0.30111166208594914,0,1,no_correct_move,0,True,0,0.0,0.0,0,56,,,,,0,0,False,0,0,False,False,0,False,0.0,0.6615132093429565,0.2305966317653656,0.8714383244514465,False,0.6887905597686768,-0.06927697360515594,0.8443574905395508,False,,False,80
move_near,move_near/condition_0012,12,56,False,80,0.30232698293325805,0.027277350425720215,-0.29987360537052155,-0.027080833911895752,0.30111166208594914,0,1,no_correct_move,0,True,0,0.0,0.0,0,57,,,,,0,0,False,0,0,False,False,0,False,0.0,0.6615132093429565,0.2305966317653656,0.8714383244514465,False,0.6887905597686768,-0.06927697360515594,0.8443574905395508,False,,False,80
move_near,move_near/condition_0012,12,57,False,80,0.30232698293325805,0.027277350425720215,-0.29987360537052155,-0.027080833911895752,0.30111166208594914,0,1,no_correct_move,0,True,0,0.0,0.0,0,58,,,,,0,0,False,0,0,False,False,0,False,0.0,0.6615132093429565,0.2305966317653656,0.8714383244514465,False,0.6887905597686768,-0.06927697360515594,0.8443574905395508,False,,False,80
move_near,move_near/condition_0012,12,58,False,80,0.30232698293325805,0.027277350425720215,-0.29987360537052155,-0.027080833911895752,0.30111166208594914,0,1,no_correct_move,0,True,0,0.0,0.0,0,59,,,,,0,0,False,0,0,False,False,0,False,0.0,0.6615132093429565,0.2305966317653656,0.8714383244514465,False,0.6887905597686768,-0.06927697360515594,0.8443574905395508,False,,False,80
move_near,move_near/condition_0012,12,59,False,80,0.30232698293325805,0.027277350425720215,-0.29987360537052155,-0.027080833911895752,0.30111166208594914,0,1,no_correct_move,0,True,0,0.0,0.0,0,60,,,,,0,0,False,0,0,False,False,0,False,0.0,0.6615132093429565,0.2305966317653656,0.8714383244514465,False,0.6887905597686768,-0.06927697360515594,0.8443574905395508,False,,False,80
move_near,move_near/condition_0012,12,60,False,80,0.30232698293325805,0.027277350425720215,-0.29987360537052155,-0.027080833911895752,0.30111166208594914,0,1,no_correct_move,0,True,0,0.0,0.0,0,61,,,,,0,0,False,0,0,False,False,0,False,0.0,0.6615132093429565,0.2305966317653656,0.8714383244514465,False,0.6887905597686768,-0.06927697360515594,0.8443574905395508,False,,False,80
move_near,move_near/condition_0012,12,61,False,80,0.30232698293325805,0.027277350425720215,-0.29987360537052155,-0.027080833911895752,0.30111166208594914,0,1,no_correct_move,0,True,0,0.0,0.0,0,62,,,,,0,0,False,0,0,False,False,0,False,0.0,0.6615132093429565,0.2305966317653656,0.8714383244514465,False,0.6887905597686768,-0.06927697360515594,0.8443574905395508,False,,False,80
move_near,move_near/condition_0012,12,62,False,80,0.30232698293325805,0.027277350425720215,-0.29987360537052155,-0.027080833911895752,0.30111166208594914,0,1,no_correct_move,0,True,0,0.0,0.0,0,63,,,,,0,0,False,0,0,False,False,0,False,0.0,0.6615132093429565,0.2305966317653656,0.8714383244514465,False,0.6887905597686768,-0.06927697360515594,0.8443574905395508,False,,False,80
move_near,move_near/condition_0012,12,63,False,80,0.30232698293325805,0.027277350425720215,-0.29987360537052155,-0.027080833911895752,0.30111166208594914,0,1,no_correct_move,0,True,0,0.0,0.0,0,64,,,,,0,0,False,0,0,False,False,0,False,0.0,0.6615132093429565,0.2305966317653656,0.8714383244514465,False,0.6887905597686768,-0.06927697360515594,0.8443574905395508,False,,False,80
move_near,move_near/condition_0012,12,64,False,80,0.30232698293325805,0.027277350425720215,-0.29987360537052155,-0.027080833911895752,0.30111166208594914,0,1,no_correct_move,0,True,0,0.0,0.0,0,65,,,,,0,0,False,0,0,False,False,0,False,0.0,0.6615132093429565,0.2305966317653656,0.8714383244514465,False,0.6887905597686768,-0.06927697360515594,0.8443574905395508,False,,False,80
move_near,move_near/condition_0012,12,65,False,80,0.30232698293325805,0.027277350425720215,-0.29987360537052155,-0.027080833911895752,0.30111166208594914,0,1,no_correct_move,0,True,0,0.0,0.0,0,66,,,,,0,0,False,0,0,False,False,0,False,0.0,0.6615132093429565,0.2305966317653656,0.8714383244514465,False,0.6887905597686768,-0.06927697360515594,0.8443574905395508,False,,False,80
move_near,move_near/condition_0012,12,66,False,80,0.30232698293325805,0.027277350425720215,-0.29987360537052155,-0.027080833911895752,0.30111166208594914,0,1,no_correct_move,0,True,0,0.0,0.0,0,67,,,,,0,0,False,0,0,False,False,0,False,0.0,0.6615132093429565,0.2305966317653656,0.8714383244514465,False,0.6887905597686768,-0.06927697360515594,0.8443574905395508,False,,False,80
move_near,move_near/condition_0012,12,67,False,80,0.30232698293325805,0.027277350425720215,-0.29987360537052155,-0.027080833911895752,0.30111166208594914,0,1,no_correct_move,0,True,0,0.0,0.0,0,68,,,,,0,0,False,0,0,False,False,0,False,0.0,0.6615132093429565,0.2305966317653656,0.8714383244514465,False,0.6887905597686768,-0.06927697360515594,0.8443574905395508,False,,False,80
move_near,move_near/condition_0012,12,68,False,80,0.30232698293325805,0.027277350425720215,-0.29987360537052155,-0.027080833911895752,0.30111166208594914,0,1,no_correct_move,0,True,0,0.0,0.0,0,69,,,,,0,0,False,0,0,False,False,0,False,0.0,0.6615132093429565,0.2305966317653656,0.8714383244514465,False,0.6887905597686768,-0.06927697360515594,0.8443574905395508,False,,False,80
move_near,move_near/condition_0012,12,69,False,80,0.30232698293325805,0.027277350425720215,-0.29987360537052155,-0.027080833911895752,0.30111166208594914,0,1,no_correct_move,0,True,0,0.0,0.0,0,70,,,,,0,0,False,0,0,False,False,0,False,0.0,0.6615132093429565,0.2305966317653656,0.8714383244514465,False,0.6887905597686768,-0.06927697360515594,0.8443574905395508,False,,False,80
move_near,move_near/condition_0012,12,70,False,80,0.30232698293325805,0.027277350425720215,-0.29987360537052155,-0.027080833911895752,0.30111166208594914,0,1,no_correct_move,0,True,0,0.0,0.0,0,71,,,,,0,0,False,0,0,False,False,0,False,0.0,0.6615132093429565,0.2305966317653656,0.8714383244514465,False,0.6887905597686768,-0.06927697360515594,0.8443574905395508,False,,False,80
move_near,move_near/condition_0012,12,71,False,80,0.30232698293325805,0.027277350425720215,-0.29987360537052155,-0.027080833911895752,0.30111166208594914,0,1,no_correct_move,0,True,0,0.0,0.0,0,72,,,,,0,0,False,0,0,False,False,0,False,0.0,0.6615132093429565,0.2305966317653656,0.8714383244514465,False,0.6887905597686768,-0.06927697360515594,0.8443574905395508,False,,False,80
move_near,move_near/condition_0012,12,72,False,80,0.30232698293325805,0.027277350425720215,-0.29987360537052155,-0.027080833911895752,0.30111166208594914,0,1,no_correct_move,0,True,0,0.0,0.0,0,73,,,,,0,0,False,0,0,False,False,0,False,0.0,0.6615132093429565,0.2305966317653656,0.8714383244514465,False,0.6887905597686768,-0.06927697360515594,0.8443574905395508,False,,False,80
move_near,move_near/condition_0012,12,73,False,80,0.30232698293325805,0.027277350425720215,-0.29987360537052155,-0.027080833911895752,0.30111166208594914,0,1,no_correct_move,0,True,0,0.0,0.0,0,74,,,,,0,0,False,0,0,False,False,0,False,0.0,0.6615132093429565,0.2305966317653656,0.8714383244514465,False,0.6887905597686768,-0.06927697360515594,0.8443574905395508,False,,False,80
move_near,move_near/condition_0012,12,74,False,80,0.30232698293325805,0.027277350425720215,-0.29987360537052155,-0.027080833911895752,0.30111166208594914,0,1,no_correct_move,0,True,0,0.0,0.0,0,75,,,,,0,0,False,0,0,False,False,0,False,0.0,0.6615132093429565,0.2305966317653656,0.8714383244514465,False,0.6887905597686768,-0.06927697360515594,0.8443574905395508,False,,False,80
move_near,move_near/condition_0012,12,75,False,80,0.30232698293325805,0.027277350425720215,-0.29987360537052155,-0.027080833911895752,0.30111166208594914,0,1,no_correct_move,0,True,0,0.0,0.0,0,76,,,,,0,0,False,0,0,False,False,0,False,0.0,0.6615132093429565,0.2305966317653656,0.8714383244514465,False,0.6887905597686768,-0.06927697360515594,0.8443574905395508,False,,False,80
move_near,move_near/condition_0012,12,76,False,80,0.30232698293325805,0.027277350425720215,-0.29987360537052155,-0.027080833911895752,0.30111166208594914,0,1,no_correct_move,0,True,0,0.0,0.0,0,77,,,,,0,0,False,0,0,False,False,0,False,0.0,0.6615132093429565,0.2305966317653656,0.8714383244514465,False,0.6887905597686768,-0.06927697360515594,0.8443574905395508,False,,False,80
move_near,move_near/condition_0012,12,77,False,80,0.30232698293325805,0.027277350425720215,-0.29987360537052155,-0.027080833911895752,0.30111166208594914,0,1,no_correct_move,0,True,0,0.0,0.0,0,78,,,,,0,0,False,0,0,False,False,0,False,0.0,0.6615132093429565,0.2305966317653656,0.8714383244514465,False,0.6887905597686768,-0.06927697360515594,0.8443574905395508,False,,False,80
move_near,move_near/condition_0012,12,78,False,80,0.30232698293325805,0.027277350425720215,-0.29987360537052155,-0.027080833911895752,0.30111166208594914,0,1,no_correct_move,0,True,0,0.0,0.0,0,79,,,,,0,0,False,0,0,False,False,0,False,0.0,0.6615132093429565,0.2305966317653656,0.8714383244514465,False,0.6887905597686768,-0.06927697360515594,0.8443574905395508,False,,False,80
move_near,move_near/condition_0012,12,79,False,80,0.30232698293325805,0.027277350425720215,-0.29987360537052155,-0.027080833911895752,0.30111166208594914,0,1,no_correct_move,0,True,0,0.0,0.0,0,80,,,,,0,0,False,0,0,False,False,0,False,0.0,0.6615132093429565,0.2305966317653656,0.8714383244514465,False,0.6887905597686768,-0.06927697360515594,0.8443574905395508,False,,True,80
move_near,move_near/condition_0013,13,0,False,80,0.2536844150276038,-0.18522068858146667,-0.16756221652030945,-0.044407010078430176,0.24976749164731532,0,1,no_correct_move,0,True,0,0.0,0.0,0,1,,,,,0,0,True,0,0,False,False,0,False,0.0,0.6615132093429565,0.2305966317653656,0.8714383244514465,False,0.47629252076148987,0.06303441524505615,0.8270313143730164,False,,False,80
move_near,move_near/condition_0013,13,1,False,80,0.2536844150276038,-0.18522068858146667,-0.16756221652030945,-0.044407010078430176,0.24976749164731532,0,1,no_correct_move,0,True,0,0.0,0.0,0,2,,,,,0,0,True,0,0,False,False,0,False,0.0,0.6615132093429565,0.2305966317653656,0.8714383244514465,False,0.47629252076148987,0.06303441524505615,0.8270313143730164,False,,False,80
move_near,move_near/condition_0013,13,2,False,80,0.2536844150276038,-0.18522068858146667,-0.16756221652030945,-0.044407010078430176,0.24976749164731532,0,1,no_correct_move,0,True,0,0.0,0.0,0,3,,,,,0,0,True,0,0,False,False,0,False,0.0,0.6615132093429565,0.2305966317653656,0.8714383244514465,False,0.47629252076148987,0.06303441524505615,0.8270313143730164,False,,False,80
move_near,move_near/condition_0013,13,3,False,80,0.2536844150276038,-0.18522068858146667,-0.16756221652030945,-0.044407010078430176,0.24976749164731532,0,1,no_correct_move,0,True,0,0.0,0.0,0,4,,,,,0,0,True,0,0,False,False,0,False,0.0,0.6615132093429565,0.2305966317653656,0.8714383244514465,False,0.47629252076148987,0.06303441524505615,0.8270313143730164,False,,False,80
move_near,move_near/condition_0013,13,4,False,80,0.2536844150276038,-0.18522068858146667,-0.16756221652030945,-0.044407010078430176,0.24976749164731532,0,1,no_correct_move,0,True,0,0.0,0.0,0,5,,,,,0,0,True,0,0,False,False,0,False,0.0,0.6615132093429565,0.2305966317653656,0.8714383244514465,False,0.47629252076148987,0.06303441524505615,0.8270313143730164,False,,False,80
move_near,move_near/condition_0013,13,5,False,80,0.2536844150276038,-0.18522068858146667,-0.16756221652030945,-0.044407010078430176,0.24976749164731532,0,1,no_correct_move,0,True,0,0.0,0.0,0,6,,,,,0,0,True,0,0,False,False,0,False,0.0,0.6615132093429565,0.2305966317653656,0.8714383244514465,False,0.47629252076148987,0.06303441524505615,0.8270313143730164,False,,False,80
move_near,move_near/condition_0013,13,6,False,80,0.2536844150276038,-0.18522068858146667,-0.16756221652030945,-0.044407010078430176,0.24976749164731532,0,1,no_correct_move,0,True,0,0.0,0.0,0,7,,,,,0,0,True,0,0,False,False,0,False,0.0,0.6615132093429565,0.2305966317653656,0.8714383244514465,False,0.47629252076148987,0.06303441524505615,0.8270313143730164,False,,False,80
move_near,move_near/condition_0013,13,7,False,80,0.2536844150276038,-0.18522068858146667,-0.16756221652030945,-0.044407010078430176,0.24976749164731532,0,1,no_correct_move,0,True,0,0.0,0.0,0,8,,,,,0,0,True,0,0,False,False,0,False,0.0,0.6615132093429565,0.2305966317653656,0.8714383244514465,False,0.47629252076148987,0.06303441524505615,0.8270313143730164,False,,False,80
move_near,move_near/condition_0013,13,8,False,80,0.2536844150276038,-0.18522068858146667,-0.16756221652030945,-0.044407010078430176,0.24976749164731532,0,1,no_correct_move,0,True,0,0.0,0.0,0,9,,,,,0,0,True,0,0,False,False,0,False,0.0,0.6615132093429565,0.2305966317653656,0.8714383244514465,False,0.47629252076148987,0.06303441524505615,0.8270313143730164,False,,False,80
move_near,move_near/condition_0013,13,9,False,80,0.2536844150276038,-0.18522068858146667,-0.16756221652030945,-0.044407010078430176,0.24976749164731532,0,1,no_correct_move,0,True,0,0.0,0.0,0,10,,,,,0,0,True,0,0,False,False,0,False,0.0,0.6615132093429565,0.2305966317653656,0.8714383244514465,False,0.47629252076148987,0.06303441524505615,0.8270313143730164,False,,False,80
move_near,move_near/condition_0013,13,10,False,80,0.2536844150276038,-0.18522068858146667,-0.16756221652030945,-0.044407010078430176,0.24976749164731532,0,1,no_correct_move,0,True,0,0.0,0.0,0,11,,,,,0,0,True,0,0,False,False,0,False,0.0,0.6615132093429565,0.2305966317653656,0.8714383244514465,False,0.47629252076148987,0.06303441524505615,0.8270313143730164,False,,False,80
move_near,move_near/condition_0013,13,11,False,80,0.2536844150276038,-0.18522068858146667,-0.16756221652030945,-0.044407010078430176,0.24976749164731532,0,1,no_correct_move,0,True,0,0.0,0.0,0,12,,,,,0,0,True,0,0,False,False,0,False,0.0,0.6615132093429565,0.2305966317653656,0.8714383244514465,False,0.47629252076148987,0.06303441524505615,0.8270313143730164,False,,False,80
move_near,move_near/condition_0013,13,12,False,80,0.2536844150276038,-0.18522068858146667,-0.16756221652030945,-0.044407010078430176,0.24976749164731532,0,1,no_correct_move,0,True,0,0.0,0.0,0,13,,,,,0,0,True,0,0,False,False,0,False,0.0,0.6615132093429565,0.2305966317653656,0.8714383244514465,False,0.47629252076148987,0.06303441524505615,0.8270313143730164,False,,False,80
move_near,move_near/condition_0013,13,13,False,80,0.2536844150276038,-0.18522068858146667,-0.16756221652030945,-0.044407010078430176,0.24976749164731532,0,1,no_correct_move,0,True,0,0.0,0.0,0,14,,,,,0,0,True,0,0,False,False,0,False,0.0,0.6615132093429565,0.2305966317653656,0.8714383244514465,False,0.47629252076148987,0.06303441524505615,0.8270313143730164,False,,False,80
move_near,move_near/condition_0013,13,14,False,80,0.2536844150276038,-0.18522068858146667,-0.16756221652030945,-0.044407010078430176,0.24976749164731532,0,1,no_correct_move,0,True,0,0.0,0.0,0,15,,,,,0,0,True,0,0,False,False,0,False,0.0,0.6615132093429565,0.2305966317653656,0.8714383244514465,False,0.47629252076148987,0.06303441524505615,0.8270313143730164,False,,False,80
move_near,move_near/condition_0013,13,15,False,80,0.2536844150276038,-0.18522068858146667,-0.16756221652030945,-0.044407010078430176,0.24976749164731532,0,1,no_correct_move,0,True,0,0.0,0.0,0,16,,,,,0,0,True,0,0,False,False,0,False,0.0,0.6615132093429565,0.2305966317653656,0.8714383244514465,False,0.47629252076148987,0.06303441524505615,0.8270313143730164,False,,False,80
move_near,move_near/condition_0013,13,16,False,80,0.2536844150276038,-0.18522068858146667,-0.16756221652030945,-0.044407010078430176,0.24976749164731532,0,1,no_correct_move,0,True,0,0.0,0.0,0,17,,,,,0,0,True,0,0,False,False,0,False,0.0,0.6615132093429565,0.2305966317653656,0.8714383244514465,False,0.47629252076148987,0.06303441524505615,0.8270313143730164,False,,False,80
move_near,move_near/condition_0013,13,17,False,80,0.2536844150276038,-0.18522068858146667,-0.16756221652030945,-0.044407010078430176,0.24976749164731532,0,1,no_correct_move,0,True,0,0.0,0.0,0,18,,,,,0,0,True,0,0,False,False,0,False,0.0,0.6615132093429565,0.2305966317653656,0.8714383244514465,False,0.47629252076148987,0.06303441524505615,0.8270313143730164,False,,False,80
move_near,move_near/condition_0013,13,18,False,80,0.2536844150276038,-0.18522068858146667,-0.16756221652030945,-0.044407010078430176,0.24976749164731532,0,1,no_correct_move,0,True,0,0.0,0.0,0,19,,,,,0,0,True,0,0,False,False,0,False,0.0,0.6615132093429565,0.2305966317653656,0.8714383244514465,False,0.47629252076148987,0.06303441524505615,0.8270313143730164,False,,False,80
move_near,move_near/condition_0013,13,19,False,80,0.2536844150276038,-0.18522068858146667,-0.16756221652030945,-0.044407010078430176,0.24976749164731532,0,1,no_correct_move,0,True,0,0.0,0.0,0,20,,,,,0,0,True,0,0,False,False,0,False,0.0,0.6615132093429565,0.2305966317653656,0.8714383244514465,False,0.47629252076148987,0.06303441524505615,0.8270313143730164,False,,False,80
move_near,move_near/condition_0013,13,20,False,80,0.2536844150276038,-0.18522068858146667,-0.16756221652030945,-0.044407010078430176,0.24976749164731532,0,1,no_correct_move,0,True,0,0.0,0.0,0,21,,,,,0,0,True,0,0,False,False,0,False,0.0,0.6615132093429565,0.2305966317653656,0.8714383244514465,False,0.47629252076148987,0.06303441524505615,0.8270313143730164,False,,False,80
move_near,move_near/condition_0013,13,21,False,80,0.2536844150276038,-0.18522068858146667,-0.16756221652030945,-0.044407010078430176,0.24976749164731532,0,1,no_correct_move,0,True,0,0.0,0.0,0,22,,,,,0,0,True,0,0,False,False,0,False,0.0,0.6615132093429565,0.2305966317653656,0.8714383244514465,False,0.47629252076148987,0.06303441524505615,0.8270313143730164,False,,False,80
move_near,move_near/condition_0013,13,22,False,80,0.2536844150276038,-0.18522068858146667,-0.16756221652030945,-0.044407010078430176,0.24976749164731532,0,1,no_correct_move,0,True,0,0.0,0.0,0,23,,,,,0,0,True,0,0,False,False,0,False,0.0,0.6615132093429565,0.2305966317653656,0.8714383244514465,False,0.47629252076148987,0.06303441524505615,0.8270313143730164,False,,False,80
move_near,move_near/condition_0013,13,23,False,80,0.2536844150276038,-0.18522068858146667,-0.16756221652030945,-0.044407010078430176,0.24976749164731532,0,1,no_correct_move,0,True,0,0.0,0.0,0,24,,,,,0,0,True,0,0,False,False,0,False,0.0,0.6615132093429565,0.2305966317653656,0.8714383244514465,False,0.47629252076148987,0.06303441524505615,0.8270313143730164,False,,False,80
move_near,move_near/condition_0013,13,24,False,80,0.2536844150276038,-0.18522068858146667,-0.16756221652030945,-0.044407010078430176,0.24976749164731532,0,1,no_correct_move,0,True,0,0.0,0.0,0,25,,,,,0,0,True,0,0,False,False,0,False,0.0,0.6615132093429565,0.2305966317653656,0.8714383244514465,False,0.47629252076148987,0.06303441524505615,0.8270313143730164,False,,False,80
move_near,move_near/condition_0013,13,25,False,80,0.2536844150276038,-0.18522068858146667,-0.16756221652030945,-0.044407010078430176,0.24976749164731532,0,1,no_correct_move,0,True,0,0.0,0.0,0,26,,,,,0,0,True,0,0,False,False,0,False,0.0,0.6615132093429565,0.2305966317653656,0.8714383244514465,False,0.47629252076148987,0.06303441524505615,0.8270313143730164,False,,False,80
move_near,move_near/condition_0013,13,26,False,80,0.2536844150276038,-0.18522068858146667,-0.16756221652030945,-0.044407010078430176,0.24976749164731532,0,1,no_correct_move,0,True,0,0.0,0.0,0,27,,,,,0,0,True,0,0,False,False,0,False,0.0,0.6615132093429565,0.2305966317653656,0.8714383244514465,False,0.47629252076148987,0.06303441524505615,0.8270313143730164,False,,False,80
move_near,move_near/condition_0013,13,27,False,80,0.2536844150276038,-0.18522068858146667,-0.16756221652030945,-0.044407010078430176,0.24976749164731532,0,1,no_correct_move,0,True,0,0.0,0.0,0,28,,,,,0,0,True,0,0,False,False,0,False,0.0,0.6615132093429565,0.2305966317653656,0.8714383244514465,False,0.47629252076148987,0.06303441524505615,0.8270313143730164,False,,False,80
move_near,move_near/condition_0013,13,28,False,80,0.2536844150276038,-0.18522068858146667,-0.16756221652030945,-0.044407010078430176,0.24976749164731532,0,1,no_correct_move,0,True,0,0.0,0.0,0,29,,,,,0,0,True,0,0,False,False,0,False,0.0,0.6615132093429565,0.2305966317653656,0.8714383244514465,False,0.47629252076148987,0.06303441524505615,0.8270313143730164,False,,False,80
move_near,move_near/condition_0013,13,29,False,80,0.2536844150276038,-0.18522068858146667,-0.16756221652030945,-0.044407010078430176,0.24976749164731532,0,1,no_correct_move,0,True,0,0.0,0.0,0,30,,,,,0,0,True,0,0,False,False,0,False,0.0,0.6615132093429565,0.2305966317653656,0.8714383244514465,False,0.47629252076148987,0.06303441524505615,0.8270313143730164,False,,False,80
move_near,move_near/condition_0013,13,30,False,80,0.2536844150276038,-0.18522068858146667,-0.16756221652030945,-0.044407010078430176,0.24976749164731532,0,1,no_correct_move,0,True,0,0.0,0.0,0,31,,,,,0,0,True,0,0,False,False,0,False,0.0,0.6615132093429565,0.2305966317653656,0.8714383244514465,False,0.47629252076148987,0.06303441524505615,0.8270313143730164,False,,False,80
move_near,move_near/condition_0013,13,31,False,80,0.2536844150276038,-0.18522068858146667,-0.16756221652030945,-0.044407010078430176,0.24976749164731532,0,1,no_correct_move,0,True,0,0.0,0.0,0,32,,,,,0,0,True,0,0,False,False,0,False,0.0,0.6615132093429565,0.2305966317653656,0.8714383244514465,False,0.47629252076148987,0.06303441524505615,0.8270313143730164,False,,False,80
move_near,move_near/condition_0013,13,32,False,80,0.2536844150276038,-0.18522068858146667,-0.16756221652030945,-0.044407010078430176,0.24976749164731532,0,1,no_correct_move,0,True,0,0.0,0.0,0,33,,,,,0,0,True,0,0,False,False,0,False,0.0,0.6615132093429565,0.2305966317653656,0.8714383244514465,False,0.47629252076148987,0.06303441524505615,0.8270313143730164,False,,False,80
move_near,move_near/condition_0013,13,33,False,80,0.2536844150276038,-0.18522068858146667,-0.16756221652030945,-0.044407010078430176,0.24976749164731532,0,1,no_correct_move,0,True,0,0.0,0.0,0,34,,,,,0,0,True,0,0,False,False,0,False,0.0,0.6615132093429565,0.2305966317653656,0.8714383244514465,False,0.47629252076148987,0.06303441524505615,0.8270313143730164,False,,False,80
move_near,move_near/condition_0013,13,34,False,80,0.2536844150276038,-0.18522068858146667,-0.16756221652030945,-0.044407010078430176,0.24976749164731532,0,1,no_correct_move,0,True,0,0.0,0.0,0,35,,,,,0,0,True,0,0,False,False,0,False,0.0,0.6615132093429565,0.2305966317653656,0.8714383244514465,False,0.47629252076148987,0.06303441524505615,0.8270313143730164,False,,False,80
move_near,move_near/condition_0013,13,35,False,80,0.2536844150276038,-0.18522068858146667,-0.16756221652030945,-0.044407010078430176,0.24976749164731532,0,1,no_correct_move,0,True,0,0.0,0.0,0,36,,,,,0,0,True,0,0,False,False,0,False,0.0,0.6615132093429565,0.2305966317653656,0.8714383244514465,False,0.47629252076148987,0.06303441524505615,0.8270313143730164,False,,False,80
move_near,move_near/condition_0013,13,36,False,80,0.2536844150276038,-0.18522068858146667,-0.16756221652030945,-0.044407010078430176,0.24976749164731532,0,1,no_correct_move,0,True,0,0.0,0.0,0,37,,,,,0,0,True,0,0,False,False,0,False,0.0,0.6615132093429565,0.2305966317653656,0.8714383244514465,False,0.47629252076148987,0.06303441524505615,0.8270313143730164,False,,False,80
move_near,move_near/condition_0013,13,37,False,80,0.2536844150276038,-0.18522068858146667,-0.16756221652030945,-0.044407010078430176,0.24976749164731532,0,1,no_correct_move,0,True,0,0.0,0.0,0,38,,,,,0,0,True,0,0,False,False,0,False,0.0,0.6615132093429565,0.2305966317653656,0.8714383244514465,False,0.47629252076148987,0.06303441524505615,0.8270313143730164,False,,False,80
move_near,move_near/condition_0013,13,38,False,80,0.2536844150276038,-0.18522068858146667,-0.16756221652030945,-0.044407010078430176,0.24976749164731532,0,1,no_correct_move,0,True,0,0.0,0.0,0,39,,,,,0,0,True,0,0,False,False,0,False,0.0,0.6615132093429565,0.2305966317653656,0.8714383244514465,False,0.47629252076148987,0.06303441524505615,0.8270313143730164,False,,False,80
move_near,move_near/condition_0013,13,39,False,80,0.2536844150276038,-0.18522068858146667,-0.16756221652030945,-0.044407010078430176,0.24976749164731532,0,1,no_correct_move,0,True,0,0.0,0.0,0,40,,,,,0,0,True,0,0,False,False,0,False,0.0,0.6615132093429565,0.2305966317653656,0.8714383244514465,False,0.47629252076148987,0.06303441524505615,0.8270313143730164,False,,False,80
move_near,move_near/condition_0013,13,40,False,80,0.2536844150276038,-0.18522068858146667,-0.16756221652030945,-0.044407010078430176,0.24976749164731532,0,1,no_correct_move,0,True,0,0.0,0.0,0,41,,,,,0,0,True,0,0,False,False,0,False,0.0,0.6615132093429565,0.2305966317653656,0.8714383244514465,False,0.47629252076148987,0.06303441524505615,0.8270313143730164,False,,False,80
move_near,move_near/condition_0013,13,41,False,80,0.2536844150276038,-0.18522068858146667,-0.16756221652030945,-0.044407010078430176,0.24976749164731532,0,1,no_correct_move,0,True,0,0.0,0.0,0,42,,,,,0,0,True,0,0,False,False,0,False,0.0,0.6615132093429565,0.2305966317653656,0.8714383244514465,False,0.47629252076148987,0.06303441524505615,0.8270313143730164,False,,False,80
move_near,move_near/condition_0013,13,42,False,80,0.2536844150276038,-0.18522068858146667,-0.16756221652030945,-0.044407010078430176,0.24976749164731532,0,1,no_correct_move,0,True,0,0.0,0.0,0,43,,,,,0,0,True,0,0,False,False,0,False,0.0,0.6615132093429565,0.2305966317653656,0.8714383244514465,False,0.47629252076148987,0.06303441524505615,0.8270313143730164,False,,False,80
move_near,move_near/condition_0013,13,43,False,80,0.2536844150276038,-0.18522068858146667,-0.16756221652030945,-0.044407010078430176,0.24976749164731532,0,1,no_correct_move,0,True,0,0.0,0.0,0,44,,,,,0,0,True,0,0,False,False,0,False,0.0,0.6615132093429565,0.2305966317653656,0.8714383244514465,False,0.47629252076148987,0.06303441524505615,0.8270313143730164,False,,False,80
move_near,move_near/condition_0013,13,44,False,80,0.2536844150276038,-0.18522068858146667,-0.16756221652030945,-0.044407010078430176,0.24976749164731532,0,1,no_correct_move,0,True,0,0.0,0.0,0,45,,,,,0,0,True,0,0,False,False,0,False,0.0,0.6615132093429565,0.2305966317653656,0.8714383244514465,False,0.47629252076148987,0.06303441524505615,0.8270313143730164,False,,False,80
move_near,move_near/condition_0013,13,45,False,80,0.2536844150276038,-0.18522068858146667,-0.16756221652030945,-0.044407010078430176,0.24976749164731532,0,1,no_correct_move,0,True,0,0.0,0.0,0,46,,,,,0,0,True,0,0,False,False,0,False,0.0,0.6615132093429565,0.2305966317653656,0.8714383244514465,False,0.47629252076148987,0.06303441524505615,0.8270313143730164,False,,False,80
move_near,move_near/condition_0013,13,46,False,80,0.2536844150276038,-0.18522068858146667,-0.16756221652030945,-0.044407010078430176,0.24976749164731532,0,1,no_correct_move,0,True,0,0.0,0.0,0,47,,,,,0,0,True,0,0,False,False,0,False,0.0,0.6615132093429565,0.2305966317653656,0.8714383244514465,False,0.47629252076148987,0.06303441524505615,0.8270313143730164,False,,False,80
move_near,move_near/condition_0013,13,47,False,80,0.2536844150276038,-0.18522068858146667,-0.16756221652030945,-0.044407010078430176,0.24976749164731532,0,1,no_correct_move,0,True,0,0.0,0.0,0,48,,,,,0,0,True,0,0,False,False,0,False,0.0,0.6615132093429565,0.2305966317653656,0.8714383244514465,False,0.47629252076148987,0.06303441524505615,0.8270313143730164,False,,False,80
move_near,move_near/condition_0013,13,48,False,80,0.2536844150276038,-0.18522068858146667,-0.16756221652030945,-0.044407010078430176,0.24976749164731532,0,1,no_correct_move,0,True,0,0.0,0.0,0,49,,,,,0,0,True,0,0,False,False,0,False,0.0,0.6615132093429565,0.2305966317653656,0.8714383244514465,False,0.47629252076148987,0.06303441524505615,0.8270313143730164,False,,False,80
move_near,move_near/condition_0013,13,49,False,80,0.2536844150276038,-0.18522068858146667,-0.16756221652030945,-0.044407010078430176,0.24976749164731532,0,1,no_correct_move,0,True,0,0.0,0.0,0,50,,,,,0,0,True,0,0,False,False,0,False,0.0,0.6615132093429565,0.2305966317653656,0.8714383244514465,False,0.47629252076148987,0.06303441524505615,0.8270313143730164,False,,False,80
move_near,move_near/condition_0013,13,50,False,80,0.2536844150276038,-0.18522068858146667,-0.16756221652030945,-0.044407010078430176,0.24976749164731532,0,1,no_correct_move,0,True,0,0.0,0.0,0,51,,,,,0,0,True,0,0,False,False,0,False,0.0,0.6615132093429565,0.2305966317653656,0.8714383244514465,False,0.47629252076148987,0.06303441524505615,0.8270313143730164,False,,False,80
move_near,move_near/condition_0013,13,51,False,80,0.2536844150276038,-0.18522068858146667,-0.16756221652030945,-0.044407010078430176,0.24976749164731532,0,1,no_correct_move,0,True,0,0.0,0.0,0,52,,,,,0,0,True,0,0,False,False,0,False,0.0,0.6615132093429565,0.2305966317653656,0.8714383244514465,False,0.47629252076148987,0.06303441524505615,0.8270313143730164,False,,False,80
move_near,move_near/condition_0013,13,52,False,80,0.2536844150276038,-0.18522068858146667,-0.16756221652030945,-0.044407010078430176,0.24976749164731532,0,1,no_correct_move,0,True,0,0.0,0.0,0,53,,,,,0,0,True,0,0,False,False,0,False,0.0,0.6615132093429565,0.2305966317653656,0.8714383244514465,False,0.47629252076148987,0.06303441524505615,0.8270313143730164,False,,False,80
move_near,move_near/condition_0013,13,53,False,80,0.2536844150276038,-0.18522068858146667,-0.16756221652030945,-0.044407010078430176,0.24976749164731532,0,1,no_correct_move,0,True,0,0.0,0.0,0,54,,,,,0,0,True,0,0,False,False,0,False,0.0,0.6615132093429565,0.2305966317653656,0.8714383244514465,False,0.47629252076148987,0.06303441524505615,0.8270313143730164,False,,False,80
move_near,move_near/condition_0013,13,54,False,80,0.2536844150276038,-0.18522068858146667,-0.16756221652030945,-0.044407010078430176,0.24976749164731532,0,1,no_correct_move,0,True,0,0.0,0.0,0,55,,,,,0,0,True,0,0,False,False,0,False,0.0,0.6615132093429565,0.2305966317653656,0.8714383244514465,False,0.47629252076148987,0.06303441524505615,0.8270313143730164,False,,False,80
move_near,move_near/condition_0013,13,55,False,80,0.2536844150276038,-0.18522068858146667,-0.16756221652030945,-0.044407010078430176,0.24976749164731532,0,1,no_correct_move,0,True,0,0.0,0.0,0,56,,,,,0,0,True,0,0,False,False,0,False,0.0,0.6615132093429565,0.2305966317653656,0.8714383244514465,False,0.47629252076148987,0.06303441524505615,0.8270313143730164,False,,False,80
move_near,move_near/condition_0013,13,56,False,80,0.2536844150276038,-0.18522068858146667,-0.16756221652030945,-0.044407010078430176,0.24976749164731532,0,1,no_correct_move,0,True,0,0.0,0.0,0,57,,,,,0,0,True,0,0,False,False,0,False,0.0,0.6615132093429565,0.2305966317653656,0.8714383244514465,False,0.47629252076148987,0.06303441524505615,0.8270313143730164,False,,False,80
move_near,move_near/condition_0013,13,57,False,80,0.2536844150276038,-0.18522068858146667,-0.16756221652030945,-0.044407010078430176,0.24976749164731532,0,1,no_correct_move,0,True,0,0.0,0.0,0,58,,,,,0,0,True,0,0,False,False,0,False,0.0,0.6615132093429565,0.2305966317653656,0.8714383244514465,False,0.47629252076148987,0.06303441524505615,0.8270313143730164,False,,False,80
move_near,move_near/condition_0013,13,58,False,80,0.2536844150276038,-0.18522068858146667,-0.16756221652030945,-0.044407010078430176,0.24976749164731532,0,1,no_correct_move,0,True,0,0.0,0.0,0,59,,,,,0,0,True,0,0,False,False,0,False,0.0,0.6615132093429565,0.2305966317653656,0.8714383244514465,False,0.47629252076148987,0.06303441524505615,0.8270313143730164,False,,False,80
move_near,move_near/condition_0013,13,59,False,80,0.2536844150276038,-0.18522068858146667,-0.16756221652030945,-0.044407010078430176,0.24976749164731532,0,1,no_correct_move,0,True,0,0.0,0.0,0,60,,,,,0,0,True,0,0,False,False,0,False,0.0,0.6615132093429565,0.2305966317653656,0.8714383244514465,False,0.47629252076148987,0.06303441524505615,0.8270313143730164,False,,False,80
move_near,move_near/condition_0013,13,60,False,80,0.2536844150276038,-0.18522068858146667,-0.16756221652030945,-0.044407010078430176,0.24976749164731532,0,1,no_correct_move,0,True,0,0.0,0.0,0,61,,,,,0,0,True,0,0,False,False,0,False,0.0,0.6615132093429565,0.2305966317653656,0.8714383244514465,False,0.47629252076148987,0.06303441524505615,0.8270313143730164,False,,False,80
move_near,move_near/condition_0013,13,61,False,80,0.2536844150276038,-0.18522068858146667,-0.16756221652030945,-0.044407010078430176,0.24976749164731532,0,1,no_correct_move,0,True,0,0.0,0.0,0,62,,,,,0,0,True,0,0,False,False,0,False,0.0,0.6615132093429565,0.2305966317653656,0.8714383244514465,False,0.47629252076148987,0.06303441524505615,0.8270313143730164,False,,False,80
move_near,move_near/condition_0013,13,62,False,80,0.2536844150276038,-0.18522068858146667,-0.16756221652030945,-0.044407010078430176,0.24976749164731532,0,1,no_correct_move,0,True,0,0.0,0.0,0,63,,,,,0,0,True,0,0,False,False,0,False,0.0,0.6615132093429565,0.2305966317653656,0.8714383244514465,False,0.47629252076148987,0.06303441524505615,0.8270313143730164,False,,False,80
move_near,move_near/condition_0013,13,63,False,80,0.2536844150276038,-0.18522068858146667,-0.16756221652030945,-0.044407010078430176,0.24976749164731532,0,1,no_correct_move,0,True,0,0.0,0.0,0,64,,,,,0,0,True,0,0,False,False,0,False,0.0,0.6615132093429565,0.2305966317653656,0.8714383244514465,False,0.47629252076148987,0.06303441524505615,0.8270313143730164,False,,False,80
move_near,move_near/condition_0013,13,64,False,80,0.2536844150276038,-0.18522068858146667,-0.16756221652030945,-0.044407010078430176,0.24976749164731532,0,1,no_correct_move,0,True,0,0.0,0.0,0,65,,,,,0,0,True,0,0,False,False,0,False,0.0,0.6615132093429565,0.2305966317653656,0.8714383244514465,False,0.47629252076148987,0.06303441524505615,0.8270313143730164,False,,False,80
move_near,move_near/condition_0013,13,65,False,80,0.2536844150276038,-0.18522068858146667,-0.16756221652030945,-0.044407010078430176,0.24976749164731532,0,1,no_correct_move,0,True,0,0.0,0.0,0,66,,,,,0,0,True,0,0,False,False,0,False,0.0,0.6615132093429565,0.2305966317653656,0.8714383244514465,False,0.47629252076148987,0.06303441524505615,0.8270313143730164,False,,False,80
move_near,move_near/condition_0013,13,66,False,80,0.2536844150276038,-0.18522068858146667,-0.16756221652030945,-0.044407010078430176,0.24976749164731532,0,1,no_correct_move,0,True,0,0.0,0.0,0,67,,,,,0,0,True,0,0,False,False,0,False,0.0,0.6615132093429565,0.2305966317653656,0.8714383244514465,False,0.47629252076148987,0.06303441524505615,0.8270313143730164,False,,False,80
move_near,move_near/condition_0013,13,67,False,80,0.2536844150276038,-0.18522068858146667,-0.16756221652030945,-0.044407010078430176,0.24976749164731532,0,1,no_correct_move,0,True,0,0.0,0.0,0,68,,,,,0,0,True,0,0,False,False,0,False,0.0,0.6615132093429565,0.2305966317653656,0.8714383244514465,False,0.47629252076148987,0.06303441524505615,0.8270313143730164,False,,False,80
move_near,move_near/condition_0013,13,68,False,80,0.2536844150276038,-0.18522068858146667,-0.16756221652030945,-0.044407010078430176,0.24976749164731532,0,1,no_correct_move,0,True,0,0.0,0.0,0,69,,,,,0,0,True,0,0,False,False,0,False,0.0,0.6615132093429565,0.2305966317653656,0.8714383244514465,False,0.47629252076148987,0.06303441524505615,0.8270313143730164,False,,False,80
move_near,move_near/condition_0013,13,69,False,80,0.2536844150276038,-0.18522068858146667,-0.16756221652030945,-0.044407010078430176,0.24976749164731532,0,1,no_correct_move,0,True,0,0.0,0.0,0,70,,,,,0,0,True,0,0,False,False,0,False,0.0,0.6615132093429565,0.2305966317653656,0.8714383244514465,False,0.47629252076148987,0.06303441524505615,0.8270313143730164,False,,False,80
move_near,move_near/condition_0013,13,70,False,80,0.2536844150276038,-0.18522068858146667,-0.16756221652030945,-0.044407010078430176,0.24976749164731532,0,1,no_correct_move,0,True,0,0.0,0.0,0,71,,,,,0,0,True,0,0,False,False,0,False,0.0,0.6615132093429565,0.2305966317653656,0.8714383244514465,False,0.47629252076148987,0.06303441524505615,0.8270313143730164,False,,False,80
move_near,move_near/condition_0013,13,71,False,80,0.2536844150276038,-0.18522068858146667,-0.16756221652030945,-0.044407010078430176,0.24976749164731532,0,1,no_correct_move,0,True,0,0.0,0.0,0,72,,,,,0,0,True,0,0,False,False,0,False,0.0,0.6615132093429565,0.2305966317653656,0.8714383244514465,False,0.47629252076148987,0.06303441524505615,0.8270313143730164,False,,False,80
move_near,move_near/condition_0013,13,72,False,80,0.2536844150276038,-0.18522068858146667,-0.16756221652030945,-0.044407010078430176,0.24976749164731532,0,1,no_correct_move,0,True,0,0.0,0.0,0,73,,,,,0,0,True,0,0,False,False,0,False,0.0,0.6615132093429565,0.2305966317653656,0.8714383244514465,False,0.47629252076148987,0.06303441524505615,0.8270313143730164,False,,False,80
move_near,move_near/condition_0013,13,73,False,80,0.2536844150276038,-0.18522068858146667,-0.16756221652030945,-0.044407010078430176,0.24976749164731532,0,1,no_correct_move,0,True,0,0.0,0.0,0,74,,,,,0,0,True,0,0,False,False,0,False,0.0,0.6615132093429565,0.2305966317653656,0.8714383244514465,False,0.47629252076148987,0.06303441524505615,0.8270313143730164,False,,False,80
move_near,move_near/condition_0013,13,74,False,80,0.2536844150276038,-0.18522068858146667,-0.16756221652030945,-0.044407010078430176,0.24976749164731532,0,1,no_correct_move,0,True,0,0.0,0.0,0,75,,,,,0,0,True,0,0,False,False,0,False,0.0,0.6615132093429565,0.2305966317653656,0.8714383244514465,False,0.47629252076148987,0.06303441524505615,0.8270313143730164,False,,False,80
move_near,move_near/condition_0013,13,75,False,80,0.2536844150276038,-0.18522068858146667,-0.16756221652030945,-0.044407010078430176,0.24976749164731532,0,1,no_correct_move,0,True,0,0.0,0.0,0,76,,,,,0,0,True,0,0,False,False,0,False,0.0,0.6615132093429565,0.2305966317653656,0.8714383244514465,False,0.47629252076148987,0.06303441524505615,0.8270313143730164,False,,False,80
move_near,move_near/condition_0013,13,76,False,80,0.2536844150276038,-0.18522068858146667,-0.16756221652030945,-0.044407010078430176,0.24976749164731532,0,1,no_correct_move,0,True,0,0.0,0.0,0,77,,,,,0,0,True,0,0,False,False,0,False,0.0,0.6615132093429565,0.2305966317653656,0.8714383244514465,False,0.47629252076148987,0.06303441524505615,0.8270313143730164,False,,False,80
move_near,move_near/condition_0013,13,77,False,80,0.2536844150276038,-0.18522068858146667,-0.16756221652030945,-0.044407010078430176,0.24976749164731532,0,1,no_correct_move,0,True,0,0.0,0.0,0,78,,,,,0,0,True,0,0,False,False,0,False,0.0,0.6615132093429565,0.2305966317653656,0.8714383244514465,False,0.47629252076148987,0.06303441524505615,0.8270313143730164,False,,False,80
move_near,move_near/condition_0013,13,78,False,80,0.2536844150276038,-0.18522068858146667,-0.16756221652030945,-0.044407010078430176,0.24976749164731532,0,1,no_correct_move,0,True,0,0.0,0.0,0,79,,,,,0,0,True,0,0,False,False,0,False,0.0,0.6615132093429565,0.2305966317653656,0.8714383244514465,False,0.47629252076148987,0.06303441524505615,0.8270313143730164,False,,False,80
move_near,move_near/condition_0013,13,79,False,80,0.2536844150276038,-0.18522068858146667,-0.16756221652030945,-0.044407010078430176,0.24976749164731532,0,1,no_correct_move,0,True,0,0.0,0.0,0,80,,,,,0,0,True,0,0,False,False,0,False,0.0,0.6615132093429565,0.2305966317653656,0.8714383244514465,False,0.47629252076148987,0.06303441524505615,0.8270313143730164,False,,True,80
move_near,move_near/condition_0014,14,0,True,35,0.3023273965854628,-0.027274012565612793,0.29987432062625885,0.027080893516540527,0.30111207204708595,0,0,success,0,True,17,0.0,0.4857142857142857,0,1,18,,34,34,0,0,False,0,0,False,False,1,False,0.0,0.6887872219085693,-0.06927768886089325,0.844357430934906,False,0.6615132093429565,0.2305966317653656,0.8714383244514465,False,,False,80
move_near,move_near/condition_0014,14,1,True,35,0.3023273965854628,-0.027274012565612793,0.29987432062625885,0.027080893516540527,0.30111207204708595,0,0,success,0,True,17,0.0,0.4857142857142857,0,2,18,,34,34,0,0,False,0,0,False,False,1,False,0.0,0.6887872219085693,-0.06927768886089325,0.844357430934906,False,0.6615132093429565,0.2305966317653656,0.8714383244514465,False,,False,80
move_near,move_near/condition_0014,14,2,True,35,0.3023273965854628,-0.027274012565612793,0.29987432062625885,0.027080893516540527,0.30111207204708595,0,0,success,0,True,17,0.0,0.4857142857142857,0,3,18,,34,34,0,0,False,0,0,False,False,1,False,0.0,0.6887872219085693,-0.06927768886089325,0.844357430934906,False,0.6615132093429565,0.2305966317653656,0.8714383244514465,False,,False,80
move_near,move_near/condition_0014,14,3,True,35,0.3023273965854628,-0.027274012565612793,0.29987432062625885,0.027080893516540527,0.30111207204708595,0,0,success,0,True,17,0.0,0.4857142857142857,0,4,18,,34,34,0,0,False,0,0,False,False,1,False,0.0,0.6887872219085693,-0.06927768886089325,0.844357430934906,False,0.6615132093429565,0.2305966317653656,0.8714383244514465,False,,False,80
move_near,move_near/condition_0014,14,4,True,35,0.3023273965854628,-0.027274012565612793,0.29987432062625885,0.027080893516540527,0.30111207204708595,0,0,success,0,True,17,0.0,0.4857142857142857,0,5,18,,34,34,0,0,False,0,0,False,False,1,False,0.0,0.6887872219085693,-0.06927768886089325,0.844357430934906,False,0.6615132093429565,0.2305966317653656,0.8714383244514465,False,,False,80
move_near,move_near/condition_0014,14,5,True,35,0.3023273965854628,-0.027274012565612793,0.29987432062625885,0.027080893516540527,0.30111207204708595,0,0,success,0,True,17,0.0,0.4857142857142857,0,6,18,,34,34,0,0,False,0,0,False,False,1,False,0.0,0.6887872219085693,-0.06927768886089325,0.844357430934906,False,0.6615132093429565,0.2305966317653656,0.8714383244514465,False,,False,80
move_near,move_near/condition_0014,14,6,True,35,0.3023273965854628,-0.027274012565612793,0.29987432062625885,0.027080893516540527,0.30111207204708595,0,0,success,0,True,17,0.0,0.4857142857142857,0,7,18,,34,34,0,0,False,0,0,False,False,1,False,0.0,0.6887872219085693,-0.06927768886089325,0.844357430934906,False,0.6615132093429565,0.2305966317653656,0.8714383244514465,False,,False,80
move_near,move_near/condition_0014,14,7,True,35,0.3023273965854628,-0.027274012565612793,0.29987432062625885,0.027080893516540527,0.30111207204708595,0,0,success,0,True,17,0.0,0.4857142857142857,0,8,18,,34,34,0,0,False,0,0,False,False,1,False,0.0,0.6887872219085693,-0.06927768886089325,0.844357430934906,False,0.6615132093429565,0.2305966317653656,0.8714383244514465,False,,False,80
move_near,move_near/condition_0014,14,8,True,35,0.3023273965854628,-0.027274012565612793,0.29987432062625885,0.027080893516540527,0.30111207204708595,0,0,success,0,True,17,0.0,0.4857142857142857,0,9,18,,34,34,0,0,False,0,0,False,False,1,False,0.0,0.6887872219085693,-0.06927768886089325,0.844357430934906,False,0.6615132093429565,0.2305966317653656,0.8714383244514465,False,,False,80
move_near,move_near/condition_0014,14,9,True,35,0.3023273965854628,-0.027274012565612793,0.29987432062625885,0.027080893516540527,0.30111207204708595,0,0,success,0,True,17,0.0,0.4857142857142857,0,10,18,,34,34,0,0,False,0,0,False,False,1,False,0.0,0.6887872219085693,-0.06927768886089325,0.844357430934906,False,0.6615132093429565,0.2305966317653656,0.8714383244514465,False,,False,80
move_near,move_near/condition_0014,14,10,True,35,0.3023273965854628,-0.027274012565612793,0.29987432062625885,0.027080893516540527,0.30111207204708595,0,0,success,0,True,17,0.0,0.4857142857142857,0,11,18,,34,34,0,0,False,0,0,False,False,1,False,0.0,0.6887872219085693,-0.06927768886089325,0.844357430934906,False,0.6615132093429565,0.2305966317653656,0.8714383244514465,False,,False,80
move_near,move_near/condition_0014,14,11,True,35,0.3023273965854628,-0.027274012565612793,0.29987432062625885,0.027080893516540527,0.30111207204708595,0,0,success,0,True,17,0.0,0.4857142857142857,0,12,18,,34,34,0,0,False,0,0,False,False,1,False,0.0,0.6887872219085693,-0.06927768886089325,0.844357430934906,False,0.6615132093429565,0.2305966317653656,0.8714383244514465,False,,False,80
move_near,move_near/condition_0014,14,12,True,35,0.3023273965854628,-0.027274012565612793,0.29987432062625885,0.027080893516540527,0.30111207204708595,0,0,success,0,True,17,0.0,0.4857142857142857,0,13,18,,34,34,0,0,False,0,0,False,False,1,False,0.0,0.6887872219085693,-0.06927768886089325,0.844357430934906,False,0.6615132093429565,0.2305966317653656,0.8714383244514465,False,,False,80
move_near,move_near/condition_0014,14,13,True,35,0.3023273965854628,-0.027274012565612793,0.29987432062625885,0.027080893516540527,0.30111207204708595,0,0,success,0,True,17,0.0,0.4857142857142857,0,14,18,,34,34,0,0,False,0,0,False,False,1,False,0.0,0.6887872219085693,-0.06927768886089325,0.844357430934906,False,0.6615132093429565,0.2305966317653656,0.8714383244514465,False,,False,80
move_near,move_near/condition_0014,14,14,True,35,0.3023273965854628,-0.027274012565612793,0.29987432062625885,0.027080893516540527,0.30111207204708595,0,0,success,0,True,17,0.0,0.4857142857142857,0,15,18,,34,34,0,0,False,0,0,False,False,1,False,0.0,0.6887872219085693,-0.06927768886089325,0.844357430934906,False,0.6615132093429565,0.2305966317653656,0.8714383244514465,False,,False,80
move_near,move_near/condition_0014,14,15,True,35,0.3023273965854628,-0.027274012565612793,0.29987432062625885,0.027080893516540527,0.30111207204708595,0,0,success,0,True,17,0.0,0.4857142857142857,0,16,18,,34,34,0,0,False,0,0,False,False,1,False,0.0,0.6887872219085693,-0.06927768886089325,0.844357430934906,False,0.6615132093429565,0.2305966317653656,0.8714383244514465,False,,False,80
move_near,move_near/condition_0014,14,16,True,35,0.3023273965854628,-0.027274012565612793,0.29987432062625885,0.027080893516540527,0.30111207204708595,0,0,success,0,True,17,0.0,0.4857142857142857,0,17,18,,34,34,0,0,False,0,0,False,False,1,False,0.0,0.6887872219085693,-0.06927768886089325,0.844357430934906,False,0.6615132093429565,0.2305966317653656,0.8714383244514465,False,,False,80
move_near,move_near/condition_0014,14,17,True,35,0.3023273965854628,-0.027274012565612793,0.29987432062625885,0.027080893516540527,0.30111207204708595,0,0,success,0,True,17,0.0,0.4857142857142857,0,18,18,,34,34,0,0,False,0,0,False,False,1,False,0.0,0.6887872219085693,-0.06927768886089325,0.844357430934906,False,0.6615132093429565,0.2305966317653656,0.8714383244514465,False,,False,80
move_near,move_near/condition_0014,14,18,True,35,0.3023273965854628,-0.027274012565612793,0.29987432062625885,0.027080893516540527,0.30111207204708595,0,0,success,0,True,17,0.05263157894736842,0.4857142857142857,1,19,18,,34,34,0,0,False,1,1,True,False,1,False,0.0,0.6887872219085693,-0.06927768886089325,0.844357430934906,False,0.6615132093429565,0.2305966317653656,0.8714383244514465,False,0,False,80
move_near,move_near/condition_0014,14,19,True,35,0.3023273965854628,-0.027274012565612793,0.29987432062625885,0.027080893516540527,0.30111207204708595,0,0,success,0,True,17,0.1,0.4857142857142857,2,20,18,,34,34,0,0,True,1,0,True,False,1,False,0.0,0.6887872219085693,-0.06927768886089325,0.844357430934906,False,0.6615132093429565,0.2305966317653656,0.8714383244514465,False,1,False,80
move_near,move_near/condition_0014,14,20,True,35,0.3023273965854628,-0.027274012565612793,0.29987432062625885,0.027080893516540527,0.30111207204708595,0,0,success,0,True,17,0.14285714285714285,0.4857142857142857,3,21,18,,34,34,0,0,True,1,0,True,False,1,False,0.0,0.6887872219085693,-0.06927768886089325,0.844357430934906,False,0.6615132093429565,0.2305966317653656,0.8714383244514465,False,2,False,80
move_near,move_near/condition_0014,14,21,True,35,0.3023273965854628,-0.027274012565612793,0.29987432062625885,0.027080893516540527,0.30111207204708595,0,0,success,0,True,17,0.18181818181818182,0.4857142857142857,4,22,18,,34,34,0,0,True,1,0,True,False,1,False,0.0,0.6887872219085693,-0.06927768886089325,0.844357430934906,False,0.6615132093429565,0.2305966317653656,0.8714383244514465,False,3,False,80
move_near,move_near/condition_0014,14,22,True,35,0.3023273965854628,-0.027274012565612793,0.29987432062625885,0.027080893516540527,0.30111207204708595,0,0,success,0,True,17,0.21739130434782608,0.4857142857142857,5,23,18,,34,34,0,0,True,1,0,True,False,1,False,0.0,0.6887872219085693,-0.06927768886089325,0.844357430934906,False,0.6615132093429565,0.2305966317653656,0.8714383244514465,False,4,False,80
move_near,move_near/condition_0014,14,23,True,35,0.3023273965854628,-0.027274012565612793,0.29987432062625885,0.027080893516540527,0.30111207204708595,0,0,success,0,True,17,0.25,0.4857142857142857,6,24,18,,34,34,0,0,True,1,0,True,False,1,False,0.0,0.6887872219085693,-0.06927768886089325,0.844357430934906,False,0.6615132093429565,0.2305966317653656,0.8714383244514465,False,5,False,80
move_near,move_near/condition_0014,14,24,True,35,0.3023273965854628,-0.027274012565612793,0.29987432062625885,0.027080893516540527,0.30111207204708595,0,0,success,0,True,17,0.28,0.4857142857142857,7,25,18,,34,34,0,0,True,1,0,True,False,1,False,0.0,0.6887872219085693,-0.06927768886089325,0.844357430934906,False,0.6615132093429565,0.2305966317653656,0.8714383244514465,False,6,False,80
move_near,move_near/condition_0014,14,25,True,35,0.3023273965854628,-0.027274012565612793,0.29987432062625885,0.027080893516540527,0.30111207204708595,0,0,success,0,True,17,0.3076923076923077,0.4857142857142857,8,26,18,,34,34,0,0,True,1,0,True,False,1,False,0.0,0.6887872219085693,-0.06927768886089325,0.844357430934906,False,0.6615132093429565,0.2305966317653656,0.8714383244514465,False,7,False,80
move_near,move_near/condition_0014,14,26,True,35,0.3023273965854628,-0.027274012565612793,0.29987432062625885,0.027080893516540527,0.30111207204708595,0,0,success,0,True,17,0.3333333333333333,0.4857142857142857,9,27,18,,34,34,0,0,True,1,0,True,False,1,False,0.0,0.6887872219085693,-0.06927768886089325,0.844357430934906,False,0.6615132093429565,0.2305966317653656,0.8714383244514465,False,8,False,80
move_near,move_near/condition_0014,14,27,True,35,0.3023273965854628,-0.027274012565612793,0.29987432062625885,0.027080893516540527,0.30111207204708595,0,0,success,0,True,17,0.35714285714285715,0.4857142857142857,10,28,18,,34,34,0,0,True,1,0,True,False,1,False,0.0,0.6887872219085693,-0.06927768886089325,0.844357430934906,False,0.6615132093429565,0.2305966317653656,0.8714383244514465,False,9,False,80
move_near,move_near/condition_0014,14,28,True,35,0.3023273965854628,-0.027274012565612793,0.29987432062625885,0.027080893516540527,0.30111207204708595,0,0,success,0,True,17,0.3793103448275862,0.4857142857142857,11,29,18,,34,34,0,0,True,1,0,True,False,1,False,0.0,0.6887872219085693,-0.06927768886089325,0.844357430934906,False,0.6615132093429565,0.2305966317653656,0.8714383244514465,False,10,False,80
move_near,move_near/condition_0014,14,29,True,35,0.3023273965854628,-0.027274012565612793,0.29987432062625885,0.027080893516540527,0.30111207204708595,0,0,success,0,True,17,0.4,0.4857142857142857,12,30,18,,34,34,0,0,True,1,0,True,False,1,False,0.0,0.6887872219085693,-0.06927768886089325,0.844357430934906,False,0.6615132093429565,0.2305966317653656,0.8714383244514465,False,11,False,80
move_near,move_near/condition_0014,14,30,True,35,0.3023273965854628,-0.027274012565612793,0.29987432062625885,0.027080893516540527,0.30111207204708595,0,0,success,0,True,17,0.41935483870967744,0.4857142857142857,13,31,18,,34,34,0,0,True,1,0,True,False,1,False,0.0,0.6887872219085693,-0.06927768886089325,0.844357430934906,False,0.6615132093429565,0.2305966317653656,0.8714383244514465,False,12,False,80
move_near,move_near/condition_0014,14,31,True,35,0.3023273965854628,-0.027274012565612793,0.29987432062625885,0.027080893516540527,0.30111207204708595,0,0,success,0,True,17,0.4375,0.4857142857142857,14,32,18,,34,34,0,0,True,1,0,True,False,1,False,0.0,0.6887872219085693,-0.06927768886089325,0.844357430934906,False,0.6615132093429565,0.2305966317653656,0.8714383244514465,False,13,False,80
move_near,move_near/condition_0014,14,32,True,35,0.3023273965854628,-0.027274012565612793,0.29987432062625885,0.027080893516540527,0.30111207204708595,0,0,success,0,True,17,0.45454545454545453,0.4857142857142857,15,33,18,,34,34,0,0,True,1,0,True,False,1,False,0.0,0.6887872219085693,-0.06927768886089325,0.844357430934906,False,0.6615132093429565,0.2305966317653656,0.8714383244514465,False,14,False,80
move_near,move_near/condition_0014,14,33,True,35,0.3023273965854628,-0.027274012565612793,0.29987432062625885,0.027080893516540527,0.30111207204708595,0,0,success,0,True,17,0.47058823529411764,0.4857142857142857,16,34,18,,34,34,0,0,True,1,0,True,False,1,False,0.0,0.6887872219085693,-0.06927768886089325,0.844357430934906,False,0.6615132093429565,0.2305966317653656,0.8714383244514465,False,15,False,80
move_near,move_near/condition_0014,14,34,True,35,0.3023273965854628,-0.027274012565612793,0.29987432062625885,0.027080893516540527,0.30111207204708595,0,0,success,0,True,17,0.4857142857142857,0.4857142857142857,17,35,18,,34,34,0,0,True,3,1,True,False,1,True,1.0,0.6887872219085693,-0.06927768886089325,0.844357430934906,True,0.6615132093429565,0.2305966317653656,0.8714383244514465,True,16,False,80
move_near,move_near/condition_0015,15,0,False,80,0.2509196788289958,-0.21249470114707947,0.1323121041059494,-0.01732611656188965,0.25032077602254715,0,1,no_correct_move,0,True,0,0.0,0.0,0,1,,,,,0,0,True,0,0,False,False,0,False,0.0,0.6887872219085693,-0.06927768886089325,0.844357430934906,False,0.47629252076148987,0.06303441524505615,0.8270313143730164,False,,False,80
move_near,move_near/condition_0015,15,1,False,80,0.2509196788289958,-0.21249470114707947,0.1323121041059494,-0.01732611656188965,0.25032077602254715,0,1,no_correct_move,0,True,0,0.0,0.0,0,2,,,,,0,0,True,0,0,False,False,0,False,0.0,0.6887872219085693,-0.06927768886089325,0.844357430934906,False,0.47629252076148987,0.06303441524505615,0.8270313143730164,False,,False,80
move_near,move_near/condition_0015,15,2,False,80,0.2509196788289958,-0.21249470114707947,0.1323121041059494,-0.01732611656188965,0.25032077602254715,0,1,no_correct_move,0,True,0,0.0,0.0,0,3,,,,,0,0,True,0,0,False,False,0,False,0.0,0.6887872219085693,-0.06927768886089325,0.844357430934906,False,0.47629252076148987,0.06303441524505615,0.8270313143730164,False,,False,80
move_near,move_near/condition_0015,15,3,False,80,0.2509196788289958,-0.21249470114707947,0.1323121041059494,-0.01732611656188965,0.25032077602254715,0,1,no_correct_move,0,True,0,0.0,0.0,0,4,,,,,0,0,True,0,0,False,False,0,False,0.0,0.6887872219085693,-0.06927768886089325,0.844357430934906,False,0.47629252076148987,0.06303441524505615,0.8270313143730164,False,,False,80
move_near,move_near/condition_0015,15,4,False,80,0.2509196788289958,-0.21249470114707947,0.1323121041059494,-0.01732611656188965,0.25032077602254715,0,1,no_correct_move,0,True,0,0.0,0.0,0,5,,,,,0,0,True,0,0,False,False,0,False,0.0,0.6887872219085693,-0.06927768886089325,0.844357430934906,False,0.47629252076148987,0.06303441524505615,0.8270313143730164,False,,False,80
move_near,move_near/condition_0015,15,5,False,80,0.2509196788289958,-0.21249470114707947,0.1323121041059494,-0.01732611656188965,0.25032077602254715,0,1,no_correct_move,0,True,0,0.0,0.0,0,6,,,,,0,0,True,0,0,False,False,0,False,0.0,0.6887872219085693,-0.06927768886089325,0.844357430934906,False,0.47629252076148987,0.06303441524505615,0.8270313143730164,False,,False,80
move_near,move_near/condition_0015,15,6,False,80,0.2509196788289958,-0.21249470114707947,0.1323121041059494,-0.01732611656188965,0.25032077602254715,0,1,no_correct_move,0,True,0,0.0,0.0,0,7,,,,,0,0,True,0,0,False,False,0,False,0.0,0.6887872219085693,-0.06927768886089325,0.844357430934906,False,0.47629252076148987,0.06303441524505615,0.8270313143730164,False,,False,80
move_near,move_near/condition_0015,15,7,False,80,0.2509196788289958,-0.21249470114707947,0.1323121041059494,-0.01732611656188965,0.25032077602254715,0,1,no_correct_move,0,True,0,0.0,0.0,0,8,,,,,0,0,True,0,0,False,False,0,False,0.0,0.6887872219085693,-0.06927768886089325,0.844357430934906,False,0.47629252076148987,0.06303441524505615,0.8270313143730164,False,,False,80
move_near,move_near/condition_0015,15,8,False,80,0.2509196788289958,-0.21249470114707947,0.1323121041059494,-0.01732611656188965,0.25032077602254715,0,1,no_correct_move,0,True,0,0.0,0.0,0,9,,,,,0,0,True,0,0,False,False,0,False,0.0,0.6887872219085693,-0.06927768886089325,0.844357430934906,False,0.47629252076148987,0.06303441524505615,0.8270313143730164,False,,False,80
move_near,move_near/condition_0015,15,9,False,80,0.2509196788289958,-0.21249470114707947,0.1323121041059494,-0.01732611656188965,0.25032077602254715,0,1,no_correct_move,0,True,0,0.0,0.0,0,10,,,,,0,0,True,0,0,False,False,0,False,0.0,0.6887872219085693,-0.06927768886089325,0.844357430934906,False,0.47629252076148987,0.06303441524505615,0.8270313143730164,False,,False,80
move_near,move_near/condition_0015,15,10,False,80,0.2509196788289958,-0.21249470114707947,0.1323121041059494,-0.01732611656188965,0.25032077602254715,0,1,no_correct_move,0,True,0,0.0,0.0,0,11,,,,,0,0,True,0,0,False,False,0,False,0.0,0.6887872219085693,-0.06927768886089325,0.844357430934906,False,0.47629252076148987,0.06303441524505615,0.8270313143730164,False,,False,80
move_near,move_near/condition_0015,15,11,False,80,0.2509196788289958,-0.21249470114707947,0.1323121041059494,-0.01732611656188965,0.25032077602254715,0,1,no_correct_move,0,True,0,0.0,0.0,0,12,,,,,0,0,True,0,0,False,False,0,False,0.0,0.6887872219085693,-0.06927768886089325,0.844357430934906,False,0.47629252076148987,0.06303441524505615,0.8270313143730164,False,,False,80
move_near,move_near/condition_0015,15,12,False,80,0.2509196788289958,-0.21249470114707947,0.1323121041059494,-0.01732611656188965,0.25032077602254715,0,1,no_correct_move,0,True,0,0.0,0.0,0,13,,,,,0,0,True,0,0,False,False,0,False,0.0,0.6887872219085693,-0.06927768886089325,0.844357430934906,False,0.47629252076148987,0.06303441524505615,0.8270313143730164,False,,False,80
move_near,move_near/condition_0015,15,13,False,80,0.2509196788289958,-0.21249470114707947,0.1323121041059494,-0.01732611656188965,0.25032077602254715,0,1,no_correct_move,0,True,0,0.0,0.0,0,14,,,,,0,0,True,0,0,False,False,0,False,0.0,0.6887872219085693,-0.06927768886089325,0.844357430934906,False,0.47629252076148987,0.06303441524505615,0.8270313143730164,False,,False,80
move_near,move_near/condition_0015,15,14,False,80,0.2509196788289958,-0.21249470114707947,0.1323121041059494,-0.01732611656188965,0.25032077602254715,0,1,no_correct_move,0,True,0,0.0,0.0,0,15,,,,,0,0,True,0,0,False,False,0,False,0.0,0.6887872219085693,-0.06927768886089325,0.844357430934906,False,0.47629252076148987,0.06303441524505615,0.8270313143730164,False,,False,80
move_near,move_near/condition_0015,15,15,False,80,0.2509196788289958,-0.21249470114707947,0.1323121041059494,-0.01732611656188965,0.25032077602254715,0,1,no_correct_move,0,True,0,0.0,0.0,0,16,,,,,0,0,True,0,0,False,False,0,False,0.0,0.6887872219085693,-0.06927768886089325,0.844357430934906,False,0.47629252076148987,0.06303441524505615,0.8270313143730164,False,,False,80
move_near,move_near/condition_0015,15,16,False,80,0.2509196788289958,-0.21249470114707947,0.1323121041059494,-0.01732611656188965,0.25032077602254715,0,1,no_correct_move,0,True,0,0.0,0.0,0,17,,,,,0,0,True,0,0,False,False,0,False,0.0,0.6887872219085693,-0.06927768886089325,0.844357430934906,False,0.47629252076148987,0.06303441524505615,0.8270313143730164,False,,False,80
move_near,move_near/condition_0015,15,17,False,80,0.2509196788289958,-0.21249470114707947,0.1323121041059494,-0.01732611656188965,0.25032077602254715,0,1,no_correct_move,0,True,0,0.0,0.0,0,18,,,,,0,0,True,0,0,False,False,0,False,0.0,0.6887872219085693,-0.06927768886089325,0.844357430934906,False,0.47629252076148987,0.06303441524505615,0.8270313143730164,False,,False,80
move_near,move_near/condition_0015,15,18,False,80,0.2509196788289958,-0.21249470114707947,0.1323121041059494,-0.01732611656188965,0.25032077602254715,0,1,no_correct_move,0,True,0,0.0,0.0,0,19,,,,,0,0,True,0,0,False,False,0,False,0.0,0.6887872219085693,-0.06927768886089325,0.844357430934906,False,0.47629252076148987,0.06303441524505615,0.8270313143730164,False,,False,80
move_near,move_near/condition_0015,15,19,False,80,0.2509196788289958,-0.21249470114707947,0.1323121041059494,-0.01732611656188965,0.25032077602254715,0,1,no_correct_move,0,True,0,0.0,0.0,0,20,,,,,0,0,True,0,0,False,False,0,False,0.0,0.6887872219085693,-0.06927768886089325,0.844357430934906,False,0.47629252076148987,0.06303441524505615,0.8270313143730164,False,,False,80
move_near,move_near/condition_0015,15,20,False,80,0.2509196788289958,-0.21249470114707947,0.1323121041059494,-0.01732611656188965,0.25032077602254715,0,1,no_correct_move,0,True,0,0.0,0.0,0,21,,,,,0,0,True,0,0,False,False,0,False,0.0,0.6887872219085693,-0.06927768886089325,0.844357430934906,False,0.47629252076148987,0.06303441524505615,0.8270313143730164,False,,False,80
move_near,move_near/condition_0015,15,21,False,80,0.2509196788289958,-0.21249470114707947,0.1323121041059494,-0.01732611656188965,0.25032077602254715,0,1,no_correct_move,0,True,0,0.0,0.0,0,22,,,,,0,0,True,0,0,False,False,0,False,0.0,0.6887872219085693,-0.06927768886089325,0.844357430934906,False,0.47629252076148987,0.06303441524505615,0.8270313143730164,False,,False,80
move_near,move_near/condition_0015,15,22,False,80,0.2509196788289958,-0.21249470114707947,0.1323121041059494,-0.01732611656188965,0.25032077602254715,0,1,no_correct_move,0,True,0,0.0,0.0,0,23,,,,,0,0,True,0,0,False,False,0,False,0.0,0.6887872219085693,-0.06927768886089325,0.844357430934906,False,0.47629252076148987,0.06303441524505615,0.8270313143730164,False,,False,80
move_near,move_near/condition_0015,15,23,False,80,0.2509196788289958,-0.21249470114707947,0.1323121041059494,-0.01732611656188965,0.25032077602254715,0,1,no_correct_move,0,True,0,0.0,0.0,0,24,,,,,0,0,True,0,0,False,False,0,False,0.0,0.6887872219085693,-0.06927768886089325,0.844357430934906,False,0.47629252076148987,0.06303441524505615,0.8270313143730164,False,,False,80
move_near,move_near/condition_0015,15,24,False,80,0.2509196788289958,-0.21249470114707947,0.1323121041059494,-0.01732611656188965,0.25032077602254715,0,1,no_correct_move,0,True,0,0.0,0.0,0,25,,,,,0,0,True,0,0,False,False,0,False,0.0,0.6887872219085693,-0.06927768886089325,0.844357430934906,False,0.47629252076148987,0.06303441524505615,0.8270313143730164,False,,False,80
move_near,move_near/condition_0015,15,25,False,80,0.2509196788289958,-0.21249470114707947,0.1323121041059494,-0.01732611656188965,0.25032077602254715,0,1,no_correct_move,0,True,0,0.0,0.0,0,26,,,,,0,0,True,0,0,False,False,0,False,0.0,0.6887872219085693,-0.06927768886089325,0.844357430934906,False,0.47629252076148987,0.06303441524505615,0.8270313143730164,False,,False,80
move_near,move_near/condition_0015,15,26,False,80,0.2509196788289958,-0.21249470114707947,0.1323121041059494,-0.01732611656188965,0.25032077602254715,0,1,no_correct_move,0,True,0,0.0,0.0,0,27,,,,,0,0,True,0,0,False,False,0,False,0.0,0.6887872219085693,-0.06927768886089325,0.844357430934906,False,0.47629252076148987,0.06303441524505615,0.8270313143730164,False,,False,80
move_near,move_near/condition_0015,15,27,False,80,0.2509196788289958,-0.21249470114707947,0.1323121041059494,-0.01732611656188965,0.25032077602254715,0,1,no_correct_move,0,True,0,0.0,0.0,0,28,,,,,0,0,True,0,0,False,False,0,False,0.0,0.6887872219085693,-0.06927768886089325,0.844357430934906,False,0.47629252076148987,0.06303441524505615,0.8270313143730164,False,,False,80
move_near,move_near/condition_0015,15,28,False,80,0.2509196788289958,-0.21249470114707947,0.1323121041059494,-0.01732611656188965,0.25032077602254715,0,1,no_correct_move,0,True,0,0.0,0.0,0,29,,,,,0,0,True,0,0,False,False,0,False,0.0,0.6887872219085693,-0.06927768886089325,0.844357430934906,False,0.47629252076148987,0.06303441524505615,0.8270313143730164,False,,False,80
move_near,move_near/condition_0015,15,29,False,80,0.2509196788289958,-0.21249470114707947,0.1323121041059494,-0.01732611656188965,0.25032077602254715,0,1,no_correct_move,0,True,0,0.0,0.0,0,30,,,,,0,0,True,0,0,False,False,0,False,0.0,0.6887872219085693,-0.06927768886089325,0.844357430934906,False,0.47629252076148987,0.06303441524505615,0.8270313143730164,False,,False,80
move_near,move_near/condition_0015,15,30,False,80,0.2509196788289958,-0.21249470114707947,0.1323121041059494,-0.01732611656188965,0.25032077602254715,0,1,no_correct_move,0,True,0,0.0,0.0,0,31,,,,,0,0,True,0,0,False,False,0,False,0.0,0.6887872219085693,-0.06927768886089325,0.844357430934906,False,0.47629252076148987,0.06303441524505615,0.8270313143730164,False,,False,80
move_near,move_near/condition_0015,15,31,False,80,0.2509196788289958,-0.21249470114707947,0.1323121041059494,-0.01732611656188965,0.25032077602254715,0,1,no_correct_move,0,True,0,0.0,0.0,0,32,,,,,0,0,True,0,0,False,False,0,False,0.0,0.6887872219085693,-0.06927768886089325,0.844357430934906,False,0.47629252076148987,0.06303441524505615,0.8270313143730164,False,,False,80
move_near,move_near/condition_0015,15,32,False,80,0.2509196788289958,-0.21249470114707947,0.1323121041059494,-0.01732611656188965,0.25032077602254715,0,1,no_correct_move,0,True,0,0.0,0.0,0,33,,,,,0,0,True,0,0,False,False,0,False,0.0,0.6887872219085693,-0.06927768886089325,0.844357430934906,False,0.47629252076148987,0.06303441524505615,0.8270313143730164,False,,False,80
move_near,move_near/condition_0015,15,33,False,80,0.2509196788289958,-0.21249470114707947,0.1323121041059494,-0.01732611656188965,0.25032077602254715,0,1,no_correct_move,0,True,0,0.0,0.0,0,34,,,,,0,0,True,0,0,False,False,0,False,0.0,0.6887872219085693,-0.06927768886089325,0.844357430934906,False,0.47629252076148987,0.06303441524505615,0.8270313143730164,False,,False,80
move_near,move_near/condition_0015,15,34,False,80,0.2509196788289958,-0.21249470114707947,0.1323121041059494,-0.01732611656188965,0.25032077602254715,0,1,no_correct_move,0,True,0,0.0,0.0,0,35,,,,,0,0,True,0,0,False,False,0,False,0.0,0.6887872219085693,-0.06927768886089325,0.844357430934906,False,0.47629252076148987,0.06303441524505615,0.8270313143730164,False,,False,80
move_near,move_near/condition_0015,15,35,False,80,0.2509196788289958,-0.21249470114707947,0.1323121041059494,-0.01732611656188965,0.25032077602254715,0,1,no_correct_move,0,True,0,0.0,0.0,0,36,,,,,0,0,True,0,0,False,False,0,False,0.0,0.6887872219085693,-0.06927768886089325,0.844357430934906,False,0.47629252076148987,0.06303441524505615,0.8270313143730164,False,,False,80
move_near,move_near/condition_0015,15,36,False,80,0.2509196788289958,-0.21249470114707947,0.1323121041059494,-0.01732611656188965,0.25032077602254715,0,1,no_correct_move,0,True,0,0.0,0.0,0,37,,,,,0,0,True,0,0,False,False,0,False,0.0,0.6887872219085693,-0.06927768886089325,0.844357430934906,False,0.47629252076148987,0.06303441524505615,0.8270313143730164,False,,False,80
move_near,move_near/condition_0015,15,37,False,80,0.2509196788289958,-0.21249470114707947,0.1323121041059494,-0.01732611656188965,0.25032077602254715,0,1,no_correct_move,0,True,0,0.0,0.0,0,38,,,,,0,0,True,0,0,False,False,0,False,0.0,0.6887872219085693,-0.06927768886089325,0.844357430934906,False,0.47629252076148987,0.06303441524505615,0.8270313143730164,False,,False,80
move_near,move_near/condition_0015,15,38,False,80,0.2509196788289958,-0.21249470114707947,0.1323121041059494,-0.01732611656188965,0.25032077602254715,0,1,no_correct_move,0,True,0,0.0,0.0,0,39,,,,,0,0,True,0,0,False,False,0,False,0.0,0.6887872219085693,-0.06927768886089325,0.844357430934906,False,0.47629252076148987,0.06303441524505615,0.8270313143730164,False,,False,80
move_near,move_near/condition_0015,15,39,False,80,0.2509196788289958,-0.21249470114707947,0.1323121041059494,-0.01732611656188965,0.25032077602254715,0,1,no_correct_move,0,True,0,0.0,0.0,0,40,,,,,0,0,True,0,0,False,False,0,False,0.0,0.6887872219085693,-0.06927768886089325,0.844357430934906,False,0.47629252076148987,0.06303441524505615,0.8270313143730164,False,,False,80
move_near,move_near/condition_0015,15,40,False,80,0.2509196788289958,-0.21249470114707947,0.1323121041059494,-0.01732611656188965,0.25032077602254715,0,1,no_correct_move,0,True,0,0.0,0.0,0,41,,,,,0,0,True,0,0,False,False,0,False,0.0,0.6887872219085693,-0.06927768886089325,0.844357430934906,False,0.47629252076148987,0.06303441524505615,0.8270313143730164,False,,False,80
move_near,move_near/condition_0015,15,41,False,80,0.2509196788289958,-0.21249470114707947,0.1323121041059494,-0.01732611656188965,0.25032077602254715,0,1,no_correct_move,0,True,0,0.0,0.0,0,42,,,,,0,0,True,0,0,False,False,0,False,0.0,0.6887872219085693,-0.06927768886089325,0.844357430934906,False,0.47629252076148987,0.06303441524505615,0.8270313143730164,False,,False,80
move_near,move_near/condition_0015,15,42,False,80,0.2509196788289958,-0.21249470114707947,0.1323121041059494,-0.01732611656188965,0.25032077602254715,0,1,no_correct_move,0,True,0,0.0,0.0,0,43,,,,,0,0,True,0,0,False,False,0,False,0.0,0.6887872219085693,-0.06927768886089325,0.844357430934906,False,0.47629252076148987,0.06303441524505615,0.8270313143730164,False,,False,80
move_near,move_near/condition_0015,15,43,False,80,0.2509196788289958,-0.21249470114707947,0.1323121041059494,-0.01732611656188965,0.25032077602254715,0,1,no_correct_move,0,True,0,0.0,0.0,0,44,,,,,0,0,True,0,0,False,False,0,False,0.0,0.6887872219085693,-0.06927768886089325,0.844357430934906,False,0.47629252076148987,0.06303441524505615,0.8270313143730164,False,,False,80
move_near,move_near/condition_0015,15,44,False,80,0.2509196788289958,-0.21249470114707947,0.1323121041059494,-0.01732611656188965,0.25032077602254715,0,1,no_correct_move,0,True,0,0.0,0.0,0,45,,,,,0,0,True,0,0,False,False,0,False,0.0,0.6887872219085693,-0.06927768886089325,0.844357430934906,False,0.47629252076148987,0.06303441524505615,0.8270313143730164,False,,False,80
move_near,move_near/condition_0015,15,45,False,80,0.2509196788289958,-0.21249470114707947,0.1323121041059494,-0.01732611656188965,0.25032077602254715,0,1,no_correct_move,0,True,0,0.0,0.0,0,46,,,,,0,0,True,0,0,False,False,0,False,0.0,0.6887872219085693,-0.06927768886089325,0.844357430934906,False,0.47629252076148987,0.06303441524505615,0.8270313143730164,False,,False,80
move_near,move_near/condition_0015,15,46,False,80,0.2509196788289958,-0.21249470114707947,0.1323121041059494,-0.01732611656188965,0.25032077602254715,0,1,no_correct_move,0,True,0,0.0,0.0,0,47,,,,,0,0,True,0,0,False,False,0,False,0.0,0.6887872219085693,-0.06927768886089325,0.844357430934906,False,0.47629252076148987,0.06303441524505615,0.8270313143730164,False,,False,80
move_near,move_near/condition_0015,15,47,False,80,0.2509196788289958,-0.21249470114707947,0.1323121041059494,-0.01732611656188965,0.25032077602254715,0,1,no_correct_move,0,True,0,0.0,0.0,0,48,,,,,0,0,True,0,0,False,False,0,False,0.0,0.6887872219085693,-0.06927768886089325,0.844357430934906,False,0.47629252076148987,0.06303441524505615,0.8270313143730164,False,,False,80
move_near,move_near/condition_0015,15,48,False,80,0.2509196788289958,-0.21249470114707947,0.1323121041059494,-0.01732611656188965,0.25032077602254715,0,1,no_correct_move,0,True,0,0.0,0.0,0,49,,,,,0,0,True,0,0,False,False,0,False,0.0,0.6887872219085693,-0.06927768886089325,0.844357430934906,False,0.47629252076148987,0.06303441524505615,0.8270313143730164,False,,False,80
move_near,move_near/condition_0015,15,49,False,80,0.2509196788289958,-0.21249470114707947,0.1323121041059494,-0.01732611656188965,0.25032077602254715,0,1,no_correct_move,0,True,0,0.0,0.0,0,50,,,,,0,0,True,0,0,False,False,0,False,0.0,0.6887872219085693,-0.06927768886089325,0.844357430934906,False,0.47629252076148987,0.06303441524505615,0.8270313143730164,False,,False,80
move_near,move_near/condition_0015,15,50,False,80,0.2509196788289958,-0.21249470114707947,0.1323121041059494,-0.01732611656188965,0.25032077602254715,0,1,no_correct_move,0,True,0,0.0,0.0,0,51,,,,,0,0,True,0,0,False,False,0,False,0.0,0.6887872219085693,-0.06927768886089325,0.844357430934906,False,0.47629252076148987,0.06303441524505615,0.8270313143730164,False,,False,80
move_near,move_near/condition_0015,15,51,False,80,0.2509196788289958,-0.21249470114707947,0.1323121041059494,-0.01732611656188965,0.25032077602254715,0,1,no_correct_move,0,True,0,0.0,0.0,0,52,,,,,0,0,True,0,0,False,False,0,False,0.0,0.6887872219085693,-0.06927768886089325,0.844357430934906,False,0.47629252076148987,0.06303441524505615,0.8270313143730164,False,,False,80
move_near,move_near/condition_0015,15,52,False,80,0.2509196788289958,-0.21249470114707947,0.1323121041059494,-0.01732611656188965,0.25032077602254715,0,1,no_correct_move,0,True,0,0.0,0.0,0,53,,,,,0,0,True,0,0,False,False,0,False,0.0,0.6887872219085693,-0.06927768886089325,0.844357430934906,False,0.47629252076148987,0.06303441524505615,0.8270313143730164,False,,False,80
move_near,move_near/condition_0015,15,53,False,80,0.2509196788289958,-0.21249470114707947,0.1323121041059494,-0.01732611656188965,0.25032077602254715,0,1,no_correct_move,0,True,0,0.0,0.0,0,54,,,,,0,0,True,0,0,False,False,0,False,0.0,0.6887872219085693,-0.06927768886089325,0.844357430934906,False,0.47629252076148987,0.06303441524505615,0.8270313143730164,False,,False,80
move_near,move_near/condition_0015,15,54,False,80,0.2509196788289958,-0.21249470114707947,0.1323121041059494,-0.01732611656188965,0.25032077602254715,0,1,no_correct_move,0,True,0,0.0,0.0,0,55,,,,,0,0,True,0,0,False,False,0,False,0.0,0.6887872219085693,-0.06927768886089325,0.844357430934906,False,0.47629252076148987,0.06303441524505615,0.8270313143730164,False,,False,80
move_near,move_near/condition_0015,15,55,False,80,0.2509196788289958,-0.21249470114707947,0.1323121041059494,-0.01732611656188965,0.25032077602254715,0,1,no_correct_move,0,True,0,0.0,0.0,0,56,,,,,0,0,True,0,0,False,False,0,False,0.0,0.6887872219085693,-0.06927768886089325,0.844357430934906,False,0.47629252076148987,0.06303441524505615,0.8270313143730164,False,,False,80
move_near,move_near/condition_0015,15,56,False,80,0.2509196788289958,-0.21249470114707947,0.1323121041059494,-0.01732611656188965,0.25032077602254715,0,1,no_correct_move,0,True,0,0.0,0.0,0,57,,,,,0,0,True,0,0,False,False,0,False,0.0,0.6887872219085693,-0.06927768886089325,0.844357430934906,False,0.47629252076148987,0.06303441524505615,0.8270313143730164,False,,False,80
move_near,move_near/condition_0015,15,57,False,80,0.2509196788289958,-0.21249470114707947,0.1323121041059494,-0.01732611656188965,0.25032077602254715,0,1,no_correct_move,0,True,0,0.0,0.0,0,58,,,,,0,0,True,0,0,False,False,0,False,0.0,0.6887872219085693,-0.06927768886089325,0.844357430934906,False,0.47629252076148987,0.06303441524505615,0.8270313143730164,False,,False,80
move_near,move_near/condition_0015,15,58,False,80,0.2509196788289958,-0.21249470114707947,0.1323121041059494,-0.01732611656188965,0.25032077602254715,0,1,no_correct_move,0,True,0,0.0,0.0,0,59,,,,,0,0,True,0,0,False,False,0,False,0.0,0.6887872219085693,-0.06927768886089325,0.844357430934906,False,0.47629252076148987,0.06303441524505615,0.8270313143730164,False,,False,80
move_near,move_near/condition_0015,15,59,False,80,0.2509196788289958,-0.21249470114707947,0.1323121041059494,-0.01732611656188965,0.25032077602254715,0,1,no_correct_move,0,True,0,0.0,0.0,0,60,,,,,0,0,True,0,0,False,False,0,False,0.0,0.6887872219085693,-0.06927768886089325,0.844357430934906,False,0.47629252076148987,0.06303441524505615,0.8270313143730164,False,,False,80
move_near,move_near/condition_0015,15,60,False,80,0.2509196788289958,-0.21249470114707947,0.1323121041059494,-0.01732611656188965,0.25032077602254715,0,1,no_correct_move,0,True,0,0.0,0.0,0,61,,,,,0,0,True,0,0,False,False,0,False,0.0,0.6887872219085693,-0.06927768886089325,0.844357430934906,False,0.47629252076148987,0.06303441524505615,0.8270313143730164,False,,False,80
move_near,move_near/condition_0015,15,61,False,80,0.2509196788289958,-0.21249470114707947,0.1323121041059494,-0.01732611656188965,0.25032077602254715,0,1,no_correct_move,0,True,0,0.0,0.0,0,62,,,,,0,0,True,0,0,False,False,0,False,0.0,0.6887872219085693,-0.06927768886089325,0.844357430934906,False,0.47629252076148987,0.06303441524505615,0.8270313143730164,False,,False,80
move_near,move_near/condition_0015,15,62,False,80,0.2509196788289958,-0.21249470114707947,0.1323121041059494,-0.01732611656188965,0.25032077602254715,0,1,no_correct_move,0,True,0,0.0,0.0,0,63,,,,,0,0,True,0,0,False,False,0,False,0.0,0.6887872219085693,-0.06927768886089325,0.844357430934906,False,0.47629252076148987,0.06303441524505615,0.8270313143730164,False,,False,80
move_near,move_near/condition_0015,15,63,False,80,0.2509196788289958,-0.21249470114707947,0.1323121041059494,-0.01732611656188965,0.25032077602254715,0,1,no_correct_move,0,True,0,0.0,0.0,0,64,,,,,0,0,True,0,0,False,False,0,False,0.0,0.6887872219085693,-0.06927768886089325,0.844357430934906,False,0.47629252076148987,0.06303441524505615,0.8270313143730164,False,,False,80
move_near,move_near/condition_0015,15,64,False,80,0.2509196788289958,-0.21249470114707947,0.1323121041059494,-0.01732611656188965,0.25032077602254715,0,1,no_correct_move,0,True,0,0.0,0.0,0,65,,,,,0,0,True,0,0,False,False,0,False,0.0,0.6887872219085693,-0.06927768886089325,0.844357430934906,False,0.47629252076148987,0.06303441524505615,0.8270313143730164,False,,False,80
move_near,move_near/condition_0015,15,65,False,80,0.2509196788289958,-0.21249470114707947,0.1323121041059494,-0.01732611656188965,0.25032077602254715,0,1,no_correct_move,0,True,0,0.0,0.0,0,66,,,,,0,0,True,0,0,False,False,0,False,0.0,0.6887872219085693,-0.06927768886089325,0.844357430934906,False,0.47629252076148987,0.06303441524505615,0.8270313143730164,False,,False,80
move_near,move_near/condition_0015,15,66,False,80,0.2509196788289958,-0.21249470114707947,0.1323121041059494,-0.01732611656188965,0.25032077602254715,0,1,no_correct_move,0,True,0,0.0,0.0,0,67,,,,,0,0,True,0,0,False,False,0,False,0.0,0.6887872219085693,-0.06927768886089325,0.844357430934906,False,0.47629252076148987,0.06303441524505615,0.8270313143730164,False,,False,80
move_near,move_near/condition_0015,15,67,False,80,0.2509196788289958,-0.21249470114707947,0.1323121041059494,-0.01732611656188965,0.25032077602254715,0,1,no_correct_move,0,True,0,0.0,0.0,0,68,,,,,0,0,True,0,0,False,False,0,False,0.0,0.6887872219085693,-0.06927768886089325,0.844357430934906,False,0.47629252076148987,0.06303441524505615,0.8270313143730164,False,,False,80
move_near,move_near/condition_0015,15,68,False,80,0.2509196788289958,-0.21249470114707947,0.1323121041059494,-0.01732611656188965,0.25032077602254715,0,1,no_correct_move,0,True,0,0.0,0.0,0,69,,,,,0,0,True,0,0,False,False,0,False,0.0,0.6887872219085693,-0.06927768886089325,0.844357430934906,False,0.47629252076148987,0.06303441524505615,0.8270313143730164,False,,False,80
move_near,move_near/condition_0015,15,69,False,80,0.2509196788289958,-0.21249470114707947,0.1323121041059494,-0.01732611656188965,0.25032077602254715,0,1,no_correct_move,0,True,0,0.0,0.0,0,70,,,,,0,0,True,0,0,False,False,0,False,0.0,0.6887872219085693,-0.06927768886089325,0.844357430934906,False,0.47629252076148987,0.06303441524505615,0.8270313143730164,False,,False,80
move_near,move_near/condition_0015,15,70,False,80,0.2509196788289958,-0.21249470114707947,0.1323121041059494,-0.01732611656188965,0.25032077602254715,0,1,no_correct_move,0,True,0,0.0,0.0,0,71,,,,,0,0,True,0,0,False,False,0,False,0.0,0.6887872219085693,-0.06927768886089325,0.844357430934906,False,0.47629252076148987,0.06303441524505615,0.8270313143730164,False,,False,80
move_near,move_near/condition_0015,15,71,False,80,0.2509196788289958,-0.21249470114707947,0.1323121041059494,-0.01732611656188965,0.25032077602254715,0,1,no_correct_move,0,True,0,0.0,0.0,0,72,,,,,0,0,True,0,0,False,False,0,False,0.0,0.6887872219085693,-0.06927768886089325,0.844357430934906,False,0.47629252076148987,0.06303441524505615,0.8270313143730164,False,,False,80
move_near,move_near/condition_0015,15,72,False,80,0.2509196788289958,-0.21249470114707947,0.1323121041059494,-0.01732611656188965,0.25032077602254715,0,1,no_correct_move,0,True,0,0.0,0.0,0,73,,,,,0,0,True,0,0,False,False,0,False,0.0,0.6887872219085693,-0.06927768886089325,0.844357430934906,False,0.47629252076148987,0.06303441524505615,0.8270313143730164,False,,False,80
move_near,move_near/condition_0015,15,73,False,80,0.2509196788289958,-0.21249470114707947,0.1323121041059494,-0.01732611656188965,0.25032077602254715,0,1,no_correct_move,0,True,0,0.0,0.0,0,74,,,,,0,0,True,0,0,False,False,0,False,0.0,0.6887872219085693,-0.06927768886089325,0.844357430934906,False,0.47629252076148987,0.06303441524505615,0.8270313143730164,False,,False,80
move_near,move_near/condition_0015,15,74,False,80,0.2509196788289958,-0.21249470114707947,0.1323121041059494,-0.01732611656188965,0.25032077602254715,0,1,no_correct_move,0,True,0,0.0,0.0,0,75,,,,,0,0,True,0,0,False,False,0,False,0.0,0.6887872219085693,-0.06927768886089325,0.844357430934906,False,0.47629252076148987,0.06303441524505615,0.8270313143730164,False,,False,80
move_near,move_near/condition_0015,15,75,False,80,0.2509196788289958,-0.21249470114707947,0.1323121041059494,-0.01732611656188965,0.25032077602254715,0,1,no_correct_move,0,True,0,0.0,0.0,0,76,,,,,0,0,True,0,0,False,False,0,False,0.0,0.6887872219085693,-0.06927768886089325,0.844357430934906,False,0.47629252076148987,0.06303441524505615,0.8270313143730164,False,,False,80
move_near,move_near/condition_0015,15,76,False,80,0.2509196788289958,-0.21249470114707947,0.1323121041059494,-0.01732611656188965,0.25032077602254715,0,1,no_correct_move,0,True,0,0.0,0.0,0,77,,,,,0,0,True,0,0,False,False,0,False,0.0,0.6887872219085693,-0.06927768886089325,0.844357430934906,False,0.47629252076148987,0.06303441524505615,0.8270313143730164,False,,False,80
move_near,move_near/condition_0015,15,77,False,80,0.2509196788289958,-0.21249470114707947,0.1323121041059494,-0.01732611656188965,0.25032077602254715,0,1,no_correct_move,0,True,0,0.0,0.0,0,78,,,,,0,0,True,0,0,False,False,0,False,0.0,0.6887872219085693,-0.06927768886089325,0.844357430934906,False,0.47629252076148987,0.06303441524505615,0.8270313143730164,False,,False,80
move_near,move_near/condition_0015,15,78,False,80,0.2509196788289958,-0.21249470114707947,0.1323121041059494,-0.01732611656188965,0.25032077602254715,0,1,no_correct_move,0,True,0,0.0,0.0,0,79,,,,,0,0,True,0,0,False,False,0,False,0.0,0.6887872219085693,-0.06927768886089325,0.844357430934906,False,0.47629252076148987,0.06303441524505615,0.8270313143730164,False,,False,80
move_near,move_near/condition_0015,15,79,False,80,0.2509196788289958,-0.21249470114707947,0.1323121041059494,-0.01732611656188965,0.25032077602254715,0,1,no_correct_move,0,True,0,0.0,0.0,0,80,,,,,0,0,True,0,0,False,False,0,False,0.0,0.6887872219085693,-0.06927768886089325,0.844357430934906,False,0.47629252076148987,0.06303441524505615,0.8270313143730164,False,,True,80
move_near,move_near/condition_0016,16,0,False,80,0.25368383889656915,0.18522047996520996,0.1675615906715393,0.0444069504737854,0.24976691707854193,0,0,transport_not_completed,1,True,6,0.0,0.075,0,1,74,,,,0,0,True,0,0,False,False,0,False,0.0,0.4762927293777466,0.0630350410938263,0.8270313739776611,False,0.6615132093429565,0.2305966317653656,0.8714383244514465,False,,False,80
move_near,move_near/condition_0016,16,1,False,80,0.25368383889656915,0.18522047996520996,0.1675615906715393,0.0444069504737854,0.24976691707854193,0,0,transport_not_completed,1,True,6,0.0,0.075,0,2,74,,,,0,0,True,0,0,False,False,0,False,0.0,0.4762927293777466,0.0630350410938263,0.8270313739776611,False,0.6615132093429565,0.2305966317653656,0.8714383244514465,False,,False,80
move_near,move_near/condition_0016,16,2,False,80,0.25368383889656915,0.18522047996520996,0.1675615906715393,0.0444069504737854,0.24976691707854193,0,0,transport_not_completed,1,True,6,0.0,0.075,0,3,74,,,,0,0,True,0,0,False,False,0,False,0.0,0.4762927293777466,0.0630350410938263,0.8270313739776611,False,0.6615132093429565,0.2305966317653656,0.8714383244514465,False,,False,80
move_near,move_near/condition_0016,16,3,False,80,0.25368383889656915,0.18522047996520996,0.1675615906715393,0.0444069504737854,0.24976691707854193,0,0,transport_not_completed,1,True,6,0.0,0.075,0,4,74,,,,0,0,True,0,0,False,False,0,False,0.0,0.4762927293777466,0.0630350410938263,0.8270313739776611,False,0.6615132093429565,0.2305966317653656,0.8714383244514465,False,,False,80
move_near,move_near/condition_0016,16,4,False,80,0.25368383889656915,0.18522047996520996,0.1675615906715393,0.0444069504737854,0.24976691707854193,0,0,transport_not_completed,1,True,6,0.0,0.075,0,5,74,,,,0,0,True,0,0,False,False,0,False,0.0,0.4762927293777466,0.0630350410938263,0.8270313739776611,False,0.6615132093429565,0.2305966317653656,0.8714383244514465,False,,False,80
move_near,move_near/condition_0016,16,5,False,80,0.25368383889656915,0.18522047996520996,0.1675615906715393,0.0444069504737854,0.24976691707854193,0,0,transport_not_completed,1,True,6,0.0,0.075,0,6,74,,,,0,0,True,0,0,False,False,0,False,0.0,0.4762927293777466,0.0630350410938263,0.8270313739776611,False,0.6615132093429565,0.2305966317653656,0.8714383244514465,False,,False,80
move_near,move_near/condition_0016,16,6,False,80,0.25368383889656915,0.18522047996520996,0.1675615906715393,0.0444069504737854,0.24976691707854193,0,0,transport_not_completed,1,True,6,0.0,0.075,0,7,74,,,,0,0,True,0,0,False,False,0,False,0.0,0.4762927293777466,0.0630350410938263,0.8270313739776611,False,0.6615132093429565,0.2305966317653656,0.8714383244514465,False,,False,80
move_near,move_near/condition_0016,16,7,False,80,0.25368383889656915,0.18522047996520996,0.1675615906715393,0.0444069504737854,0.24976691707854193,0,0,transport_not_completed,1,True,6,0.0,0.075,0,8,74,,,,0,0,True,0,0,False,False,0,False,0.0,0.4762927293777466,0.0630350410938263,0.8270313739776611,False,0.6615132093429565,0.2305966317653656,0.8714383244514465,False,,False,80
move_near,move_near/condition_0016,16,8,False,80,0.25368383889656915,0.18522047996520996,0.1675615906715393,0.0444069504737854,0.24976691707854193,0,0,transport_not_completed,1,True,6,0.0,0.075,0,9,74,,,,0,0,True,0,0,False,False,0,False,0.0,0.4762927293777466,0.0630350410938263,0.8270313739776611,False,0.6615132093429565,0.2305966317653656,0.8714383244514465,False,,False,80
move_near,move_near/condition_0016,16,9,False,80,0.25368383889656915,0.18522047996520996,0.1675615906715393,0.0444069504737854,0.24976691707854193,0,0,transport_not_completed,1,True,6,0.0,0.075,0,10,74,,,,0,0,True,0,0,False,False,0,False,0.0,0.4762927293777466,0.0630350410938263,0.8270313739776611,False,0.6615132093429565,0.2305966317653656,0.8714383244514465,False,,False,80
move_near,move_near/condition_0016,16,10,False,80,0.25368383889656915,0.18522047996520996,0.1675615906715393,0.0444069504737854,0.24976691707854193,0,0,transport_not_completed,1,True,6,0.0,0.075,0,11,74,,,,0,0,True,0,0,False,False,0,False,0.0,0.4762927293777466,0.0630350410938263,0.8270313739776611,False,0.6615132093429565,0.2305966317653656,0.8714383244514465,False,,False,80
move_near,move_near/condition_0016,16,11,False,80,0.25368383889656915,0.18522047996520996,0.1675615906715393,0.0444069504737854,0.24976691707854193,0,0,transport_not_completed,1,True,6,0.0,0.075,0,12,74,,,,0,0,True,0,0,False,False,0,False,0.0,0.4762927293777466,0.0630350410938263,0.8270313739776611,False,0.6615132093429565,0.2305966317653656,0.8714383244514465,False,,False,80
move_near,move_near/condition_0016,16,12,False,80,0.25368383889656915,0.18522047996520996,0.1675615906715393,0.0444069504737854,0.24976691707854193,0,0,transport_not_completed,1,True,6,0.0,0.075,0,13,74,,,,0,0,True,0,0,False,False,0,False,0.0,0.4762927293777466,0.0630350410938263,0.8270313739776611,False,0.6615132093429565,0.2305966317653656,0.8714383244514465,False,,False,80
move_near,move_near/condition_0016,16,13,False,80,0.25368383889656915,0.18522047996520996,0.1675615906715393,0.0444069504737854,0.24976691707854193,0,0,transport_not_completed,1,True,6,0.0,0.075,0,14,74,,,,0,0,True,0,0,False,False,0,False,0.0,0.4762927293777466,0.0630350410938263,0.8270313739776611,False,0.6615132093429565,0.2305966317653656,0.8714383244514465,False,,False,80
move_near,move_near/condition_0016,16,14,False,80,0.25368383889656915,0.18522047996520996,0.1675615906715393,0.0444069504737854,0.24976691707854193,0,0,transport_not_completed,1,True,6,0.0,0.075,0,15,74,,,,0,0,True,0,0,False,False,0,False,0.0,0.4762927293777466,0.0630350410938263,0.8270313739776611,False,0.6615132093429565,0.2305966317653656,0.8714383244514465,False,,False,80
move_near,move_near/condition_0016,16,15,False,80,0.25368383889656915,0.18522047996520996,0.1675615906715393,0.0444069504737854,0.24976691707854193,0,0,transport_not_completed,1,True,6,0.0,0.075,0,16,74,,,,0,0,True,0,0,False,False,0,False,0.0,0.4762927293777466,0.0630350410938263,0.8270313739776611,False,0.6615132093429565,0.2305966317653656,0.8714383244514465,False,,False,80
move_near,move_near/condition_0016,16,16,False,80,0.25368383889656915,0.18522047996520996,0.1675615906715393,0.0444069504737854,0.24976691707854193,0,0,transport_not_completed,1,True,6,0.0,0.075,0,17,74,,,,0,0,True,0,0,False,False,0,False,0.0,0.4762927293777466,0.0630350410938263,0.8270313739776611,False,0.6615132093429565,0.2305966317653656,0.8714383244514465,False,,False,80
move_near,move_near/condition_0016,16,17,False,80,0.25368383889656915,0.18522047996520996,0.1675615906715393,0.0444069504737854,0.24976691707854193,0,0,transport_not_completed,1,True,6,0.0,0.075,0,18,74,,,,0,0,True,0,0,False,False,0,False,0.0,0.4762927293777466,0.0630350410938263,0.8270313739776611,False,0.6615132093429565,0.2305966317653656,0.8714383244514465,False,,False,80
move_near,move_near/condition_0016,16,18,False,80,0.25368383889656915,0.18522047996520996,0.1675615906715393,0.0444069504737854,0.24976691707854193,0,0,transport_not_completed,1,True,6,0.0,0.075,0,19,74,,,,0,0,True,0,0,False,False,0,False,0.0,0.4762927293777466,0.0630350410938263,0.8270313739776611,False,0.6615132093429565,0.2305966317653656,0.8714383244514465,False,,False,80
move_near,move_near/condition_0016,16,19,False,80,0.25368383889656915,0.18522047996520996,0.1675615906715393,0.0444069504737854,0.24976691707854193,0,0,transport_not_completed,1,True,6,0.0,0.075,0,20,74,,,,0,0,True,0,0,False,False,0,False,0.0,0.4762927293777466,0.0630350410938263,0.8270313739776611,False,0.6615132093429565,0.2305966317653656,0.8714383244514465,False,,False,80
move_near,move_near/condition_0016,16,20,False,80,0.25368383889656915,0.18522047996520996,0.1675615906715393,0.0444069504737854,0.24976691707854193,0,0,transport_not_completed,1,True,6,0.0,0.075,0,21,74,,,,0,0,True,0,0,False,False,0,False,0.0,0.4762927293777466,0.0630350410938263,0.8270313739776611,False,0.6615132093429565,0.2305966317653656,0.8714383244514465,False,,False,80
move_near,move_near/condition_0016,16,21,False,80,0.25368383889656915,0.18522047996520996,0.1675615906715393,0.0444069504737854,0.24976691707854193,0,0,transport_not_completed,1,True,6,0.0,0.075,0,22,74,,,,0,0,True,0,0,False,False,0,False,0.0,0.4762927293777466,0.0630350410938263,0.8270313739776611,False,0.6615132093429565,0.2305966317653656,0.8714383244514465,False,,False,80
move_near,move_near/condition_0016,16,22,False,80,0.25368383889656915,0.18522047996520996,0.1675615906715393,0.0444069504737854,0.24976691707854193,0,0,transport_not_completed,1,True,6,0.0,0.075,0,23,74,,,,0,0,True,0,0,False,False,0,False,0.0,0.4762927293777466,0.0630350410938263,0.8270313739776611,False,0.6615132093429565,0.2305966317653656,0.8714383244514465,False,,False,80
move_near,move_near/condition_0016,16,23,False,80,0.25368383889656915,0.18522047996520996,0.1675615906715393,0.0444069504737854,0.24976691707854193,0,0,transport_not_completed,1,True,6,0.0,0.075,0,24,74,,,,0,0,True,0,0,False,False,0,False,0.0,0.4762927293777466,0.0630350410938263,0.8270313739776611,False,0.6615132093429565,0.2305966317653656,0.8714383244514465,False,,False,80
move_near,move_near/condition_0016,16,24,False,80,0.25368383889656915,0.18522047996520996,0.1675615906715393,0.0444069504737854,0.24976691707854193,0,0,transport_not_completed,1,True,6,0.0,0.075,0,25,74,,,,0,0,True,0,0,False,False,0,False,0.0,0.4762927293777466,0.0630350410938263,0.8270313739776611,False,0.6615132093429565,0.2305966317653656,0.8714383244514465,False,,False,80
move_near,move_near/condition_0016,16,25,False,80,0.25368383889656915,0.18522047996520996,0.1675615906715393,0.0444069504737854,0.24976691707854193,0,0,transport_not_completed,1,True,6,0.0,0.075,0,26,74,,,,0,0,True,0,0,False,False,0,False,0.0,0.4762927293777466,0.0630350410938263,0.8270313739776611,False,0.6615132093429565,0.2305966317653656,0.8714383244514465,False,,False,80
move_near,move_near/condition_0016,16,26,False,80,0.25368383889656915,0.18522047996520996,0.1675615906715393,0.0444069504737854,0.24976691707854193,0,0,transport_not_completed,1,True,6,0.0,0.075,0,27,74,,,,0,0,True,0,0,False,False,0,False,0.0,0.4762927293777466,0.0630350410938263,0.8270313739776611,False,0.6615132093429565,0.2305966317653656,0.8714383244514465,False,,False,80
move_near,move_near/condition_0016,16,27,False,80,0.25368383889656915,0.18522047996520996,0.1675615906715393,0.0444069504737854,0.24976691707854193,0,0,transport_not_completed,1,True,6,0.0,0.075,0,28,74,,,,0,0,True,0,0,False,False,0,False,0.0,0.4762927293777466,0.0630350410938263,0.8270313739776611,False,0.6615132093429565,0.2305966317653656,0.8714383244514465,False,,False,80
move_near,move_near/condition_0016,16,28,False,80,0.25368383889656915,0.18522047996520996,0.1675615906715393,0.0444069504737854,0.24976691707854193,0,0,transport_not_completed,1,True,6,0.0,0.075,0,29,74,,,,0,0,True,0,0,False,False,0,False,0.0,0.4762927293777466,0.0630350410938263,0.8270313739776611,False,0.6615132093429565,0.2305966317653656,0.8714383244514465,False,,False,80
move_near,move_near/condition_0016,16,29,False,80,0.25368383889656915,0.18522047996520996,0.1675615906715393,0.0444069504737854,0.24976691707854193,0,0,transport_not_completed,1,True,6,0.0,0.075,0,30,74,,,,0,0,True,0,0,False,False,0,False,0.0,0.4762927293777466,0.0630350410938263,0.8270313739776611,False,0.6615132093429565,0.2305966317653656,0.8714383244514465,False,,False,80
move_near,move_near/condition_0016,16,30,False,80,0.25368383889656915,0.18522047996520996,0.1675615906715393,0.0444069504737854,0.24976691707854193,0,0,transport_not_completed,1,True,6,0.0,0.075,0,31,74,,,,0,0,True,0,0,False,False,0,False,0.0,0.4762927293777466,0.0630350410938263,0.8270313739776611,False,0.6615132093429565,0.2305966317653656,0.8714383244514465,False,,False,80
move_near,move_near/condition_0016,16,31,False,80,0.25368383889656915,0.18522047996520996,0.1675615906715393,0.0444069504737854,0.24976691707854193,0,0,transport_not_completed,1,True,6,0.0,0.075,0,32,74,,,,0,0,True,0,0,False,False,0,False,0.0,0.4762927293777466,0.0630350410938263,0.8270313739776611,False,0.6615132093429565,0.2305966317653656,0.8714383244514465,False,,False,80
move_near,move_near/condition_0016,16,32,False,80,0.25368383889656915,0.18522047996520996,0.1675615906715393,0.0444069504737854,0.24976691707854193,0,0,transport_not_completed,1,True,6,0.0,0.075,0,33,74,,,,0,0,True,0,0,False,False,0,False,0.0,0.4762927293777466,0.0630350410938263,0.8270313739776611,False,0.6615132093429565,0.2305966317653656,0.8714383244514465,False,,False,80
move_near,move_near/condition_0016,16,33,False,80,0.25368383889656915,0.18522047996520996,0.1675615906715393,0.0444069504737854,0.24976691707854193,0,0,transport_not_completed,1,True,6,0.0,0.075,0,34,74,,,,0,0,True,0,0,False,False,0,False,0.0,0.4762927293777466,0.0630350410938263,0.8270313739776611,False,0.6615132093429565,0.2305966317653656,0.8714383244514465,False,,False,80
move_near,move_near/condition_0016,16,34,False,80,0.25368383889656915,0.18522047996520996,0.1675615906715393,0.0444069504737854,0.24976691707854193,0,0,transport_not_completed,1,True,6,0.0,0.075,0,35,74,,,,0,0,True,0,0,False,False,0,False,0.0,0.4762927293777466,0.0630350410938263,0.8270313739776611,False,0.6615132093429565,0.2305966317653656,0.8714383244514465,False,,False,80
move_near,move_near/condition_0016,16,35,False,80,0.25368383889656915,0.18522047996520996,0.1675615906715393,0.0444069504737854,0.24976691707854193,0,0,transport_not_completed,1,True,6,0.0,0.075,0,36,74,,,,0,0,True,0,0,False,False,0,False,0.0,0.4762927293777466,0.0630350410938263,0.8270313739776611,False,0.6615132093429565,0.2305966317653656,0.8714383244514465,False,,False,80
move_near,move_near/condition_0016,16,36,False,80,0.25368383889656915,0.18522047996520996,0.1675615906715393,0.0444069504737854,0.24976691707854193,0,0,transport_not_completed,1,True,6,0.0,0.075,0,37,74,,,,0,0,True,0,0,False,False,0,False,0.0,0.4762927293777466,0.0630350410938263,0.8270313739776611,False,0.6615132093429565,0.2305966317653656,0.8714383244514465,False,,False,80
move_near,move_near/condition_0016,16,37,False,80,0.25368383889656915,0.18522047996520996,0.1675615906715393,0.0444069504737854,0.24976691707854193,0,0,transport_not_completed,1,True,6,0.0,0.075,0,38,74,,,,0,0,True,0,0,False,False,0,False,0.0,0.4762927293777466,0.0630350410938263,0.8270313739776611,False,0.6615132093429565,0.2305966317653656,0.8714383244514465,False,,False,80
move_near,move_near/condition_0016,16,38,False,80,0.25368383889656915,0.18522047996520996,0.1675615906715393,0.0444069504737854,0.24976691707854193,0,0,transport_not_completed,1,True,6,0.0,0.075,0,39,74,,,,0,0,True,0,0,False,False,0,False,0.0,0.4762927293777466,0.0630350410938263,0.8270313739776611,False,0.6615132093429565,0.2305966317653656,0.8714383244514465,False,,False,80
move_near,move_near/condition_0016,16,39,False,80,0.25368383889656915,0.18522047996520996,0.1675615906715393,0.0444069504737854,0.24976691707854193,0,0,transport_not_completed,1,True,6,0.0,0.075,0,40,74,,,,0,0,True,0,0,False,False,0,False,0.0,0.4762927293777466,0.0630350410938263,0.8270313739776611,False,0.6615132093429565,0.2305966317653656,0.8714383244514465,False,,False,80
move_near,move_near/condition_0016,16,40,False,80,0.25368383889656915,0.18522047996520996,0.1675615906715393,0.0444069504737854,0.24976691707854193,0,0,transport_not_completed,1,True,6,0.0,0.075,0,41,74,,,,0,0,True,0,0,False,False,0,False,0.0,0.4762927293777466,0.0630350410938263,0.8270313739776611,False,0.6615132093429565,0.2305966317653656,0.8714383244514465,False,,False,80
move_near,move_near/condition_0016,16,41,False,80,0.25368383889656915,0.18522047996520996,0.1675615906715393,0.0444069504737854,0.24976691707854193,0,0,transport_not_completed,1,True,6,0.0,0.075,0,42,74,,,,0,0,True,0,0,False,False,0,False,0.0,0.4762927293777466,0.0630350410938263,0.8270313739776611,False,0.6615132093429565,0.2305966317653656,0.8714383244514465,False,,False,80
move_near,move_near/condition_0016,16,42,False,80,0.25368383889656915,0.18522047996520996,0.1675615906715393,0.0444069504737854,0.24976691707854193,0,0,transport_not_completed,1,True,6,0.0,0.075,0,43,74,,,,0,0,True,0,0,False,False,0,False,0.0,0.4762927293777466,0.0630350410938263,0.8270313739776611,False,0.6615132093429565,0.2305966317653656,0.8714383244514465,False,,False,80
move_near,move_near/condition_0016,16,43,False,80,0.25368383889656915,0.18522047996520996,0.1675615906715393,0.0444069504737854,0.24976691707854193,0,0,transport_not_completed,1,True,6,0.0,0.075,0,44,74,,,,0,0,True,0,0,False,False,0,False,0.0,0.4762927293777466,0.0630350410938263,0.8270313739776611,False,0.6615132093429565,0.2305966317653656,0.8714383244514465,False,,False,80
move_near,move_near/condition_0016,16,44,False,80,0.25368383889656915,0.18522047996520996,0.1675615906715393,0.0444069504737854,0.24976691707854193,0,0,transport_not_completed,1,True,6,0.0,0.075,0,45,74,,,,0,0,True,0,0,False,False,0,False,0.0,0.4762927293777466,0.0630350410938263,0.8270313739776611,False,0.6615132093429565,0.2305966317653656,0.8714383244514465,False,,False,80
move_near,move_near/condition_0016,16,45,False,80,0.25368383889656915,0.18522047996520996,0.1675615906715393,0.0444069504737854,0.24976691707854193,0,0,transport_not_completed,1,True,6,0.0,0.075,0,46,74,,,,0,0,True,0,0,False,False,0,False,0.0,0.4762927293777466,0.0630350410938263,0.8270313739776611,False,0.6615132093429565,0.2305966317653656,0.8714383244514465,False,,False,80
move_near,move_near/condition_0016,16,46,False,80,0.25368383889656915,0.18522047996520996,0.1675615906715393,0.0444069504737854,0.24976691707854193,0,0,transport_not_completed,1,True,6,0.0,0.075,0,47,74,,,,0,0,True,0,0,False,False,0,False,0.0,0.4762927293777466,0.0630350410938263,0.8270313739776611,False,0.6615132093429565,0.2305966317653656,0.8714383244514465,False,,False,80
move_near,move_near/condition_0016,16,47,False,80,0.25368383889656915,0.18522047996520996,0.1675615906715393,0.0444069504737854,0.24976691707854193,0,0,transport_not_completed,1,True,6,0.0,0.075,0,48,74,,,,0,0,True,0,0,False,False,0,False,0.0,0.4762927293777466,0.0630350410938263,0.8270313739776611,False,0.6615132093429565,0.2305966317653656,0.8714383244514465,False,,False,80
move_near,move_near/condition_0016,16,48,False,80,0.25368383889656915,0.18522047996520996,0.1675615906715393,0.0444069504737854,0.24976691707854193,0,0,transport_not_completed,1,True,6,0.0,0.075,0,49,74,,,,0,0,True,0,0,False,False,0,False,0.0,0.4762927293777466,0.0630350410938263,0.8270313739776611,False,0.6615132093429565,0.2305966317653656,0.8714383244514465,False,,False,80
move_near,move_near/condition_0016,16,49,False,80,0.25368383889656915,0.18522047996520996,0.1675615906715393,0.0444069504737854,0.24976691707854193,0,0,transport_not_completed,1,True,6,0.0,0.075,0,50,74,,,,0,0,True,0,0,False,False,0,False,0.0,0.4762927293777466,0.0630350410938263,0.8270313739776611,False,0.6615132093429565,0.2305966317653656,0.8714383244514465,False,,False,80
move_near,move_near/condition_0016,16,50,False,80,0.25368383889656915,0.18522047996520996,0.1675615906715393,0.0444069504737854,0.24976691707854193,0,0,transport_not_completed,1,True,6,0.0,0.075,0,51,74,,,,0,0,True,0,0,False,False,0,False,0.0,0.4762927293777466,0.0630350410938263,0.8270313739776611,False,0.6615132093429565,0.2305966317653656,0.8714383244514465,False,,False,80
move_near,move_near/condition_0016,16,51,False,80,0.25368383889656915,0.18522047996520996,0.1675615906715393,0.0444069504737854,0.24976691707854193,0,0,transport_not_completed,1,True,6,0.0,0.075,0,52,74,,,,0,0,True,0,0,False,False,0,False,0.0,0.4762927293777466,0.0630350410938263,0.8270313739776611,False,0.6615132093429565,0.2305966317653656,0.8714383244514465,False,,False,80
move_near,move_near/condition_0016,16,52,False,80,0.25368383889656915,0.18522047996520996,0.1675615906715393,0.0444069504737854,0.24976691707854193,0,0,transport_not_completed,1,True,6,0.0,0.075,0,53,74,,,,0,0,True,0,0,False,False,0,False,0.0,0.4762927293777466,0.0630350410938263,0.8270313739776611,False,0.6615132093429565,0.2305966317653656,0.8714383244514465,False,,False,80
move_near,move_near/condition_0016,16,53,False,80,0.25368383889656915,0.18522047996520996,0.1675615906715393,0.0444069504737854,0.24976691707854193,0,0,transport_not_completed,1,True,6,0.0,0.075,0,54,74,,,,0,0,True,0,0,False,False,0,False,0.0,0.4762927293777466,0.0630350410938263,0.8270313739776611,False,0.6615132093429565,0.2305966317653656,0.8714383244514465,False,,False,80
move_near,move_near/condition_0016,16,54,False,80,0.25368383889656915,0.18522047996520996,0.1675615906715393,0.0444069504737854,0.24976691707854193,0,0,transport_not_completed,1,True,6,0.0,0.075,0,55,74,,,,0,0,True,0,0,False,False,0,False,0.0,0.4762927293777466,0.0630350410938263,0.8270313739776611,False,0.6615132093429565,0.2305966317653656,0.8714383244514465,False,,False,80
move_near,move_near/condition_0016,16,55,False,80,0.25368383889656915,0.18522047996520996,0.1675615906715393,0.0444069504737854,0.24976691707854193,0,0,transport_not_completed,1,True,6,0.0,0.075,0,56,74,,,,0,0,True,0,0,False,False,0,False,0.0,0.4762927293777466,0.0630350410938263,0.8270313739776611,False,0.6615132093429565,0.2305966317653656,0.8714383244514465,False,,False,80
move_near,move_near/condition_0016,16,56,False,80,0.25368383889656915,0.18522047996520996,0.1675615906715393,0.0444069504737854,0.24976691707854193,0,0,transport_not_completed,1,True,6,0.0,0.075,0,57,74,,,,0,0,True,0,0,False,False,0,False,0.0,0.4762927293777466,0.0630350410938263,0.8270313739776611,False,0.6615132093429565,0.2305966317653656,0.8714383244514465,False,,False,80
move_near,move_near/condition_0016,16,57,False,80,0.25368383889656915,0.18522047996520996,0.1675615906715393,0.0444069504737854,0.24976691707854193,0,0,transport_not_completed,1,True,6,0.0,0.075,0,58,74,,,,0,0,True,0,0,False,False,0,False,0.0,0.4762927293777466,0.0630350410938263,0.8270313739776611,False,0.6615132093429565,0.2305966317653656,0.8714383244514465,False,,False,80
move_near,move_near/condition_0016,16,58,False,80,0.25368383889656915,0.18522047996520996,0.1675615906715393,0.0444069504737854,0.24976691707854193,0,0,transport_not_completed,1,True,6,0.0,0.075,0,59,74,,,,0,0,True,0,0,False,False,0,False,0.0,0.4762927293777466,0.0630350410938263,0.8270313739776611,False,0.6615132093429565,0.2305966317653656,0.8714383244514465,False,,False,80
move_near,move_near/condition_0016,16,59,False,80,0.25368383889656915,0.18522047996520996,0.1675615906715393,0.0444069504737854,0.24976691707854193,0,0,transport_not_completed,1,True,6,0.0,0.075,0,60,74,,,,0,0,True,0,0,False,False,0,False,0.0,0.4762927293777466,0.0630350410938263,0.8270313739776611,False,0.6615132093429565,0.2305966317653656,0.8714383244514465,False,,False,80
move_near,move_near/condition_0016,16,60,False,80,0.25368383889656915,0.18522047996520996,0.1675615906715393,0.0444069504737854,0.24976691707854193,0,0,transport_not_completed,1,True,6,0.0,0.075,0,61,74,,,,0,0,True,0,0,False,False,0,False,0.0,0.4762927293777466,0.0630350410938263,0.8270313739776611,False,0.6615132093429565,0.2305966317653656,0.8714383244514465,False,,False,80
move_near,move_near/condition_0016,16,61,False,80,0.25368383889656915,0.18522047996520996,0.1675615906715393,0.0444069504737854,0.24976691707854193,0,0,transport_not_completed,1,True,6,0.0,0.075,0,62,74,,,,0,0,True,0,0,False,False,0,False,0.0,0.4762927293777466,0.0630350410938263,0.8270313739776611,False,0.6615132093429565,0.2305966317653656,0.8714383244514465,False,,False,80
move_near,move_near/condition_0016,16,62,False,80,0.25368383889656915,0.18522047996520996,0.1675615906715393,0.0444069504737854,0.24976691707854193,0,0,transport_not_completed,1,True,6,0.0,0.075,0,63,74,,,,0,0,True,0,0,False,False,0,False,0.0,0.4762927293777466,0.0630350410938263,0.8270313739776611,False,0.6615132093429565,0.2305966317653656,0.8714383244514465,False,,False,80
move_near,move_near/condition_0016,16,63,False,80,0.25368383889656915,0.18522047996520996,0.1675615906715393,0.0444069504737854,0.24976691707854193,0,0,transport_not_completed,1,True,6,0.0,0.075,0,64,74,,,,0,0,True,0,0,False,False,0,False,0.0,0.4762927293777466,0.0630350410938263,0.8270313739776611,False,0.6615132093429565,0.2305966317653656,0.8714383244514465,False,,False,80
move_near,move_near/condition_0016,16,64,False,80,0.25368383889656915,0.18522047996520996,0.1675615906715393,0.0444069504737854,0.24976691707854193,0,0,transport_not_completed,1,True,6,0.0,0.075,0,65,74,,,,0,0,True,0,0,False,False,0,False,0.0,0.4762927293777466,0.0630350410938263,0.8270313739776611,False,0.6615132093429565,0.2305966317653656,0.8714383244514465,False,,False,80
move_near,move_near/condition_0016,16,65,False,80,0.25368383889656915,0.18522047996520996,0.1675615906715393,0.0444069504737854,0.24976691707854193,0,0,transport_not_completed,1,True,6,0.0,0.075,0,66,74,,,,0,0,True,0,0,False,False,0,False,0.0,0.4762927293777466,0.0630350410938263,0.8270313739776611,False,0.6615132093429565,0.2305966317653656,0.8714383244514465,False,,False,80
move_near,move_near/condition_0016,16,66,False,80,0.25368383889656915,0.18522047996520996,0.1675615906715393,0.0444069504737854,0.24976691707854193,0,0,transport_not_completed,1,True,6,0.0,0.075,0,67,74,,,,0,0,True,0,0,False,False,0,False,0.0,0.4762927293777466,0.0630350410938263,0.8270313739776611,False,0.6615132093429565,0.2305966317653656,0.8714383244514465,False,,False,80
move_near,move_near/condition_0016,16,67,False,80,0.25368383889656915,0.18522047996520996,0.1675615906715393,0.0444069504737854,0.24976691707854193,0,0,transport_not_completed,1,True,6,0.0,0.075,0,68,74,,,,0,0,True,0,0,False,False,0,False,0.0,0.4762927293777466,0.0630350410938263,0.8270313739776611,False,0.6615132093429565,0.2305966317653656,0.8714383244514465,False,,False,80
move_near,move_near/condition_0016,16,68,False,80,0.25368383889656915,0.18522047996520996,0.1675615906715393,0.0444069504737854,0.24976691707854193,0,0,transport_not_completed,1,True,6,0.0,0.075,0,69,74,,,,0,0,True,0,0,False,False,0,False,0.0,0.4762927293777466,0.0630350410938263,0.8270313739776611,False,0.6615132093429565,0.2305966317653656,0.8714383244514465,False,,False,80
move_near,move_near/condition_0016,16,69,False,80,0.25368383889656915,0.18522047996520996,0.1675615906715393,0.0444069504737854,0.24976691707854193,0,0,transport_not_completed,1,True,6,0.0,0.075,0,70,74,,,,0,0,True,0,0,False,False,0,False,0.0,0.4762927293777466,0.0630350410938263,0.8270313739776611,False,0.6615132093429565,0.2305966317653656,0.8714383244514465,False,,False,80
move_near,move_near/condition_0016,16,70,False,80,0.25368383889656915,0.18522047996520996,0.1675615906715393,0.0444069504737854,0.24976691707854193,0,0,transport_not_completed,1,True,6,0.0,0.075,0,71,74,,,,0,0,True,0,0,False,False,0,False,0.0,0.4762927293777466,0.0630350410938263,0.8270313739776611,False,0.6615132093429565,0.2305966317653656,0.8714383244514465,False,,False,80
move_near,move_near/condition_0016,16,71,False,80,0.25368383889656915,0.18522047996520996,0.1675615906715393,0.0444069504737854,0.24976691707854193,0,0,transport_not_completed,1,True,6,0.0,0.075,0,72,74,,,,0,0,True,0,0,False,False,0,False,0.0,0.4762927293777466,0.0630350410938263,0.8270313739776611,False,0.6615132093429565,0.2305966317653656,0.8714383244514465,False,,False,80
move_near,move_near/condition_0016,16,72,False,80,0.25368383889656915,0.18522047996520996,0.1675615906715393,0.0444069504737854,0.24976691707854193,0,0,transport_not_completed,1,True,6,0.0,0.075,0,73,74,,,,0,0,True,0,0,False,False,0,False,0.0,0.4762927293777466,0.0630350410938263,0.8270313739776611,False,0.6615132093429565,0.2305966317653656,0.8714383244514465,False,,False,80
move_near,move_near/condition_0016,16,73,False,80,0.25368383889656915,0.18522047996520996,0.1675615906715393,0.0444069504737854,0.24976691707854193,0,0,transport_not_completed,1,True,6,0.0,0.075,0,74,74,,,,0,0,True,0,0,False,False,0,False,0.0,0.4762927293777466,0.0630350410938263,0.8270313739776611,False,0.6615132093429565,0.2305966317653656,0.8714383244514465,False,,False,80
move_near,move_near/condition_0016,16,74,False,80,0.25368383889656915,0.18522047996520996,0.1675615906715393,0.0444069504737854,0.24976691707854193,0,0,transport_not_completed,1,True,6,0.013333333333333334,0.075,1,75,74,,,,0,0,True,1,1,True,False,0,False,0.0,0.4762927293777466,0.0630350410938263,0.8270313739776611,False,0.6615132093429565,0.2305966317653656,0.8714383244514465,False,0,False,80
move_near,move_near/condition_0016,16,75,False,80,0.25368383889656915,0.18522047996520996,0.1675615906715393,0.0444069504737854,0.24976691707854193,0,0,transport_not_completed,1,True,6,0.02631578947368421,0.075,2,76,74,,,,0,0,True,1,0,True,False,0,False,0.0,0.4762927293777466,0.0630350410938263,0.8270313739776611,False,0.6615132093429565,0.2305966317653656,0.8714383244514465,False,1,False,80
move_near,move_near/condition_0016,16,76,False,80,0.25368383889656915,0.18522047996520996,0.1675615906715393,0.0444069504737854,0.24976691707854193,0,0,transport_not_completed,1,True,6,0.03896103896103896,0.075,3,77,74,,,,0,0,True,1,0,True,False,0,False,0.0,0.4762927293777466,0.0630350410938263,0.8270313739776611,False,0.6615132093429565,0.2305966317653656,0.8714383244514465,False,2,False,80
move_near,move_near/condition_0016,16,77,False,80,0.25368383889656915,0.18522047996520996,0.1675615906715393,0.0444069504737854,0.24976691707854193,0,0,transport_not_completed,1,True,6,0.05128205128205128,0.075,4,78,74,,,,0,0,True,1,0,True,False,0,False,0.0,0.4762927293777466,0.0630350410938263,0.8270313739776611,False,0.6615132093429565,0.2305966317653656,0.8714383244514465,False,3,False,80
move_near,move_near/condition_0016,16,78,False,80,0.25368383889656915,0.18522047996520996,0.1675615906715393,0.0444069504737854,0.24976691707854193,0,0,transport_not_completed,1,True,6,0.06329113924050633,0.075,5,79,74,,,,0,0,True,1,0,True,False,0,False,0.0,0.4762927293777466,0.0630350410938263,0.8270313739776611,False,0.6615132093429565,0.2305966317653656,0.8714383244514465,False,4,False,80
move_near,move_near/condition_0016,16,79,False,80,0.25368383889656915,0.18522047996520996,0.1675615906715393,0.0444069504737854,0.24976691707854193,0,0,transport_not_completed,1,True,6,0.075,0.075,6,80,74,,,,0,0,True,1,0,True,False,0,False,0.0,0.4762927293777466,0.0630350410938263,0.8270313739776611,False,0.6615132093429565,0.2305966317653656,0.8714383244514465,False,5,True,80
move_near,move_near/condition_0017,17,0,False,80,0.25093066879274767,0.2125142514705658,-0.13230155408382416,0.017326056957244873,0.2503317964044718,0,0,transport_not_completed,1,True,2,0.0,0.025,0,1,78,,,,0,0,True,0,0,False,False,0,False,0.0,0.47629252076148987,0.06303441524505615,0.8270313143730164,False,0.6888067722320557,-0.069267138838768,0.8443573713302612,False,,False,80
move_near,move_near/condition_0017,17,1,False,80,0.25093066879274767,0.2125142514705658,-0.13230155408382416,0.017326056957244873,0.2503317964044718,0,0,transport_not_completed,1,True,2,0.0,0.025,0,2,78,,,,0,0,True,0,0,False,False,0,False,0.0,0.47629252076148987,0.06303441524505615,0.8270313143730164,False,0.6888067722320557,-0.069267138838768,0.8443573713302612,False,,False,80
move_near,move_near/condition_0017,17,2,False,80,0.25093066879274767,0.2125142514705658,-0.13230155408382416,0.017326056957244873,0.2503317964044718,0,0,transport_not_completed,1,True,2,0.0,0.025,0,3,78,,,,0,0,True,0,0,False,False,0,False,0.0,0.47629252076148987,0.06303441524505615,0.8270313143730164,False,0.6888067722320557,-0.069267138838768,0.8443573713302612,False,,False,80
move_near,move_near/condition_0017,17,3,False,80,0.25093066879274767,0.2125142514705658,-0.13230155408382416,0.017326056957244873,0.2503317964044718,0,0,transport_not_completed,1,True,2,0.0,0.025,0,4,78,,,,0,0,True,0,0,False,False,0,False,0.0,0.47629252076148987,0.06303441524505615,0.8270313143730164,False,0.6888067722320557,-0.069267138838768,0.8443573713302612,False,,False,80
move_near,move_near/condition_0017,17,4,False,80,0.25093066879274767,0.2125142514705658,-0.13230155408382416,0.017326056957244873,0.2503317964044718,0,0,transport_not_completed,1,True,2,0.0,0.025,0,5,78,,,,0,0,True,0,0,False,False,0,False,0.0,0.47629252076148987,0.06303441524505615,0.8270313143730164,False,0.6888067722320557,-0.069267138838768,0.8443573713302612,False,,False,80
move_near,move_near/condition_0017,17,5,False,80,0.25093066879274767,0.2125142514705658,-0.13230155408382416,0.017326056957244873,0.2503317964044718,0,0,transport_not_completed,1,True,2,0.0,0.025,0,6,78,,,,0,0,True,0,0,False,False,0,False,0.0,0.47629252076148987,0.06303441524505615,0.8270313143730164,False,0.6888067722320557,-0.069267138838768,0.8443573713302612,False,,False,80
move_near,move_near/condition_0017,17,6,False,80,0.25093066879274767,0.2125142514705658,-0.13230155408382416,0.017326056957244873,0.2503317964044718,0,0,transport_not_completed,1,True,2,0.0,0.025,0,7,78,,,,0,0,True,0,0,False,False,0,False,0.0,0.47629252076148987,0.06303441524505615,0.8270313143730164,False,0.6888067722320557,-0.069267138838768,0.8443573713302612,False,,False,80
move_near,move_near/condition_0017,17,7,False,80,0.25093066879274767,0.2125142514705658,-0.13230155408382416,0.017326056957244873,0.2503317964044718,0,0,transport_not_completed,1,True,2,0.0,0.025,0,8,78,,,,0,0,True,0,0,False,False,0,False,0.0,0.47629252076148987,0.06303441524505615,0.8270313143730164,False,0.6888067722320557,-0.069267138838768,0.8443573713302612,False,,False,80
move_near,move_near/condition_0017,17,8,False,80,0.25093066879274767,0.2125142514705658,-0.13230155408382416,0.017326056957244873,0.2503317964044718,0,0,transport_not_completed,1,True,2,0.0,0.025,0,9,78,,,,0,0,True,0,0,False,False,0,False,0.0,0.47629252076148987,0.06303441524505615,0.8270313143730164,False,0.6888067722320557,-0.069267138838768,0.8443573713302612,False,,False,80
move_near,move_near/condition_0017,17,9,False,80,0.25093066879274767,0.2125142514705658,-0.13230155408382416,0.017326056957244873,0.2503317964044718,0,0,transport_not_completed,1,True,2,0.0,0.025,0,10,78,,,,0,0,True,0,0,False,False,0,False,0.0,0.47629252076148987,0.06303441524505615,0.8270313143730164,False,0.6888067722320557,-0.069267138838768,0.8443573713302612,False,,False,80
move_near,move_near/condition_0017,17,10,False,80,0.25093066879274767,0.2125142514705658,-0.13230155408382416,0.017326056957244873,0.2503317964044718,0,0,transport_not_completed,1,True,2,0.0,0.025,0,11,78,,,,0,0,True,0,0,False,False,0,False,0.0,0.47629252076148987,0.06303441524505615,0.8270313143730164,False,0.6888067722320557,-0.069267138838768,0.8443573713302612,False,,False,80
move_near,move_near/condition_0017,17,11,False,80,0.25093066879274767,0.2125142514705658,-0.13230155408382416,0.017326056957244873,0.2503317964044718,0,0,transport_not_completed,1,True,2,0.0,0.025,0,12,78,,,,0,0,True,0,0,False,False,0,False,0.0,0.47629252076148987,0.06303441524505615,0.8270313143730164,False,0.6888067722320557,-0.069267138838768,0.8443573713302612,False,,False,80
move_near,move_near/condition_0017,17,12,False,80,0.25093066879274767,0.2125142514705658,-0.13230155408382416,0.017326056957244873,0.2503317964044718,0,0,transport_not_completed,1,True,2,0.0,0.025,0,13,78,,,,0,0,True,0,0,False,False,0,False,0.0,0.47629252076148987,0.06303441524505615,0.8270313143730164,False,0.6888067722320557,-0.069267138838768,0.8443573713302612,False,,False,80
move_near,move_near/condition_0017,17,13,False,80,0.25093066879274767,0.2125142514705658,-0.13230155408382416,0.017326056957244873,0.2503317964044718,0,0,transport_not_completed,1,True,2,0.0,0.025,0,14,78,,,,0,0,True,0,0,False,False,0,False,0.0,0.47629252076148987,0.06303441524505615,0.8270313143730164,False,0.6888067722320557,-0.069267138838768,0.8443573713302612,False,,False,80
move_near,move_near/condition_0017,17,14,False,80,0.25093066879274767,0.2125142514705658,-0.13230155408382416,0.017326056957244873,0.2503317964044718,0,0,transport_not_completed,1,True,2,0.0,0.025,0,15,78,,,,0,0,True,0,0,False,False,0,False,0.0,0.47629252076148987,0.06303441524505615,0.8270313143730164,False,0.6888067722320557,-0.069267138838768,0.8443573713302612,False,,False,80
move_near,move_near/condition_0017,17,15,False,80,0.25093066879274767,0.2125142514705658,-0.13230155408382416,0.017326056957244873,0.2503317964044718,0,0,transport_not_completed,1,True,2,0.0,0.025,0,16,78,,,,0,0,True,0,0,False,False,0,False,0.0,0.47629252076148987,0.06303441524505615,0.8270313143730164,False,0.6888067722320557,-0.069267138838768,0.8443573713302612,False,,False,80
move_near,move_near/condition_0017,17,16,False,80,0.25093066879274767,0.2125142514705658,-0.13230155408382416,0.017326056957244873,0.2503317964044718,0,0,transport_not_completed,1,True,2,0.0,0.025,0,17,78,,,,0,0,True,0,0,False,False,0,False,0.0,0.47629252076148987,0.06303441524505615,0.8270313143730164,False,0.6888067722320557,-0.069267138838768,0.8443573713302612,False,,False,80
move_near,move_near/condition_0017,17,17,False,80,0.25093066879274767,0.2125142514705658,-0.13230155408382416,0.017326056957244873,0.2503317964044718,0,0,transport_not_completed,1,True,2,0.0,0.025,0,18,78,,,,0,0,True,0,0,False,False,0,False,0.0,0.47629252076148987,0.06303441524505615,0.8270313143730164,False,0.6888067722320557,-0.069267138838768,0.8443573713302612,False,,False,80
move_near,move_near/condition_0017,17,18,False,80,0.25093066879274767,0.2125142514705658,-0.13230155408382416,0.017326056957244873,0.2503317964044718,0,0,transport_not_completed,1,True,2,0.0,0.025,0,19,78,,,,0,0,True,0,0,False,False,0,False,0.0,0.47629252076148987,0.06303441524505615,0.8270313143730164,False,0.6888067722320557,-0.069267138838768,0.8443573713302612,False,,False,80
move_near,move_near/condition_0017,17,19,False,80,0.25093066879274767,0.2125142514705658,-0.13230155408382416,0.017326056957244873,0.2503317964044718,0,0,transport_not_completed,1,True,2,0.0,0.025,0,20,78,,,,0,0,True,0,0,False,False,0,False,0.0,0.47629252076148987,0.06303441524505615,0.8270313143730164,False,0.6888067722320557,-0.069267138838768,0.8443573713302612,False,,False,80
move_near,move_near/condition_0017,17,20,False,80,0.25093066879274767,0.2125142514705658,-0.13230155408382416,0.017326056957244873,0.2503317964044718,0,0,transport_not_completed,1,True,2,0.0,0.025,0,21,78,,,,0,0,True,0,0,False,False,0,False,0.0,0.47629252076148987,0.06303441524505615,0.8270313143730164,False,0.6888067722320557,-0.069267138838768,0.8443573713302612,False,,False,80
move_near,move_near/condition_0017,17,21,False,80,0.25093066879274767,0.2125142514705658,-0.13230155408382416,0.017326056957244873,0.2503317964044718,0,0,transport_not_completed,1,True,2,0.0,0.025,0,22,78,,,,0,0,True,0,0,False,False,0,False,0.0,0.47629252076148987,0.06303441524505615,0.8270313143730164,False,0.6888067722320557,-0.069267138838768,0.8443573713302612,False,,False,80
move_near,move_near/condition_0017,17,22,False,80,0.25093066879274767,0.2125142514705658,-0.13230155408382416,0.017326056957244873,0.2503317964044718,0,0,transport_not_completed,1,True,2,0.0,0.025,0,23,78,,,,0,0,True,0,0,False,False,0,False,0.0,0.47629252076148987,0.06303441524505615,0.8270313143730164,False,0.6888067722320557,-0.069267138838768,0.8443573713302612,False,,False,80
move_near,move_near/condition_0017,17,23,False,80,0.25093066879274767,0.2125142514705658,-0.13230155408382416,0.017326056957244873,0.2503317964044718,0,0,transport_not_completed,1,True,2,0.0,0.025,0,24,78,,,,0,0,True,0,0,False,False,0,False,0.0,0.47629252076148987,0.06303441524505615,0.8270313143730164,False,0.6888067722320557,-0.069267138838768,0.8443573713302612,False,,False,80
move_near,move_near/condition_0017,17,24,False,80,0.25093066879274767,0.2125142514705658,-0.13230155408382416,0.017326056957244873,0.2503317964044718,0,0,transport_not_completed,1,True,2,0.0,0.025,0,25,78,,,,0,0,True,0,0,False,False,0,False,0.0,0.47629252076148987,0.06303441524505615,0.8270313143730164,False,0.6888067722320557,-0.069267138838768,0.8443573713302612,False,,False,80
move_near,move_near/condition_0017,17,25,False,80,0.25093066879274767,0.2125142514705658,-0.13230155408382416,0.017326056957244873,0.2503317964044718,0,0,transport_not_completed,1,True,2,0.0,0.025,0,26,78,,,,0,0,True,0,0,False,False,0,False,0.0,0.47629252076148987,0.06303441524505615,0.8270313143730164,False,0.6888067722320557,-0.069267138838768,0.8443573713302612,False,,False,80
move_near,move_near/condition_0017,17,26,False,80,0.25093066879274767,0.2125142514705658,-0.13230155408382416,0.017326056957244873,0.2503317964044718,0,0,transport_not_completed,1,True,2,0.0,0.025,0,27,78,,,,0,0,True,0,0,False,False,0,False,0.0,0.47629252076148987,0.06303441524505615,0.8270313143730164,False,0.6888067722320557,-0.069267138838768,0.8443573713302612,False,,False,80
move_near,move_near/condition_0017,17,27,False,80,0.25093066879274767,0.2125142514705658,-0.13230155408382416,0.017326056957244873,0.2503317964044718,0,0,transport_not_completed,1,True,2,0.0,0.025,0,28,78,,,,0,0,True,0,0,False,False,0,False,0.0,0.47629252076148987,0.06303441524505615,0.8270313143730164,False,0.6888067722320557,-0.069267138838768,0.8443573713302612,False,,False,80
move_near,move_near/condition_0017,17,28,False,80,0.25093066879274767,0.2125142514705658,-0.13230155408382416,0.017326056957244873,0.2503317964044718,0,0,transport_not_completed,1,True,2,0.0,0.025,0,29,78,,,,0,0,True,0,0,False,False,0,False,0.0,0.47629252076148987,0.06303441524505615,0.8270313143730164,False,0.6888067722320557,-0.069267138838768,0.8443573713302612,False,,False,80
move_near,move_near/condition_0017,17,29,False,80,0.25093066879274767,0.2125142514705658,-0.13230155408382416,0.017326056957244873,0.2503317964044718,0,0,transport_not_completed,1,True,2,0.0,0.025,0,30,78,,,,0,0,True,0,0,False,False,0,False,0.0,0.47629252076148987,0.06303441524505615,0.8270313143730164,False,0.6888067722320557,-0.069267138838768,0.8443573713302612,False,,False,80
move_near,move_near/condition_0017,17,30,False,80,0.25093066879274767,0.2125142514705658,-0.13230155408382416,0.017326056957244873,0.2503317964044718,0,0,transport_not_completed,1,True,2,0.0,0.025,0,31,78,,,,0,0,True,0,0,False,False,0,False,0.0,0.47629252076148987,0.06303441524505615,0.8270313143730164,False,0.6888067722320557,-0.069267138838768,0.8443573713302612,False,,False,80
move_near,move_near/condition_0017,17,31,False,80,0.25093066879274767,0.2125142514705658,-0.13230155408382416,0.017326056957244873,0.2503317964044718,0,0,transport_not_completed,1,True,2,0.0,0.025,0,32,78,,,,0,0,True,0,0,False,False,0,False,0.0,0.47629252076148987,0.06303441524505615,0.8270313143730164,False,0.6888067722320557,-0.069267138838768,0.8443573713302612,False,,False,80
move_near,move_near/condition_0017,17,32,False,80,0.25093066879274767,0.2125142514705658,-0.13230155408382416,0.017326056957244873,0.2503317964044718,0,0,transport_not_completed,1,True,2,0.0,0.025,0,33,78,,,,0,0,True,0,0,False,False,0,False,0.0,0.47629252076148987,0.06303441524505615,0.8270313143730164,False,0.6888067722320557,-0.069267138838768,0.8443573713302612,False,,False,80
move_near,move_near/condition_0017,17,33,False,80,0.25093066879274767,0.2125142514705658,-0.13230155408382416,0.017326056957244873,0.2503317964044718,0,0,transport_not_completed,1,True,2,0.0,0.025,0,34,78,,,,0,0,True,0,0,False,False,0,False,0.0,0.47629252076148987,0.06303441524505615,0.8270313143730164,False,0.6888067722320557,-0.069267138838768,0.8443573713302612,False,,False,80
move_near,move_near/condition_0017,17,34,False,80,0.25093066879274767,0.2125142514705658,-0.13230155408382416,0.017326056957244873,0.2503317964044718,0,0,transport_not_completed,1,True,2,0.0,0.025,0,35,78,,,,0,0,True,0,0,False,False,0,False,0.0,0.47629252076148987,0.06303441524505615,0.8270313143730164,False,0.6888067722320557,-0.069267138838768,0.8443573713302612,False,,False,80
move_near,move_near/condition_0017,17,35,False,80,0.25093066879274767,0.2125142514705658,-0.13230155408382416,0.017326056957244873,0.2503317964044718,0,0,transport_not_completed,1,True,2,0.0,0.025,0,36,78,,,,0,0,True,0,0,False,False,0,False,0.0,0.47629252076148987,0.06303441524505615,0.8270313143730164,False,0.6888067722320557,-0.069267138838768,0.8443573713302612,False,,False,80
move_near,move_near/condition_0017,17,36,False,80,0.25093066879274767,0.2125142514705658,-0.13230155408382416,0.017326056957244873,0.2503317964044718,0,0,transport_not_completed,1,True,2,0.0,0.025,0,37,78,,,,0,0,True,0,0,False,False,0,False,0.0,0.47629252076148987,0.06303441524505615,0.8270313143730164,False,0.6888067722320557,-0.069267138838768,0.8443573713302612,False,,False,80
move_near,move_near/condition_0017,17,37,False,80,0.25093066879274767,0.2125142514705658,-0.13230155408382416,0.017326056957244873,0.2503317964044718,0,0,transport_not_completed,1,True,2,0.0,0.025,0,38,78,,,,0,0,True,0,0,False,False,0,False,0.0,0.47629252076148987,0.06303441524505615,0.8270313143730164,False,0.6888067722320557,-0.069267138838768,0.8443573713302612,False,,False,80
move_near,move_near/condition_0017,17,38,False,80,0.25093066879274767,0.2125142514705658,-0.13230155408382416,0.017326056957244873,0.2503317964044718,0,0,transport_not_completed,1,True,2,0.0,0.025,0,39,78,,,,0,0,True,0,0,False,False,0,False,0.0,0.47629252076148987,0.06303441524505615,0.8270313143730164,False,0.6888067722320557,-0.069267138838768,0.8443573713302612,False,,False,80
move_near,move_near/condition_0017,17,39,False,80,0.25093066879274767,0.2125142514705658,-0.13230155408382416,0.017326056957244873,0.2503317964044718,0,0,transport_not_completed,1,True,2,0.0,0.025,0,40,78,,,,0,0,True,0,0,False,False,0,False,0.0,0.47629252076148987,0.06303441524505615,0.8270313143730164,False,0.6888067722320557,-0.069267138838768,0.8443573713302612,False,,False,80
move_near,move_near/condition_0017,17,40,False,80,0.25093066879274767,0.2125142514705658,-0.13230155408382416,0.017326056957244873,0.2503317964044718,0,0,transport_not_completed,1,True,2,0.0,0.025,0,41,78,,,,0,0,True,0,0,False,False,0,False,0.0,0.47629252076148987,0.06303441524505615,0.8270313143730164,False,0.6888067722320557,-0.069267138838768,0.8443573713302612,False,,False,80
move_near,move_near/condition_0017,17,41,False,80,0.25093066879274767,0.2125142514705658,-0.13230155408382416,0.017326056957244873,0.2503317964044718,0,0,transport_not_completed,1,True,2,0.0,0.025,0,42,78,,,,0,0,True,0,0,False,False,0,False,0.0,0.47629252076148987,0.06303441524505615,0.8270313143730164,False,0.6888067722320557,-0.069267138838768,0.8443573713302612,False,,False,80
move_near,move_near/condition_0017,17,42,False,80,0.25093066879274767,0.2125142514705658,-0.13230155408382416,0.017326056957244873,0.2503317964044718,0,0,transport_not_completed,1,True,2,0.0,0.025,0,43,78,,,,0,0,True,0,0,False,False,0,False,0.0,0.47629252076148987,0.06303441524505615,0.8270313143730164,False,0.6888067722320557,-0.069267138838768,0.8443573713302612,False,,False,80
move_near,move_near/condition_0017,17,43,False,80,0.25093066879274767,0.2125142514705658,-0.13230155408382416,0.017326056957244873,0.2503317964044718,0,0,transport_not_completed,1,True,2,0.0,0.025,0,44,78,,,,0,0,True,0,0,False,False,0,False,0.0,0.47629252076148987,0.06303441524505615,0.8270313143730164,False,0.6888067722320557,-0.069267138838768,0.8443573713302612,False,,False,80
move_near,move_near/condition_0017,17,44,False,80,0.25093066879274767,0.2125142514705658,-0.13230155408382416,0.017326056957244873,0.2503317964044718,0,0,transport_not_completed,1,True,2,0.0,0.025,0,45,78,,,,0,0,True,0,0,False,False,0,False,0.0,0.47629252076148987,0.06303441524505615,0.8270313143730164,False,0.6888067722320557,-0.069267138838768,0.8443573713302612,False,,False,80
move_near,move_near/condition_0017,17,45,False,80,0.25093066879274767,0.2125142514705658,-0.13230155408382416,0.017326056957244873,0.2503317964044718,0,0,transport_not_completed,1,True,2,0.0,0.025,0,46,78,,,,0,0,True,0,0,False,False,0,False,0.0,0.47629252076148987,0.06303441524505615,0.8270313143730164,False,0.6888067722320557,-0.069267138838768,0.8443573713302612,False,,False,80
move_near,move_near/condition_0017,17,46,False,80,0.25093066879274767,0.2125142514705658,-0.13230155408382416,0.017326056957244873,0.2503317964044718,0,0,transport_not_completed,1,True,2,0.0,0.025,0,47,78,,,,0,0,True,0,0,False,False,0,False,0.0,0.47629252076148987,0.06303441524505615,0.8270313143730164,False,0.6888067722320557,-0.069267138838768,0.8443573713302612,False,,False,80
move_near,move_near/condition_0017,17,47,False,80,0.25093066879274767,0.2125142514705658,-0.13230155408382416,0.017326056957244873,0.2503317964044718,0,0,transport_not_completed,1,True,2,0.0,0.025,0,48,78,,,,0,0,True,0,0,False,False,0,False,0.0,0.47629252076148987,0.06303441524505615,0.8270313143730164,False,0.6888067722320557,-0.069267138838768,0.8443573713302612,False,,False,80
move_near,move_near/condition_0017,17,48,False,80,0.25093066879274767,0.2125142514705658,-0.13230155408382416,0.017326056957244873,0.2503317964044718,0,0,transport_not_completed,1,True,2,0.0,0.025,0,49,78,,,,0,0,True,0,0,False,False,0,False,0.0,0.47629252076148987,0.06303441524505615,0.8270313143730164,False,0.6888067722320557,-0.069267138838768,0.8443573713302612,False,,False,80
move_near,move_near/condition_0017,17,49,False,80,0.25093066879274767,0.2125142514705658,-0.13230155408382416,0.017326056957244873,0.2503317964044718,0,0,transport_not_completed,1,True,2,0.0,0.025,0,50,78,,,,0,0,True,0,0,False,False,0,False,0.0,0.47629252076148987,0.06303441524505615,0.8270313143730164,False,0.6888067722320557,-0.069267138838768,0.8443573713302612,False,,False,80
move_near,move_near/condition_0017,17,50,False,80,0.25093066879274767,0.2125142514705658,-0.13230155408382416,0.017326056957244873,0.2503317964044718,0,0,transport_not_completed,1,True,2,0.0,0.025,0,51,78,,,,0,0,True,0,0,False,False,0,False,0.0,0.47629252076148987,0.06303441524505615,0.8270313143730164,False,0.6888067722320557,-0.069267138838768,0.8443573713302612,False,,False,80
move_near,move_near/condition_0017,17,51,False,80,0.25093066879274767,0.2125142514705658,-0.13230155408382416,0.017326056957244873,0.2503317964044718,0,0,transport_not_completed,1,True,2,0.0,0.025,0,52,78,,,,0,0,True,0,0,False,False,0,False,0.0,0.47629252076148987,0.06303441524505615,0.8270313143730164,False,0.6888067722320557,-0.069267138838768,0.8443573713302612,False,,False,80
move_near,move_near/condition_0017,17,52,False,80,0.25093066879274767,0.2125142514705658,-0.13230155408382416,0.017326056957244873,0.2503317964044718,0,0,transport_not_completed,1,True,2,0.0,0.025,0,53,78,,,,0,0,True,0,0,False,False,0,False,0.0,0.47629252076148987,0.06303441524505615,0.8270313143730164,False,0.6888067722320557,-0.069267138838768,0.8443573713302612,False,,False,80
move_near,move_near/condition_0017,17,53,False,80,0.25093066879274767,0.2125142514705658,-0.13230155408382416,0.017326056957244873,0.2503317964044718,0,0,transport_not_completed,1,True,2,0.0,0.025,0,54,78,,,,0,0,True,0,0,False,False,0,False,0.0,0.47629252076148987,0.06303441524505615,0.8270313143730164,False,0.6888067722320557,-0.069267138838768,0.8443573713302612,False,,False,80
move_near,move_near/condition_0017,17,54,False,80,0.25093066879274767,0.2125142514705658,-0.13230155408382416,0.017326056957244873,0.2503317964044718,0,0,transport_not_completed,1,True,2,0.0,0.025,0,55,78,,,,0,0,True,0,0,False,False,0,False,0.0,0.47629252076148987,0.06303441524505615,0.8270313143730164,False,0.6888067722320557,-0.069267138838768,0.8443573713302612,False,,False,80
move_near,move_near/condition_0017,17,55,False,80,0.25093066879274767,0.2125142514705658,-0.13230155408382416,0.017326056957244873,0.2503317964044718,0,0,transport_not_completed,1,True,2,0.0,0.025,0,56,78,,,,0,0,True,0,0,False,False,0,False,0.0,0.47629252076148987,0.06303441524505615,0.8270313143730164,False,0.6888067722320557,-0.069267138838768,0.8443573713302612,False,,False,80
move_near,move_near/condition_0017,17,56,False,80,0.25093066879274767,0.2125142514705658,-0.13230155408382416,0.017326056957244873,0.2503317964044718,0,0,transport_not_completed,1,True,2,0.0,0.025,0,57,78,,,,0,0,True,0,0,False,False,0,False,0.0,0.47629252076148987,0.06303441524505615,0.8270313143730164,False,0.6888067722320557,-0.069267138838768,0.8443573713302612,False,,False,80
move_near,move_near/condition_0017,17,57,False,80,0.25093066879274767,0.2125142514705658,-0.13230155408382416,0.017326056957244873,0.2503317964044718,0,0,transport_not_completed,1,True,2,0.0,0.025,0,58,78,,,,0,0,True,0,0,False,False,0,False,0.0,0.47629252076148987,0.06303441524505615,0.8270313143730164,False,0.6888067722320557,-0.069267138838768,0.8443573713302612,False,,False,80
move_near,move_near/condition_0017,17,58,False,80,0.25093066879274767,0.2125142514705658,-0.13230155408382416,0.017326056957244873,0.2503317964044718,0,0,transport_not_completed,1,True,2,0.0,0.025,0,59,78,,,,0,0,True,0,0,False,False,0,False,0.0,0.47629252076148987,0.06303441524505615,0.8270313143730164,False,0.6888067722320557,-0.069267138838768,0.8443573713302612,False,,False,80
move_near,move_near/condition_0017,17,59,False,80,0.25093066879274767,0.2125142514705658,-0.13230155408382416,0.017326056957244873,0.2503317964044718,0,0,transport_not_completed,1,True,2,0.0,0.025,0,60,78,,,,0,0,True,0,0,False,False,0,False,0.0,0.47629252076148987,0.06303441524505615,0.8270313143730164,False,0.6888067722320557,-0.069267138838768,0.8443573713302612,False,,False,80
move_near,move_near/condition_0017,17,60,False,80,0.25093066879274767,0.2125142514705658,-0.13230155408382416,0.017326056957244873,0.2503317964044718,0,0,transport_not_completed,1,True,2,0.0,0.025,0,61,78,,,,0,0,True,0,0,False,False,0,False,0.0,0.47629252076148987,0.06303441524505615,0.8270313143730164,False,0.6888067722320557,-0.069267138838768,0.8443573713302612,False,,False,80
move_near,move_near/condition_0017,17,61,False,80,0.25093066879274767,0.2125142514705658,-0.13230155408382416,0.017326056957244873,0.2503317964044718,0,0,transport_not_completed,1,True,2,0.0,0.025,0,62,78,,,,0,0,True,0,0,False,False,0,False,0.0,0.47629252076148987,0.06303441524505615,0.8270313143730164,False,0.6888067722320557,-0.069267138838768,0.8443573713302612,False,,False,80
move_near,move_near/condition_0017,17,62,False,80,0.25093066879274767,0.2125142514705658,-0.13230155408382416,0.017326056957244873,0.2503317964044718,0,0,transport_not_completed,1,True,2,0.0,0.025,0,63,78,,,,0,0,True,0,0,False,False,0,False,0.0,0.47629252076148987,0.06303441524505615,0.8270313143730164,False,0.6888067722320557,-0.069267138838768,0.8443573713302612,False,,False,80
move_near,move_near/condition_0017,17,63,False,80,0.25093066879274767,0.2125142514705658,-0.13230155408382416,0.017326056957244873,0.2503317964044718,0,0,transport_not_completed,1,True,2,0.0,0.025,0,64,78,,,,0,0,True,0,0,False,False,0,False,0.0,0.47629252076148987,0.06303441524505615,0.8270313143730164,False,0.6888067722320557,-0.069267138838768,0.8443573713302612,False,,False,80
move_near,move_near/condition_0017,17,64,False,80,0.25093066879274767,0.2125142514705658,-0.13230155408382416,0.017326056957244873,0.2503317964044718,0,0,transport_not_completed,1,True,2,0.0,0.025,0,65,78,,,,0,0,True,0,0,False,False,0,False,0.0,0.47629252076148987,0.06303441524505615,0.8270313143730164,False,0.6888067722320557,-0.069267138838768,0.8443573713302612,False,,False,80
move_near,move_near/condition_0017,17,65,False,80,0.25093066879274767,0.2125142514705658,-0.13230155408382416,0.017326056957244873,0.2503317964044718,0,0,transport_not_completed,1,True,2,0.0,0.025,0,66,78,,,,0,0,True,0,0,False,False,0,False,0.0,0.47629252076148987,0.06303441524505615,0.8270313143730164,False,0.6888067722320557,-0.069267138838768,0.8443573713302612,False,,False,80
move_near,move_near/condition_0017,17,66,False,80,0.25093066879274767,0.2125142514705658,-0.13230155408382416,0.017326056957244873,0.2503317964044718,0,0,transport_not_completed,1,True,2,0.0,0.025,0,67,78,,,,0,0,True,0,0,False,False,0,False,0.0,0.47629252076148987,0.06303441524505615,0.8270313143730164,False,0.6888067722320557,-0.069267138838768,0.8443573713302612,False,,False,80
move_near,move_near/condition_0017,17,67,False,80,0.25093066879274767,0.2125142514705658,-0.13230155408382416,0.017326056957244873,0.2503317964044718,0,0,transport_not_completed,1,True,2,0.0,0.025,0,68,78,,,,0,0,True,0,0,False,False,0,False,0.0,0.47629252076148987,0.06303441524505615,0.8270313143730164,False,0.6888067722320557,-0.069267138838768,0.8443573713302612,False,,False,80
move_near,move_near/condition_0017,17,68,False,80,0.25093066879274767,0.2125142514705658,-0.13230155408382416,0.017326056957244873,0.2503317964044718,0,0,transport_not_completed,1,True,2,0.0,0.025,0,69,78,,,,0,0,True,0,0,False,False,0,False,0.0,0.47629252076148987,0.06303441524505615,0.8270313143730164,False,0.6888067722320557,-0.069267138838768,0.8443573713302612,False,,False,80
move_near,move_near/condition_0017,17,69,False,80,0.25093066879274767,0.2125142514705658,-0.13230155408382416,0.017326056957244873,0.2503317964044718,0,0,transport_not_completed,1,True,2,0.0,0.025,0,70,78,,,,0,0,True,0,0,False,False,0,False,0.0,0.47629252076148987,0.06303441524505615,0.8270313143730164,False,0.6888067722320557,-0.069267138838768,0.8443573713302612,False,,False,80
move_near,move_near/condition_0017,17,70,False,80,0.25093066879274767,0.2125142514705658,-0.13230155408382416,0.017326056957244873,0.2503317964044718,0,0,transport_not_completed,1,True,2,0.0,0.025,0,71,78,,,,0,0,True,0,0,False,False,0,False,0.0,0.47629252076148987,0.06303441524505615,0.8270313143730164,False,0.6888067722320557,-0.069267138838768,0.8443573713302612,False,,False,80
move_near,move_near/condition_0017,17,71,False,80,0.25093066879274767,0.2125142514705658,-0.13230155408382416,0.017326056957244873,0.2503317964044718,0,0,transport_not_completed,1,True,2,0.0,0.025,0,72,78,,,,0,0,True,0,0,False,False,0,False,0.0,0.47629252076148987,0.06303441524505615,0.8270313143730164,False,0.6888067722320557,-0.069267138838768,0.8443573713302612,False,,False,80
move_near,move_near/condition_0017,17,72,False,80,0.25093066879274767,0.2125142514705658,-0.13230155408382416,0.017326056957244873,0.2503317964044718,0,0,transport_not_completed,1,True,2,0.0,0.025,0,73,78,,,,0,0,True,0,0,False,False,0,False,0.0,0.47629252076148987,0.06303441524505615,0.8270313143730164,False,0.6888067722320557,-0.069267138838768,0.8443573713302612,False,,False,80
move_near,move_near/condition_0017,17,73,False,80,0.25093066879274767,0.2125142514705658,-0.13230155408382416,0.017326056957244873,0.2503317964044718,0,0,transport_not_completed,1,True,2,0.0,0.025,0,74,78,,,,0,0,True,0,0,False,False,0,False,0.0,0.47629252076148987,0.06303441524505615,0.8270313143730164,False,0.6888067722320557,-0.069267138838768,0.8443573713302612,False,,False,80
move_near,move_near/condition_0017,17,74,False,80,0.25093066879274767,0.2125142514705658,-0.13230155408382416,0.017326056957244873,0.2503317964044718,0,0,transport_not_completed,1,True,2,0.0,0.025,0,75,78,,,,0,0,True,0,0,False,False,0,False,0.0,0.47629252076148987,0.06303441524505615,0.8270313143730164,False,0.6888067722320557,-0.069267138838768,0.8443573713302612,False,,False,80
move_near,move_near/condition_0017,17,75,False,80,0.25093066879274767,0.2125142514705658,-0.13230155408382416,0.017326056957244873,0.2503317964044718,0,0,transport_not_completed,1,True,2,0.0,0.025,0,76,78,,,,0,0,False,0,0,False,False,0,False,0.0,0.47629252076148987,0.06303441524505615,0.8270313143730164,False,0.6888067722320557,-0.069267138838768,0.8443573713302612,False,,False,80
move_near,move_near/condition_0017,17,76,False,80,0.25093066879274767,0.2125142514705658,-0.13230155408382416,0.017326056957244873,0.2503317964044718,0,0,transport_not_completed,1,True,2,0.0,0.025,0,77,78,,,,0,0,False,0,0,False,False,0,False,0.0,0.47629252076148987,0.06303441524505615,0.8270313143730164,False,0.6888067722320557,-0.069267138838768,0.8443573713302612,False,,False,80
move_near,move_near/condition_0017,17,77,False,80,0.25093066879274767,0.2125142514705658,-0.13230155408382416,0.017326056957244873,0.2503317964044718,0,0,transport_not_completed,1,True,2,0.0,0.025,0,78,78,,,,0,0,False,0,0,False,False,0,False,0.0,0.47629252076148987,0.06303441524505615,0.8270313143730164,False,0.6888067722320557,-0.069267138838768,0.8443573713302612,False,,False,80
move_near,move_near/condition_0017,17,78,False,80,0.25093066879274767,0.2125142514705658,-0.13230155408382416,0.017326056957244873,0.2503317964044718,0,0,transport_not_completed,1,True,2,0.012658227848101266,0.025,1,79,78,,,,0,0,False,1,1,True,False,0,False,0.0,0.47629252076148987,0.06303441524505615,0.8270313143730164,False,0.6888067722320557,-0.069267138838768,0.8443573713302612,False,0,False,80
move_near,move_near/condition_0017,17,79,False,80,0.25093066879274767,0.2125142514705658,-0.13230155408382416,0.017326056957244873,0.2503317964044718,0,0,transport_not_completed,1,True,2,0.025,0.025,2,80,78,,,,0,0,False,1,0,True,False,0,False,0.0,0.47629252076148987,0.06303441524505615,0.8270313143730164,False,0.6888067722320557,-0.069267138838768,0.8443573713302612,False,1,True,80
move_near,move_near/condition_0018,18,0,False,80,0.25242109260637213,0.21310529112815857,-0.13254868984222412,-0.02708113193511963,0.250964181280332,1,0,height_violation,1,True,37,0.0,0.4625,0,1,43,61,,,0,0,True,0,0,False,False,0,False,0.0,0.46232131123542786,0.21262229979038239,0.8714385628700256,False,0.6754266023635864,0.08007360994815826,0.844357430934906,False,,False,80
move_near,move_near/condition_0018,18,1,False,80,0.25242109260637213,0.21310529112815857,-0.13254868984222412,-0.02708113193511963,0.250964181280332,1,0,height_violation,1,True,37,0.0,0.4625,0,2,43,61,,,0,0,True,0,0,False,False,0,False,0.0,0.46232131123542786,0.21262229979038239,0.8714385628700256,False,0.6754266023635864,0.08007360994815826,0.844357430934906,False,,False,80
move_near,move_near/condition_0018,18,2,False,80,0.25242109260637213,0.21310529112815857,-0.13254868984222412,-0.02708113193511963,0.250964181280332,1,0,height_violation,1,True,37,0.0,0.4625,0,3,43,61,,,0,0,True,0,0,False,False,0,False,0.0,0.46232131123542786,0.21262229979038239,0.8714385628700256,False,0.6754266023635864,0.08007360994815826,0.844357430934906,False,,False,80
move_near,move_near/condition_0018,18,3,False,80,0.25242109260637213,0.21310529112815857,-0.13254868984222412,-0.02708113193511963,0.250964181280332,1,0,height_violation,1,True,37,0.0,0.4625,0,4,43,61,,,0,0,True,0,0,False,False,0,False,0.0,0.46232131123542786,0.21262229979038239,0.8714385628700256,False,0.6754266023635864,0.08007360994815826,0.844357430934906,False,,False,80
move_near,move_near/condition_0018,18,4,False,80,0.25242109260637213,0.21310529112815857,-0.13254868984222412,-0.02708113193511963,0.250964181280332,1,0,height_violation,1,True,37,0.0,0.4625,0,5,43,61,,,0,0,True,0,0,False,False,0,False,0.0,0.46232131123542786,0.21262229979038239,0.8714385628700256,False,0.6754266023635864,0.08007360994815826,0.844357430934906,False,,False,80
move_near,move_near/condition_0018,18,5,False,80,0.25242109260637213,0.21310529112815857,-0.13254868984222412,-0.02708113193511963,0.250964181280332,1,0,height_violation,1,True,37,0.0,0.4625,0,6,43,61,,,0,0,True,0,0,False,False,0,False,0.0,0.46232131123542786,0.21262229979038239,0.8714385628700256,False,0.6754266023635864,0.08007360994815826,0.844357430934906,False,,False,80
move_near,move_near/condition_0018,18,6,False,80,0.25242109260637213,0.21310529112815857,-0.13254868984222412,-0.02708113193511963,0.250964181280332,1,0,height_violation,1,True,37,0.0,0.4625,0,7,43,61,,,0,0,True,0,0,False,False,0,False,0.0,0.46232131123542786,0.21262229979038239,0.8714385628700256,False,0.6754266023635864,0.08007360994815826,0.844357430934906,False,,False,80
move_near,move_near/condition_0018,18,7,False,80,0.25242109260637213,0.21310529112815857,-0.13254868984222412,-0.02708113193511963,0.250964181280332,1,0,height_violation,1,True,37,0.0,0.4625,0,8,43,61,,,0,0,True,0,0,False,False,0,False,0.0,0.46232131123542786,0.21262229979038239,0.8714385628700256,False,0.6754266023635864,0.08007360994815826,0.844357430934906,False,,False,80
move_near,move_near/condition_0018,18,8,False,80,0.25242109260637213,0.21310529112815857,-0.13254868984222412,-0.02708113193511963,0.250964181280332,1,0,height_violation,1,True,37,0.0,0.4625,0,9,43,61,,,0,0,True,0,0,False,False,0,False,0.0,0.46232131123542786,0.21262229979038239,0.8714385628700256,False,0.6754266023635864,0.08007360994815826,0.844357430934906,False,,False,80
move_near,move_near/condition_0018,18,9,False,80,0.25242109260637213,0.21310529112815857,-0.13254868984222412,-0.02708113193511963,0.250964181280332,1,0,height_violation,1,True,37,0.0,0.4625,0,10,43,61,,,0,0,True,0,0,False,False,0,False,0.0,0.46232131123542786,0.21262229979038239,0.8714385628700256,False,0.6754266023635864,0.08007360994815826,0.844357430934906,False,,False,80
move_near,move_near/condition_0018,18,10,False,80,0.25242109260637213,0.21310529112815857,-0.13254868984222412,-0.02708113193511963,0.250964181280332,1,0,height_violation,1,True,37,0.0,0.4625,0,11,43,61,,,0,0,True,0,0,False,False,0,False,0.0,0.46232131123542786,0.21262229979038239,0.8714385628700256,False,0.6754266023635864,0.08007360994815826,0.844357430934906,False,,False,80
move_near,move_near/condition_0018,18,11,False,80,0.25242109260637213,0.21310529112815857,-0.13254868984222412,-0.02708113193511963,0.250964181280332,1,0,height_violation,1,True,37,0.0,0.4625,0,12,43,61,,,0,0,True,0,0,False,False,0,False,0.0,0.46232131123542786,0.21262229979038239,0.8714385628700256,False,0.6754266023635864,0.08007360994815826,0.844357430934906,False,,False,80
move_near,move_near/condition_0018,18,12,False,80,0.25242109260637213,0.21310529112815857,-0.13254868984222412,-0.02708113193511963,0.250964181280332,1,0,height_violation,1,True,37,0.0,0.4625,0,13,43,61,,,0,0,True,0,0,False,False,0,False,0.0,0.46232131123542786,0.21262229979038239,0.8714385628700256,False,0.6754266023635864,0.08007360994815826,0.844357430934906,False,,False,80
move_near,move_near/condition_0018,18,13,False,80,0.25242109260637213,0.21310529112815857,-0.13254868984222412,-0.02708113193511963,0.250964181280332,1,0,height_violation,1,True,37,0.0,0.4625,0,14,43,61,,,0,0,True,0,0,False,False,0,False,0.0,0.46232131123542786,0.21262229979038239,0.8714385628700256,False,0.6754266023635864,0.08007360994815826,0.844357430934906,False,,False,80
move_near,move_near/condition_0018,18,14,False,80,0.25242109260637213,0.21310529112815857,-0.13254868984222412,-0.02708113193511963,0.250964181280332,1,0,height_violation,1,True,37,0.0,0.4625,0,15,43,61,,,0,0,True,0,0,False,False,0,False,0.0,0.46232131123542786,0.21262229979038239,0.8714385628700256,False,0.6754266023635864,0.08007360994815826,0.844357430934906,False,,False,80
move_near,move_near/condition_0018,18,15,False,80,0.25242109260637213,0.21310529112815857,-0.13254868984222412,-0.02708113193511963,0.250964181280332,1,0,height_violation,1,True,37,0.0,0.4625,0,16,43,61,,,0,0,True,0,0,False,False,0,False,0.0,0.46232131123542786,0.21262229979038239,0.8714385628700256,False,0.6754266023635864,0.08007360994815826,0.844357430934906,False,,False,80
move_near,move_near/condition_0018,18,16,False,80,0.25242109260637213,0.21310529112815857,-0.13254868984222412,-0.02708113193511963,0.250964181280332,1,0,height_violation,1,True,37,0.0,0.4625,0,17,43,61,,,0,0,True,0,0,False,False,0,False,0.0,0.46232131123542786,0.21262229979038239,0.8714385628700256,False,0.6754266023635864,0.08007360994815826,0.844357430934906,False,,False,80
move_near,move_near/condition_0018,18,17,False,80,0.25242109260637213,0.21310529112815857,-0.13254868984222412,-0.02708113193511963,0.250964181280332,1,0,height_violation,1,True,37,0.0,0.4625,0,18,43,61,,,0,0,True,0,0,False,False,0,False,0.0,0.46232131123542786,0.21262229979038239,0.8714385628700256,False,0.6754266023635864,0.08007360994815826,0.844357430934906,False,,False,80
move_near,move_near/condition_0018,18,18,False,80,0.25242109260637213,0.21310529112815857,-0.13254868984222412,-0.02708113193511963,0.250964181280332,1,0,height_violation,1,True,37,0.0,0.4625,0,19,43,61,,,0,0,True,0,0,False,False,0,False,0.0,0.46232131123542786,0.21262229979038239,0.8714385628700256,False,0.6754266023635864,0.08007360994815826,0.844357430934906,False,,False,80
move_near,move_near/condition_0018,18,19,False,80,0.25242109260637213,0.21310529112815857,-0.13254868984222412,-0.02708113193511963,0.250964181280332,1,0,height_violation,1,True,37,0.0,0.4625,0,20,43,61,,,0,0,True,0,0,False,False,0,False,0.0,0.46232131123542786,0.21262229979038239,0.8714385628700256,False,0.6754266023635864,0.08007360994815826,0.844357430934906,False,,False,80
move_near,move_near/condition_0018,18,20,False,80,0.25242109260637213,0.21310529112815857,-0.13254868984222412,-0.02708113193511963,0.250964181280332,1,0,height_violation,1,True,37,0.0,0.4625,0,21,43,61,,,0,0,True,0,0,False,False,0,False,0.0,0.46232131123542786,0.21262229979038239,0.8714385628700256,False,0.6754266023635864,0.08007360994815826,0.844357430934906,False,,False,80
move_near,move_near/condition_0018,18,21,False,80,0.25242109260637213,0.21310529112815857,-0.13254868984222412,-0.02708113193511963,0.250964181280332,1,0,height_violation,1,True,37,0.0,0.4625,0,22,43,61,,,0,0,True,0,0,False,False,0,False,0.0,0.46232131123542786,0.21262229979038239,0.8714385628700256,False,0.6754266023635864,0.08007360994815826,0.844357430934906,False,,False,80
move_near,move_near/condition_0018,18,22,False,80,0.25242109260637213,0.21310529112815857,-0.13254868984222412,-0.02708113193511963,0.250964181280332,1,0,height_violation,1,True,37,0.0,0.4625,0,23,43,61,,,0,0,True,0,0,False,False,0,False,0.0,0.46232131123542786,0.21262229979038239,0.8714385628700256,False,0.6754266023635864,0.08007360994815826,0.844357430934906,False,,False,80
move_near,move_near/condition_0018,18,23,False,80,0.25242109260637213,0.21310529112815857,-0.13254868984222412,-0.02708113193511963,0.250964181280332,1,0,height_violation,1,True,37,0.0,0.4625,0,24,43,61,,,0,0,True,0,0,False,False,0,False,0.0,0.46232131123542786,0.21262229979038239,0.8714385628700256,False,0.6754266023635864,0.08007360994815826,0.844357430934906,False,,False,80
move_near,move_near/condition_0018,18,24,False,80,0.25242109260637213,0.21310529112815857,-0.13254868984222412,-0.02708113193511963,0.250964181280332,1,0,height_violation,1,True,37,0.0,0.4625,0,25,43,61,,,0,0,True,0,0,False,False,0,False,0.0,0.46232131123542786,0.21262229979038239,0.8714385628700256,False,0.6754266023635864,0.08007360994815826,0.844357430934906,False,,False,80
move_near,move_near/condition_0018,18,25,False,80,0.25242109260637213,0.21310529112815857,-0.13254868984222412,-0.02708113193511963,0.250964181280332,1,0,height_violation,1,True,37,0.0,0.4625,0,26,43,61,,,0,0,True,0,0,False,False,0,False,0.0,0.46232131123542786,0.21262229979038239,0.8714385628700256,False,0.6754266023635864,0.08007360994815826,0.844357430934906,False,,False,80
move_near,move_near/condition_0018,18,26,False,80,0.25242109260637213,0.21310529112815857,-0.13254868984222412,-0.02708113193511963,0.250964181280332,1,0,height_violation,1,True,37,0.0,0.4625,0,27,43,61,,,0,0,True,0,0,False,False,0,False,0.0,0.46232131123542786,0.21262229979038239,0.8714385628700256,False,0.6754266023635864,0.08007360994815826,0.844357430934906,False,,False,80
move_near,move_near/condition_0018,18,27,False,80,0.25242109260637213,0.21310529112815857,-0.13254868984222412,-0.02708113193511963,0.250964181280332,1,0,height_violation,1,True,37,0.0,0.4625,0,28,43,61,,,0,0,True,0,0,False,False,0,False,0.0,0.46232131123542786,0.21262229979038239,0.8714385628700256,False,0.6754266023635864,0.08007360994815826,0.844357430934906,False,,False,80
move_near,move_near/condition_0018,18,28,False,80,0.25242109260637213,0.21310529112815857,-0.13254868984222412,-0.02708113193511963,0.250964181280332,1,0,height_violation,1,True,37,0.0,0.4625,0,29,43,61,,,0,0,True,0,0,False,False,0,False,0.0,0.46232131123542786,0.21262229979038239,0.8714385628700256,False,0.6754266023635864,0.08007360994815826,0.844357430934906,False,,False,80
move_near,move_near/condition_0018,18,29,False,80,0.25242109260637213,0.21310529112815857,-0.13254868984222412,-0.02708113193511963,0.250964181280332,1,0,height_violation,1,True,37,0.0,0.4625,0,30,43,61,,,0,0,True,0,0,False,False,0,False,0.0,0.46232131123542786,0.21262229979038239,0.8714385628700256,False,0.6754266023635864,0.08007360994815826,0.844357430934906,False,,False,80
move_near,move_near/condition_0018,18,30,False,80,0.25242109260637213,0.21310529112815857,-0.13254868984222412,-0.02708113193511963,0.250964181280332,1,0,height_violation,1,True,37,0.0,0.4625,0,31,43,61,,,0,0,True,0,0,False,False,0,False,0.0,0.46232131123542786,0.21262229979038239,0.8714385628700256,False,0.6754266023635864,0.08007360994815826,0.844357430934906,False,,False,80
move_near,move_near/condition_0018,18,31,False,80,0.25242109260637213,0.21310529112815857,-0.13254868984222412,-0.02708113193511963,0.250964181280332,1,0,height_violation,1,True,37,0.0,0.4625,0,32,43,61,,,0,0,True,0,0,False,False,0,False,0.0,0.46232131123542786,0.21262229979038239,0.8714385628700256,False,0.6754266023635864,0.08007360994815826,0.844357430934906,False,,False,80
move_near,move_near/condition_0018,18,32,False,80,0.25242109260637213,0.21310529112815857,-0.13254868984222412,-0.02708113193511963,0.250964181280332,1,0,height_violation,1,True,37,0.0,0.4625,0,33,43,61,,,0,0,True,0,0,False,False,0,False,0.0,0.46232131123542786,0.21262229979038239,0.8714385628700256,False,0.6754266023635864,0.08007360994815826,0.844357430934906,False,,False,80
move_near,move_near/condition_0018,18,33,False,80,0.25242109260637213,0.21310529112815857,-0.13254868984222412,-0.02708113193511963,0.250964181280332,1,0,height_violation,1,True,37,0.0,0.4625,0,34,43,61,,,0,0,True,0,0,False,False,0,False,0.0,0.46232131123542786,0.21262229979038239,0.8714385628700256,False,0.6754266023635864,0.08007360994815826,0.844357430934906,False,,False,80
move_near,move_near/condition_0018,18,34,False,80,0.25242109260637213,0.21310529112815857,-0.13254868984222412,-0.02708113193511963,0.250964181280332,1,0,height_violation,1,True,37,0.0,0.4625,0,35,43,61,,,0,0,True,0,0,False,False,0,False,0.0,0.46232131123542786,0.21262229979038239,0.8714385628700256,False,0.6754266023635864,0.08007360994815826,0.844357430934906,False,,False,80
move_near,move_near/condition_0018,18,35,False,80,0.25242109260637213,0.21310529112815857,-0.13254868984222412,-0.02708113193511963,0.250964181280332,1,0,height_violation,1,True,37,0.0,0.4625,0,36,43,61,,,0,0,True,0,0,False,False,0,False,0.0,0.46232131123542786,0.21262229979038239,0.8714385628700256,False,0.6754266023635864,0.08007360994815826,0.844357430934906,False,,False,80
move_near,move_near/condition_0018,18,36,False,80,0.25242109260637213,0.21310529112815857,-0.13254868984222412,-0.02708113193511963,0.250964181280332,1,0,height_violation,1,True,37,0.0,0.4625,0,37,43,61,,,0,0,True,0,0,False,False,0,False,0.0,0.46232131123542786,0.21262229979038239,0.8714385628700256,False,0.6754266023635864,0.08007360994815826,0.844357430934906,False,,False,80
move_near,move_near/condition_0018,18,37,False,80,0.25242109260637213,0.21310529112815857,-0.13254868984222412,-0.02708113193511963,0.250964181280332,1,0,height_violation,1,True,37,0.0,0.4625,0,38,43,61,,,0,0,True,0,0,False,False,0,False,0.0,0.46232131123542786,0.21262229979038239,0.8714385628700256,False,0.6754266023635864,0.08007360994815826,0.844357430934906,False,,False,80
move_near,move_near/condition_0018,18,38,False,80,0.25242109260637213,0.21310529112815857,-0.13254868984222412,-0.02708113193511963,0.250964181280332,1,0,height_violation,1,True,37,0.0,0.4625,0,39,43,61,,,0,0,True,0,0,False,False,0,False,0.0,0.46232131123542786,0.21262229979038239,0.8714385628700256,False,0.6754266023635864,0.08007360994815826,0.844357430934906,False,,False,80
move_near,move_near/condition_0018,18,39,False,80,0.25242109260637213,0.21310529112815857,-0.13254868984222412,-0.02708113193511963,0.250964181280332,1,0,height_violation,1,True,37,0.0,0.4625,0,40,43,61,,,0,0,True,0,0,False,False,0,False,0.0,0.46232131123542786,0.21262229979038239,0.8714385628700256,False,0.6754266023635864,0.08007360994815826,0.844357430934906,False,,False,80
move_near,move_near/condition_0018,18,40,False,80,0.25242109260637213,0.21310529112815857,-0.13254868984222412,-0.02708113193511963,0.250964181280332,1,0,height_violation,1,True,37,0.0,0.4625,0,41,43,61,,,0,0,True,0,0,False,False,0,False,0.0,0.46232131123542786,0.21262229979038239,0.8714385628700256,False,0.6754266023635864,0.08007360994815826,0.844357430934906,False,,False,80
move_near,move_near/condition_0018,18,41,False,80,0.25242109260637213,0.21310529112815857,-0.13254868984222412,-0.02708113193511963,0.250964181280332,1,0,height_violation,1,True,37,0.0,0.4625,0,42,43,61,,,0,0,True,0,0,False,False,0,False,0.0,0.46232131123542786,0.21262229979038239,0.8714385628700256,False,0.6754266023635864,0.08007360994815826,0.844357430934906,False,,False,80
move_near,move_near/condition_0018,18,42,False,80,0.25242109260637213,0.21310529112815857,-0.13254868984222412,-0.02708113193511963,0.250964181280332,1,0,height_violation,1,True,37,0.0,0.4625,0,43,43,61,,,0,0,True,0,0,False,False,0,False,0.0,0.46232131123542786,0.21262229979038239,0.8714385628700256,False,0.6754266023635864,0.08007360994815826,0.844357430934906,False,,False,80
move_near,move_near/condition_0018,18,43,False,80,0.25242109260637213,0.21310529112815857,-0.13254868984222412,-0.02708113193511963,0.250964181280332,1,0,height_violation,1,True,37,0.022727272727272728,0.4625,1,44,43,61,,,0,0,True,1,1,True,False,0,False,0.0,0.46232131123542786,0.21262229979038239,0.8714385628700256,False,0.6754266023635864,0.08007360994815826,0.844357430934906,False,0,False,80
move_near,move_near/condition_0018,18,44,False,80,0.25242109260637213,0.21310529112815857,-0.13254868984222412,-0.02708113193511963,0.250964181280332,1,0,height_violation,1,True,37,0.044444444444444446,0.4625,2,45,43,61,,,0,0,True,1,0,True,False,0,False,0.0,0.46232131123542786,0.21262229979038239,0.8714385628700256,False,0.6754266023635864,0.08007360994815826,0.844357430934906,False,1,False,80
move_near,move_near/condition_0018,18,45,False,80,0.25242109260637213,0.21310529112815857,-0.13254868984222412,-0.02708113193511963,0.250964181280332,1,0,height_violation,1,True,37,0.06521739130434782,0.4625,3,46,43,61,,,0,0,True,1,0,True,False,0,False,0.0,0.46232131123542786,0.21262229979038239,0.8714385628700256,False,0.6754266023635864,0.08007360994815826,0.844357430934906,False,2,False,80
move_near,move_near/condition_0018,18,46,False,80,0.25242109260637213,0.21310529112815857,-0.13254868984222412,-0.02708113193511963,0.250964181280332,1,0,height_violation,1,True,37,0.0851063829787234,0.4625,4,47,43,61,,,0,0,True,1,0,True,False,0,False,0.0,0.46232131123542786,0.21262229979038239,0.8714385628700256,False,0.6754266023635864,0.08007360994815826,0.844357430934906,False,3,False,80
move_near,move_near/condition_0018,18,47,False,80,0.25242109260637213,0.21310529112815857,-0.13254868984222412,-0.02708113193511963,0.250964181280332,1,0,height_violation,1,True,37,0.10416666666666667,0.4625,5,48,43,61,,,0,0,True,1,0,True,False,0,False,0.0,0.46232131123542786,0.21262229979038239,0.8714385628700256,False,0.6754266023635864,0.08007360994815826,0.844357430934906,False,4,False,80
move_near,move_near/condition_0018,18,48,False,80,0.25242109260637213,0.21310529112815857,-0.13254868984222412,-0.02708113193511963,0.250964181280332,1,0,height_violation,1,True,37,0.12244897959183673,0.4625,6,49,43,61,,,0,0,True,1,0,True,False,0,False,0.0,0.46232131123542786,0.21262229979038239,0.8714385628700256,False,0.6754266023635864,0.08007360994815826,0.844357430934906,False,5,False,80
move_near,move_near/condition_0018,18,49,False,80,0.25242109260637213,0.21310529112815857,-0.13254868984222412,-0.02708113193511963,0.250964181280332,1,0,height_violation,1,True,37,0.14,0.4625,7,50,43,61,,,0,0,True,1,0,True,False,0,False,0.0,0.46232131123542786,0.21262229979038239,0.8714385628700256,False,0.6754266023635864,0.08007360994815826,0.844357430934906,False,6,False,80
move_near,move_near/condition_0018,18,50,False,80,0.25242109260637213,0.21310529112815857,-0.13254868984222412,-0.02708113193511963,0.250964181280332,1,0,height_violation,1,True,37,0.1568627450980392,0.4625,8,51,43,61,,,0,0,True,1,0,True,False,0,False,0.0,0.46232131123542786,0.21262229979038239,0.8714385628700256,False,0.6754266023635864,0.08007360994815826,0.844357430934906,False,7,False,80
move_near,move_near/condition_0018,18,51,False,80,0.25242109260637213,0.21310529112815857,-0.13254868984222412,-0.02708113193511963,0.250964181280332,1,0,height_violation,1,True,37,0.17307692307692307,0.4625,9,52,43,61,,,0,0,True,1,0,True,False,0,False,0.0,0.46232131123542786,0.21262229979038239,0.8714385628700256,False,0.6754266023635864,0.08007360994815826,0.844357430934906,False,8,False,80
move_near,move_near/condition_0018,18,52,False,80,0.25242109260637213,0.21310529112815857,-0.13254868984222412,-0.02708113193511963,0.250964181280332,1,0,height_violation,1,True,37,0.18867924528301888,0.4625,10,53,43,61,,,0,0,True,1,0,True,False,0,False,0.0,0.46232131123542786,0.21262229979038239,0.8714385628700256,False,0.6754266023635864,0.08007360994815826,0.844357430934906,False,9,False,80
move_near,move_near/condition_0018,18,53,False,80,0.25242109260637213,0.21310529112815857,-0.13254868984222412,-0.02708113193511963,0.250964181280332,1,0,height_violation,1,True,37,0.2037037037037037,0.4625,11,54,43,61,,,0,0,True,1,0,True,False,0,False,0.0,0.46232131123542786,0.21262229979038239,0.8714385628700256,False,0.6754266023635864,0.08007360994815826,0.844357430934906,False,10,False,80
move_near,move_near/condition_0018,18,54,False,80,0.25242109260637213,0.21310529112815857,-0.13254868984222412,-0.02708113193511963,0.250964181280332,1,0,height_violation,1,True,37,0.21818181818181817,0.4625,12,55,43,61,,,0,0,True,1,0,True,False,0,False,0.0,0.46232131123542786,0.21262229979038239,0.8714385628700256,False,0.6754266023635864,0.08007360994815826,0.844357430934906,False,11,False,80
move_near,move_near/condition_0018,18,55,False,80,0.25242109260637213,0.21310529112815857,-0.13254868984222412,-0.02708113193511963,0.250964181280332,1,0,height_violation,1,True,37,0.23214285714285715,0.4625,13,56,43,61,,,0,0,True,1,0,True,False,0,False,0.0,0.46232131123542786,0.21262229979038239,0.8714385628700256,False,0.6754266023635864,0.08007360994815826,0.844357430934906,False,12,False,80
move_near,move_near/condition_0018,18,56,False,80,0.25242109260637213,0.21310529112815857,-0.13254868984222412,-0.02708113193511963,0.250964181280332,1,0,height_violation,1,True,37,0.24561403508771928,0.4625,14,57,43,61,,,0,0,True,1,0,True,False,0,False,0.0,0.46232131123542786,0.21262229979038239,0.8714385628700256,False,0.6754266023635864,0.08007360994815826,0.844357430934906,False,13,False,80
move_near,move_near/condition_0018,18,57,False,80,0.25242109260637213,0.21310529112815857,-0.13254868984222412,-0.02708113193511963,0.250964181280332,1,0,height_violation,1,True,37,0.25862068965517243,0.4625,15,58,43,61,,,0,0,True,1,0,True,False,0,False,0.0,0.46232131123542786,0.21262229979038239,0.8714385628700256,False,0.6754266023635864,0.08007360994815826,0.844357430934906,False,14,False,80
move_near,move_near/condition_0018,18,58,False,80,0.25242109260637213,0.21310529112815857,-0.13254868984222412,-0.02708113193511963,0.250964181280332,1,0,height_violation,1,True,37,0.2711864406779661,0.4625,16,59,43,61,,,0,0,True,1,0,True,False,0,False,0.0,0.46232131123542786,0.21262229979038239,0.8714385628700256,False,0.6754266023635864,0.08007360994815826,0.844357430934906,False,15,False,80
move_near,move_near/condition_0018,18,59,False,80,0.25242109260637213,0.21310529112815857,-0.13254868984222412,-0.02708113193511963,0.250964181280332,1,0,height_violation,1,True,37,0.2833333333333333,0.4625,17,60,43,61,,,0,0,True,1,0,True,False,0,False,0.0,0.46232131123542786,0.21262229979038239,0.8714385628700256,False,0.6754266023635864,0.08007360994815826,0.844357430934906,False,16,False,80
move_near,move_near/condition_0018,18,60,False,80,0.25242109260637213,0.21310529112815857,-0.13254868984222412,-0.02708113193511963,0.250964181280332,1,0,height_violation,1,True,37,0.29508196721311475,0.4625,18,61,43,61,,,0,0,True,1,0,True,False,0,False,0.0,0.46232131123542786,0.21262229979038239,0.8714385628700256,False,0.6754266023635864,0.08007360994815826,0.844357430934906,False,17,False,80
move_near,move_near/condition_0018,18,61,False,80,0.25242109260637213,0.21310529112815857,-0.13254868984222412,-0.02708113193511963,0.250964181280332,1,0,height_violation,1,False,37,0.3064516129032258,0.4625,19,62,43,61,,,1,1,True,1,0,True,False,0,False,0.0,0.46232131123542786,0.21262229979038239,0.8714385628700256,False,0.6754266023635864,0.08007360994815826,0.844357430934906,False,18,False,80
move_near,move_near/condition_0018,18,62,False,80,0.25242109260637213,0.21310529112815857,-0.13254868984222412,-0.02708113193511963,0.250964181280332,1,0,height_violation,1,False,37,0.31746031746031744,0.4625,20,63,43,61,,,1,2,True,1,0,True,False,0,False,0.0,0.46232131123542786,0.21262229979038239,0.8714385628700256,False,0.6754266023635864,0.08007360994815826,0.844357430934906,False,19,False,80
move_near,move_near/condition_0018,18,63,False,80,0.25242109260637213,0.21310529112815857,-0.13254868984222412,-0.02708113193511963,0.250964181280332,1,0,height_violation,1,False,37,0.328125,0.4625,21,64,43,61,,,1,3,True,1,0,True,False,0,False,0.0,0.46232131123542786,0.21262229979038239,0.8714385628700256,False,0.6754266023635864,0.08007360994815826,0.844357430934906,False,20,False,80
move_near,move_near/condition_0018,18,64,False,80,0.25242109260637213,0.21310529112815857,-0.13254868984222412,-0.02708113193511963,0.250964181280332,1,0,height_violation,1,False,37,0.3384615384615385,0.4625,22,65,43,61,,,1,4,True,1,0,True,False,0,False,0.0,0.46232131123542786,0.21262229979038239,0.8714385628700256,False,0.6754266023635864,0.08007360994815826,0.844357430934906,False,21,False,80
move_near,move_near/condition_0018,18,65,False,80,0.25242109260637213,0.21310529112815857,-0.13254868984222412,-0.02708113193511963,0.250964181280332,1,0,height_violation,1,False,37,0.3484848484848485,0.4625,23,66,43,61,,,1,5,True,1,0,True,False,0,False,0.0,0.46232131123542786,0.21262229979038239,0.8714385628700256,False,0.6754266023635864,0.08007360994815826,0.844357430934906,False,22,False,80
move_near,move_near/condition_0018,18,66,False,80,0.25242109260637213,0.21310529112815857,-0.13254868984222412,-0.02708113193511963,0.250964181280332,1,0,height_violation,1,False,37,0.3582089552238806,0.4625,24,67,43,61,,,1,6,True,1,0,True,False,0,False,0.0,0.46232131123542786,0.21262229979038239,0.8714385628700256,False,0.6754266023635864,0.08007360994815826,0.844357430934906,False,23,False,80
move_near,move_near/condition_0018,18,67,False,80,0.25242109260637213,0.21310529112815857,-0.13254868984222412,-0.02708113193511963,0.250964181280332,1,0,height_violation,1,False,37,0.36764705882352944,0.4625,25,68,43,61,,,1,7,True,1,0,True,False,0,False,0.0,0.46232131123542786,0.21262229979038239,0.8714385628700256,False,0.6754266023635864,0.08007360994815826,0.844357430934906,False,24,False,80
move_near,move_near/condition_0018,18,68,False,80,0.25242109260637213,0.21310529112815857,-0.13254868984222412,-0.02708113193511963,0.250964181280332,1,0,height_violation,1,False,37,0.37681159420289856,0.4625,26,69,43,61,,,1,8,True,1,0,True,False,0,False,0.0,0.46232131123542786,0.21262229979038239,0.8714385628700256,False,0.6754266023635864,0.08007360994815826,0.844357430934906,False,25,False,80
move_near,move_near/condition_0018,18,69,False,80,0.25242109260637213,0.21310529112815857,-0.13254868984222412,-0.02708113193511963,0.250964181280332,1,0,height_violation,1,False,37,0.38571428571428573,0.4625,27,70,43,61,,,1,9,True,1,0,True,False,0,False,0.0,0.46232131123542786,0.21262229979038239,0.8714385628700256,False,0.6754266023635864,0.08007360994815826,0.844357430934906,False,26,False,80
move_near,move_near/condition_0018,18,70,False,80,0.25242109260637213,0.21310529112815857,-0.13254868984222412,-0.02708113193511963,0.250964181280332,1,0,height_violation,1,False,37,0.39436619718309857,0.4625,28,71,43,61,,,1,10,True,1,0,True,False,0,False,0.0,0.46232131123542786,0.21262229979038239,0.8714385628700256,False,0.6754266023635864,0.08007360994815826,0.844357430934906,False,27,False,80
move_near,move_near/condition_0018,18,71,False,80,0.25242109260637213,0.21310529112815857,-0.13254868984222412,-0.02708113193511963,0.250964181280332,1,0,height_violation,1,False,37,0.4027777777777778,0.4625,29,72,43,61,,,1,11,True,1,0,True,False,0,False,0.0,0.46232131123542786,0.21262229979038239,0.8714385628700256,False,0.6754266023635864,0.08007360994815826,0.844357430934906,False,28,False,80
move_near,move_near/condition_0018,18,72,False,80,0.25242109260637213,0.21310529112815857,-0.13254868984222412,-0.02708113193511963,0.250964181280332,1,0,height_violation,1,False,37,0.410958904109589,0.4625,30,73,43,61,,,1,12,True,1,0,True,False,0,False,0.0,0.46232131123542786,0.21262229979038239,0.8714385628700256,False,0.6754266023635864,0.08007360994815826,0.844357430934906,False,29,False,80
move_near,move_near/condition_0018,18,73,False,80,0.25242109260637213,0.21310529112815857,-0.13254868984222412,-0.02708113193511963,0.250964181280332,1,0,height_violation,1,False,37,0.4189189189189189,0.4625,31,74,43,61,,,1,13,True,1,0,True,False,0,False,0.0,0.46232131123542786,0.21262229979038239,0.8714385628700256,False,0.6754266023635864,0.08007360994815826,0.844357430934906,False,30,False,80
move_near,move_near/condition_0018,18,74,False,80,0.25242109260637213,0.21310529112815857,-0.13254868984222412,-0.02708113193511963,0.250964181280332,1,0,height_violation,1,False,37,0.4266666666666667,0.4625,32,75,43,61,,,1,14,True,1,0,True,False,0,False,0.0,0.46232131123542786,0.21262229979038239,0.8714385628700256,False,0.6754266023635864,0.08007360994815826,0.844357430934906,False,31,False,80
move_near,move_near/condition_0018,18,75,False,80,0.25242109260637213,0.21310529112815857,-0.13254868984222412,-0.02708113193511963,0.250964181280332,1,0,height_violation,1,False,37,0.4342105263157895,0.4625,33,76,43,61,,,1,15,True,1,0,True,False,0,False,0.0,0.46232131123542786,0.21262229979038239,0.8714385628700256,False,0.6754266023635864,0.08007360994815826,0.844357430934906,False,32,False,80
move_near,move_near/condition_0018,18,76,False,80,0.25242109260637213,0.21310529112815857,-0.13254868984222412,-0.02708113193511963,0.250964181280332,1,0,height_violation,1,False,37,0.44155844155844154,0.4625,34,77,43,61,,,1,16,True,1,0,True,False,0,False,0.0,0.46232131123542786,0.21262229979038239,0.8714385628700256,False,0.6754266023635864,0.08007360994815826,0.844357430934906,False,33,False,80
move_near,move_near/condition_0018,18,77,False,80,0.25242109260637213,0.21310529112815857,-0.13254868984222412,-0.02708113193511963,0.250964181280332,1,0,height_violation,1,False,37,0.44871794871794873,0.4625,35,78,43,61,,,1,17,True,1,0,True,False,0,False,0.0,0.46232131123542786,0.21262229979038239,0.8714385628700256,False,0.6754266023635864,0.08007360994815826,0.844357430934906,False,34,False,80
move_near,move_near/condition_0018,18,78,False,80,0.25242109260637213,0.21310529112815857,-0.13254868984222412,-0.02708113193511963,0.250964181280332,1,0,height_violation,1,False,37,0.45569620253164556,0.4625,36,79,43,61,,,1,18,True,1,0,True,False,0,False,0.0,0.46232131123542786,0.21262229979038239,0.8714385628700256,False,0.6754266023635864,0.08007360994815826,0.844357430934906,False,35,False,80
move_near,move_near/condition_0018,18,79,False,80,0.25242109260637213,0.21310529112815857,-0.13254868984222412,-0.02708113193511963,0.250964181280332,1,0,height_violation,1,False,37,0.4625,0.4625,37,80,43,61,,,1,19,True,1,0,True,False,0,False,0.0,0.46232131123542786,0.21262229979038239,0.8714385628700256,False,0.6754266023635864,0.08007360994815826,0.844357430934906,False,36,True,80
move_near,move_near/condition_0019,19,0,False,80,0.30350410651509124,0.027453333139419556,-0.29898005723953247,-0.044407010078430176,0.30023783926650227,0,0,transport_not_completed,1,True,26,0.0,0.325,0,1,54,,,,0,0,False,0,0,False,False,0,False,0.0,0.46232131123542786,0.21262229979038239,0.8714385628700256,False,0.4897746443748474,-0.08635775744915009,0.8270315527915955,False,,False,80
move_near,move_near/condition_0019,19,1,False,80,0.30350410651509124,0.027453333139419556,-0.29898005723953247,-0.044407010078430176,0.30023783926650227,0,0,transport_not_completed,1,True,26,0.0,0.325,0,2,54,,,,0,0,False,0,0,False,False,0,False,0.0,0.46232131123542786,0.21262229979038239,0.8714385628700256,False,0.4897746443748474,-0.08635775744915009,0.8270315527915955,False,,False,80
move_near,move_near/condition_0019,19,2,False,80,0.30350410651509124,0.027453333139419556,-0.29898005723953247,-0.044407010078430176,0.30023783926650227,0,0,transport_not_completed,1,True,26,0.0,0.325,0,3,54,,,,0,0,False,0,0,False,False,0,False,0.0,0.46232131123542786,0.21262229979038239,0.8714385628700256,False,0.4897746443748474,-0.08635775744915009,0.8270315527915955,False,,False,80
move_near,move_near/condition_0019,19,3,False,80,0.30350410651509124,0.027453333139419556,-0.29898005723953247,-0.044407010078430176,0.30023783926650227,0,0,transport_not_completed,1,True,26,0.0,0.325,0,4,54,,,,0,0,False,0,0,False,False,0,False,0.0,0.46232131123542786,0.21262229979038239,0.8714385628700256,False,0.4897746443748474,-0.08635775744915009,0.8270315527915955,False,,False,80
move_near,move_near/condition_0019,19,4,False,80,0.30350410651509124,0.027453333139419556,-0.29898005723953247,-0.044407010078430176,0.30023783926650227,0,0,transport_not_completed,1,True,26,0.0,0.325,0,5,54,,,,0,0,False,0,0,False,False,0,False,0.0,0.46232131123542786,0.21262229979038239,0.8714385628700256,False,0.4897746443748474,-0.08635775744915009,0.8270315527915955,False,,False,80
move_near,move_near/condition_0019,19,5,False,80,0.30350410651509124,0.027453333139419556,-0.29898005723953247,-0.044407010078430176,0.30023783926650227,0,0,transport_not_completed,1,True,26,0.0,0.325,0,6,54,,,,0,0,False,0,0,False,False,0,False,0.0,0.46232131123542786,0.21262229979038239,0.8714385628700256,False,0.4897746443748474,-0.08635775744915009,0.8270315527915955,False,,False,80
move_near,move_near/condition_0019,19,6,False,80,0.30350410651509124,0.027453333139419556,-0.29898005723953247,-0.044407010078430176,0.30023783926650227,0,0,transport_not_completed,1,True,26,0.0,0.325,0,7,54,,,,0,0,False,0,0,False,False,0,False,0.0,0.46232131123542786,0.21262229979038239,0.8714385628700256,False,0.4897746443748474,-0.08635775744915009,0.8270315527915955,False,,False,80
move_near,move_near/condition_0019,19,7,False,80,0.30350410651509124,0.027453333139419556,-0.29898005723953247,-0.044407010078430176,0.30023783926650227,0,0,transport_not_completed,1,True,26,0.0,0.325,0,8,54,,,,0,0,False,0,0,False,False,0,False,0.0,0.46232131123542786,0.21262229979038239,0.8714385628700256,False,0.4897746443748474,-0.08635775744915009,0.8270315527915955,False,,False,80
move_near,move_near/condition_0019,19,8,False,80,0.30350410651509124,0.027453333139419556,-0.29898005723953247,-0.044407010078430176,0.30023783926650227,0,0,transport_not_completed,1,True,26,0.0,0.325,0,9,54,,,,0,0,False,0,0,False,False,0,False,0.0,0.46232131123542786,0.21262229979038239,0.8714385628700256,False,0.4897746443748474,-0.08635775744915009,0.8270315527915955,False,,False,80
move_near,move_near/condition_0019,19,9,False,80,0.30350410651509124,0.027453333139419556,-0.29898005723953247,-0.044407010078430176,0.30023783926650227,0,0,transport_not_completed,1,True,26,0.0,0.325,0,10,54,,,,0,0,False,0,0,False,False,0,False,0.0,0.46232131123542786,0.21262229979038239,0.8714385628700256,False,0.4897746443748474,-0.08635775744915009,0.8270315527915955,False,,False,80
move_near,move_near/condition_0019,19,10,False,80,0.30350410651509124,0.027453333139419556,-0.29898005723953247,-0.044407010078430176,0.30023783926650227,0,0,transport_not_completed,1,True,26,0.0,0.325,0,11,54,,,,0,0,False,0,0,False,False,0,False,0.0,0.46232131123542786,0.21262229979038239,0.8714385628700256,False,0.4897746443748474,-0.08635775744915009,0.8270315527915955,False,,False,80
move_near,move_near/condition_0019,19,11,False,80,0.30350410651509124,0.027453333139419556,-0.29898005723953247,-0.044407010078430176,0.30023783926650227,0,0,transport_not_completed,1,True,26,0.0,0.325,0,12,54,,,,0,0,False,0,0,False,False,0,False,0.0,0.46232131123542786,0.21262229979038239,0.8714385628700256,False,0.4897746443748474,-0.08635775744915009,0.8270315527915955,False,,False,80
move_near,move_near/condition_0019,19,12,False,80,0.30350410651509124,0.027453333139419556,-0.29898005723953247,-0.044407010078430176,0.30023783926650227,0,0,transport_not_completed,1,True,26,0.0,0.325,0,13,54,,,,0,0,False,0,0,False,False,0,False,0.0,0.46232131123542786,0.21262229979038239,0.8714385628700256,False,0.4897746443748474,-0.08635775744915009,0.8270315527915955,False,,False,80
move_near,move_near/condition_0019,19,13,False,80,0.30350410651509124,0.027453333139419556,-0.29898005723953247,-0.044407010078430176,0.30023783926650227,0,0,transport_not_completed,1,True,26,0.0,0.325,0,14,54,,,,0,0,False,0,0,False,False,0,False,0.0,0.46232131123542786,0.21262229979038239,0.8714385628700256,False,0.4897746443748474,-0.08635775744915009,0.8270315527915955,False,,False,80
move_near,move_near/condition_0019,19,14,False,80,0.30350410651509124,0.027453333139419556,-0.29898005723953247,-0.044407010078430176,0.30023783926650227,0,0,transport_not_completed,1,True,26,0.0,0.325,0,15,54,,,,0,0,False,0,0,False,False,0,False,0.0,0.46232131123542786,0.21262229979038239,0.8714385628700256,False,0.4897746443748474,-0.08635775744915009,0.8270315527915955,False,,False,80
move_near,move_near/condition_0019,19,15,False,80,0.30350410651509124,0.027453333139419556,-0.29898005723953247,-0.044407010078430176,0.30023783926650227,0,0,transport_not_completed,1,True,26,0.0,0.325,0,16,54,,,,0,0,False,0,0,False,False,0,False,0.0,0.46232131123542786,0.21262229979038239,0.8714385628700256,False,0.4897746443748474,-0.08635775744915009,0.8270315527915955,False,,False,80
move_near,move_near/condition_0019,19,16,False,80,0.30350410651509124,0.027453333139419556,-0.29898005723953247,-0.044407010078430176,0.30023783926650227,0,0,transport_not_completed,1,True,26,0.0,0.325,0,17,54,,,,0,0,False,0,0,False,False,0,False,0.0,0.46232131123542786,0.21262229979038239,0.8714385628700256,False,0.4897746443748474,-0.08635775744915009,0.8270315527915955,False,,False,80
move_near,move_near/condition_0019,19,17,False,80,0.30350410651509124,0.027453333139419556,-0.29898005723953247,-0.044407010078430176,0.30023783926650227,0,0,transport_not_completed,1,True,26,0.0,0.325,0,18,54,,,,0,0,False,0,0,False,False,0,False,0.0,0.46232131123542786,0.21262229979038239,0.8714385628700256,False,0.4897746443748474,-0.08635775744915009,0.8270315527915955,False,,False,80
move_near,move_near/condition_0019,19,18,False,80,0.30350410651509124,0.027453333139419556,-0.29898005723953247,-0.044407010078430176,0.30023783926650227,0,0,transport_not_completed,1,True,26,0.0,0.325,0,19,54,,,,0,0,False,0,0,False,False,0,False,0.0,0.46232131123542786,0.21262229979038239,0.8714385628700256,False,0.4897746443748474,-0.08635775744915009,0.8270315527915955,False,,False,80
move_near,move_near/condition_0019,19,19,False,80,0.30350410651509124,0.027453333139419556,-0.29898005723953247,-0.044407010078430176,0.30023783926650227,0,0,transport_not_completed,1,True,26,0.0,0.325,0,20,54,,,,0,0,False,0,0,False,False,0,False,0.0,0.46232131123542786,0.21262229979038239,0.8714385628700256,False,0.4897746443748474,-0.08635775744915009,0.8270315527915955,False,,False,80
move_near,move_near/condition_0019,19,20,False,80,0.30350410651509124,0.027453333139419556,-0.29898005723953247,-0.044407010078430176,0.30023783926650227,0,0,transport_not_completed,1,True,26,0.0,0.325,0,21,54,,,,0,0,False,0,0,False,False,0,False,0.0,0.46232131123542786,0.21262229979038239,0.8714385628700256,False,0.4897746443748474,-0.08635775744915009,0.8270315527915955,False,,False,80
move_near,move_near/condition_0019,19,21,False,80,0.30350410651509124,0.027453333139419556,-0.29898005723953247,-0.044407010078430176,0.30023783926650227,0,0,transport_not_completed,1,True,26,0.0,0.325,0,22,54,,,,0,0,False,0,0,False,False,0,False,0.0,0.46232131123542786,0.21262229979038239,0.8714385628700256,False,0.4897746443748474,-0.08635775744915009,0.8270315527915955,False,,False,80
move_near,move_near/condition_0019,19,22,False,80,0.30350410651509124,0.027453333139419556,-0.29898005723953247,-0.044407010078430176,0.30023783926650227,0,0,transport_not_completed,1,True,26,0.0,0.325,0,23,54,,,,0,0,False,0,0,False,False,0,False,0.0,0.46232131123542786,0.21262229979038239,0.8714385628700256,False,0.4897746443748474,-0.08635775744915009,0.8270315527915955,False,,False,80
move_near,move_near/condition_0019,19,23,False,80,0.30350410651509124,0.027453333139419556,-0.29898005723953247,-0.044407010078430176,0.30023783926650227,0,0,transport_not_completed,1,True,26,0.0,0.325,0,24,54,,,,0,0,False,0,0,False,False,0,False,0.0,0.46232131123542786,0.21262229979038239,0.8714385628700256,False,0.4897746443748474,-0.08635775744915009,0.8270315527915955,False,,False,80
move_near,move_near/condition_0019,19,24,False,80,0.30350410651509124,0.027453333139419556,-0.29898005723953247,-0.044407010078430176,0.30023783926650227,0,0,transport_not_completed,1,True,26,0.0,0.325,0,25,54,,,,0,0,False,0,0,False,False,0,False,0.0,0.46232131123542786,0.21262229979038239,0.8714385628700256,False,0.4897746443748474,-0.08635775744915009,0.8270315527915955,False,,False,80
move_near,move_near/condition_0019,19,25,False,80,0.30350410651509124,0.027453333139419556,-0.29898005723953247,-0.044407010078430176,0.30023783926650227,0,0,transport_not_completed,1,True,26,0.0,0.325,0,26,54,,,,0,0,False,0,0,False,False,0,False,0.0,0.46232131123542786,0.21262229979038239,0.8714385628700256,False,0.4897746443748474,-0.08635775744915009,0.8270315527915955,False,,False,80
move_near,move_near/condition_0019,19,26,False,80,0.30350410651509124,0.027453333139419556,-0.29898005723953247,-0.044407010078430176,0.30023783926650227,0,0,transport_not_completed,1,True,26,0.0,0.325,0,27,54,,,,0,0,False,0,0,False,False,0,False,0.0,0.46232131123542786,0.21262229979038239,0.8714385628700256,False,0.4897746443748474,-0.08635775744915009,0.8270315527915955,False,,False,80
move_near,move_near/condition_0019,19,27,False,80,0.30350410651509124,0.027453333139419556,-0.29898005723953247,-0.044407010078430176,0.30023783926650227,0,0,transport_not_completed,1,True,26,0.0,0.325,0,28,54,,,,0,0,False,0,0,False,False,0,False,0.0,0.46232131123542786,0.21262229979038239,0.8714385628700256,False,0.4897746443748474,-0.08635775744915009,0.8270315527915955,False,,False,80
move_near,move_near/condition_0019,19,28,False,80,0.30350410651509124,0.027453333139419556,-0.29898005723953247,-0.044407010078430176,0.30023783926650227,0,0,transport_not_completed,1,True,26,0.0,0.325,0,29,54,,,,0,0,False,0,0,False,False,0,False,0.0,0.46232131123542786,0.21262229979038239,0.8714385628700256,False,0.4897746443748474,-0.08635775744915009,0.8270315527915955,False,,False,80
move_near,move_near/condition_0019,19,29,False,80,0.30350410651509124,0.027453333139419556,-0.29898005723953247,-0.044407010078430176,0.30023783926650227,0,0,transport_not_completed,1,True,26,0.0,0.325,0,30,54,,,,0,0,False,0,0,False,False,0,False,0.0,0.46232131123542786,0.21262229979038239,0.8714385628700256,False,0.4897746443748474,-0.08635775744915009,0.8270315527915955,False,,False,80
move_near,move_near/condition_0019,19,30,False,80,0.30350410651509124,0.027453333139419556,-0.29898005723953247,-0.044407010078430176,0.30023783926650227,0,0,transport_not_completed,1,True,26,0.0,0.325,0,31,54,,,,0,0,False,0,0,False,False,0,False,0.0,0.46232131123542786,0.21262229979038239,0.8714385628700256,False,0.4897746443748474,-0.08635775744915009,0.8270315527915955,False,,False,80
move_near,move_near/condition_0019,19,31,False,80,0.30350410651509124,0.027453333139419556,-0.29898005723953247,-0.044407010078430176,0.30023783926650227,0,0,transport_not_completed,1,True,26,0.0,0.325,0,32,54,,,,0,0,False,0,0,False,False,0,False,0.0,0.46232131123542786,0.21262229979038239,0.8714385628700256,False,0.4897746443748474,-0.08635775744915009,0.8270315527915955,False,,False,80
move_near,move_near/condition_0019,19,32,False,80,0.30350410651509124,0.027453333139419556,-0.29898005723953247,-0.044407010078430176,0.30023783926650227,0,0,transport_not_completed,1,True,26,0.0,0.325,0,33,54,,,,0,0,False,0,0,False,False,0,False,0.0,0.46232131123542786,0.21262229979038239,0.8714385628700256,False,0.4897746443748474,-0.08635775744915009,0.8270315527915955,False,,False,80
move_near,move_near/condition_0019,19,33,False,80,0.30350410651509124,0.027453333139419556,-0.29898005723953247,-0.044407010078430176,0.30023783926650227,0,0,transport_not_completed,1,True,26,0.0,0.325,0,34,54,,,,0,0,False,0,0,False,False,0,False,0.0,0.46232131123542786,0.21262229979038239,0.8714385628700256,False,0.4897746443748474,-0.08635775744915009,0.8270315527915955,False,,False,80
move_near,move_near/condition_0019,19,34,False,80,0.30350410651509124,0.027453333139419556,-0.29898005723953247,-0.044407010078430176,0.30023783926650227,0,0,transport_not_completed,1,True,26,0.0,0.325,0,35,54,,,,0,0,False,0,0,False,False,0,False,0.0,0.46232131123542786,0.21262229979038239,0.8714385628700256,False,0.4897746443748474,-0.08635775744915009,0.8270315527915955,False,,False,80
move_near,move_near/condition_0019,19,35,False,80,0.30350410651509124,0.027453333139419556,-0.29898005723953247,-0.044407010078430176,0.30023783926650227,0,0,transport_not_completed,1,True,26,0.0,0.325,0,36,54,,,,0,0,False,0,0,False,False,0,False,0.0,0.46232131123542786,0.21262229979038239,0.8714385628700256,False,0.4897746443748474,-0.08635775744915009,0.8270315527915955,False,,False,80
move_near,move_near/condition_0019,19,36,False,80,0.30350410651509124,0.027453333139419556,-0.29898005723953247,-0.044407010078430176,0.30023783926650227,0,0,transport_not_completed,1,True,26,0.0,0.325,0,37,54,,,,0,0,False,0,0,False,False,0,False,0.0,0.46232131123542786,0.21262229979038239,0.8714385628700256,False,0.4897746443748474,-0.08635775744915009,0.8270315527915955,False,,False,80
move_near,move_near/condition_0019,19,37,False,80,0.30350410651509124,0.027453333139419556,-0.29898005723953247,-0.044407010078430176,0.30023783926650227,0,0,transport_not_completed,1,True,26,0.0,0.325,0,38,54,,,,0,0,False,0,0,False,False,0,False,0.0,0.46232131123542786,0.21262229979038239,0.8714385628700256,False,0.4897746443748474,-0.08635775744915009,0.8270315527915955,False,,False,80
move_near,move_near/condition_0019,19,38,False,80,0.30350410651509124,0.027453333139419556,-0.29898005723953247,-0.044407010078430176,0.30023783926650227,0,0,transport_not_completed,1,True,26,0.0,0.325,0,39,54,,,,0,0,False,0,0,False,False,0,False,0.0,0.46232131123542786,0.21262229979038239,0.8714385628700256,False,0.4897746443748474,-0.08635775744915009,0.8270315527915955,False,,False,80
move_near,move_near/condition_0019,19,39,False,80,0.30350410651509124,0.027453333139419556,-0.29898005723953247,-0.044407010078430176,0.30023783926650227,0,0,transport_not_completed,1,True,26,0.0,0.325,0,40,54,,,,0,0,False,0,0,False,False,0,False,0.0,0.46232131123542786,0.21262229979038239,0.8714385628700256,False,0.4897746443748474,-0.08635775744915009,0.8270315527915955,False,,False,80
move_near,move_near/condition_0019,19,40,False,80,0.30350410651509124,0.027453333139419556,-0.29898005723953247,-0.044407010078430176,0.30023783926650227,0,0,transport_not_completed,1,True,26,0.0,0.325,0,41,54,,,,0,0,False,0,0,False,False,0,False,0.0,0.46232131123542786,0.21262229979038239,0.8714385628700256,False,0.4897746443748474,-0.08635775744915009,0.8270315527915955,False,,False,80
move_near,move_near/condition_0019,19,41,False,80,0.30350410651509124,0.027453333139419556,-0.29898005723953247,-0.044407010078430176,0.30023783926650227,0,0,transport_not_completed,1,True,26,0.0,0.325,0,42,54,,,,0,0,False,0,0,False,False,0,False,0.0,0.46232131123542786,0.21262229979038239,0.8714385628700256,False,0.4897746443748474,-0.08635775744915009,0.8270315527915955,False,,False,80
move_near,move_near/condition_0019,19,42,False,80,0.30350410651509124,0.027453333139419556,-0.29898005723953247,-0.044407010078430176,0.30023783926650227,0,0,transport_not_completed,1,True,26,0.0,0.325,0,43,54,,,,0,0,False,0,0,False,False,0,False,0.0,0.46232131123542786,0.21262229979038239,0.8714385628700256,False,0.4897746443748474,-0.08635775744915009,0.8270315527915955,False,,False,80
move_near,move_near/condition_0019,19,43,False,80,0.30350410651509124,0.027453333139419556,-0.29898005723953247,-0.044407010078430176,0.30023783926650227,0,0,transport_not_completed,1,True,26,0.0,0.325,0,44,54,,,,0,0,False,0,0,False,False,0,False,0.0,0.46232131123542786,0.21262229979038239,0.8714385628700256,False,0.4897746443748474,-0.08635775744915009,0.8270315527915955,False,,False,80
move_near,move_near/condition_0019,19,44,False,80,0.30350410651509124,0.027453333139419556,-0.29898005723953247,-0.044407010078430176,0.30023783926650227,0,0,transport_not_completed,1,True,26,0.0,0.325,0,45,54,,,,0,0,False,0,0,False,False,0,False,0.0,0.46232131123542786,0.21262229979038239,0.8714385628700256,False,0.4897746443748474,-0.08635775744915009,0.8270315527915955,False,,False,80
move_near,move_near/condition_0019,19,45,False,80,0.30350410651509124,0.027453333139419556,-0.29898005723953247,-0.044407010078430176,0.30023783926650227,0,0,transport_not_completed,1,True,26,0.0,0.325,0,46,54,,,,0,0,False,0,0,False,False,0,False,0.0,0.46232131123542786,0.21262229979038239,0.8714385628700256,False,0.4897746443748474,-0.08635775744915009,0.8270315527915955,False,,False,80
move_near,move_near/condition_0019,19,46,False,80,0.30350410651509124,0.027453333139419556,-0.29898005723953247,-0.044407010078430176,0.30023783926650227,0,0,transport_not_completed,1,True,26,0.0,0.325,0,47,54,,,,0,0,False,0,0,False,False,0,False,0.0,0.46232131123542786,0.21262229979038239,0.8714385628700256,False,0.4897746443748474,-0.08635775744915009,0.8270315527915955,False,,False,80
move_near,move_near/condition_0019,19,47,False,80,0.30350410651509124,0.027453333139419556,-0.29898005723953247,-0.044407010078430176,0.30023783926650227,0,0,transport_not_completed,1,True,26,0.0,0.325,0,48,54,,,,0,0,False,0,0,False,False,0,False,0.0,0.46232131123542786,0.21262229979038239,0.8714385628700256,False,0.4897746443748474,-0.08635775744915009,0.8270315527915955,False,,False,80
move_near,move_near/condition_0019,19,48,False,80,0.30350410651509124,0.027453333139419556,-0.29898005723953247,-0.044407010078430176,0.30023783926650227,0,0,transport_not_completed,1,True,26,0.0,0.325,0,49,54,,,,0,0,False,0,0,False,False,0,False,0.0,0.46232131123542786,0.21262229979038239,0.8714385628700256,False,0.4897746443748474,-0.08635775744915009,0.8270315527915955,False,,False,80
move_near,move_near/condition_0019,19,49,False,80,0.30350410651509124,0.027453333139419556,-0.29898005723953247,-0.044407010078430176,0.30023783926650227,0,0,transport_not_completed,1,True,26,0.0,0.325,0,50,54,,,,0,0,False,0,0,False,False,0,False,0.0,0.46232131123542786,0.21262229979038239,0.8714385628700256,False,0.4897746443748474,-0.08635775744915009,0.8270315527915955,False,,False,80
move_near,move_near/condition_0019,19,50,False,80,0.30350410651509124,0.027453333139419556,-0.29898005723953247,-0.044407010078430176,0.30023783926650227,0,0,transport_not_completed,1,True,26,0.0,0.325,0,51,54,,,,0,0,False,0,0,False,False,0,False,0.0,0.46232131123542786,0.21262229979038239,0.8714385628700256,False,0.4897746443748474,-0.08635775744915009,0.8270315527915955,False,,False,80
move_near,move_near/condition_0019,19,51,False,80,0.30350410651509124,0.027453333139419556,-0.29898005723953247,-0.044407010078430176,0.30023783926650227,0,0,transport_not_completed,1,True,26,0.0,0.325,0,52,54,,,,0,0,False,0,0,False,False,0,False,0.0,0.46232131123542786,0.21262229979038239,0.8714385628700256,False,0.4897746443748474,-0.08635775744915009,0.8270315527915955,False,,False,80
move_near,move_near/condition_0019,19,52,False,80,0.30350410651509124,0.027453333139419556,-0.29898005723953247,-0.044407010078430176,0.30023783926650227,0,0,transport_not_completed,1,True,26,0.0,0.325,0,53,54,,,,0,0,False,0,0,False,False,0,False,0.0,0.46232131123542786,0.21262229979038239,0.8714385628700256,False,0.4897746443748474,-0.08635775744915009,0.8270315527915955,False,,False,80
move_near,move_near/condition_0019,19,53,False,80,0.30350410651509124,0.027453333139419556,-0.29898005723953247,-0.044407010078430176,0.30023783926650227,0,0,transport_not_completed,1,True,26,0.0,0.325,0,54,54,,,,0,0,False,0,0,False,False,0,False,0.0,0.46232131123542786,0.21262229979038239,0.8714385628700256,False,0.4897746443748474,-0.08635775744915009,0.8270315527915955,False,,False,80
move_near,move_near/condition_0019,19,54,False,80,0.30350410651509124,0.027453333139419556,-0.29898005723953247,-0.044407010078430176,0.30023783926650227,0,0,transport_not_completed,1,True,26,0.01818181818181818,0.325,1,55,54,,,,0,0,False,1,1,True,False,0,False,0.0,0.46232131123542786,0.21262229979038239,0.8714385628700256,False,0.4897746443748474,-0.08635775744915009,0.8270315527915955,False,0,False,80
move_near,move_near/condition_0019,19,55,False,80,0.30350410651509124,0.027453333139419556,-0.29898005723953247,-0.044407010078430176,0.30023783926650227,0,0,transport_not_completed,1,True,26,0.03571428571428571,0.325,2,56,54,,,,0,0,False,1,0,True,False,0,False,0.0,0.46232131123542786,0.21262229979038239,0.8714385628700256,False,0.4897746443748474,-0.08635775744915009,0.8270315527915955,False,1,False,80
move_near,move_near/condition_0019,19,56,False,80,0.30350410651509124,0.027453333139419556,-0.29898005723953247,-0.044407010078430176,0.30023783926650227,0,0,transport_not_completed,1,True,26,0.05263157894736842,0.325,3,57,54,,,,0,0,False,1,0,True,False,0,False,0.0,0.46232131123542786,0.21262229979038239,0.8714385628700256,False,0.4897746443748474,-0.08635775744915009,0.8270315527915955,False,2,False,80
move_near,move_near/condition_0019,19,57,False,80,0.30350410651509124,0.027453333139419556,-0.29898005723953247,-0.044407010078430176,0.30023783926650227,0,0,transport_not_completed,1,True,26,0.06896551724137931,0.325,4,58,54,,,,0,0,False,1,0,True,False,0,False,0.0,0.46232131123542786,0.21262229979038239,0.8714385628700256,False,0.4897746443748474,-0.08635775744915009,0.8270315527915955,False,3,False,80
move_near,move_near/condition_0019,19,58,False,80,0.30350410651509124,0.027453333139419556,-0.29898005723953247,-0.044407010078430176,0.30023783926650227,0,0,transport_not_completed,1,True,26,0.0847457627118644,0.325,5,59,54,,,,0,0,False,1,0,True,False,0,False,0.0,0.46232131123542786,0.21262229979038239,0.8714385628700256,False,0.4897746443748474,-0.08635775744915009,0.8270315527915955,False,4,False,80
move_near,move_near/condition_0019,19,59,False,80,0.30350410651509124,0.027453333139419556,-0.29898005723953247,-0.044407010078430176,0.30023783926650227,0,0,transport_not_completed,1,True,26,0.1,0.325,6,60,54,,,,0,0,False,1,0,True,False,0,False,0.0,0.46232131123542786,0.21262229979038239,0.8714385628700256,False,0.4897746443748474,-0.08635775744915009,0.8270315527915955,False,5,False,80
move_near,move_near/condition_0019,19,60,False,80,0.30350410651509124,0.027453333139419556,-0.29898005723953247,-0.044407010078430176,0.30023783926650227,0,0,transport_not_completed,1,True,26,0.11475409836065574,0.325,7,61,54,,,,0,0,False,1,0,True,False,0,False,0.0,0.46232131123542786,0.21262229979038239,0.8714385628700256,False,0.4897746443748474,-0.08635775744915009,0.8270315527915955,False,6,False,80
move_near,move_near/condition_0019,19,61,False,80,0.30350410651509124,0.027453333139419556,-0.29898005723953247,-0.044407010078430176,0.30023783926650227,0,0,transport_not_completed,1,True,26,0.12903225806451613,0.325,8,62,54,,,,0,0,False,1,0,True,False,0,False,0.0,0.46232131123542786,0.21262229979038239,0.8714385628700256,False,0.4897746443748474,-0.08635775744915009,0.8270315527915955,False,7,False,80
move_near,move_near/condition_0019,19,62,False,80,0.30350410651509124,0.027453333139419556,-0.29898005723953247,-0.044407010078430176,0.30023783926650227,0,0,transport_not_completed,1,True,26,0.14285714285714285,0.325,9,63,54,,,,0,0,False,1,0,True,False,0,False,0.0,0.46232131123542786,0.21262229979038239,0.8714385628700256,False,0.4897746443748474,-0.08635775744915009,0.8270315527915955,False,8,False,80
move_near,move_near/condition_0019,19,63,False,80,0.30350410651509124,0.027453333139419556,-0.29898005723953247,-0.044407010078430176,0.30023783926650227,0,0,transport_not_completed,1,True,26,0.15625,0.325,10,64,54,,,,0,0,False,1,0,True,False,0,False,0.0,0.46232131123542786,0.21262229979038239,0.8714385628700256,False,0.4897746443748474,-0.08635775744915009,0.8270315527915955,False,9,False,80
move_near,move_near/condition_0019,19,64,False,80,0.30350410651509124,0.027453333139419556,-0.29898005723953247,-0.044407010078430176,0.30023783926650227,0,0,transport_not_completed,1,True,26,0.16923076923076924,0.325,11,65,54,,,,0,0,False,1,0,True,False,0,False,0.0,0.46232131123542786,0.21262229979038239,0.8714385628700256,False,0.4897746443748474,-0.08635775744915009,0.8270315527915955,False,10,False,80
move_near,move_near/condition_0019,19,65,False,80,0.30350410651509124,0.027453333139419556,-0.29898005723953247,-0.044407010078430176,0.30023783926650227,0,0,transport_not_completed,1,True,26,0.18181818181818182,0.325,12,66,54,,,,0,0,False,1,0,True,False,0,False,0.0,0.46232131123542786,0.21262229979038239,0.8714385628700256,False,0.4897746443748474,-0.08635775744915009,0.8270315527915955,False,11,False,80
move_near,move_near/condition_0019,19,66,False,80,0.30350410651509124,0.027453333139419556,-0.29898005723953247,-0.044407010078430176,0.30023783926650227,0,0,transport_not_completed,1,True,26,0.19402985074626866,0.325,13,67,54,,,,0,0,False,1,0,True,False,0,False,0.0,0.46232131123542786,0.21262229979038239,0.8714385628700256,False,0.4897746443748474,-0.08635775744915009,0.8270315527915955,False,12,False,80
move_near,move_near/condition_0019,19,67,False,80,0.30350410651509124,0.027453333139419556,-0.29898005723953247,-0.044407010078430176,0.30023783926650227,0,0,transport_not_completed,1,True,26,0.20588235294117646,0.325,14,68,54,,,,0,0,False,1,0,True,False,0,False,0.0,0.46232131123542786,0.21262229979038239,0.8714385628700256,False,0.4897746443748474,-0.08635775744915009,0.8270315527915955,False,13,False,80
move_near,move_near/condition_0019,19,68,False,80,0.30350410651509124,0.027453333139419556,-0.29898005723953247,-0.044407010078430176,0.30023783926650227,0,0,transport_not_completed,1,True,26,0.21739130434782608,0.325,15,69,54,,,,0,0,False,1,0,True,False,0,False,0.0,0.46232131123542786,0.21262229979038239,0.8714385628700256,False,0.4897746443748474,-0.08635775744915009,0.8270315527915955,False,14,False,80
move_near,move_near/condition_0019,19,69,False,80,0.30350410651509124,0.027453333139419556,-0.29898005723953247,-0.044407010078430176,0.30023783926650227,0,0,transport_not_completed,1,True,26,0.22857142857142856,0.325,16,70,54,,,,0,0,False,1,0,True,False,0,False,0.0,0.46232131123542786,0.21262229979038239,0.8714385628700256,False,0.4897746443748474,-0.08635775744915009,0.8270315527915955,False,15,False,80
move_near,move_near/condition_0019,19,70,False,80,0.30350410651509124,0.027453333139419556,-0.29898005723953247,-0.044407010078430176,0.30023783926650227,0,0,transport_not_completed,1,True,26,0.23943661971830985,0.325,17,71,54,,,,0,0,False,1,0,True,False,0,False,0.0,0.46232131123542786,0.21262229979038239,0.8714385628700256,False,0.4897746443748474,-0.08635775744915009,0.8270315527915955,False,16,False,80
move_near,move_near/condition_0019,19,71,False,80,0.30350410651509124,0.027453333139419556,-0.29898005723953247,-0.044407010078430176,0.30023783926650227,0,0,transport_not_completed,1,True,26,0.25,0.325,18,72,54,,,,0,0,False,1,0,True,False,0,False,0.0,0.46232131123542786,0.21262229979038239,0.8714385628700256,False,0.4897746443748474,-0.08635775744915009,0.8270315527915955,False,17,False,80
move_near,move_near/condition_0019,19,72,False,80,0.30350410651509124,0.027453333139419556,-0.29898005723953247,-0.044407010078430176,0.30023783926650227,0,0,transport_not_completed,1,True,26,0.2602739726027397,0.325,19,73,54,,,,0,0,False,1,0,True,False,0,False,0.0,0.46232131123542786,0.21262229979038239,0.8714385628700256,False,0.4897746443748474,-0.08635775744915009,0.8270315527915955,False,18,False,80
move_near,move_near/condition_0019,19,73,False,80,0.30350410651509124,0.027453333139419556,-0.29898005723953247,-0.044407010078430176,0.30023783926650227,0,0,transport_not_completed,1,True,26,0.2702702702702703,0.325,20,74,54,,,,0,0,False,1,0,True,False,0,False,0.0,0.46232131123542786,0.21262229979038239,0.8714385628700256,False,0.4897746443748474,-0.08635775744915009,0.8270315527915955,False,19,False,80
move_near,move_near/condition_0019,19,74,False,80,0.30350410651509124,0.027453333139419556,-0.29898005723953247,-0.044407010078430176,0.30023783926650227,0,0,transport_not_completed,1,True,26,0.28,0.325,21,75,54,,,,0,0,False,1,0,True,False,0,False,0.0,0.46232131123542786,0.21262229979038239,0.8714385628700256,False,0.4897746443748474,-0.08635775744915009,0.8270315527915955,False,20,False,80
move_near,move_near/condition_0019,19,75,False,80,0.30350410651509124,0.027453333139419556,-0.29898005723953247,-0.044407010078430176,0.30023783926650227,0,0,transport_not_completed,1,True,26,0.2894736842105263,0.325,22,76,54,,,,0,0,False,1,0,True,False,0,False,0.0,0.46232131123542786,0.21262229979038239,0.8714385628700256,False,0.4897746443748474,-0.08635775744915009,0.8270315527915955,False,21,False,80
move_near,move_near/condition_0019,19,76,False,80,0.30350410651509124,0.027453333139419556,-0.29898005723953247,-0.044407010078430176,0.30023783926650227,0,0,transport_not_completed,1,True,26,0.2987012987012987,0.325,23,77,54,,,,0,0,False,1,0,True,False,0,False,0.0,0.46232131123542786,0.21262229979038239,0.8714385628700256,False,0.4897746443748474,-0.08635775744915009,0.8270315527915955,False,22,False,80
move_near,move_near/condition_0019,19,77,False,80,0.30350410651509124,0.027453333139419556,-0.29898005723953247,-0.044407010078430176,0.30023783926650227,0,0,transport_not_completed,1,True,26,0.3076923076923077,0.325,24,78,54,,,,0,0,False,1,0,True,False,0,False,0.0,0.46232131123542786,0.21262229979038239,0.8714385628700256,False,0.4897746443748474,-0.08635775744915009,0.8270315527915955,False,23,False,80
move_near,move_near/condition_0019,19,78,False,80,0.30350410651509124,0.027453333139419556,-0.29898005723953247,-0.044407010078430176,0.30023783926650227,0,0,transport_not_completed,1,True,26,0.31645569620253167,0.325,25,79,54,,,,0,0,False,1,0,True,False,0,False,0.0,0.46232131123542786,0.21262229979038239,0.8714385628700256,False,0.4897746443748474,-0.08635775744915009,0.8270315527915955,False,24,False,80
move_near,move_near/condition_0019,19,79,False,80,0.30350410651509124,0.027453333139419556,-0.29898005723953247,-0.044407010078430176,0.30023783926650227,0,0,transport_not_completed,1,True,26,0.325,0.325,26,80,54,,,,0,0,False,1,0,True,False,0,False,0.0,0.46232131123542786,0.21262229979038239,0.8714385628700256,False,0.4897746443748474,-0.08635775744915009,0.8270315527915955,False,25,True,80
move_near,move_near/condition_0020,20,0,False,80,0.2522973917562352,-0.21298816800117493,0.13250140845775604,0.027081191539764404,0.25083975552488846,0,0,transport_not_completed,1,True,57,0.0,0.7125,0,1,23,,,,0,0,True,0,0,False,False,0,False,0.0,0.6753097772598267,0.08012022078037262,0.8443573117256165,False,0.46232160925865173,0.21262162923812866,0.8714385032653809,False,,False,80
move_near,move_near/condition_0020,20,1,False,80,0.2522973917562352,-0.21298816800117493,0.13250140845775604,0.027081191539764404,0.25083975552488846,0,0,transport_not_completed,1,True,57,0.0,0.7125,0,2,23,,,,0,0,True,0,0,False,False,0,False,0.0,0.6753097772598267,0.08012022078037262,0.8443573117256165,False,0.46232160925865173,0.21262162923812866,0.8714385032653809,False,,False,80
move_near,move_near/condition_0020,20,2,False,80,0.2522973917562352,-0.21298816800117493,0.13250140845775604,0.027081191539764404,0.25083975552488846,0,0,transport_not_completed,1,True,57,0.0,0.7125,0,3,23,,,,0,0,True,0,0,False,False,0,False,0.0,0.6753097772598267,0.08012022078037262,0.8443573117256165,False,0.46232160925865173,0.21262162923812866,0.8714385032653809,False,,False,80
move_near,move_near/condition_0020,20,3,False,80,0.2522973917562352,-0.21298816800117493,0.13250140845775604,0.027081191539764404,0.25083975552488846,0,0,transport_not_completed,1,True,57,0.0,0.7125,0,4,23,,,,0,0,True,0,0,False,False,0,False,0.0,0.6753097772598267,0.08012022078037262,0.8443573117256165,False,0.46232160925865173,0.21262162923812866,0.8714385032653809,False,,False,80
move_near,move_near/condition_0020,20,4,False,80,0.2522973917562352,-0.21298816800117493,0.13250140845775604,0.027081191539764404,0.25083975552488846,0,0,transport_not_completed,1,True,57,0.0,0.7125,0,5,23,,,,0,0,True,0,0,False,False,0,False,0.0,0.6753097772598267,0.08012022078037262,0.8443573117256165,False,0.46232160925865173,0.21262162923812866,0.8714385032653809,False,,False,80
move_near,move_near/condition_0020,20,5,False,80,0.2522973917562352,-0.21298816800117493,0.13250140845775604,0.027081191539764404,0.25083975552488846,0,0,transport_not_completed,1,True,57,0.0,0.7125,0,6,23,,,,0,0,True,0,0,False,False,0,False,0.0,0.6753097772598267,0.08012022078037262,0.8443573117256165,False,0.46232160925865173,0.21262162923812866,0.8714385032653809,False,,False,80
move_near,move_near/condition_0020,20,6,False,80,0.2522973917562352,-0.21298816800117493,0.13250140845775604,0.027081191539764404,0.25083975552488846,0,0,transport_not_completed,1,True,57,0.0,0.7125,0,7,23,,,,0,0,True,0,0,False,False,0,False,0.0,0.6753097772598267,0.08012022078037262,0.8443573117256165,False,0.46232160925865173,0.21262162923812866,0.8714385032653809,False,,False,80
move_near,move_near/condition_0020,20,7,False,80,0.2522973917562352,-0.21298816800117493,0.13250140845775604,0.027081191539764404,0.25083975552488846,0,0,transport_not_completed,1,True,57,0.0,0.7125,0,8,23,,,,0,0,True,0,0,False,False,0,False,0.0,0.6753097772598267,0.08012022078037262,0.8443573117256165,False,0.46232160925865173,0.21262162923812866,0.8714385032653809,False,,False,80
move_near,move_near/condition_0020,20,8,False,80,0.2522973917562352,-0.21298816800117493,0.13250140845775604,0.027081191539764404,0.25083975552488846,0,0,transport_not_completed,1,True,57,0.0,0.7125,0,9,23,,,,0,0,True,0,0,False,False,0,False,0.0,0.6753097772598267,0.08012022078037262,0.8443573117256165,False,0.46232160925865173,0.21262162923812866,0.8714385032653809,False,,False,80
move_near,move_near/condition_0020,20,9,False,80,0.2522973917562352,-0.21298816800117493,0.13250140845775604,0.027081191539764404,0.25083975552488846,0,0,transport_not_completed,1,True,57,0.0,0.7125,0,10,23,,,,0,0,True,0,0,False,False,0,False,0.0,0.6753097772598267,0.08012022078037262,0.8443573117256165,False,0.46232160925865173,0.21262162923812866,0.8714385032653809,False,,False,80
move_near,move_near/condition_0020,20,10,False,80,0.2522973917562352,-0.21298816800117493,0.13250140845775604,0.027081191539764404,0.25083975552488846,0,0,transport_not_completed,1,True,57,0.0,0.7125,0,11,23,,,,0,0,True,0,0,False,False,0,False,0.0,0.6753097772598267,0.08012022078037262,0.8443573117256165,False,0.46232160925865173,0.21262162923812866,0.8714385032653809,False,,False,80
move_near,move_near/condition_0020,20,11,False,80,0.2522973917562352,-0.21298816800117493,0.13250140845775604,0.027081191539764404,0.25083975552488846,0,0,transport_not_completed,1,True,57,0.0,0.7125,0,12,23,,,,0,0,True,0,0,False,False,0,False,0.0,0.6753097772598267,0.08012022078037262,0.8443573117256165,False,0.46232160925865173,0.21262162923812866,0.8714385032653809,False,,False,80
move_near,move_near/condition_0020,20,12,False,80,0.2522973917562352,-0.21298816800117493,0.13250140845775604,0.027081191539764404,0.25083975552488846,0,0,transport_not_completed,1,True,57,0.0,0.7125,0,13,23,,,,0,0,True,0,0,False,False,0,False,0.0,0.6753097772598267,0.08012022078037262,0.8443573117256165,False,0.46232160925865173,0.21262162923812866,0.8714385032653809,False,,False,80
move_near,move_near/condition_0020,20,13,False,80,0.2522973917562352,-0.21298816800117493,0.13250140845775604,0.027081191539764404,0.25083975552488846,0,0,transport_not_completed,1,True,57,0.0,0.7125,0,14,23,,,,0,0,True,0,0,False,False,0,False,0.0,0.6753097772598267,0.08012022078037262,0.8443573117256165,False,0.46232160925865173,0.21262162923812866,0.8714385032653809,False,,False,80
move_near,move_near/condition_0020,20,14,False,80,0.2522973917562352,-0.21298816800117493,0.13250140845775604,0.027081191539764404,0.25083975552488846,0,0,transport_not_completed,1,True,57,0.0,0.7125,0,15,23,,,,0,0,True,0,0,False,False,0,False,0.0,0.6753097772598267,0.08012022078037262,0.8443573117256165,False,0.46232160925865173,0.21262162923812866,0.8714385032653809,False,,False,80
move_near,move_near/condition_0020,20,15,False,80,0.2522973917562352,-0.21298816800117493,0.13250140845775604,0.027081191539764404,0.25083975552488846,0,0,transport_not_completed,1,True,57,0.0,0.7125,0,16,23,,,,0,0,True,0,0,False,False,0,False,0.0,0.6753097772598267,0.08012022078037262,0.8443573117256165,False,0.46232160925865173,0.21262162923812866,0.8714385032653809,False,,False,80
move_near,move_near/condition_0020,20,16,False,80,0.2522973917562352,-0.21298816800117493,0.13250140845775604,0.027081191539764404,0.25083975552488846,0,0,transport_not_completed,1,True,57,0.0,0.7125,0,17,23,,,,0,0,True,0,0,False,False,0,False,0.0,0.6753097772598267,0.08012022078037262,0.8443573117256165,False,0.46232160925865173,0.21262162923812866,0.8714385032653809,False,,False,80
move_near,move_near/condition_0020,20,17,False,80,0.2522973917562352,-0.21298816800117493,0.13250140845775604,0.027081191539764404,0.25083975552488846,0,0,transport_not_completed,1,True,57,0.0,0.7125,0,18,23,,,,0,0,True,0,0,False,False,0,False,0.0,0.6753097772598267,0.08012022078037262,0.8443573117256165,False,0.46232160925865173,0.21262162923812866,0.8714385032653809,False,,False,80
move_near,move_near/condition_0020,20,18,False,80,0.2522973917562352,-0.21298816800117493,0.13250140845775604,0.027081191539764404,0.25083975552488846,0,0,transport_not_completed,1,True,57,0.0,0.7125,0,19,23,,,,0,0,True,0,0,False,False,0,False,0.0,0.6753097772598267,0.08012022078037262,0.8443573117256165,False,0.46232160925865173,0.21262162923812866,0.8714385032653809,False,,False,80
move_near,move_near/condition_0020,20,19,False,80,0.2522973917562352,-0.21298816800117493,0.13250140845775604,0.027081191539764404,0.25083975552488846,0,0,transport_not_completed,1,True,57,0.0,0.7125,0,20,23,,,,0,0,True,0,0,False,False,0,False,0.0,0.6753097772598267,0.08012022078037262,0.8443573117256165,False,0.46232160925865173,0.21262162923812866,0.8714385032653809,False,,False,80
move_near,move_near/condition_0020,20,20,False,80,0.2522973917562352,-0.21298816800117493,0.13250140845775604,0.027081191539764404,0.25083975552488846,0,0,transport_not_completed,1,True,57,0.0,0.7125,0,21,23,,,,0,0,True,0,0,False,False,0,False,0.0,0.6753097772598267,0.08012022078037262,0.8443573117256165,False,0.46232160925865173,0.21262162923812866,0.8714385032653809,False,,False,80
move_near,move_near/condition_0020,20,21,False,80,0.2522973917562352,-0.21298816800117493,0.13250140845775604,0.027081191539764404,0.25083975552488846,0,0,transport_not_completed,1,True,57,0.0,0.7125,0,22,23,,,,0,0,True,0,0,False,False,0,False,0.0,0.6753097772598267,0.08012022078037262,0.8443573117256165,False,0.46232160925865173,0.21262162923812866,0.8714385032653809,False,,False,80
move_near,move_near/condition_0020,20,22,False,80,0.2522973917562352,-0.21298816800117493,0.13250140845775604,0.027081191539764404,0.25083975552488846,0,0,transport_not_completed,1,True,57,0.0,0.7125,0,23,23,,,,0,0,True,0,0,False,False,0,False,0.0,0.6753097772598267,0.08012022078037262,0.8443573117256165,False,0.46232160925865173,0.21262162923812866,0.8714385032653809,False,,False,80
move_near,move_near/condition_0020,20,23,False,80,0.2522973917562352,-0.21298816800117493,0.13250140845775604,0.027081191539764404,0.25083975552488846,0,0,transport_not_completed,1,True,57,0.041666666666666664,0.7125,1,24,23,,,,0,0,True,1,1,True,False,0,False,0.0,0.6753097772598267,0.08012022078037262,0.8443573117256165,False,0.46232160925865173,0.21262162923812866,0.8714385032653809,False,0,False,80
move_near,move_near/condition_0020,20,24,False,80,0.2522973917562352,-0.21298816800117493,0.13250140845775604,0.027081191539764404,0.25083975552488846,0,0,transport_not_completed,1,True,57,0.08,0.7125,2,25,23,,,,0,0,True,1,0,True,False,0,False,0.0,0.6753097772598267,0.08012022078037262,0.8443573117256165,False,0.46232160925865173,0.21262162923812866,0.8714385032653809,False,1,False,80
move_near,move_near/condition_0020,20,25,False,80,0.2522973917562352,-0.21298816800117493,0.13250140845775604,0.027081191539764404,0.25083975552488846,0,0,transport_not_completed,1,True,57,0.11538461538461539,0.7125,3,26,23,,,,0,0,True,1,0,True,False,0,False,0.0,0.6753097772598267,0.08012022078037262,0.8443573117256165,False,0.46232160925865173,0.21262162923812866,0.8714385032653809,False,2,False,80
move_near,move_near/condition_0020,20,26,False,80,0.2522973917562352,-0.21298816800117493,0.13250140845775604,0.027081191539764404,0.25083975552488846,0,0,transport_not_completed,1,True,57,0.14814814814814814,0.7125,4,27,23,,,,0,0,True,1,0,True,False,0,False,0.0,0.6753097772598267,0.08012022078037262,0.8443573117256165,False,0.46232160925865173,0.21262162923812866,0.8714385032653809,False,3,False,80
move_near,move_near/condition_0020,20,27,False,80,0.2522973917562352,-0.21298816800117493,0.13250140845775604,0.027081191539764404,0.25083975552488846,0,0,transport_not_completed,1,True,57,0.17857142857142858,0.7125,5,28,23,,,,0,0,True,1,0,True,False,0,False,0.0,0.6753097772598267,0.08012022078037262,0.8443573117256165,False,0.46232160925865173,0.21262162923812866,0.8714385032653809,False,4,False,80
move_near,move_near/condition_0020,20,28,False,80,0.2522973917562352,-0.21298816800117493,0.13250140845775604,0.027081191539764404,0.25083975552488846,0,0,transport_not_completed,1,True,57,0.20689655172413793,0.7125,6,29,23,,,,0,0,True,1,0,True,False,0,False,0.0,0.6753097772598267,0.08012022078037262,0.8443573117256165,False,0.46232160925865173,0.21262162923812866,0.8714385032653809,False,5,False,80
move_near,move_near/condition_0020,20,29,False,80,0.2522973917562352,-0.21298816800117493,0.13250140845775604,0.027081191539764404,0.25083975552488846,0,0,transport_not_completed,1,True,57,0.23333333333333334,0.7125,7,30,23,,,,0,0,True,1,0,True,False,0,False,0.0,0.6753097772598267,0.08012022078037262,0.8443573117256165,False,0.46232160925865173,0.21262162923812866,0.8714385032653809,False,6,False,80
move_near,move_near/condition_0020,20,30,False,80,0.2522973917562352,-0.21298816800117493,0.13250140845775604,0.027081191539764404,0.25083975552488846,0,0,transport_not_completed,1,True,57,0.25806451612903225,0.7125,8,31,23,,,,0,0,True,1,0,True,False,0,False,0.0,0.6753097772598267,0.08012022078037262,0.8443573117256165,False,0.46232160925865173,0.21262162923812866,0.8714385032653809,False,7,False,80
move_near,move_near/condition_0020,20,31,False,80,0.2522973917562352,-0.21298816800117493,0.13250140845775604,0.027081191539764404,0.25083975552488846,0,0,transport_not_completed,1,True,57,0.28125,0.7125,9,32,23,,,,0,0,True,1,0,True,False,0,False,0.0,0.6753097772598267,0.08012022078037262,0.8443573117256165,False,0.46232160925865173,0.21262162923812866,0.8714385032653809,False,8,False,80
move_near,move_near/condition_0020,20,32,False,80,0.2522973917562352,-0.21298816800117493,0.13250140845775604,0.027081191539764404,0.25083975552488846,0,0,transport_not_completed,1,True,57,0.30303030303030304,0.7125,10,33,23,,,,0,0,True,1,0,True,False,0,False,0.0,0.6753097772598267,0.08012022078037262,0.8443573117256165,False,0.46232160925865173,0.21262162923812866,0.8714385032653809,False,9,False,80
move_near,move_near/condition_0020,20,33,False,80,0.2522973917562352,-0.21298816800117493,0.13250140845775604,0.027081191539764404,0.25083975552488846,0,0,transport_not_completed,1,True,57,0.3235294117647059,0.7125,11,34,23,,,,0,0,True,1,0,True,False,0,False,0.0,0.6753097772598267,0.08012022078037262,0.8443573117256165,False,0.46232160925865173,0.21262162923812866,0.8714385032653809,False,10,False,80
move_near,move_near/condition_0020,20,34,False,80,0.2522973917562352,-0.21298816800117493,0.13250140845775604,0.027081191539764404,0.25083975552488846,0,0,transport_not_completed,1,True,57,0.34285714285714286,0.7125,12,35,23,,,,0,0,True,1,0,True,False,0,False,0.0,0.6753097772598267,0.08012022078037262,0.8443573117256165,False,0.46232160925865173,0.21262162923812866,0.8714385032653809,False,11,False,80
move_near,move_near/condition_0020,20,35,False,80,0.2522973917562352,-0.21298816800117493,0.13250140845775604,0.027081191539764404,0.25083975552488846,0,0,transport_not_completed,1,True,57,0.3611111111111111,0.7125,13,36,23,,,,0,0,True,1,0,True,False,0,False,0.0,0.6753097772598267,0.08012022078037262,0.8443573117256165,False,0.46232160925865173,0.21262162923812866,0.8714385032653809,False,12,False,80
move_near,move_near/condition_0020,20,36,False,80,0.2522973917562352,-0.21298816800117493,0.13250140845775604,0.027081191539764404,0.25083975552488846,0,0,transport_not_completed,1,True,57,0.3783783783783784,0.7125,14,37,23,,,,0,0,True,1,0,True,False,0,False,0.0,0.6753097772598267,0.08012022078037262,0.8443573117256165,False,0.46232160925865173,0.21262162923812866,0.8714385032653809,False,13,False,80
move_near,move_near/condition_0020,20,37,False,80,0.2522973917562352,-0.21298816800117493,0.13250140845775604,0.027081191539764404,0.25083975552488846,0,0,transport_not_completed,1,True,57,0.39473684210526316,0.7125,15,38,23,,,,0,0,True,1,0,True,False,0,False,0.0,0.6753097772598267,0.08012022078037262,0.8443573117256165,False,0.46232160925865173,0.21262162923812866,0.8714385032653809,False,14,False,80
move_near,move_near/condition_0020,20,38,False,80,0.2522973917562352,-0.21298816800117493,0.13250140845775604,0.027081191539764404,0.25083975552488846,0,0,transport_not_completed,1,True,57,0.41025641025641024,0.7125,16,39,23,,,,0,0,True,1,0,True,False,0,False,0.0,0.6753097772598267,0.08012022078037262,0.8443573117256165,False,0.46232160925865173,0.21262162923812866,0.8714385032653809,False,15,False,80
move_near,move_near/condition_0020,20,39,False,80,0.2522973917562352,-0.21298816800117493,0.13250140845775604,0.027081191539764404,0.25083975552488846,0,0,transport_not_completed,1,True,57,0.425,0.7125,17,40,23,,,,0,0,True,1,0,True,False,0,False,0.0,0.6753097772598267,0.08012022078037262,0.8443573117256165,False,0.46232160925865173,0.21262162923812866,0.8714385032653809,False,16,False,80
move_near,move_near/condition_0020,20,40,False,80,0.2522973917562352,-0.21298816800117493,0.13250140845775604,0.027081191539764404,0.25083975552488846,0,0,transport_not_completed,1,True,57,0.43902439024390244,0.7125,18,41,23,,,,0,0,True,1,0,True,False,0,False,0.0,0.6753097772598267,0.08012022078037262,0.8443573117256165,False,0.46232160925865173,0.21262162923812866,0.8714385032653809,False,17,False,80
move_near,move_near/condition_0020,20,41,False,80,0.2522973917562352,-0.21298816800117493,0.13250140845775604,0.027081191539764404,0.25083975552488846,0,0,transport_not_completed,1,True,57,0.4523809523809524,0.7125,19,42,23,,,,0,0,True,1,0,True,False,0,False,0.0,0.6753097772598267,0.08012022078037262,0.8443573117256165,False,0.46232160925865173,0.21262162923812866,0.8714385032653809,False,18,False,80
move_near,move_near/condition_0020,20,42,False,80,0.2522973917562352,-0.21298816800117493,0.13250140845775604,0.027081191539764404,0.25083975552488846,0,0,transport_not_completed,1,True,57,0.46511627906976744,0.7125,20,43,23,,,,0,0,True,1,0,True,False,0,False,0.0,0.6753097772598267,0.08012022078037262,0.8443573117256165,False,0.46232160925865173,0.21262162923812866,0.8714385032653809,False,19,False,80
move_near,move_near/condition_0020,20,43,False,80,0.2522973917562352,-0.21298816800117493,0.13250140845775604,0.027081191539764404,0.25083975552488846,0,0,transport_not_completed,1,True,57,0.4772727272727273,0.7125,21,44,23,,,,0,0,True,1,0,True,False,0,False,0.0,0.6753097772598267,0.08012022078037262,0.8443573117256165,False,0.46232160925865173,0.21262162923812866,0.8714385032653809,False,20,False,80
move_near,move_near/condition_0020,20,44,False,80,0.2522973917562352,-0.21298816800117493,0.13250140845775604,0.027081191539764404,0.25083975552488846,0,0,transport_not_completed,1,True,57,0.4888888888888889,0.7125,22,45,23,,,,0,0,True,1,0,True,False,0,False,0.0,0.6753097772598267,0.08012022078037262,0.8443573117256165,False,0.46232160925865173,0.21262162923812866,0.8714385032653809,False,21,False,80
move_near,move_near/condition_0020,20,45,False,80,0.2522973917562352,-0.21298816800117493,0.13250140845775604,0.027081191539764404,0.25083975552488846,0,0,transport_not_completed,1,True,57,0.5,0.7125,23,46,23,,,,0,0,True,1,0,True,False,0,False,0.0,0.6753097772598267,0.08012022078037262,0.8443573117256165,False,0.46232160925865173,0.21262162923812866,0.8714385032653809,False,22,False,80
move_near,move_near/condition_0020,20,46,False,80,0.2522973917562352,-0.21298816800117493,0.13250140845775604,0.027081191539764404,0.25083975552488846,0,0,transport_not_completed,1,True,57,0.5106382978723404,0.7125,24,47,23,,,,0,0,True,1,0,True,False,0,False,0.0,0.6753097772598267,0.08012022078037262,0.8443573117256165,False,0.46232160925865173,0.21262162923812866,0.8714385032653809,False,23,False,80
move_near,move_near/condition_0020,20,47,False,80,0.2522973917562352,-0.21298816800117493,0.13250140845775604,0.027081191539764404,0.25083975552488846,0,0,transport_not_completed,1,True,57,0.5208333333333334,0.7125,25,48,23,,,,0,0,True,1,0,True,False,0,False,0.0,0.6753097772598267,0.08012022078037262,0.8443573117256165,False,0.46232160925865173,0.21262162923812866,0.8714385032653809,False,24,False,80
move_near,move_near/condition_0020,20,48,False,80,0.2522973917562352,-0.21298816800117493,0.13250140845775604,0.027081191539764404,0.25083975552488846,0,0,transport_not_completed,1,True,57,0.5306122448979592,0.7125,26,49,23,,,,0,0,True,1,0,True,False,0,False,0.0,0.6753097772598267,0.08012022078037262,0.8443573117256165,False,0.46232160925865173,0.21262162923812866,0.8714385032653809,False,25,False,80
move_near,move_near/condition_0020,20,49,False,80,0.2522973917562352,-0.21298816800117493,0.13250140845775604,0.027081191539764404,0.25083975552488846,0,0,transport_not_completed,1,True,57,0.54,0.7125,27,50,23,,,,0,0,True,1,0,True,False,0,False,0.0,0.6753097772598267,0.08012022078037262,0.8443573117256165,False,0.46232160925865173,0.21262162923812866,0.8714385032653809,False,26,False,80
move_near,move_near/condition_0020,20,50,False,80,0.2522973917562352,-0.21298816800117493,0.13250140845775604,0.027081191539764404,0.25083975552488846,0,0,transport_not_completed,1,True,57,0.5490196078431373,0.7125,28,51,23,,,,0,0,True,1,0,True,False,0,False,0.0,0.6753097772598267,0.08012022078037262,0.8443573117256165,False,0.46232160925865173,0.21262162923812866,0.8714385032653809,False,27,False,80
move_near,move_near/condition_0020,20,51,False,80,0.2522973917562352,-0.21298816800117493,0.13250140845775604,0.027081191539764404,0.25083975552488846,0,0,transport_not_completed,1,True,57,0.5576923076923077,0.7125,29,52,23,,,,0,0,True,1,0,True,False,0,False,0.0,0.6753097772598267,0.08012022078037262,0.8443573117256165,False,0.46232160925865173,0.21262162923812866,0.8714385032653809,False,28,False,80
move_near,move_near/condition_0020,20,52,False,80,0.2522973917562352,-0.21298816800117493,0.13250140845775604,0.027081191539764404,0.25083975552488846,0,0,transport_not_completed,1,True,57,0.5660377358490566,0.7125,30,53,23,,,,0,0,True,1,0,True,False,0,False,0.0,0.6753097772598267,0.08012022078037262,0.8443573117256165,False,0.46232160925865173,0.21262162923812866,0.8714385032653809,False,29,False,80
move_near,move_near/condition_0020,20,53,False,80,0.2522973917562352,-0.21298816800117493,0.13250140845775604,0.027081191539764404,0.25083975552488846,0,0,transport_not_completed,1,True,57,0.5740740740740741,0.7125,31,54,23,,,,0,0,True,1,0,True,False,0,False,0.0,0.6753097772598267,0.08012022078037262,0.8443573117256165,False,0.46232160925865173,0.21262162923812866,0.8714385032653809,False,30,False,80
move_near,move_near/condition_0020,20,54,False,80,0.2522973917562352,-0.21298816800117493,0.13250140845775604,0.027081191539764404,0.25083975552488846,0,0,transport_not_completed,1,True,57,0.5818181818181818,0.7125,32,55,23,,,,0,0,True,1,0,True,False,0,False,0.0,0.6753097772598267,0.08012022078037262,0.8443573117256165,False,0.46232160925865173,0.21262162923812866,0.8714385032653809,False,31,False,80
move_near,move_near/condition_0020,20,55,False,80,0.2522973917562352,-0.21298816800117493,0.13250140845775604,0.027081191539764404,0.25083975552488846,0,0,transport_not_completed,1,True,57,0.5892857142857143,0.7125,33,56,23,,,,0,0,True,1,0,True,False,0,False,0.0,0.6753097772598267,0.08012022078037262,0.8443573117256165,False,0.46232160925865173,0.21262162923812866,0.8714385032653809,False,32,False,80
move_near,move_near/condition_0020,20,56,False,80,0.2522973917562352,-0.21298816800117493,0.13250140845775604,0.027081191539764404,0.25083975552488846,0,0,transport_not_completed,1,True,57,0.5964912280701754,0.7125,34,57,23,,,,0,0,True,1,0,True,False,0,False,0.0,0.6753097772598267,0.08012022078037262,0.8443573117256165,False,0.46232160925865173,0.21262162923812866,0.8714385032653809,False,33,False,80
move_near,move_near/condition_0020,20,57,False,80,0.2522973917562352,-0.21298816800117493,0.13250140845775604,0.027081191539764404,0.25083975552488846,0,0,transport_not_completed,1,True,57,0.603448275862069,0.7125,35,58,23,,,,0,0,True,1,0,True,False,0,False,0.0,0.6753097772598267,0.08012022078037262,0.8443573117256165,False,0.46232160925865173,0.21262162923812866,0.8714385032653809,False,34,False,80
move_near,move_near/condition_0020,20,58,False,80,0.2522973917562352,-0.21298816800117493,0.13250140845775604,0.027081191539764404,0.25083975552488846,0,0,transport_not_completed,1,True,57,0.6101694915254238,0.7125,36,59,23,,,,0,0,True,1,0,True,False,0,False,0.0,0.6753097772598267,0.08012022078037262,0.8443573117256165,False,0.46232160925865173,0.21262162923812866,0.8714385032653809,False,35,False,80
move_near,move_near/condition_0020,20,59,False,80,0.2522973917562352,-0.21298816800117493,0.13250140845775604,0.027081191539764404,0.25083975552488846,0,0,transport_not_completed,1,True,57,0.6166666666666667,0.7125,37,60,23,,,,0,0,True,1,0,True,False,0,False,0.0,0.6753097772598267,0.08012022078037262,0.8443573117256165,False,0.46232160925865173,0.21262162923812866,0.8714385032653809,False,36,False,80
move_near,move_near/condition_0020,20,60,False,80,0.2522973917562352,-0.21298816800117493,0.13250140845775604,0.027081191539764404,0.25083975552488846,0,0,transport_not_completed,1,True,57,0.6229508196721312,0.7125,38,61,23,,,,0,0,True,1,0,True,False,0,False,0.0,0.6753097772598267,0.08012022078037262,0.8443573117256165,False,0.46232160925865173,0.21262162923812866,0.8714385032653809,False,37,False,80
move_near,move_near/condition_0020,20,61,False,80,0.2522973917562352,-0.21298816800117493,0.13250140845775604,0.027081191539764404,0.25083975552488846,0,0,transport_not_completed,1,True,57,0.6290322580645161,0.7125,39,62,23,,,,0,0,True,1,0,True,False,0,False,0.0,0.6753097772598267,0.08012022078037262,0.8443573117256165,False,0.46232160925865173,0.21262162923812866,0.8714385032653809,False,38,False,80
move_near,move_near/condition_0020,20,62,False,80,0.2522973917562352,-0.21298816800117493,0.13250140845775604,0.027081191539764404,0.25083975552488846,0,0,transport_not_completed,1,True,57,0.6349206349206349,0.7125,40,63,23,,,,0,0,True,1,0,True,False,0,False,0.0,0.6753097772598267,0.08012022078037262,0.8443573117256165,False,0.46232160925865173,0.21262162923812866,0.8714385032653809,False,39,False,80
move_near,move_near/condition_0020,20,63,False,80,0.2522973917562352,-0.21298816800117493,0.13250140845775604,0.027081191539764404,0.25083975552488846,0,0,transport_not_completed,1,True,57,0.640625,0.7125,41,64,23,,,,0,0,True,1,0,True,False,0,False,0.0,0.6753097772598267,0.08012022078037262,0.8443573117256165,False,0.46232160925865173,0.21262162923812866,0.8714385032653809,False,40,False,80
move_near,move_near/condition_0020,20,64,False,80,0.2522973917562352,-0.21298816800117493,0.13250140845775604,0.027081191539764404,0.25083975552488846,0,0,transport_not_completed,1,True,57,0.6461538461538462,0.7125,42,65,23,,,,0,0,True,1,0,True,False,0,False,0.0,0.6753097772598267,0.08012022078037262,0.8443573117256165,False,0.46232160925865173,0.21262162923812866,0.8714385032653809,False,41,False,80
move_near,move_near/condition_0020,20,65,False,80,0.2522973917562352,-0.21298816800117493,0.13250140845775604,0.027081191539764404,0.25083975552488846,0,0,transport_not_completed,1,True,57,0.6515151515151515,0.7125,43,66,23,,,,0,0,True,1,0,True,False,0,False,0.0,0.6753097772598267,0.08012022078037262,0.8443573117256165,False,0.46232160925865173,0.21262162923812866,0.8714385032653809,False,42,False,80
move_near,move_near/condition_0020,20,66,False,80,0.2522973917562352,-0.21298816800117493,0.13250140845775604,0.027081191539764404,0.25083975552488846,0,0,transport_not_completed,1,True,57,0.6567164179104478,0.7125,44,67,23,,,,0,0,True,1,0,True,False,0,False,0.0,0.6753097772598267,0.08012022078037262,0.8443573117256165,False,0.46232160925865173,0.21262162923812866,0.8714385032653809,False,43,False,80
move_near,move_near/condition_0020,20,67,False,80,0.2522973917562352,-0.21298816800117493,0.13250140845775604,0.027081191539764404,0.25083975552488846,0,0,transport_not_completed,1,True,57,0.6617647058823529,0.7125,45,68,23,,,,0,0,True,1,0,True,False,0,False,0.0,0.6753097772598267,0.08012022078037262,0.8443573117256165,False,0.46232160925865173,0.21262162923812866,0.8714385032653809,False,44,False,80
move_near,move_near/condition_0020,20,68,False,80,0.2522973917562352,-0.21298816800117493,0.13250140845775604,0.027081191539764404,0.25083975552488846,0,0,transport_not_completed,1,True,57,0.6666666666666666,0.7125,46,69,23,,,,0,0,True,1,0,True,False,0,False,0.0,0.6753097772598267,0.08012022078037262,0.8443573117256165,False,0.46232160925865173,0.21262162923812866,0.8714385032653809,False,45,False,80
move_near,move_near/condition_0020,20,69,False,80,0.2522973917562352,-0.21298816800117493,0.13250140845775604,0.027081191539764404,0.25083975552488846,0,0,transport_not_completed,1,True,57,0.6714285714285714,0.7125,47,70,23,,,,0,0,True,1,0,True,False,0,False,0.0,0.6753097772598267,0.08012022078037262,0.8443573117256165,False,0.46232160925865173,0.21262162923812866,0.8714385032653809,False,46,False,80
move_near,move_near/condition_0020,20,70,False,80,0.2522973917562352,-0.21298816800117493,0.13250140845775604,0.027081191539764404,0.25083975552488846,0,0,transport_not_completed,1,True,57,0.676056338028169,0.7125,48,71,23,,,,0,0,True,1,0,True,False,0,False,0.0,0.6753097772598267,0.08012022078037262,0.8443573117256165,False,0.46232160925865173,0.21262162923812866,0.8714385032653809,False,47,False,80
move_near,move_near/condition_0020,20,71,False,80,0.2522973917562352,-0.21298816800117493,0.13250140845775604,0.027081191539764404,0.25083975552488846,0,0,transport_not_completed,1,True,57,0.6805555555555556,0.7125,49,72,23,,,,0,0,True,1,0,True,False,0,False,0.0,0.6753097772598267,0.08012022078037262,0.8443573117256165,False,0.46232160925865173,0.21262162923812866,0.8714385032653809,False,48,False,80
move_near,move_near/condition_0020,20,72,False,80,0.2522973917562352,-0.21298816800117493,0.13250140845775604,0.027081191539764404,0.25083975552488846,0,0,transport_not_completed,1,True,57,0.684931506849315,0.7125,50,73,23,,,,0,0,True,1,0,True,False,0,False,0.0,0.6753097772598267,0.08012022078037262,0.8443573117256165,False,0.46232160925865173,0.21262162923812866,0.8714385032653809,False,49,False,80
move_near,move_near/condition_0020,20,73,False,80,0.2522973917562352,-0.21298816800117493,0.13250140845775604,0.027081191539764404,0.25083975552488846,0,0,transport_not_completed,1,True,57,0.6891891891891891,0.7125,51,74,23,,,,0,0,True,1,0,True,False,0,False,0.0,0.6753097772598267,0.08012022078037262,0.8443573117256165,False,0.46232160925865173,0.21262162923812866,0.8714385032653809,False,50,False,80
move_near,move_near/condition_0020,20,74,False,80,0.2522973917562352,-0.21298816800117493,0.13250140845775604,0.027081191539764404,0.25083975552488846,0,0,transport_not_completed,1,True,57,0.6933333333333334,0.7125,52,75,23,,,,0,0,True,1,0,True,False,0,False,0.0,0.6753097772598267,0.08012022078037262,0.8443573117256165,False,0.46232160925865173,0.21262162923812866,0.8714385032653809,False,51,False,80
move_near,move_near/condition_0020,20,75,False,80,0.2522973917562352,-0.21298816800117493,0.13250140845775604,0.027081191539764404,0.25083975552488846,0,0,transport_not_completed,1,True,57,0.6973684210526315,0.7125,53,76,23,,,,0,0,True,1,0,True,False,0,False,0.0,0.6753097772598267,0.08012022078037262,0.8443573117256165,False,0.46232160925865173,0.21262162923812866,0.8714385032653809,False,52,False,80
move_near,move_near/condition_0020,20,76,False,80,0.2522973917562352,-0.21298816800117493,0.13250140845775604,0.027081191539764404,0.25083975552488846,0,0,transport_not_completed,1,True,57,0.7012987012987013,0.7125,54,77,23,,,,0,0,True,1,0,True,False,0,False,0.0,0.6753097772598267,0.08012022078037262,0.8443573117256165,False,0.46232160925865173,0.21262162923812866,0.8714385032653809,False,53,False,80
move_near,move_near/condition_0020,20,77,False,80,0.2522973917562352,-0.21298816800117493,0.13250140845775604,0.027081191539764404,0.25083975552488846,0,0,transport_not_completed,1,True,57,0.7051282051282052,0.7125,55,78,23,,,,0,0,True,1,0,True,False,0,False,0.0,0.6753097772598267,0.08012022078037262,0.8443573117256165,False,0.46232160925865173,0.21262162923812866,0.8714385032653809,False,54,False,80
move_near,move_near/condition_0020,20,78,False,80,0.2522973917562352,-0.21298816800117493,0.13250140845775604,0.027081191539764404,0.25083975552488846,0,0,transport_not_completed,1,True,57,0.7088607594936709,0.7125,56,79,23,,,,0,0,True,1,0,True,False,0,False,0.0,0.6753097772598267,0.08012022078037262,0.8443573117256165,False,0.46232160925865173,0.21262162923812866,0.8714385032653809,False,55,False,80
move_near,move_near/condition_0020,20,79,False,80,0.2522973917562352,-0.21298816800117493,0.13250140845775604,0.027081191539764404,0.25083975552488846,0,0,transport_not_completed,1,True,57,0.7125,0.7125,57,80,23,,,,0,0,True,1,0,True,False,0,False,0.0,0.6753097772598267,0.08012022078037262,0.8443573117256165,False,0.46232160925865173,0.21262162923812866,0.8714385032653809,False,56,True,80
move_near,move_near/condition_0021,21,0,False,80,0.25000787019483195,-0.1857253909111023,-0.16646267473697662,-0.017326056957244873,0.24940678200415928,0,0,transport_not_completed,1,True,16,0.0,0.2,0,1,56,,,,0,0,True,0,0,False,False,0,False,0.0,0.6755001544952393,0.08010527491569519,0.8443574905395508,False,0.48977476358413696,-0.08635739982128143,0.8270314335823059,False,,False,80
move_near,move_near/condition_0021,21,1,False,80,0.25000787019483195,-0.1857253909111023,-0.16646267473697662,-0.017326056957244873,0.24940678200415928,0,0,transport_not_completed,1,True,16,0.0,0.2,0,2,56,,,,0,0,True,0,0,False,False,0,False,0.0,0.6755001544952393,0.08010527491569519,0.8443574905395508,False,0.48977476358413696,-0.08635739982128143,0.8270314335823059,False,,False,80
move_near,move_near/condition_0021,21,2,False,80,0.25000787019483195,-0.1857253909111023,-0.16646267473697662,-0.017326056957244873,0.24940678200415928,0,0,transport_not_completed,1,True,16,0.0,0.2,0,3,56,,,,0,0,True,0,0,False,False,0,False,0.0,0.6755001544952393,0.08010527491569519,0.8443574905395508,False,0.48977476358413696,-0.08635739982128143,0.8270314335823059,False,,False,80
move_near,move_near/condition_0021,21,3,False,80,0.25000787019483195,-0.1857253909111023,-0.16646267473697662,-0.017326056957244873,0.24940678200415928,0,0,transport_not_completed,1,True,16,0.0,0.2,0,4,56,,,,0,0,True,0,0,False,False,0,False,0.0,0.6755001544952393,0.08010527491569519,0.8443574905395508,False,0.48977476358413696,-0.08635739982128143,0.8270314335823059,False,,False,80
move_near,move_near/condition_0021,21,4,False,80,0.25000787019483195,-0.1857253909111023,-0.16646267473697662,-0.017326056957244873,0.24940678200415928,0,0,transport_not_completed,1,True,16,0.0,0.2,0,5,56,,,,0,0,True,0,0,False,False,0,False,0.0,0.6755001544952393,0.08010527491569519,0.8443574905395508,False,0.48977476358413696,-0.08635739982128143,0.8270314335823059,False,,False,80
move_near,move_near/condition_0021,21,5,False,80,0.25000787019483195,-0.1857253909111023,-0.16646267473697662,-0.017326056957244873,0.24940678200415928,0,0,transport_not_completed,1,True,16,0.0,0.2,0,6,56,,,,0,0,True,0,0,False,False,0,False,0.0,0.6755001544952393,0.08010527491569519,0.8443574905395508,False,0.48977476358413696,-0.08635739982128143,0.8270314335823059,False,,False,80
move_near,move_near/condition_0021,21,6,False,80,0.25000787019483195,-0.1857253909111023,-0.16646267473697662,-0.017326056957244873,0.24940678200415928,0,0,transport_not_completed,1,True,16,0.0,0.2,0,7,56,,,,0,0,True,0,0,False,False,0,False,0.0,0.6755001544952393,0.08010527491569519,0.8443574905395508,False,0.48977476358413696,-0.08635739982128143,0.8270314335823059,False,,False,80
move_near,move_near/condition_0021,21,7,False,80,0.25000787019483195,-0.1857253909111023,-0.16646267473697662,-0.017326056957244873,0.24940678200415928,0,0,transport_not_completed,1,True,16,0.0,0.2,0,8,56,,,,0,0,True,0,0,False,False,0,False,0.0,0.6755001544952393,0.08010527491569519,0.8443574905395508,False,0.48977476358413696,-0.08635739982128143,0.8270314335823059,False,,False,80
move_near,move_near/condition_0021,21,8,False,80,0.25000787019483195,-0.1857253909111023,-0.16646267473697662,-0.017326056957244873,0.24940678200415928,0,0,transport_not_completed,1,True,16,0.0,0.2,0,9,56,,,,0,0,True,0,0,False,False,0,False,0.0,0.6755001544952393,0.08010527491569519,0.8443574905395508,False,0.48977476358413696,-0.08635739982128143,0.8270314335823059,False,,False,80
move_near,move_near/condition_0021,21,9,False,80,0.25000787019483195,-0.1857253909111023,-0.16646267473697662,-0.017326056957244873,0.24940678200415928,0,0,transport_not_completed,1,True,16,0.0,0.2,0,10,56,,,,0,0,True,0,0,False,False,0,False,0.0,0.6755001544952393,0.08010527491569519,0.8443574905395508,False,0.48977476358413696,-0.08635739982128143,0.8270314335823059,False,,False,80
move_near,move_near/condition_0021,21,10,False,80,0.25000787019483195,-0.1857253909111023,-0.16646267473697662,-0.017326056957244873,0.24940678200415928,0,0,transport_not_completed,1,True,16,0.0,0.2,0,11,56,,,,0,0,True,0,0,False,False,0,False,0.0,0.6755001544952393,0.08010527491569519,0.8443574905395508,False,0.48977476358413696,-0.08635739982128143,0.8270314335823059,False,,False,80
move_near,move_near/condition_0021,21,11,False,80,0.25000787019483195,-0.1857253909111023,-0.16646267473697662,-0.017326056957244873,0.24940678200415928,0,0,transport_not_completed,1,True,16,0.0,0.2,0,12,56,,,,0,0,True,0,0,False,False,0,False,0.0,0.6755001544952393,0.08010527491569519,0.8443574905395508,False,0.48977476358413696,-0.08635739982128143,0.8270314335823059,False,,False,80
move_near,move_near/condition_0021,21,12,False,80,0.25000787019483195,-0.1857253909111023,-0.16646267473697662,-0.017326056957244873,0.24940678200415928,0,0,transport_not_completed,1,True,16,0.0,0.2,0,13,56,,,,0,0,True,0,0,False,False,0,False,0.0,0.6755001544952393,0.08010527491569519,0.8443574905395508,False,0.48977476358413696,-0.08635739982128143,0.8270314335823059,False,,False,80
move_near,move_near/condition_0021,21,13,False,80,0.25000787019483195,-0.1857253909111023,-0.16646267473697662,-0.017326056957244873,0.24940678200415928,0,0,transport_not_completed,1,True,16,0.0,0.2,0,14,56,,,,0,0,True,0,0,False,False,0,False,0.0,0.6755001544952393,0.08010527491569519,0.8443574905395508,False,0.48977476358413696,-0.08635739982128143,0.8270314335823059,False,,False,80
move_near,move_near/condition_0021,21,14,False,80,0.25000787019483195,-0.1857253909111023,-0.16646267473697662,-0.017326056957244873,0.24940678200415928,0,0,transport_not_completed,1,True,16,0.0,0.2,0,15,56,,,,0,0,True,0,0,False,False,0,False,0.0,0.6755001544952393,0.08010527491569519,0.8443574905395508,False,0.48977476358413696,-0.08635739982128143,0.8270314335823059,False,,False,80
move_near,move_near/condition_0021,21,15,False,80,0.25000787019483195,-0.1857253909111023,-0.16646267473697662,-0.017326056957244873,0.24940678200415928,0,0,transport_not_completed,1,True,16,0.0,0.2,0,16,56,,,,0,0,True,0,0,False,False,0,False,0.0,0.6755001544952393,0.08010527491569519,0.8443574905395508,False,0.48977476358413696,-0.08635739982128143,0.8270314335823059,False,,False,80
move_near,move_near/condition_0021,21,16,False,80,0.25000787019483195,-0.1857253909111023,-0.16646267473697662,-0.017326056957244873,0.24940678200415928,0,0,transport_not_completed,1,True,16,0.0,0.2,0,17,56,,,,0,0,True,0,0,False,False,0,False,0.0,0.6755001544952393,0.08010527491569519,0.8443574905395508,False,0.48977476358413696,-0.08635739982128143,0.8270314335823059,False,,False,80
move_near,move_near/condition_0021,21,17,False,80,0.25000787019483195,-0.1857253909111023,-0.16646267473697662,-0.017326056957244873,0.24940678200415928,0,0,transport_not_completed,1,True,16,0.0,0.2,0,18,56,,,,0,0,True,0,0,False,False,0,False,0.0,0.6755001544952393,0.08010527491569519,0.8443574905395508,False,0.48977476358413696,-0.08635739982128143,0.8270314335823059,False,,False,80
move_near,move_near/condition_0021,21,18,False,80,0.25000787019483195,-0.1857253909111023,-0.16646267473697662,-0.017326056957244873,0.24940678200415928,0,0,transport_not_completed,1,True,16,0.0,0.2,0,19,56,,,,0,0,True,0,0,False,False,0,False,0.0,0.6755001544952393,0.08010527491569519,0.8443574905395508,False,0.48977476358413696,-0.08635739982128143,0.8270314335823059,False,,False,80
move_near,move_near/condition_0021,21,19,False,80,0.25000787019483195,-0.1857253909111023,-0.16646267473697662,-0.017326056957244873,0.24940678200415928,0,0,transport_not_completed,1,True,16,0.0,0.2,0,20,56,,,,0,0,True,0,0,False,False,0,False,0.0,0.6755001544952393,0.08010527491569519,0.8443574905395508,False,0.48977476358413696,-0.08635739982128143,0.8270314335823059,False,,False,80
move_near,move_near/condition_0021,21,20,False,80,0.25000787019483195,-0.1857253909111023,-0.16646267473697662,-0.017326056957244873,0.24940678200415928,0,0,transport_not_completed,1,True,16,0.0,0.2,0,21,56,,,,0,0,True,0,0,False,False,0,False,0.0,0.6755001544952393,0.08010527491569519,0.8443574905395508,False,0.48977476358413696,-0.08635739982128143,0.8270314335823059,False,,False,80
move_near,move_near/condition_0021,21,21,False,80,0.25000787019483195,-0.1857253909111023,-0.16646267473697662,-0.017326056957244873,0.24940678200415928,0,0,transport_not_completed,1,True,16,0.0,0.2,0,22,56,,,,0,0,True,0,0,False,False,0,False,0.0,0.6755001544952393,0.08010527491569519,0.8443574905395508,False,0.48977476358413696,-0.08635739982128143,0.8270314335823059,False,,False,80
move_near,move_near/condition_0021,21,22,False,80,0.25000787019483195,-0.1857253909111023,-0.16646267473697662,-0.017326056957244873,0.24940678200415928,0,0,transport_not_completed,1,True,16,0.0,0.2,0,23,56,,,,0,0,True,0,0,False,False,0,False,0.0,0.6755001544952393,0.08010527491569519,0.8443574905395508,False,0.48977476358413696,-0.08635739982128143,0.8270314335823059,False,,False,80
move_near,move_near/condition_0021,21,23,False,80,0.25000787019483195,-0.1857253909111023,-0.16646267473697662,-0.017326056957244873,0.24940678200415928,0,0,transport_not_completed,1,True,16,0.0,0.2,0,24,56,,,,0,0,True,0,0,False,False,0,False,0.0,0.6755001544952393,0.08010527491569519,0.8443574905395508,False,0.48977476358413696,-0.08635739982128143,0.8270314335823059,False,,False,80
move_near,move_near/condition_0021,21,24,False,80,0.25000787019483195,-0.1857253909111023,-0.16646267473697662,-0.017326056957244873,0.24940678200415928,0,0,transport_not_completed,1,True,16,0.0,0.2,0,25,56,,,,0,0,True,0,0,False,False,0,False,0.0,0.6755001544952393,0.08010527491569519,0.8443574905395508,False,0.48977476358413696,-0.08635739982128143,0.8270314335823059,False,,False,80
move_near,move_near/condition_0021,21,25,False,80,0.25000787019483195,-0.1857253909111023,-0.16646267473697662,-0.017326056957244873,0.24940678200415928,0,0,transport_not_completed,1,True,16,0.0,0.2,0,26,56,,,,0,0,True,0,0,False,False,0,False,0.0,0.6755001544952393,0.08010527491569519,0.8443574905395508,False,0.48977476358413696,-0.08635739982128143,0.8270314335823059,False,,False,80
move_near,move_near/condition_0021,21,26,False,80,0.25000787019483195,-0.1857253909111023,-0.16646267473697662,-0.017326056957244873,0.24940678200415928,0,0,transport_not_completed,1,True,16,0.0,0.2,0,27,56,,,,0,0,True,0,0,False,False,0,False,0.0,0.6755001544952393,0.08010527491569519,0.8443574905395508,False,0.48977476358413696,-0.08635739982128143,0.8270314335823059,False,,False,80
move_near,move_near/condition_0021,21,27,False,80,0.25000787019483195,-0.1857253909111023,-0.16646267473697662,-0.017326056957244873,0.24940678200415928,0,0,transport_not_completed,1,True,16,0.0,0.2,0,28,56,,,,0,0,True,0,0,False,False,0,False,0.0,0.6755001544952393,0.08010527491569519,0.8443574905395508,False,0.48977476358413696,-0.08635739982128143,0.8270314335823059,False,,False,80
move_near,move_near/condition_0021,21,28,False,80,0.25000787019483195,-0.1857253909111023,-0.16646267473697662,-0.017326056957244873,0.24940678200415928,0,0,transport_not_completed,1,True,16,0.0,0.2,0,29,56,,,,0,0,True,0,0,False,False,0,False,0.0,0.6755001544952393,0.08010527491569519,0.8443574905395508,False,0.48977476358413696,-0.08635739982128143,0.8270314335823059,False,,False,80
move_near,move_near/condition_0021,21,29,False,80,0.25000787019483195,-0.1857253909111023,-0.16646267473697662,-0.017326056957244873,0.24940678200415928,0,0,transport_not_completed,1,True,16,0.0,0.2,0,30,56,,,,0,0,True,0,0,False,False,0,False,0.0,0.6755001544952393,0.08010527491569519,0.8443574905395508,False,0.48977476358413696,-0.08635739982128143,0.8270314335823059,False,,False,80
move_near,move_near/condition_0021,21,30,False,80,0.25000787019483195,-0.1857253909111023,-0.16646267473697662,-0.017326056957244873,0.24940678200415928,0,0,transport_not_completed,1,True,16,0.0,0.2,0,31,56,,,,0,0,True,0,0,False,False,0,False,0.0,0.6755001544952393,0.08010527491569519,0.8443574905395508,False,0.48977476358413696,-0.08635739982128143,0.8270314335823059,False,,False,80
move_near,move_near/condition_0021,21,31,False,80,0.25000787019483195,-0.1857253909111023,-0.16646267473697662,-0.017326056957244873,0.24940678200415928,0,0,transport_not_completed,1,True,16,0.0,0.2,0,32,56,,,,0,0,True,0,0,False,False,0,False,0.0,0.6755001544952393,0.08010527491569519,0.8443574905395508,False,0.48977476358413696,-0.08635739982128143,0.8270314335823059,False,,False,80
move_near,move_near/condition_0021,21,32,False,80,0.25000787019483195,-0.1857253909111023,-0.16646267473697662,-0.017326056957244873,0.24940678200415928,0,0,transport_not_completed,1,True,16,0.0,0.2,0,33,56,,,,0,0,True,0,0,False,False,0,False,0.0,0.6755001544952393,0.08010527491569519,0.8443574905395508,False,0.48977476358413696,-0.08635739982128143,0.8270314335823059,False,,False,80
move_near,move_near/condition_0021,21,33,False,80,0.25000787019483195,-0.1857253909111023,-0.16646267473697662,-0.017326056957244873,0.24940678200415928,0,0,transport_not_completed,1,True,16,0.0,0.2,0,34,56,,,,0,0,True,0,0,False,False,0,False,0.0,0.6755001544952393,0.08010527491569519,0.8443574905395508,False,0.48977476358413696,-0.08635739982128143,0.8270314335823059,False,,False,80
move_near,move_near/condition_0021,21,34,False,80,0.25000787019483195,-0.1857253909111023,-0.16646267473697662,-0.017326056957244873,0.24940678200415928,0,0,transport_not_completed,1,True,16,0.0,0.2,0,35,56,,,,0,0,True,0,0,False,False,0,False,0.0,0.6755001544952393,0.08010527491569519,0.8443574905395508,False,0.48977476358413696,-0.08635739982128143,0.8270314335823059,False,,False,80
move_near,move_near/condition_0021,21,35,False,80,0.25000787019483195,-0.1857253909111023,-0.16646267473697662,-0.017326056957244873,0.24940678200415928,0,0,transport_not_completed,1,True,16,0.0,0.2,0,36,56,,,,0,0,True,0,0,False,False,0,False,0.0,0.6755001544952393,0.08010527491569519,0.8443574905395508,False,0.48977476358413696,-0.08635739982128143,0.8270314335823059,False,,False,80
move_near,move_near/condition_0021,21,36,False,80,0.25000787019483195,-0.1857253909111023,-0.16646267473697662,-0.017326056957244873,0.24940678200415928,0,0,transport_not_completed,1,True,16,0.0,0.2,0,37,56,,,,0,0,True,0,0,False,False,0,False,0.0,0.6755001544952393,0.08010527491569519,0.8443574905395508,False,0.48977476358413696,-0.08635739982128143,0.8270314335823059,False,,False,80
move_near,move_near/condition_0021,21,37,False,80,0.25000787019483195,-0.1857253909111023,-0.16646267473697662,-0.017326056957244873,0.24940678200415928,0,0,transport_not_completed,1,True,16,0.0,0.2,0,38,56,,,,0,0,True,0,0,False,False,0,False,0.0,0.6755001544952393,0.08010527491569519,0.8443574905395508,False,0.48977476358413696,-0.08635739982128143,0.8270314335823059,False,,False,80
move_near,move_near/condition_0021,21,38,False,80,0.25000787019483195,-0.1857253909111023,-0.16646267473697662,-0.017326056957244873,0.24940678200415928,0,0,transport_not_completed,1,True,16,0.0,0.2,0,39,56,,,,0,0,True,0,0,False,False,0,False,0.0,0.6755001544952393,0.08010527491569519,0.8443574905395508,False,0.48977476358413696,-0.08635739982128143,0.8270314335823059,False,,False,80
move_near,move_near/condition_0021,21,39,False,80,0.25000787019483195,-0.1857253909111023,-0.16646267473697662,-0.017326056957244873,0.24940678200415928,0,0,transport_not_completed,1,True,16,0.0,0.2,0,40,56,,,,0,0,True,0,0,False,False,0,False,0.0,0.6755001544952393,0.08010527491569519,0.8443574905395508,False,0.48977476358413696,-0.08635739982128143,0.8270314335823059,False,,False,80
move_near,move_near/condition_0021,21,40,False,80,0.25000787019483195,-0.1857253909111023,-0.16646267473697662,-0.017326056957244873,0.24940678200415928,0,0,transport_not_completed,1,True,16,0.0,0.2,0,41,56,,,,0,0,True,0,0,False,False,0,False,0.0,0.6755001544952393,0.08010527491569519,0.8443574905395508,False,0.48977476358413696,-0.08635739982128143,0.8270314335823059,False,,False,80
move_near,move_near/condition_0021,21,41,False,80,0.25000787019483195,-0.1857253909111023,-0.16646267473697662,-0.017326056957244873,0.24940678200415928,0,0,transport_not_completed,1,True,16,0.0,0.2,0,42,56,,,,0,0,True,0,0,False,False,0,False,0.0,0.6755001544952393,0.08010527491569519,0.8443574905395508,False,0.48977476358413696,-0.08635739982128143,0.8270314335823059,False,,False,80
move_near,move_near/condition_0021,21,42,False,80,0.25000787019483195,-0.1857253909111023,-0.16646267473697662,-0.017326056957244873,0.24940678200415928,0,0,transport_not_completed,1,True,16,0.0,0.2,0,43,56,,,,0,0,True,0,0,False,False,0,False,0.0,0.6755001544952393,0.08010527491569519,0.8443574905395508,False,0.48977476358413696,-0.08635739982128143,0.8270314335823059,False,,False,80
move_near,move_near/condition_0021,21,43,False,80,0.25000787019483195,-0.1857253909111023,-0.16646267473697662,-0.017326056957244873,0.24940678200415928,0,0,transport_not_completed,1,True,16,0.0,0.2,0,44,56,,,,0,0,True,0,0,False,False,0,False,0.0,0.6755001544952393,0.08010527491569519,0.8443574905395508,False,0.48977476358413696,-0.08635739982128143,0.8270314335823059,False,,False,80
move_near,move_near/condition_0021,21,44,False,80,0.25000787019483195,-0.1857253909111023,-0.16646267473697662,-0.017326056957244873,0.24940678200415928,0,0,transport_not_completed,1,True,16,0.0,0.2,0,45,56,,,,0,0,True,0,0,False,False,0,False,0.0,0.6755001544952393,0.08010527491569519,0.8443574905395508,False,0.48977476358413696,-0.08635739982128143,0.8270314335823059,False,,False,80
move_near,move_near/condition_0021,21,45,False,80,0.25000787019483195,-0.1857253909111023,-0.16646267473697662,-0.017326056957244873,0.24940678200415928,0,0,transport_not_completed,1,True,16,0.0,0.2,0,46,56,,,,0,0,True,0,0,False,False,0,False,0.0,0.6755001544952393,0.08010527491569519,0.8443574905395508,False,0.48977476358413696,-0.08635739982128143,0.8270314335823059,False,,False,80
move_near,move_near/condition_0021,21,46,False,80,0.25000787019483195,-0.1857253909111023,-0.16646267473697662,-0.017326056957244873,0.24940678200415928,0,0,transport_not_completed,1,True,16,0.0,0.2,0,47,56,,,,0,0,True,0,0,False,False,0,False,0.0,0.6755001544952393,0.08010527491569519,0.8443574905395508,False,0.48977476358413696,-0.08635739982128143,0.8270314335823059,False,,False,80
move_near,move_near/condition_0021,21,47,False,80,0.25000787019483195,-0.1857253909111023,-0.16646267473697662,-0.017326056957244873,0.24940678200415928,0,0,transport_not_completed,1,True,16,0.0,0.2,0,48,56,,,,0,0,True,0,0,False,False,0,False,0.0,0.6755001544952393,0.08010527491569519,0.8443574905395508,False,0.48977476358413696,-0.08635739982128143,0.8270314335823059,False,,False,80
move_near,move_near/condition_0021,21,48,False,80,0.25000787019483195,-0.1857253909111023,-0.16646267473697662,-0.017326056957244873,0.24940678200415928,0,0,transport_not_completed,1,True,16,0.0,0.2,0,49,56,,,,0,0,True,0,0,False,False,0,False,0.0,0.6755001544952393,0.08010527491569519,0.8443574905395508,False,0.48977476358413696,-0.08635739982128143,0.8270314335823059,False,,False,80
move_near,move_near/condition_0021,21,49,False,80,0.25000787019483195,-0.1857253909111023,-0.16646267473697662,-0.017326056957244873,0.24940678200415928,0,0,transport_not_completed,1,True,16,0.0,0.2,0,50,56,,,,0,0,True,0,0,False,False,0,False,0.0,0.6755001544952393,0.08010527491569519,0.8443574905395508,False,0.48977476358413696,-0.08635739982128143,0.8270314335823059,False,,False,80
move_near,move_near/condition_0021,21,50,False,80,0.25000787019483195,-0.1857253909111023,-0.16646267473697662,-0.017326056957244873,0.24940678200415928,0,0,transport_not_completed,1,True,16,0.0,0.2,0,51,56,,,,0,0,True,0,0,False,False,0,False,0.0,0.6755001544952393,0.08010527491569519,0.8443574905395508,False,0.48977476358413696,-0.08635739982128143,0.8270314335823059,False,,False,80
move_near,move_near/condition_0021,21,51,False,80,0.25000787019483195,-0.1857253909111023,-0.16646267473697662,-0.017326056957244873,0.24940678200415928,0,0,transport_not_completed,1,True,16,0.0,0.2,0,52,56,,,,0,0,True,0,0,False,False,0,False,0.0,0.6755001544952393,0.08010527491569519,0.8443574905395508,False,0.48977476358413696,-0.08635739982128143,0.8270314335823059,False,,False,80
move_near,move_near/condition_0021,21,52,False,80,0.25000787019483195,-0.1857253909111023,-0.16646267473697662,-0.017326056957244873,0.24940678200415928,0,0,transport_not_completed,1,True,16,0.0,0.2,0,53,56,,,,0,0,True,0,0,False,False,0,False,0.0,0.6755001544952393,0.08010527491569519,0.8443574905395508,False,0.48977476358413696,-0.08635739982128143,0.8270314335823059,False,,False,80
move_near,move_near/condition_0021,21,53,False,80,0.25000787019483195,-0.1857253909111023,-0.16646267473697662,-0.017326056957244873,0.24940678200415928,0,0,transport_not_completed,1,True,16,0.0,0.2,0,54,56,,,,0,0,False,0,0,False,False,0,False,0.0,0.6755001544952393,0.08010527491569519,0.8443574905395508,False,0.48977476358413696,-0.08635739982128143,0.8270314335823059,False,,False,80
move_near,move_near/condition_0021,21,54,False,80,0.25000787019483195,-0.1857253909111023,-0.16646267473697662,-0.017326056957244873,0.24940678200415928,0,0,transport_not_completed,1,True,16,0.0,0.2,0,55,56,,,,0,0,False,0,0,False,False,0,False,0.0,0.6755001544952393,0.08010527491569519,0.8443574905395508,False,0.48977476358413696,-0.08635739982128143,0.8270314335823059,False,,False,80
move_near,move_near/condition_0021,21,55,False,80,0.25000787019483195,-0.1857253909111023,-0.16646267473697662,-0.017326056957244873,0.24940678200415928,0,0,transport_not_completed,1,True,16,0.0,0.2,0,56,56,,,,0,0,False,0,0,False,False,0,False,0.0,0.6755001544952393,0.08010527491569519,0.8443574905395508,False,0.48977476358413696,-0.08635739982128143,0.8270314335823059,False,,False,80
move_near,move_near/condition_0021,21,56,False,80,0.25000787019483195,-0.1857253909111023,-0.16646267473697662,-0.017326056957244873,0.24940678200415928,0,0,transport_not_completed,1,True,16,0.017543859649122806,0.2,1,57,56,,,,0,0,False,1,1,True,False,0,False,0.0,0.6755001544952393,0.08010527491569519,0.8443574905395508,False,0.48977476358413696,-0.08635739982128143,0.8270314335823059,False,0,False,80
move_near,move_near/condition_0021,21,57,False,80,0.25000787019483195,-0.1857253909111023,-0.16646267473697662,-0.017326056957244873,0.24940678200415928,0,0,transport_not_completed,1,True,16,0.017241379310344827,0.2,0,58,56,,,,0,0,False,0,1,False,False,0,False,0.0,0.6755001544952393,0.08010527491569519,0.8443574905395508,False,0.48977476358413696,-0.08635739982128143,0.8270314335823059,False,1,False,80
move_near,move_near/condition_0021,21,58,False,80,0.25000787019483195,-0.1857253909111023,-0.16646267473697662,-0.017326056957244873,0.24940678200415928,0,0,transport_not_completed,1,True,16,0.01694915254237288,0.2,0,59,56,,,,0,0,False,0,0,False,False,0,False,0.0,0.6755001544952393,0.08010527491569519,0.8443574905395508,False,0.48977476358413696,-0.08635739982128143,0.8270314335823059,False,2,False,80
move_near,move_near/condition_0021,21,59,False,80,0.25000787019483195,-0.1857253909111023,-0.16646267473697662,-0.017326056957244873,0.24940678200415928,0,0,transport_not_completed,1,True,16,0.016666666666666666,0.2,0,60,56,,,,0,0,False,0,0,False,False,0,False,0.0,0.6755001544952393,0.08010527491569519,0.8443574905395508,False,0.48977476358413696,-0.08635739982128143,0.8270314335823059,False,3,False,80
move_near,move_near/condition_0021,21,60,False,80,0.25000787019483195,-0.1857253909111023,-0.16646267473697662,-0.017326056957244873,0.24940678200415928,0,0,transport_not_completed,1,True,16,0.01639344262295082,0.2,0,61,56,,,,0,0,False,0,0,False,False,0,False,0.0,0.6755001544952393,0.08010527491569519,0.8443574905395508,False,0.48977476358413696,-0.08635739982128143,0.8270314335823059,False,4,False,80
move_near,move_near/condition_0021,21,61,False,80,0.25000787019483195,-0.1857253909111023,-0.16646267473697662,-0.017326056957244873,0.24940678200415928,0,0,transport_not_completed,1,True,16,0.016129032258064516,0.2,0,62,56,,,,0,0,False,0,0,False,False,0,False,0.0,0.6755001544952393,0.08010527491569519,0.8443574905395508,False,0.48977476358413696,-0.08635739982128143,0.8270314335823059,False,5,False,80
move_near,move_near/condition_0021,21,62,False,80,0.25000787019483195,-0.1857253909111023,-0.16646267473697662,-0.017326056957244873,0.24940678200415928,0,0,transport_not_completed,1,True,16,0.015873015873015872,0.2,0,63,56,,,,0,0,False,0,0,False,False,0,False,0.0,0.6755001544952393,0.08010527491569519,0.8443574905395508,False,0.48977476358413696,-0.08635739982128143,0.8270314335823059,False,6,False,80
move_near,move_near/condition_0021,21,63,False,80,0.25000787019483195,-0.1857253909111023,-0.16646267473697662,-0.017326056957244873,0.24940678200415928,0,0,transport_not_completed,1,True,16,0.015625,0.2,0,64,56,,,,0,0,False,0,0,False,False,0,False,0.0,0.6755001544952393,0.08010527491569519,0.8443574905395508,False,0.48977476358413696,-0.08635739982128143,0.8270314335823059,False,7,False,80
move_near,move_near/condition_0021,21,64,False,80,0.25000787019483195,-0.1857253909111023,-0.16646267473697662,-0.017326056957244873,0.24940678200415928,0,0,transport_not_completed,1,True,16,0.015384615384615385,0.2,0,65,56,,,,0,0,False,0,0,False,False,0,False,0.0,0.6755001544952393,0.08010527491569519,0.8443574905395508,False,0.48977476358413696,-0.08635739982128143,0.8270314335823059,False,8,False,80
move_near,move_near/condition_0021,21,65,False,80,0.25000787019483195,-0.1857253909111023,-0.16646267473697662,-0.017326056957244873,0.24940678200415928,0,0,transport_not_completed,1,True,16,0.030303030303030304,0.2,1,66,56,,,,0,0,False,1,1,True,False,0,False,0.0,0.6755001544952393,0.08010527491569519,0.8443574905395508,False,0.48977476358413696,-0.08635739982128143,0.8270314335823059,False,9,False,80
move_near,move_near/condition_0021,21,66,False,80,0.25000787019483195,-0.1857253909111023,-0.16646267473697662,-0.017326056957244873,0.24940678200415928,0,0,transport_not_completed,1,True,16,0.04477611940298507,0.2,2,67,56,,,,0,0,False,1,0,True,False,0,False,0.0,0.6755001544952393,0.08010527491569519,0.8443574905395508,False,0.48977476358413696,-0.08635739982128143,0.8270314335823059,False,10,False,80
move_near,move_near/condition_0021,21,67,False,80,0.25000787019483195,-0.1857253909111023,-0.16646267473697662,-0.017326056957244873,0.24940678200415928,0,0,transport_not_completed,1,True,16,0.058823529411764705,0.2,3,68,56,,,,0,0,False,1,0,True,False,0,False,0.0,0.6755001544952393,0.08010527491569519,0.8443574905395508,False,0.48977476358413696,-0.08635739982128143,0.8270314335823059,False,11,False,80
move_near,move_near/condition_0021,21,68,False,80,0.25000787019483195,-0.1857253909111023,-0.16646267473697662,-0.017326056957244873,0.24940678200415928,0,0,transport_not_completed,1,True,16,0.07246376811594203,0.2,4,69,56,,,,0,0,False,1,0,True,False,0,False,0.0,0.6755001544952393,0.08010527491569519,0.8443574905395508,False,0.48977476358413696,-0.08635739982128143,0.8270314335823059,False,12,False,80
move_near,move_near/condition_0021,21,69,False,80,0.25000787019483195,-0.1857253909111023,-0.16646267473697662,-0.017326056957244873,0.24940678200415928,0,0,transport_not_completed,1,True,16,0.08571428571428572,0.2,5,70,56,,,,0,0,False,1,0,True,False,0,False,0.0,0.6755001544952393,0.08010527491569519,0.8443574905395508,False,0.48977476358413696,-0.08635739982128143,0.8270314335823059,False,13,False,80
move_near,move_near/condition_0021,21,70,False,80,0.25000787019483195,-0.1857253909111023,-0.16646267473697662,-0.017326056957244873,0.24940678200415928,0,0,transport_not_completed,1,True,16,0.09859154929577464,0.2,6,71,56,,,,0,0,False,1,0,True,False,0,False,0.0,0.6755001544952393,0.08010527491569519,0.8443574905395508,False,0.48977476358413696,-0.08635739982128143,0.8270314335823059,False,14,False,80
move_near,move_near/condition_0021,21,71,False,80,0.25000787019483195,-0.1857253909111023,-0.16646267473697662,-0.017326056957244873,0.24940678200415928,0,0,transport_not_completed,1,True,16,0.1111111111111111,0.2,7,72,56,,,,0,0,False,1,0,True,False,0,False,0.0,0.6755001544952393,0.08010527491569519,0.8443574905395508,False,0.48977476358413696,-0.08635739982128143,0.8270314335823059,False,15,False,80
move_near,move_near/condition_0021,21,72,False,80,0.25000787019483195,-0.1857253909111023,-0.16646267473697662,-0.017326056957244873,0.24940678200415928,0,0,transport_not_completed,1,True,16,0.1232876712328767,0.2,8,73,56,,,,0,0,False,1,0,True,False,0,False,0.0,0.6755001544952393,0.08010527491569519,0.8443574905395508,False,0.48977476358413696,-0.08635739982128143,0.8270314335823059,False,16,False,80
move_near,move_near/condition_0021,21,73,False,80,0.25000787019483195,-0.1857253909111023,-0.16646267473697662,-0.017326056957244873,0.24940678200415928,0,0,transport_not_completed,1,True,16,0.13513513513513514,0.2,9,74,56,,,,0,0,False,1,0,True,False,0,False,0.0,0.6755001544952393,0.08010527491569519,0.8443574905395508,False,0.48977476358413696,-0.08635739982128143,0.8270314335823059,False,17,False,80
move_near,move_near/condition_0021,21,74,False,80,0.25000787019483195,-0.1857253909111023,-0.16646267473697662,-0.017326056957244873,0.24940678200415928,0,0,transport_not_completed,1,True,16,0.14666666666666667,0.2,10,75,56,,,,0,0,False,1,0,True,False,0,False,0.0,0.6755001544952393,0.08010527491569519,0.8443574905395508,False,0.48977476358413696,-0.08635739982128143,0.8270314335823059,False,18,False,80
move_near,move_near/condition_0021,21,75,False,80,0.25000787019483195,-0.1857253909111023,-0.16646267473697662,-0.017326056957244873,0.24940678200415928,0,0,transport_not_completed,1,True,16,0.15789473684210525,0.2,11,76,56,,,,0,0,False,1,0,True,False,0,False,0.0,0.6755001544952393,0.08010527491569519,0.8443574905395508,False,0.48977476358413696,-0.08635739982128143,0.8270314335823059,False,19,False,80
move_near,move_near/condition_0021,21,76,False,80,0.25000787019483195,-0.1857253909111023,-0.16646267473697662,-0.017326056957244873,0.24940678200415928,0,0,transport_not_completed,1,True,16,0.16883116883116883,0.2,12,77,56,,,,0,0,False,1,0,True,False,0,False,0.0,0.6755001544952393,0.08010527491569519,0.8443574905395508,False,0.48977476358413696,-0.08635739982128143,0.8270314335823059,False,20,False,80
move_near,move_near/condition_0021,21,77,False,80,0.25000787019483195,-0.1857253909111023,-0.16646267473697662,-0.017326056957244873,0.24940678200415928,0,0,transport_not_completed,1,True,16,0.1794871794871795,0.2,13,78,56,,,,0,0,False,1,0,True,False,0,False,0.0,0.6755001544952393,0.08010527491569519,0.8443574905395508,False,0.48977476358413696,-0.08635739982128143,0.8270314335823059,False,21,False,80
move_near,move_near/condition_0021,21,78,False,80,0.25000787019483195,-0.1857253909111023,-0.16646267473697662,-0.017326056957244873,0.24940678200415928,0,0,transport_not_completed,1,True,16,0.189873417721519,0.2,14,79,56,,,,0,0,False,1,0,True,False,0,False,0.0,0.6755001544952393,0.08010527491569519,0.8443574905395508,False,0.48977476358413696,-0.08635739982128143,0.8270314335823059,False,22,False,80
move_near,move_near/condition_0021,21,79,False,80,0.25000787019483195,-0.1857253909111023,-0.16646267473697662,-0.017326056957244873,0.24940678200415928,0,0,transport_not_completed,1,True,16,0.2,0.2,15,80,56,,,,0,0,False,1,0,True,False,0,False,0.0,0.6755001544952393,0.08010527491569519,0.8443574905395508,False,0.48977476358413696,-0.08635739982128143,0.8270314335823059,False,23,True,80
move_near,move_near/condition_0022,22,0,True,51,0.3035048980504209,-0.027453452348709106,0.29898083209991455,0.04440712928771973,0.30023862178110955,0,0,success,0,True,3,0.0,0.058823529411764705,0,1,48,,50,50,0,0,False,0,0,False,False,1,False,0.0,0.48977476358413696,-0.08635853230953217,0.8270314335823059,False,0.46232131123542786,0.21262229979038239,0.8714385628700256,False,,False,80
move_near,move_near/condition_0022,22,1,True,51,0.3035048980504209,-0.027453452348709106,0.29898083209991455,0.04440712928771973,0.30023862178110955,0,0,success,0,True,3,0.0,0.058823529411764705,0,2,48,,50,50,0,0,False,0,0,False,False,1,False,0.0,0.48977476358413696,-0.08635853230953217,0.8270314335823059,False,0.46232131123542786,0.21262229979038239,0.8714385628700256,False,,False,80
move_near,move_near/condition_0022,22,2,True,51,0.3035048980504209,-0.027453452348709106,0.29898083209991455,0.04440712928771973,0.30023862178110955,0,0,success,0,True,3,0.0,0.058823529411764705,0,3,48,,50,50,0,0,False,0,0,False,False,1,False,0.0,0.48977476358413696,-0.08635853230953217,0.8270314335823059,False,0.46232131123542786,0.21262229979038239,0.8714385628700256,False,,False,80
move_near,move_near/condition_0022,22,3,True,51,0.3035048980504209,-0.027453452348709106,0.29898083209991455,0.04440712928771973,0.30023862178110955,0,0,success,0,True,3,0.0,0.058823529411764705,0,4,48,,50,50,0,0,False,0,0,False,False,1,False,0.0,0.48977476358413696,-0.08635853230953217,0.8270314335823059,False,0.46232131123542786,0.21262229979038239,0.8714385628700256,False,,False,80
move_near,move_near/condition_0022,22,4,True,51,0.3035048980504209,-0.027453452348709106,0.29898083209991455,0.04440712928771973,0.30023862178110955,0,0,success,0,True,3,0.0,0.058823529411764705,0,5,48,,50,50,0,0,False,0,0,False,False,1,False,0.0,0.48977476358413696,-0.08635853230953217,0.8270314335823059,False,0.46232131123542786,0.21262229979038239,0.8714385628700256,False,,False,80
move_near,move_near/condition_0022,22,5,True,51,0.3035048980504209,-0.027453452348709106,0.29898083209991455,0.04440712928771973,0.30023862178110955,0,0,success,0,True,3,0.0,0.058823529411764705,0,6,48,,50,50,0,0,False,0,0,False,False,1,False,0.0,0.48977476358413696,-0.08635853230953217,0.8270314335823059,False,0.46232131123542786,0.21262229979038239,0.8714385628700256,False,,False,80
move_near,move_near/condition_0022,22,6,True,51,0.3035048980504209,-0.027453452348709106,0.29898083209991455,0.04440712928771973,0.30023862178110955,0,0,success,0,True,3,0.0,0.058823529411764705,0,7,48,,50,50,0,0,False,0,0,False,False,1,False,0.0,0.48977476358413696,-0.08635853230953217,0.8270314335823059,False,0.46232131123542786,0.21262229979038239,0.8714385628700256,False,,False,80
move_near,move_near/condition_0022,22,7,True,51,0.3035048980504209,-0.027453452348709106,0.29898083209991455,0.04440712928771973,0.30023862178110955,0,0,success,0,True,3,0.0,0.058823529411764705,0,8,48,,50,50,0,0,False,0,0,False,False,1,False,0.0,0.48977476358413696,-0.08635853230953217,0.8270314335823059,False,0.46232131123542786,0.21262229979038239,0.8714385628700256,False,,False,80
move_near,move_near/condition_0022,22,8,True,51,0.3035048980504209,-0.027453452348709106,0.29898083209991455,0.04440712928771973,0.30023862178110955,0,0,success,0,True,3,0.0,0.058823529411764705,0,9,48,,50,50,0,0,False,0,0,False,False,1,False,0.0,0.48977476358413696,-0.08635853230953217,0.8270314335823059,False,0.46232131123542786,0.21262229979038239,0.8714385628700256,False,,False,80
move_near,move_near/condition_0022,22,9,True,51,0.3035048980504209,-0.027453452348709106,0.29898083209991455,0.04440712928771973,0.30023862178110955,0,0,success,0,True,3,0.0,0.058823529411764705,0,10,48,,50,50,0,0,False,0,0,False,False,1,False,0.0,0.48977476358413696,-0.08635853230953217,0.8270314335823059,False,0.46232131123542786,0.21262229979038239,0.8714385628700256,False,,False,80
move_near,move_near/condition_0022,22,10,True,51,0.3035048980504209,-0.027453452348709106,0.29898083209991455,0.04440712928771973,0.30023862178110955,0,0,success,0,True,3,0.0,0.058823529411764705,0,11,48,,50,50,0,0,False,0,0,False,False,1,False,0.0,0.48977476358413696,-0.08635853230953217,0.8270314335823059,False,0.46232131123542786,0.21262229979038239,0.8714385628700256,False,,False,80
move_near,move_near/condition_0022,22,11,True,51,0.3035048980504209,-0.027453452348709106,0.29898083209991455,0.04440712928771973,0.30023862178110955,0,0,success,0,True,3,0.0,0.058823529411764705,0,12,48,,50,50,0,0,False,0,0,False,False,1,False,0.0,0.48977476358413696,-0.08635853230953217,0.8270314335823059,False,0.46232131123542786,0.21262229979038239,0.8714385628700256,False,,False,80
move_near,move_near/condition_0022,22,12,True,51,0.3035048980504209,-0.027453452348709106,0.29898083209991455,0.04440712928771973,0.30023862178110955,0,0,success,0,True,3,0.0,0.058823529411764705,0,13,48,,50,50,0,0,False,0,0,False,False,1,False,0.0,0.48977476358413696,-0.08635853230953217,0.8270314335823059,False,0.46232131123542786,0.21262229979038239,0.8714385628700256,False,,False,80
move_near,move_near/condition_0022,22,13,True,51,0.3035048980504209,-0.027453452348709106,0.29898083209991455,0.04440712928771973,0.30023862178110955,0,0,success,0,True,3,0.0,0.058823529411764705,0,14,48,,50,50,0,0,False,0,0,False,False,1,False,0.0,0.48977476358413696,-0.08635853230953217,0.8270314335823059,False,0.46232131123542786,0.21262229979038239,0.8714385628700256,False,,False,80
move_near,move_near/condition_0022,22,14,True,51,0.3035048980504209,-0.027453452348709106,0.29898083209991455,0.04440712928771973,0.30023862178110955,0,0,success,0,True,3,0.0,0.058823529411764705,0,15,48,,50,50,0,0,False,0,0,False,False,1,False,0.0,0.48977476358413696,-0.08635853230953217,0.8270314335823059,False,0.46232131123542786,0.21262229979038239,0.8714385628700256,False,,False,80
move_near,move_near/condition_0022,22,15,True,51,0.3035048980504209,-0.027453452348709106,0.29898083209991455,0.04440712928771973,0.30023862178110955,0,0,success,0,True,3,0.0,0.058823529411764705,0,16,48,,50,50,0,0,False,0,0,False,False,1,False,0.0,0.48977476358413696,-0.08635853230953217,0.8270314335823059,False,0.46232131123542786,0.21262229979038239,0.8714385628700256,False,,False,80
move_near,move_near/condition_0022,22,16,True,51,0.3035048980504209,-0.027453452348709106,0.29898083209991455,0.04440712928771973,0.30023862178110955,0,0,success,0,True,3,0.0,0.058823529411764705,0,17,48,,50,50,0,0,False,0,0,False,False,1,False,0.0,0.48977476358413696,-0.08635853230953217,0.8270314335823059,False,0.46232131123542786,0.21262229979038239,0.8714385628700256,False,,False,80
move_near,move_near/condition_0022,22,17,True,51,0.3035048980504209,-0.027453452348709106,0.29898083209991455,0.04440712928771973,0.30023862178110955,0,0,success,0,True,3,0.0,0.058823529411764705,0,18,48,,50,50,0,0,False,0,0,False,False,1,False,0.0,0.48977476358413696,-0.08635853230953217,0.8270314335823059,False,0.46232131123542786,0.21262229979038239,0.8714385628700256,False,,False,80
move_near,move_near/condition_0022,22,18,True,51,0.3035048980504209,-0.027453452348709106,0.29898083209991455,0.04440712928771973,0.30023862178110955,0,0,success,0,True,3,0.0,0.058823529411764705,0,19,48,,50,50,0,0,False,0,0,False,False,1,False,0.0,0.48977476358413696,-0.08635853230953217,0.8270314335823059,False,0.46232131123542786,0.21262229979038239,0.8714385628700256,False,,False,80
move_near,move_near/condition_0022,22,19,True,51,0.3035048980504209,-0.027453452348709106,0.29898083209991455,0.04440712928771973,0.30023862178110955,0,0,success,0,True,3,0.0,0.058823529411764705,0,20,48,,50,50,0,0,False,0,0,False,False,1,False,0.0,0.48977476358413696,-0.08635853230953217,0.8270314335823059,False,0.46232131123542786,0.21262229979038239,0.8714385628700256,False,,False,80
move_near,move_near/condition_0022,22,20,True,51,0.3035048980504209,-0.027453452348709106,0.29898083209991455,0.04440712928771973,0.30023862178110955,0,0,success,0,True,3,0.0,0.058823529411764705,0,21,48,,50,50,0,0,False,0,0,False,False,1,False,0.0,0.48977476358413696,-0.08635853230953217,0.8270314335823059,False,0.46232131123542786,0.21262229979038239,0.8714385628700256,False,,False,80
move_near,move_near/condition_0022,22,21,True,51,0.3035048980504209,-0.027453452348709106,0.29898083209991455,0.04440712928771973,0.30023862178110955,0,0,success,0,True,3,0.0,0.058823529411764705,0,22,48,,50,50,0,0,False,0,0,False,False,1,False,0.0,0.48977476358413696,-0.08635853230953217,0.8270314335823059,False,0.46232131123542786,0.21262229979038239,0.8714385628700256,False,,False,80
move_near,move_near/condition_0022,22,22,True,51,0.3035048980504209,-0.027453452348709106,0.29898083209991455,0.04440712928771973,0.30023862178110955,0,0,success,0,True,3,0.0,0.058823529411764705,0,23,48,,50,50,0,0,False,0,0,False,False,1,False,0.0,0.48977476358413696,-0.08635853230953217,0.8270314335823059,False,0.46232131123542786,0.21262229979038239,0.8714385628700256,False,,False,80
move_near,move_near/condition_0022,22,23,True,51,0.3035048980504209,-0.027453452348709106,0.29898083209991455,0.04440712928771973,0.30023862178110955,0,0,success,0,True,3,0.0,0.058823529411764705,0,24,48,,50,50,0,0,False,0,0,False,False,1,False,0.0,0.48977476358413696,-0.08635853230953217,0.8270314335823059,False,0.46232131123542786,0.21262229979038239,0.8714385628700256,False,,False,80
move_near,move_near/condition_0022,22,24,True,51,0.3035048980504209,-0.027453452348709106,0.29898083209991455,0.04440712928771973,0.30023862178110955,0,0,success,0,True,3,0.0,0.058823529411764705,0,25,48,,50,50,0,0,False,0,0,False,False,1,False,0.0,0.48977476358413696,-0.08635853230953217,0.8270314335823059,False,0.46232131123542786,0.21262229979038239,0.8714385628700256,False,,False,80
move_near,move_near/condition_0022,22,25,True,51,0.3035048980504209,-0.027453452348709106,0.29898083209991455,0.04440712928771973,0.30023862178110955,0,0,success,0,True,3,0.0,0.058823529411764705,0,26,48,,50,50,0,0,False,0,0,False,False,1,False,0.0,0.48977476358413696,-0.08635853230953217,0.8270314335823059,False,0.46232131123542786,0.21262229979038239,0.8714385628700256,False,,False,80
move_near,move_near/condition_0022,22,26,True,51,0.3035048980504209,-0.027453452348709106,0.29898083209991455,0.04440712928771973,0.30023862178110955,0,0,success,0,True,3,0.0,0.058823529411764705,0,27,48,,50,50,0,0,False,0,0,False,False,1,False,0.0,0.48977476358413696,-0.08635853230953217,0.8270314335823059,False,0.46232131123542786,0.21262229979038239,0.8714385628700256,False,,False,80
move_near,move_near/condition_0022,22,27,True,51,0.3035048980504209,-0.027453452348709106,0.29898083209991455,0.04440712928771973,0.30023862178110955,0,0,success,0,True,3,0.0,0.058823529411764705,0,28,48,,50,50,0,0,False,0,0,False,False,1,False,0.0,0.48977476358413696,-0.08635853230953217,0.8270314335823059,False,0.46232131123542786,0.21262229979038239,0.8714385628700256,False,,False,80
move_near,move_near/condition_0022,22,28,True,51,0.3035048980504209,-0.027453452348709106,0.29898083209991455,0.04440712928771973,0.30023862178110955,0,0,success,0,True,3,0.0,0.058823529411764705,0,29,48,,50,50,0,0,False,0,0,False,False,1,False,0.0,0.48977476358413696,-0.08635853230953217,0.8270314335823059,False,0.46232131123542786,0.21262229979038239,0.8714385628700256,False,,False,80
move_near,move_near/condition_0022,22,29,True,51,0.3035048980504209,-0.027453452348709106,0.29898083209991455,0.04440712928771973,0.30023862178110955,0,0,success,0,True,3,0.0,0.058823529411764705,0,30,48,,50,50,0,0,False,0,0,False,False,1,False,0.0,0.48977476358413696,-0.08635853230953217,0.8270314335823059,False,0.46232131123542786,0.21262229979038239,0.8714385628700256,False,,False,80
move_near,move_near/condition_0022,22,30,True,51,0.3035048980504209,-0.027453452348709106,0.29898083209991455,0.04440712928771973,0.30023862178110955,0,0,success,0,True,3,0.0,0.058823529411764705,0,31,48,,50,50,0,0,False,0,0,False,False,1,False,0.0,0.48977476358413696,-0.08635853230953217,0.8270314335823059,False,0.46232131123542786,0.21262229979038239,0.8714385628700256,False,,False,80
move_near,move_near/condition_0022,22,31,True,51,0.3035048980504209,-0.027453452348709106,0.29898083209991455,0.04440712928771973,0.30023862178110955,0,0,success,0,True,3,0.0,0.058823529411764705,0,32,48,,50,50,0,0,False,0,0,False,False,1,False,0.0,0.48977476358413696,-0.08635853230953217,0.8270314335823059,False,0.46232131123542786,0.21262229979038239,0.8714385628700256,False,,False,80
move_near,move_near/condition_0022,22,32,True,51,0.3035048980504209,-0.027453452348709106,0.29898083209991455,0.04440712928771973,0.30023862178110955,0,0,success,0,True,3,0.0,0.058823529411764705,0,33,48,,50,50,0,0,False,0,0,False,False,1,False,0.0,0.48977476358413696,-0.08635853230953217,0.8270314335823059,False,0.46232131123542786,0.21262229979038239,0.8714385628700256,False,,False,80
move_near,move_near/condition_0022,22,33,True,51,0.3035048980504209,-0.027453452348709106,0.29898083209991455,0.04440712928771973,0.30023862178110955,0,0,success,0,True,3,0.0,0.058823529411764705,0,34,48,,50,50,0,0,False,0,0,False,False,1,False,0.0,0.48977476358413696,-0.08635853230953217,0.8270314335823059,False,0.46232131123542786,0.21262229979038239,0.8714385628700256,False,,False,80
move_near,move_near/condition_0022,22,34,True,51,0.3035048980504209,-0.027453452348709106,0.29898083209991455,0.04440712928771973,0.30023862178110955,0,0,success,0,True,3,0.0,0.058823529411764705,0,35,48,,50,50,0,0,False,0,0,False,False,1,False,0.0,0.48977476358413696,-0.08635853230953217,0.8270314335823059,False,0.46232131123542786,0.21262229979038239,0.8714385628700256,False,,False,80
move_near,move_near/condition_0022,22,35,True,51,0.3035048980504209,-0.027453452348709106,0.29898083209991455,0.04440712928771973,0.30023862178110955,0,0,success,0,True,3,0.0,0.058823529411764705,0,36,48,,50,50,0,0,False,0,0,False,False,1,False,0.0,0.48977476358413696,-0.08635853230953217,0.8270314335823059,False,0.46232131123542786,0.21262229979038239,0.8714385628700256,False,,False,80
move_near,move_near/condition_0022,22,36,True,51,0.3035048980504209,-0.027453452348709106,0.29898083209991455,0.04440712928771973,0.30023862178110955,0,0,success,0,True,3,0.0,0.058823529411764705,0,37,48,,50,50,0,0,False,0,0,False,False,1,False,0.0,0.48977476358413696,-0.08635853230953217,0.8270314335823059,False,0.46232131123542786,0.21262229979038239,0.8714385628700256,False,,False,80
move_near,move_near/condition_0022,22,37,True,51,0.3035048980504209,-0.027453452348709106,0.29898083209991455,0.04440712928771973,0.30023862178110955,0,0,success,0,True,3,0.0,0.058823529411764705,0,38,48,,50,50,0,0,False,0,0,False,False,1,False,0.0,0.48977476358413696,-0.08635853230953217,0.8270314335823059,False,0.46232131123542786,0.21262229979038239,0.8714385628700256,False,,False,80
move_near,move_near/condition_0022,22,38,True,51,0.3035048980504209,-0.027453452348709106,0.29898083209991455,0.04440712928771973,0.30023862178110955,0,0,success,0,True,3,0.0,0.058823529411764705,0,39,48,,50,50,0,0,False,0,0,False,False,1,False,0.0,0.48977476358413696,-0.08635853230953217,0.8270314335823059,False,0.46232131123542786,0.21262229979038239,0.8714385628700256,False,,False,80
move_near,move_near/condition_0022,22,39,True,51,0.3035048980504209,-0.027453452348709106,0.29898083209991455,0.04440712928771973,0.30023862178110955,0,0,success,0,True,3,0.0,0.058823529411764705,0,40,48,,50,50,0,0,False,0,0,False,False,1,False,0.0,0.48977476358413696,-0.08635853230953217,0.8270314335823059,False,0.46232131123542786,0.21262229979038239,0.8714385628700256,False,,False,80
move_near,move_near/condition_0022,22,40,True,51,0.3035048980504209,-0.027453452348709106,0.29898083209991455,0.04440712928771973,0.30023862178110955,0,0,success,0,True,3,0.0,0.058823529411764705,0,41,48,,50,50,0,0,False,0,0,False,False,1,False,0.0,0.48977476358413696,-0.08635853230953217,0.8270314335823059,False,0.46232131123542786,0.21262229979038239,0.8714385628700256,False,,False,80
move_near,move_near/condition_0022,22,41,True,51,0.3035048980504209,-0.027453452348709106,0.29898083209991455,0.04440712928771973,0.30023862178110955,0,0,success,0,True,3,0.0,0.058823529411764705,0,42,48,,50,50,0,0,False,0,0,False,False,1,False,0.0,0.48977476358413696,-0.08635853230953217,0.8270314335823059,False,0.46232131123542786,0.21262229979038239,0.8714385628700256,False,,False,80
move_near,move_near/condition_0022,22,42,True,51,0.3035048980504209,-0.027453452348709106,0.29898083209991455,0.04440712928771973,0.30023862178110955,0,0,success,0,True,3,0.0,0.058823529411764705,0,43,48,,50,50,0,0,False,0,0,False,False,1,False,0.0,0.48977476358413696,-0.08635853230953217,0.8270314335823059,False,0.46232131123542786,0.21262229979038239,0.8714385628700256,False,,False,80
move_near,move_near/condition_0022,22,43,True,51,0.3035048980504209,-0.027453452348709106,0.29898083209991455,0.04440712928771973,0.30023862178110955,0,0,success,0,True,3,0.0,0.058823529411764705,0,44,48,,50,50,0,0,False,0,0,False,False,1,False,0.0,0.48977476358413696,-0.08635853230953217,0.8270314335823059,False,0.46232131123542786,0.21262229979038239,0.8714385628700256,False,,False,80
move_near,move_near/condition_0022,22,44,True,51,0.3035048980504209,-0.027453452348709106,0.29898083209991455,0.04440712928771973,0.30023862178110955,0,0,success,0,True,3,0.0,0.058823529411764705,0,45,48,,50,50,0,0,False,0,0,False,False,1,False,0.0,0.48977476358413696,-0.08635853230953217,0.8270314335823059,False,0.46232131123542786,0.21262229979038239,0.8714385628700256,False,,False,80
move_near,move_near/condition_0022,22,45,True,51,0.3035048980504209,-0.027453452348709106,0.29898083209991455,0.04440712928771973,0.30023862178110955,0,0,success,0,True,3,0.0,0.058823529411764705,0,46,48,,50,50,0,0,False,0,0,False,False,1,False,0.0,0.48977476358413696,-0.08635853230953217,0.8270314335823059,False,0.46232131123542786,0.21262229979038239,0.8714385628700256,False,,False,80
move_near,move_near/condition_0022,22,46,True,51,0.3035048980504209,-0.027453452348709106,0.29898083209991455,0.04440712928771973,0.30023862178110955,0,0,success,0,True,3,0.0,0.058823529411764705,0,47,48,,50,50,0,0,False,0,0,False,False,1,False,0.0,0.48977476358413696,-0.08635853230953217,0.8270314335823059,False,0.46232131123542786,0.21262229979038239,0.8714385628700256,False,,False,80
move_near,move_near/condition_0022,22,47,True,51,0.3035048980504209,-0.027453452348709106,0.29898083209991455,0.04440712928771973,0.30023862178110955,0,0,success,0,True,3,0.0,0.058823529411764705,0,48,48,,50,50,0,0,False,0,0,False,False,1,False,0.0,0.48977476358413696,-0.08635853230953217,0.8270314335823059,False,0.46232131123542786,0.21262229979038239,0.8714385628700256,False,,False,80
move_near,move_near/condition_0022,22,48,True,51,0.3035048980504209,-0.027453452348709106,0.29898083209991455,0.04440712928771973,0.30023862178110955,0,0,success,0,True,3,0.02040816326530612,0.058823529411764705,1,49,48,,50,50,0,0,False,1,1,True,False,1,False,0.0,0.48977476358413696,-0.08635853230953217,0.8270314335823059,False,0.46232131123542786,0.21262229979038239,0.8714385628700256,False,0,False,80
move_near,move_near/condition_0022,22,49,True,51,0.3035048980504209,-0.027453452348709106,0.29898083209991455,0.04440712928771973,0.30023862178110955,0,0,success,0,True,3,0.04,0.058823529411764705,2,50,48,,50,50,0,0,True,1,0,True,False,1,False,0.0,0.48977476358413696,-0.08635853230953217,0.8270314335823059,False,0.46232131123542786,0.21262229979038239,0.8714385628700256,False,1,False,80
move_near,move_near/condition_0022,22,50,True,51,0.3035048980504209,-0.027453452348709106,0.29898083209991455,0.04440712928771973,0.30023862178110955,0,0,success,0,True,3,0.058823529411764705,0.058823529411764705,3,51,48,,50,50,0,0,True,3,1,True,False,1,True,1.0,0.48977476358413696,-0.08635853230953217,0.8270314335823059,True,0.46232131123542786,0.21262229979038239,0.8714385628700256,True,2,False,80
move_near,move_near/condition_0023,23,0,True,30,0.24994054115442826,0.18566158413887024,0.16643276810646057,0.01732581853866577,0.24933930721916606,0,0,success,0,True,1,0.0,0.03333333333333333,0,1,29,,29,29,0,0,True,0,0,False,False,1,False,0.0,0.4897749722003937,-0.0863582044839859,0.8270314335823059,False,0.6754365563392639,0.08007456362247467,0.8443572521209717,False,,False,80
move_near,move_near/condition_0023,23,1,True,30,0.24994054115442826,0.18566158413887024,0.16643276810646057,0.01732581853866577,0.24933930721916606,0,0,success,0,True,1,0.0,0.03333333333333333,0,2,29,,29,29,0,0,True,0,0,False,False,1,False,0.0,0.4897749722003937,-0.0863582044839859,0.8270314335823059,False,0.6754365563392639,0.08007456362247467,0.8443572521209717,False,,False,80
move_near,move_near/condition_0023,23,2,True,30,0.24994054115442826,0.18566158413887024,0.16643276810646057,0.01732581853866577,0.24933930721916606,0,0,success,0,True,1,0.0,0.03333333333333333,0,3,29,,29,29,0,0,True,0,0,False,False,1,False,0.0,0.4897749722003937,-0.0863582044839859,0.8270314335823059,False,0.6754365563392639,0.08007456362247467,0.8443572521209717,False,,False,80
move_near,move_near/condition_0023,23,3,True,30,0.24994054115442826,0.18566158413887024,0.16643276810646057,0.01732581853866577,0.24933930721916606,0,0,success,0,True,1,0.0,0.03333333333333333,0,4,29,,29,29,0,0,True,0,0,False,False,1,False,0.0,0.4897749722003937,-0.0863582044839859,0.8270314335823059,False,0.6754365563392639,0.08007456362247467,0.8443572521209717,False,,False,80
move_near,move_near/condition_0023,23,4,True,30,0.24994054115442826,0.18566158413887024,0.16643276810646057,0.01732581853866577,0.24933930721916606,0,0,success,0,True,1,0.0,0.03333333333333333,0,5,29,,29,29,0,0,True,0,0,False,False,1,False,0.0,0.4897749722003937,-0.0863582044839859,0.8270314335823059,False,0.6754365563392639,0.08007456362247467,0.8443572521209717,False,,False,80
move_near,move_near/condition_0023,23,5,True,30,0.24994054115442826,0.18566158413887024,0.16643276810646057,0.01732581853866577,0.24933930721916606,0,0,success,0,True,1,0.0,0.03333333333333333,0,6,29,,29,29,0,0,True,0,0,False,False,1,False,0.0,0.4897749722003937,-0.0863582044839859,0.8270314335823059,False,0.6754365563392639,0.08007456362247467,0.8443572521209717,False,,False,80
move_near,move_near/condition_0023,23,6,True,30,0.24994054115442826,0.18566158413887024,0.16643276810646057,0.01732581853866577,0.24933930721916606,0,0,success,0,True,1,0.0,0.03333333333333333,0,7,29,,29,29,0,0,True,0,0,False,False,1,False,0.0,0.4897749722003937,-0.0863582044839859,0.8270314335823059,False,0.6754365563392639,0.08007456362247467,0.8443572521209717,False,,False,80
move_near,move_near/condition_0023,23,7,True,30,0.24994054115442826,0.18566158413887024,0.16643276810646057,0.01732581853866577,0.24933930721916606,0,0,success,0,True,1,0.0,0.03333333333333333,0,8,29,,29,29,0,0,True,0,0,False,False,1,False,0.0,0.4897749722003937,-0.0863582044839859,0.8270314335823059,False,0.6754365563392639,0.08007456362247467,0.8443572521209717,False,,False,80
move_near,move_near/condition_0023,23,8,True,30,0.24994054115442826,0.18566158413887024,0.16643276810646057,0.01732581853866577,0.24933930721916606,0,0,success,0,True,1,0.0,0.03333333333333333,0,9,29,,29,29,0,0,True,0,0,False,False,1,False,0.0,0.4897749722003937,-0.0863582044839859,0.8270314335823059,False,0.6754365563392639,0.08007456362247467,0.8443572521209717,False,,False,80
move_near,move_near/condition_0023,23,9,True,30,0.24994054115442826,0.18566158413887024,0.16643276810646057,0.01732581853866577,0.24933930721916606,0,0,success,0,True,1,0.0,0.03333333333333333,0,10,29,,29,29,0,0,True,0,0,False,False,1,False,0.0,0.4897749722003937,-0.0863582044839859,0.8270314335823059,False,0.6754365563392639,0.08007456362247467,0.8443572521209717,False,,False,80
move_near,move_near/condition_0023,23,10,True,30,0.24994054115442826,0.18566158413887024,0.16643276810646057,0.01732581853866577,0.24933930721916606,0,0,success,0,True,1,0.0,0.03333333333333333,0,11,29,,29,29,0,0,True,0,0,False,False,1,False,0.0,0.4897749722003937,-0.0863582044839859,0.8270314335823059,False,0.6754365563392639,0.08007456362247467,0.8443572521209717,False,,False,80
move_near,move_near/condition_0023,23,11,True,30,0.24994054115442826,0.18566158413887024,0.16643276810646057,0.01732581853866577,0.24933930721916606,0,0,success,0,True,1,0.0,0.03333333333333333,0,12,29,,29,29,0,0,True,0,0,False,False,1,False,0.0,0.4897749722003937,-0.0863582044839859,0.8270314335823059,False,0.6754365563392639,0.08007456362247467,0.8443572521209717,False,,False,80
move_near,move_near/condition_0023,23,12,True,30,0.24994054115442826,0.18566158413887024,0.16643276810646057,0.01732581853866577,0.24933930721916606,0,0,success,0,True,1,0.0,0.03333333333333333,0,13,29,,29,29,0,0,True,0,0,False,False,1,False,0.0,0.4897749722003937,-0.0863582044839859,0.8270314335823059,False,0.6754365563392639,0.08007456362247467,0.8443572521209717,False,,False,80
move_near,move_near/condition_0023,23,13,True,30,0.24994054115442826,0.18566158413887024,0.16643276810646057,0.01732581853866577,0.24933930721916606,0,0,success,0,True,1,0.0,0.03333333333333333,0,14,29,,29,29,0,0,True,0,0,False,False,1,False,0.0,0.4897749722003937,-0.0863582044839859,0.8270314335823059,False,0.6754365563392639,0.08007456362247467,0.8443572521209717,False,,False,80
move_near,move_near/condition_0023,23,14,True,30,0.24994054115442826,0.18566158413887024,0.16643276810646057,0.01732581853866577,0.24933930721916606,0,0,success,0,True,1,0.0,0.03333333333333333,0,15,29,,29,29,0,0,True,0,0,False,False,1,False,0.0,0.4897749722003937,-0.0863582044839859,0.8270314335823059,False,0.6754365563392639,0.08007456362247467,0.8443572521209717,False,,False,80
move_near,move_near/condition_0023,23,15,True,30,0.24994054115442826,0.18566158413887024,0.16643276810646057,0.01732581853866577,0.24933930721916606,0,0,success,0,True,1,0.0,0.03333333333333333,0,16,29,,29,29,0,0,True,0,0,False,False,1,False,0.0,0.4897749722003937,-0.0863582044839859,0.8270314335823059,False,0.6754365563392639,0.08007456362247467,0.8443572521209717,False,,False,80
move_near,move_near/condition_0023,23,16,True,30,0.24994054115442826,0.18566158413887024,0.16643276810646057,0.01732581853866577,0.24933930721916606,0,0,success,0,True,1,0.0,0.03333333333333333,0,17,29,,29,29,0,0,True,0,0,False,False,1,False,0.0,0.4897749722003937,-0.0863582044839859,0.8270314335823059,False,0.6754365563392639,0.08007456362247467,0.8443572521209717,False,,False,80
move_near,move_near/condition_0023,23,17,True,30,0.24994054115442826,0.18566158413887024,0.16643276810646057,0.01732581853866577,0.24933930721916606,0,0,success,0,True,1,0.0,0.03333333333333333,0,18,29,,29,29,0,0,True,0,0,False,False,1,False,0.0,0.4897749722003937,-0.0863582044839859,0.8270314335823059,False,0.6754365563392639,0.08007456362247467,0.8443572521209717,False,,False,80
move_near,move_near/condition_0023,23,18,True,30,0.24994054115442826,0.18566158413887024,0.16643276810646057,0.01732581853866577,0.24933930721916606,0,0,success,0,True,1,0.0,0.03333333333333333,0,19,29,,29,29,0,0,True,0,0,False,False,1,False,0.0,0.4897749722003937,-0.0863582044839859,0.8270314335823059,False,0.6754365563392639,0.08007456362247467,0.8443572521209717,False,,False,80
move_near,move_near/condition_0023,23,19,True,30,0.24994054115442826,0.18566158413887024,0.16643276810646057,0.01732581853866577,0.24933930721916606,0,0,success,0,True,1,0.0,0.03333333333333333,0,20,29,,29,29,0,0,True,0,0,False,False,1,False,0.0,0.4897749722003937,-0.0863582044839859,0.8270314335823059,False,0.6754365563392639,0.08007456362247467,0.8443572521209717,False,,False,80
move_near,move_near/condition_0023,23,20,True,30,0.24994054115442826,0.18566158413887024,0.16643276810646057,0.01732581853866577,0.24933930721916606,0,0,success,0,True,1,0.0,0.03333333333333333,0,21,29,,29,29,0,0,True,0,0,False,False,1,False,0.0,0.4897749722003937,-0.0863582044839859,0.8270314335823059,False,0.6754365563392639,0.08007456362247467,0.8443572521209717,False,,False,80
move_near,move_near/condition_0023,23,21,True,30,0.24994054115442826,0.18566158413887024,0.16643276810646057,0.01732581853866577,0.24933930721916606,0,0,success,0,True,1,0.0,0.03333333333333333,0,22,29,,29,29,0,0,True,0,0,False,False,1,False,0.0,0.4897749722003937,-0.0863582044839859,0.8270314335823059,False,0.6754365563392639,0.08007456362247467,0.8443572521209717,False,,False,80
move_near,move_near/condition_0023,23,22,True,30,0.24994054115442826,0.18566158413887024,0.16643276810646057,0.01732581853866577,0.24933930721916606,0,0,success,0,True,1,0.0,0.03333333333333333,0,23,29,,29,29,0,0,True,0,0,False,False,1,False,0.0,0.4897749722003937,-0.0863582044839859,0.8270314335823059,False,0.6754365563392639,0.08007456362247467,0.8443572521209717,False,,False,80
move_near,move_near/condition_0023,23,23,True,30,0.24994054115442826,0.18566158413887024,0.16643276810646057,0.01732581853866577,0.24933930721916606,0,0,success,0,True,1,0.0,0.03333333333333333,0,24,29,,29,29,0,0,True,0,0,False,False,1,False,0.0,0.4897749722003937,-0.0863582044839859,0.8270314335823059,False,0.6754365563392639,0.08007456362247467,0.8443572521209717,False,,False,80
move_near,move_near/condition_0023,23,24,True,30,0.24994054115442826,0.18566158413887024,0.16643276810646057,0.01732581853866577,0.24933930721916606,0,0,success,0,True,1,0.0,0.03333333333333333,0,25,29,,29,29,0,0,True,0,0,False,False,1,False,0.0,0.4897749722003937,-0.0863582044839859,0.8270314335823059,False,0.6754365563392639,0.08007456362247467,0.8443572521209717,False,,False,80
move_near,move_near/condition_0023,23,25,True,30,0.24994054115442826,0.18566158413887024,0.16643276810646057,0.01732581853866577,0.24933930721916606,0,0,success,0,True,1,0.0,0.03333333333333333,0,26,29,,29,29,0,0,True,0,0,False,False,1,False,0.0,0.4897749722003937,-0.0863582044839859,0.8270314335823059,False,0.6754365563392639,0.08007456362247467,0.8443572521209717,False,,False,80
move_near,move_near/condition_0023,23,26,True,30,0.24994054115442826,0.18566158413887024,0.16643276810646057,0.01732581853866577,0.24933930721916606,0,0,success,0,True,1,0.0,0.03333333333333333,0,27,29,,29,29,0,0,True,0,0,False,False,1,False,0.0,0.4897749722003937,-0.0863582044839859,0.8270314335823059,False,0.6754365563392639,0.08007456362247467,0.8443572521209717,False,,False,80
move_near,move_near/condition_0023,23,27,True,30,0.24994054115442826,0.18566158413887024,0.16643276810646057,0.01732581853866577,0.24933930721916606,0,0,success,0,True,1,0.0,0.03333333333333333,0,28,29,,29,29,0,0,True,0,0,False,False,1,False,0.0,0.4897749722003937,-0.0863582044839859,0.8270314335823059,False,0.6754365563392639,0.08007456362247467,0.8443572521209717,False,,False,80
move_near,move_near/condition_0023,23,28,True,30,0.24994054115442826,0.18566158413887024,0.16643276810646057,0.01732581853866577,0.24933930721916606,0,0,success,0,True,1,0.0,0.03333333333333333,0,29,29,,29,29,0,0,True,0,0,False,False,1,False,0.0,0.4897749722003937,-0.0863582044839859,0.8270314335823059,False,0.6754365563392639,0.08007456362247467,0.8443572521209717,False,,False,80
move_near,move_near/condition_0023,23,29,True,30,0.24994054115442826,0.18566158413887024,0.16643276810646057,0.01732581853866577,0.24933930721916606,0,0,success,0,True,1,0.03333333333333333,0.03333333333333333,1,30,29,,29,29,0,0,True,3,1,True,False,1,True,1.0,0.4897749722003937,-0.0863582044839859,0.8270314335823059,True,0.6754365563392639,0.08007456362247467,0.8443572521209717,True,0,False,80
move_near,move_near/condition_0024,24,0,False,80,0.3013443033295613,0.025748908519744873,-0.30022308230400085,-0.0033887624740600586,0.3013252485904111,0,1,no_correct_move,0,True,0,0.0,0.0,0,1,,,,,0,0,False,0,0,False,False,0,False,0.0,0.6622912287712097,0.23075182735919952,0.8774229884147644,False,0.6880401372909546,-0.06947125494480133,0.8740342259407043,False,,False,80
move_near,move_near/condition_0024,24,1,False,80,0.3013443033295613,0.025748908519744873,-0.30022308230400085,-0.0033887624740600586,0.3013252485904111,0,1,no_correct_move,0,True,0,0.0,0.0,0,2,,,,,0,0,False,0,0,False,False,0,False,0.0,0.6622912287712097,0.23075182735919952,0.8774229884147644,False,0.6880401372909546,-0.06947125494480133,0.8740342259407043,False,,False,80
move_near,move_near/condition_0024,24,2,False,80,0.3013443033295613,0.025748908519744873,-0.30022308230400085,-0.0033887624740600586,0.3013252485904111,0,1,no_correct_move,0,True,0,0.0,0.0,0,3,,,,,0,0,False,0,0,False,False,0,False,0.0,0.6622912287712097,0.23075182735919952,0.8774229884147644,False,0.6880401372909546,-0.06947125494480133,0.8740342259407043,False,,False,80
move_near,move_near/condition_0024,24,3,False,80,0.3013443033295613,0.025748908519744873,-0.30022308230400085,-0.0033887624740600586,0.3013252485904111,0,1,no_correct_move,0,True,0,0.0,0.0,0,4,,,,,0,0,False,0,0,False,False,0,False,0.0,0.6622912287712097,0.23075182735919952,0.8774229884147644,False,0.6880401372909546,-0.06947125494480133,0.8740342259407043,False,,False,80
move_near,move_near/condition_0024,24,4,False,80,0.3013443033295613,0.025748908519744873,-0.30022308230400085,-0.0033887624740600586,0.3013252485904111,0,1,no_correct_move,0,True,0,0.0,0.0,0,5,,,,,0,0,False,0,0,False,False,0,False,0.0,0.6622912287712097,0.23075182735919952,0.8774229884147644,False,0.6880401372909546,-0.06947125494480133,0.8740342259407043,False,,False,80
move_near,move_near/condition_0024,24,5,False,80,0.3013443033295613,0.025748908519744873,-0.30022308230400085,-0.0033887624740600586,0.3013252485904111,0,1,no_correct_move,0,True,0,0.0,0.0,0,6,,,,,0,0,False,0,0,False,False,0,False,0.0,0.6622912287712097,0.23075182735919952,0.8774229884147644,False,0.6880401372909546,-0.06947125494480133,0.8740342259407043,False,,False,80
move_near,move_near/condition_0024,24,6,False,80,0.3013443033295613,0.025748908519744873,-0.30022308230400085,-0.0033887624740600586,0.3013252485904111,0,1,no_correct_move,0,True,0,0.0,0.0,0,7,,,,,0,0,False,0,0,False,False,0,False,0.0,0.6622912287712097,0.23075182735919952,0.8774229884147644,False,0.6880401372909546,-0.06947125494480133,0.8740342259407043,False,,False,80
move_near,move_near/condition_0024,24,7,False,80,0.3013443033295613,0.025748908519744873,-0.30022308230400085,-0.0033887624740600586,0.3013252485904111,0,1,no_correct_move,0,True,0,0.0,0.0,0,8,,,,,0,0,False,0,0,False,False,0,False,0.0,0.6622912287712097,0.23075182735919952,0.8774229884147644,False,0.6880401372909546,-0.06947125494480133,0.8740342259407043,False,,False,80
move_near,move_near/condition_0024,24,8,False,80,0.3013443033295613,0.025748908519744873,-0.30022308230400085,-0.0033887624740600586,0.3013252485904111,0,1,no_correct_move,0,True,0,0.0,0.0,0,9,,,,,0,0,False,0,0,False,False,0,False,0.0,0.6622912287712097,0.23075182735919952,0.8774229884147644,False,0.6880401372909546,-0.06947125494480133,0.8740342259407043,False,,False,80
move_near,move_near/condition_0024,24,9,False,80,0.3013443033295613,0.025748908519744873,-0.30022308230400085,-0.0033887624740600586,0.3013252485904111,0,1,no_correct_move,0,True,0,0.0,0.0,0,10,,,,,0,0,False,0,0,False,False,0,False,0.0,0.6622912287712097,0.23075182735919952,0.8774229884147644,False,0.6880401372909546,-0.06947125494480133,0.8740342259407043,False,,False,80
move_near,move_near/condition_0024,24,10,False,80,0.3013443033295613,0.025748908519744873,-0.30022308230400085,-0.0033887624740600586,0.3013252485904111,0,1,no_correct_move,0,True,0,0.0,0.0,0,11,,,,,0,0,False,0,0,False,False,0,False,0.0,0.6622912287712097,0.23075182735919952,0.8774229884147644,False,0.6880401372909546,-0.06947125494480133,0.8740342259407043,False,,False,80
move_near,move_near/condition_0024,24,11,False,80,0.3013443033295613,0.025748908519744873,-0.30022308230400085,-0.0033887624740600586,0.3013252485904111,0,1,no_correct_move,0,True,0,0.0,0.0,0,12,,,,,0,0,False,0,0,False,False,0,False,0.0,0.6622912287712097,0.23075182735919952,0.8774229884147644,False,0.6880401372909546,-0.06947125494480133,0.8740342259407043,False,,False,80
move_near,move_near/condition_0024,24,12,False,80,0.3013443033295613,0.025748908519744873,-0.30022308230400085,-0.0033887624740600586,0.3013252485904111,0,1,no_correct_move,0,True,0,0.0,0.0,0,13,,,,,0,0,False,0,0,False,False,0,False,0.0,0.6622912287712097,0.23075182735919952,0.8774229884147644,False,0.6880401372909546,-0.06947125494480133,0.8740342259407043,False,,False,80
move_near,move_near/condition_0024,24,13,False,80,0.3013443033295613,0.025748908519744873,-0.30022308230400085,-0.0033887624740600586,0.3013252485904111,0,1,no_correct_move,0,True,0,0.0,0.0,0,14,,,,,0,0,False,0,0,False,False,0,False,0.0,0.6622912287712097,0.23075182735919952,0.8774229884147644,False,0.6880401372909546,-0.06947125494480133,0.8740342259407043,False,,False,80
move_near,move_near/condition_0024,24,14,False,80,0.3013443033295613,0.025748908519744873,-0.30022308230400085,-0.0033887624740600586,0.3013252485904111,0,1,no_correct_move,0,True,0,0.0,0.0,0,15,,,,,0,0,False,0,0,False,False,0,False,0.0,0.6622912287712097,0.23075182735919952,0.8774229884147644,False,0.6880401372909546,-0.06947125494480133,0.8740342259407043,False,,False,80
move_near,move_near/condition_0024,24,15,False,80,0.3013443033295613,0.025748908519744873,-0.30022308230400085,-0.0033887624740600586,0.3013252485904111,0,1,no_correct_move,0,True,0,0.0,0.0,0,16,,,,,0,0,False,0,0,False,False,0,False,0.0,0.6622912287712097,0.23075182735919952,0.8774229884147644,False,0.6880401372909546,-0.06947125494480133,0.8740342259407043,False,,False,80
move_near,move_near/condition_0024,24,16,False,80,0.3013443033295613,0.025748908519744873,-0.30022308230400085,-0.0033887624740600586,0.3013252485904111,0,1,no_correct_move,0,True,0,0.0,0.0,0,17,,,,,0,0,False,0,0,False,False,0,False,0.0,0.6622912287712097,0.23075182735919952,0.8774229884147644,False,0.6880401372909546,-0.06947125494480133,0.8740342259407043,False,,False,80
move_near,move_near/condition_0024,24,17,False,80,0.3013443033295613,0.025748908519744873,-0.30022308230400085,-0.0033887624740600586,0.3013252485904111,0,1,no_correct_move,0,True,0,0.0,0.0,0,18,,,,,0,0,False,0,0,False,False,0,False,0.0,0.6622912287712097,0.23075182735919952,0.8774229884147644,False,0.6880401372909546,-0.06947125494480133,0.8740342259407043,False,,False,80
move_near,move_near/condition_0024,24,18,False,80,0.3013443033295613,0.025748908519744873,-0.30022308230400085,-0.0033887624740600586,0.3013252485904111,0,1,no_correct_move,0,True,0,0.0,0.0,0,19,,,,,0,0,False,0,0,False,False,0,False,0.0,0.6622912287712097,0.23075182735919952,0.8774229884147644,False,0.6880401372909546,-0.06947125494480133,0.8740342259407043,False,,False,80
move_near,move_near/condition_0024,24,19,False,80,0.3013443033295613,0.025748908519744873,-0.30022308230400085,-0.0033887624740600586,0.3013252485904111,0,1,no_correct_move,0,True,0,0.0,0.0,0,20,,,,,0,0,False,0,0,False,False,0,False,0.0,0.6622912287712097,0.23075182735919952,0.8774229884147644,False,0.6880401372909546,-0.06947125494480133,0.8740342259407043,False,,False,80
move_near,move_near/condition_0024,24,20,False,80,0.3013443033295613,0.025748908519744873,-0.30022308230400085,-0.0033887624740600586,0.3013252485904111,0,1,no_correct_move,0,True,0,0.0,0.0,0,21,,,,,0,0,False,0,0,False,False,0,False,0.0,0.6622912287712097,0.23075182735919952,0.8774229884147644,False,0.6880401372909546,-0.06947125494480133,0.8740342259407043,False,,False,80
move_near,move_near/condition_0024,24,21,False,80,0.3013443033295613,0.025748908519744873,-0.30022308230400085,-0.0033887624740600586,0.3013252485904111,0,1,no_correct_move,0,True,0,0.0,0.0,0,22,,,,,0,0,False,0,0,False,False,0,False,0.0,0.6622912287712097,0.23075182735919952,0.8774229884147644,False,0.6880401372909546,-0.06947125494480133,0.8740342259407043,False,,False,80
move_near,move_near/condition_0024,24,22,False,80,0.3013443033295613,0.025748908519744873,-0.30022308230400085,-0.0033887624740600586,0.3013252485904111,0,1,no_correct_move,0,True,0,0.0,0.0,0,23,,,,,0,0,False,0,0,False,False,0,False,0.0,0.6622912287712097,0.23075182735919952,0.8774229884147644,False,0.6880401372909546,-0.06947125494480133,0.8740342259407043,False,,False,80
move_near,move_near/condition_0024,24,23,False,80,0.3013443033295613,0.025748908519744873,-0.30022308230400085,-0.0033887624740600586,0.3013252485904111,0,1,no_correct_move,0,True,0,0.0,0.0,0,24,,,,,0,0,False,0,0,False,False,0,False,0.0,0.6622912287712097,0.23075182735919952,0.8774229884147644,False,0.6880401372909546,-0.06947125494480133,0.8740342259407043,False,,False,80
move_near,move_near/condition_0024,24,24,False,80,0.3013443033295613,0.025748908519744873,-0.30022308230400085,-0.0033887624740600586,0.3013252485904111,0,1,no_correct_move,0,True,0,0.0,0.0,0,25,,,,,0,0,False,0,0,False,False,0,False,0.0,0.6622912287712097,0.23075182735919952,0.8774229884147644,False,0.6880401372909546,-0.06947125494480133,0.8740342259407043,False,,False,80
move_near,move_near/condition_0024,24,25,False,80,0.3013443033295613,0.025748908519744873,-0.30022308230400085,-0.0033887624740600586,0.3013252485904111,0,1,no_correct_move,0,True,0,0.0,0.0,0,26,,,,,0,0,False,0,0,False,False,0,False,0.0,0.6622912287712097,0.23075182735919952,0.8774229884147644,False,0.6880401372909546,-0.06947125494480133,0.8740342259407043,False,,False,80
move_near,move_near/condition_0024,24,26,False,80,0.3013443033295613,0.025748908519744873,-0.30022308230400085,-0.0033887624740600586,0.3013252485904111,0,1,no_correct_move,0,True,0,0.0,0.0,0,27,,,,,0,0,False,0,0,False,False,0,False,0.0,0.6622912287712097,0.23075182735919952,0.8774229884147644,False,0.6880401372909546,-0.06947125494480133,0.8740342259407043,False,,False,80
move_near,move_near/condition_0024,24,27,False,80,0.3013443033295613,0.025748908519744873,-0.30022308230400085,-0.0033887624740600586,0.3013252485904111,0,1,no_correct_move,0,True,0,0.0,0.0,0,28,,,,,0,0,False,0,0,False,False,0,False,0.0,0.6622912287712097,0.23075182735919952,0.8774229884147644,False,0.6880401372909546,-0.06947125494480133,0.8740342259407043,False,,False,80
move_near,move_near/condition_0024,24,28,False,80,0.3013443033295613,0.025748908519744873,-0.30022308230400085,-0.0033887624740600586,0.3013252485904111,0,1,no_correct_move,0,True,0,0.0,0.0,0,29,,,,,0,0,False,0,0,False,False,0,False,0.0,0.6622912287712097,0.23075182735919952,0.8774229884147644,False,0.6880401372909546,-0.06947125494480133,0.8740342259407043,False,,False,80
move_near,move_near/condition_0024,24,29,False,80,0.3013443033295613,0.025748908519744873,-0.30022308230400085,-0.0033887624740600586,0.3013252485904111,0,1,no_correct_move,0,True,0,0.0,0.0,0,30,,,,,0,0,False,0,0,False,False,0,False,0.0,0.6622912287712097,0.23075182735919952,0.8774229884147644,False,0.6880401372909546,-0.06947125494480133,0.8740342259407043,False,,False,80
move_near,move_near/condition_0024,24,30,False,80,0.3013443033295613,0.025748908519744873,-0.30022308230400085,-0.0033887624740600586,0.3013252485904111,0,1,no_correct_move,0,True,0,0.0,0.0,0,31,,,,,0,0,False,0,0,False,False,0,False,0.0,0.6622912287712097,0.23075182735919952,0.8774229884147644,False,0.6880401372909546,-0.06947125494480133,0.8740342259407043,False,,False,80
move_near,move_near/condition_0024,24,31,False,80,0.3013443033295613,0.025748908519744873,-0.30022308230400085,-0.0033887624740600586,0.3013252485904111,0,1,no_correct_move,0,True,0,0.0,0.0,0,32,,,,,0,0,False,0,0,False,False,0,False,0.0,0.6622912287712097,0.23075182735919952,0.8774229884147644,False,0.6880401372909546,-0.06947125494480133,0.8740342259407043,False,,False,80
move_near,move_near/condition_0024,24,32,False,80,0.3013443033295613,0.025748908519744873,-0.30022308230400085,-0.0033887624740600586,0.3013252485904111,0,1,no_correct_move,0,True,0,0.0,0.0,0,33,,,,,0,0,False,0,0,False,False,0,False,0.0,0.6622912287712097,0.23075182735919952,0.8774229884147644,False,0.6880401372909546,-0.06947125494480133,0.8740342259407043,False,,False,80
move_near,move_near/condition_0024,24,33,False,80,0.3013443033295613,0.025748908519744873,-0.30022308230400085,-0.0033887624740600586,0.3013252485904111,0,1,no_correct_move,0,True,0,0.0,0.0,0,34,,,,,0,0,False,0,0,False,False,0,False,0.0,0.6622912287712097,0.23075182735919952,0.8774229884147644,False,0.6880401372909546,-0.06947125494480133,0.8740342259407043,False,,False,80
move_near,move_near/condition_0024,24,34,False,80,0.3013443033295613,0.025748908519744873,-0.30022308230400085,-0.0033887624740600586,0.3013252485904111,0,1,no_correct_move,0,True,0,0.0,0.0,0,35,,,,,0,0,False,0,0,False,False,0,False,0.0,0.6622912287712097,0.23075182735919952,0.8774229884147644,False,0.6880401372909546,-0.06947125494480133,0.8740342259407043,False,,False,80
move_near,move_near/condition_0024,24,35,False,80,0.3013443033295613,0.025748908519744873,-0.30022308230400085,-0.0033887624740600586,0.3013252485904111,0,1,no_correct_move,0,True,0,0.0,0.0,0,36,,,,,0,0,False,0,0,False,False,0,False,0.0,0.6622912287712097,0.23075182735919952,0.8774229884147644,False,0.6880401372909546,-0.06947125494480133,0.8740342259407043,False,,False,80
move_near,move_near/condition_0024,24,36,False,80,0.3013443033295613,0.025748908519744873,-0.30022308230400085,-0.0033887624740600586,0.3013252485904111,0,1,no_correct_move,0,True,0,0.0,0.0,0,37,,,,,0,0,False,0,0,False,False,0,False,0.0,0.6622912287712097,0.23075182735919952,0.8774229884147644,False,0.6880401372909546,-0.06947125494480133,0.8740342259407043,False,,False,80
move_near,move_near/condition_0024,24,37,False,80,0.3013443033295613,0.025748908519744873,-0.30022308230400085,-0.0033887624740600586,0.3013252485904111,0,1,no_correct_move,0,True,0,0.0,0.0,0,38,,,,,0,0,False,0,0,False,False,0,False,0.0,0.6622912287712097,0.23075182735919952,0.8774229884147644,False,0.6880401372909546,-0.06947125494480133,0.8740342259407043,False,,False,80
move_near,move_near/condition_0024,24,38,False,80,0.3013443033295613,0.025748908519744873,-0.30022308230400085,-0.0033887624740600586,0.3013252485904111,0,1,no_correct_move,0,True,0,0.0,0.0,0,39,,,,,0,0,False,0,0,False,False,0,False,0.0,0.6622912287712097,0.23075182735919952,0.8774229884147644,False,0.6880401372909546,-0.06947125494480133,0.8740342259407043,False,,False,80
move_near,move_near/condition_0024,24,39,False,80,0.3013443033295613,0.025748908519744873,-0.30022308230400085,-0.0033887624740600586,0.3013252485904111,0,1,no_correct_move,0,True,0,0.0,0.0,0,40,,,,,0,0,False,0,0,False,False,0,False,0.0,0.6622912287712097,0.23075182735919952,0.8774229884147644,False,0.6880401372909546,-0.06947125494480133,0.8740342259407043,False,,False,80
move_near,move_near/condition_0024,24,40,False,80,0.3013443033295613,0.025748908519744873,-0.30022308230400085,-0.0033887624740600586,0.3013252485904111,0,1,no_correct_move,0,True,0,0.0,0.0,0,41,,,,,0,0,False,0,0,False,False,0,False,0.0,0.6622912287712097,0.23075182735919952,0.8774229884147644,False,0.6880401372909546,-0.06947125494480133,0.8740342259407043,False,,False,80
move_near,move_near/condition_0024,24,41,False,80,0.3013443033295613,0.025748908519744873,-0.30022308230400085,-0.0033887624740600586,0.3013252485904111,0,1,no_correct_move,0,True,0,0.0,0.0,0,42,,,,,0,0,False,0,0,False,False,0,False,0.0,0.6622912287712097,0.23075182735919952,0.8774229884147644,False,0.6880401372909546,-0.06947125494480133,0.8740342259407043,False,,False,80
move_near,move_near/condition_0024,24,42,False,80,0.3013443033295613,0.025748908519744873,-0.30022308230400085,-0.0033887624740600586,0.3013252485904111,0,1,no_correct_move,0,True,0,0.0,0.0,0,43,,,,,0,0,False,0,0,False,False,0,False,0.0,0.6622912287712097,0.23075182735919952,0.8774229884147644,False,0.6880401372909546,-0.06947125494480133,0.8740342259407043,False,,False,80
move_near,move_near/condition_0024,24,43,False,80,0.3013443033295613,0.025748908519744873,-0.30022308230400085,-0.0033887624740600586,0.3013252485904111,0,1,no_correct_move,0,True,0,0.0,0.0,0,44,,,,,0,0,False,0,0,False,False,0,False,0.0,0.6622912287712097,0.23075182735919952,0.8774229884147644,False,0.6880401372909546,-0.06947125494480133,0.8740342259407043,False,,False,80
move_near,move_near/condition_0024,24,44,False,80,0.3013443033295613,0.025748908519744873,-0.30022308230400085,-0.0033887624740600586,0.3013252485904111,0,1,no_correct_move,0,True,0,0.0,0.0,0,45,,,,,0,0,False,0,0,False,False,0,False,0.0,0.6622912287712097,0.23075182735919952,0.8774229884147644,False,0.6880401372909546,-0.06947125494480133,0.8740342259407043,False,,False,80
move_near,move_near/condition_0024,24,45,False,80,0.3013443033295613,0.025748908519744873,-0.30022308230400085,-0.0033887624740600586,0.3013252485904111,0,1,no_correct_move,0,True,0,0.0,0.0,0,46,,,,,0,0,False,0,0,False,False,0,False,0.0,0.6622912287712097,0.23075182735919952,0.8774229884147644,False,0.6880401372909546,-0.06947125494480133,0.8740342259407043,False,,False,80
move_near,move_near/condition_0024,24,46,False,80,0.3013443033295613,0.025748908519744873,-0.30022308230400085,-0.0033887624740600586,0.3013252485904111,0,1,no_correct_move,0,True,0,0.0,0.0,0,47,,,,,0,0,False,0,0,False,False,0,False,0.0,0.6622912287712097,0.23075182735919952,0.8774229884147644,False,0.6880401372909546,-0.06947125494480133,0.8740342259407043,False,,False,80
move_near,move_near/condition_0024,24,47,False,80,0.3013443033295613,0.025748908519744873,-0.30022308230400085,-0.0033887624740600586,0.3013252485904111,0,1,no_correct_move,0,True,0,0.0,0.0,0,48,,,,,0,0,False,0,0,False,False,0,False,0.0,0.6622912287712097,0.23075182735919952,0.8774229884147644,False,0.6880401372909546,-0.06947125494480133,0.8740342259407043,False,,False,80
move_near,move_near/condition_0024,24,48,False,80,0.3013443033295613,0.025748908519744873,-0.30022308230400085,-0.0033887624740600586,0.3013252485904111,0,1,no_correct_move,0,True,0,0.0,0.0,0,49,,,,,0,0,False,0,0,False,False,0,False,0.0,0.6622912287712097,0.23075182735919952,0.8774229884147644,False,0.6880401372909546,-0.06947125494480133,0.8740342259407043,False,,False,80
move_near,move_near/condition_0024,24,49,False,80,0.3013443033295613,0.025748908519744873,-0.30022308230400085,-0.0033887624740600586,0.3013252485904111,0,1,no_correct_move,0,True,0,0.0,0.0,0,50,,,,,0,0,False,0,0,False,False,0,False,0.0,0.6622912287712097,0.23075182735919952,0.8774229884147644,False,0.6880401372909546,-0.06947125494480133,0.8740342259407043,False,,False,80
move_near,move_near/condition_0024,24,50,False,80,0.3013443033295613,0.025748908519744873,-0.30022308230400085,-0.0033887624740600586,0.3013252485904111,0,1,no_correct_move,0,True,0,0.0,0.0,0,51,,,,,0,0,False,0,0,False,False,0,False,0.0,0.6622912287712097,0.23075182735919952,0.8774229884147644,False,0.6880401372909546,-0.06947125494480133,0.8740342259407043,False,,False,80
move_near,move_near/condition_0024,24,51,False,80,0.3013443033295613,0.025748908519744873,-0.30022308230400085,-0.0033887624740600586,0.3013252485904111,0,1,no_correct_move,0,True,0,0.0,0.0,0,52,,,,,0,0,False,0,0,False,False,0,False,0.0,0.6622912287712097,0.23075182735919952,0.8774229884147644,False,0.6880401372909546,-0.06947125494480133,0.8740342259407043,False,,False,80
move_near,move_near/condition_0024,24,52,False,80,0.3013443033295613,0.025748908519744873,-0.30022308230400085,-0.0033887624740600586,0.3013252485904111,0,1,no_correct_move,0,True,0,0.0,0.0,0,53,,,,,0,0,False,0,0,False,False,0,False,0.0,0.6622912287712097,0.23075182735919952,0.8774229884147644,False,0.6880401372909546,-0.06947125494480133,0.8740342259407043,False,,False,80
move_near,move_near/condition_0024,24,53,False,80,0.3013443033295613,0.025748908519744873,-0.30022308230400085,-0.0033887624740600586,0.3013252485904111,0,1,no_correct_move,0,True,0,0.0,0.0,0,54,,,,,0,0,False,0,0,False,False,0,False,0.0,0.6622912287712097,0.23075182735919952,0.8774229884147644,False,0.6880401372909546,-0.06947125494480133,0.8740342259407043,False,,False,80
move_near,move_near/condition_0024,24,54,False,80,0.3013443033295613,0.025748908519744873,-0.30022308230400085,-0.0033887624740600586,0.3013252485904111,0,1,no_correct_move,0,True,0,0.0,0.0,0,55,,,,,0,0,False,0,0,False,False,0,False,0.0,0.6622912287712097,0.23075182735919952,0.8774229884147644,False,0.6880401372909546,-0.06947125494480133,0.8740342259407043,False,,False,80
move_near,move_near/condition_0024,24,55,False,80,0.3013443033295613,0.025748908519744873,-0.30022308230400085,-0.0033887624740600586,0.3013252485904111,0,1,no_correct_move,0,True,0,0.0,0.0,0,56,,,,,0,0,False,0,0,False,False,0,False,0.0,0.6622912287712097,0.23075182735919952,0.8774229884147644,False,0.6880401372909546,-0.06947125494480133,0.8740342259407043,False,,False,80
move_near,move_near/condition_0024,24,56,False,80,0.3013443033295613,0.025748908519744873,-0.30022308230400085,-0.0033887624740600586,0.3013252485904111,0,1,no_correct_move,0,True,0,0.0,0.0,0,57,,,,,0,0,False,0,0,False,False,0,False,0.0,0.6622912287712097,0.23075182735919952,0.8774229884147644,False,0.6880401372909546,-0.06947125494480133,0.8740342259407043,False,,False,80
move_near,move_near/condition_0024,24,57,False,80,0.3013443033295613,0.025748908519744873,-0.30022308230400085,-0.0033887624740600586,0.3013252485904111,0,1,no_correct_move,0,True,0,0.0,0.0,0,58,,,,,0,0,False,0,0,False,False,0,False,0.0,0.6622912287712097,0.23075182735919952,0.8774229884147644,False,0.6880401372909546,-0.06947125494480133,0.8740342259407043,False,,False,80
move_near,move_near/condition_0024,24,58,False,80,0.3013443033295613,0.025748908519744873,-0.30022308230400085,-0.0033887624740600586,0.3013252485904111,0,1,no_correct_move,0,True,0,0.0,0.0,0,59,,,,,0,0,False,0,0,False,False,0,False,0.0,0.6622912287712097,0.23075182735919952,0.8774229884147644,False,0.6880401372909546,-0.06947125494480133,0.8740342259407043,False,,False,80
move_near,move_near/condition_0024,24,59,False,80,0.3013443033295613,0.025748908519744873,-0.30022308230400085,-0.0033887624740600586,0.3013252485904111,0,1,no_correct_move,0,True,0,0.0,0.0,0,60,,,,,0,0,False,0,0,False,False,0,False,0.0,0.6622912287712097,0.23075182735919952,0.8774229884147644,False,0.6880401372909546,-0.06947125494480133,0.8740342259407043,False,,False,80
move_near,move_near/condition_0024,24,60,False,80,0.3013443033295613,0.025748908519744873,-0.30022308230400085,-0.0033887624740600586,0.3013252485904111,0,1,no_correct_move,0,True,0,0.0,0.0,0,61,,,,,0,0,False,0,0,False,False,0,False,0.0,0.6622912287712097,0.23075182735919952,0.8774229884147644,False,0.6880401372909546,-0.06947125494480133,0.8740342259407043,False,,False,80
move_near,move_near/condition_0024,24,61,False,80,0.3013443033295613,0.025748908519744873,-0.30022308230400085,-0.0033887624740600586,0.3013252485904111,0,1,no_correct_move,0,True,0,0.0,0.0,0,62,,,,,0,0,False,0,0,False,False,0,False,0.0,0.6622912287712097,0.23075182735919952,0.8774229884147644,False,0.6880401372909546,-0.06947125494480133,0.8740342259407043,False,,False,80
move_near,move_near/condition_0024,24,62,False,80,0.3013443033295613,0.025748908519744873,-0.30022308230400085,-0.0033887624740600586,0.3013252485904111,0,1,no_correct_move,0,True,0,0.0,0.0,0,63,,,,,0,0,False,0,0,False,False,0,False,0.0,0.6622912287712097,0.23075182735919952,0.8774229884147644,False,0.6880401372909546,-0.06947125494480133,0.8740342259407043,False,,False,80
move_near,move_near/condition_0024,24,63,False,80,0.3013443033295613,0.025748908519744873,-0.30022308230400085,-0.0033887624740600586,0.3013252485904111,0,1,no_correct_move,0,True,0,0.0,0.0,0,64,,,,,0,0,False,0,0,False,False,0,False,0.0,0.6622912287712097,0.23075182735919952,0.8774229884147644,False,0.6880401372909546,-0.06947125494480133,0.8740342259407043,False,,False,80
move_near,move_near/condition_0024,24,64,False,80,0.3013443033295613,0.025748908519744873,-0.30022308230400085,-0.0033887624740600586,0.3013252485904111,0,1,no_correct_move,0,True,0,0.0,0.0,0,65,,,,,0,0,False,0,0,False,False,0,False,0.0,0.6622912287712097,0.23075182735919952,0.8774229884147644,False,0.6880401372909546,-0.06947125494480133,0.8740342259407043,False,,False,80
move_near,move_near/condition_0024,24,65,False,80,0.3013443033295613,0.025748908519744873,-0.30022308230400085,-0.0033887624740600586,0.3013252485904111,0,1,no_correct_move,0,True,0,0.0,0.0,0,66,,,,,0,0,False,0,0,False,False,0,False,0.0,0.6622912287712097,0.23075182735919952,0.8774229884147644,False,0.6880401372909546,-0.06947125494480133,0.8740342259407043,False,,False,80
move_near,move_near/condition_0024,24,66,False,80,0.3013443033295613,0.025748908519744873,-0.30022308230400085,-0.0033887624740600586,0.3013252485904111,0,1,no_correct_move,0,True,0,0.0,0.0,0,67,,,,,0,0,False,0,0,False,False,0,False,0.0,0.6622912287712097,0.23075182735919952,0.8774229884147644,False,0.6880401372909546,-0.06947125494480133,0.8740342259407043,False,,False,80
move_near,move_near/condition_0024,24,67,False,80,0.3013443033295613,0.025748908519744873,-0.30022308230400085,-0.0033887624740600586,0.3013252485904111,0,1,no_correct_move,0,True,0,0.0,0.0,0,68,,,,,0,0,False,0,0,False,False,0,False,0.0,0.6622912287712097,0.23075182735919952,0.8774229884147644,False,0.6880401372909546,-0.06947125494480133,0.8740342259407043,False,,False,80
move_near,move_near/condition_0024,24,68,False,80,0.3013443033295613,0.025748908519744873,-0.30022308230400085,-0.0033887624740600586,0.3013252485904111,0,1,no_correct_move,0,True,0,0.0,0.0,0,69,,,,,0,0,False,0,0,False,False,0,False,0.0,0.6622912287712097,0.23075182735919952,0.8774229884147644,False,0.6880401372909546,-0.06947125494480133,0.8740342259407043,False,,False,80
move_near,move_near/condition_0024,24,69,False,80,0.3013443033295613,0.025748908519744873,-0.30022308230400085,-0.0033887624740600586,0.3013252485904111,0,1,no_correct_move,0,True,0,0.0,0.0,0,70,,,,,0,0,False,0,0,False,False,0,False,0.0,0.6622912287712097,0.23075182735919952,0.8774229884147644,False,0.6880401372909546,-0.06947125494480133,0.8740342259407043,False,,False,80
move_near,move_near/condition_0024,24,70,False,80,0.3013443033295613,0.025748908519744873,-0.30022308230400085,-0.0033887624740600586,0.3013252485904111,0,1,no_correct_move,0,True,0,0.0,0.0,0,71,,,,,0,0,False,0,0,False,False,0,False,0.0,0.6622912287712097,0.23075182735919952,0.8774229884147644,False,0.6880401372909546,-0.06947125494480133,0.8740342259407043,False,,False,80
move_near,move_near/condition_0024,24,71,False,80,0.3013443033295613,0.025748908519744873,-0.30022308230400085,-0.0033887624740600586,0.3013252485904111,0,1,no_correct_move,0,True,0,0.0,0.0,0,72,,,,,0,0,False,0,0,False,False,0,False,0.0,0.6622912287712097,0.23075182735919952,0.8774229884147644,False,0.6880401372909546,-0.06947125494480133,0.8740342259407043,False,,False,80
move_near,move_near/condition_0024,24,72,False,80,0.3013443033295613,0.025748908519744873,-0.30022308230400085,-0.0033887624740600586,0.3013252485904111,0,1,no_correct_move,0,True,0,0.0,0.0,0,73,,,,,0,0,False,0,0,False,False,0,False,0.0,0.6622912287712097,0.23075182735919952,0.8774229884147644,False,0.6880401372909546,-0.06947125494480133,0.8740342259407043,False,,False,80
move_near,move_near/condition_0024,24,73,False,80,0.3013443033295613,0.025748908519744873,-0.30022308230400085,-0.0033887624740600586,0.3013252485904111,0,1,no_correct_move,0,True,0,0.0,0.0,0,74,,,,,0,0,False,0,0,False,False,0,False,0.0,0.6622912287712097,0.23075182735919952,0.8774229884147644,False,0.6880401372909546,-0.06947125494480133,0.8740342259407043,False,,False,80
move_near,move_near/condition_0024,24,74,False,80,0.3013443033295613,0.025748908519744873,-0.30022308230400085,-0.0033887624740600586,0.3013252485904111,0,1,no_correct_move,0,True,0,0.0,0.0,0,75,,,,,0,0,False,0,0,False,False,0,False,0.0,0.6622912287712097,0.23075182735919952,0.8774229884147644,False,0.6880401372909546,-0.06947125494480133,0.8740342259407043,False,,False,80
move_near,move_near/condition_0024,24,75,False,80,0.3013443033295613,0.025748908519744873,-0.30022308230400085,-0.0033887624740600586,0.3013252485904111,0,1,no_correct_move,0,True,0,0.0,0.0,0,76,,,,,0,0,False,0,0,False,False,0,False,0.0,0.6622912287712097,0.23075182735919952,0.8774229884147644,False,0.6880401372909546,-0.06947125494480133,0.8740342259407043,False,,False,80
move_near,move_near/condition_0024,24,76,False,80,0.3013443033295613,0.025748908519744873,-0.30022308230400085,-0.0033887624740600586,0.3013252485904111,0,1,no_correct_move,0,True,0,0.0,0.0,0,77,,,,,0,0,False,0,0,False,False,0,False,0.0,0.6622912287712097,0.23075182735919952,0.8774229884147644,False,0.6880401372909546,-0.06947125494480133,0.8740342259407043,False,,False,80
move_near,move_near/condition_0024,24,77,False,80,0.3013443033295613,0.025748908519744873,-0.30022308230400085,-0.0033887624740600586,0.3013252485904111,0,1,no_correct_move,0,True,0,0.0,0.0,0,78,,,,,0,0,False,0,0,False,False,0,False,0.0,0.6622912287712097,0.23075182735919952,0.8774229884147644,False,0.6880401372909546,-0.06947125494480133,0.8740342259407043,False,,False,80
move_near,move_near/condition_0024,24,78,False,80,0.3013443033295613,0.025748908519744873,-0.30022308230400085,-0.0033887624740600586,0.3013252485904111,0,1,no_correct_move,0,True,0,0.0,0.0,0,79,,,,,0,0,False,0,0,False,False,0,False,0.0,0.6622912287712097,0.23075182735919952,0.8774229884147644,False,0.6880401372909546,-0.06947125494480133,0.8740342259407043,False,,False,80
move_near,move_near/condition_0024,24,79,False,80,0.3013443033295613,0.025748908519744873,-0.30022308230400085,-0.0033887624740600586,0.3013252485904111,0,1,no_correct_move,0,True,0,0.0,0.0,0,80,,,,,0,0,False,0,0,False,False,0,False,0.0,0.6622912287712097,0.23075182735919952,0.8774229884147644,False,0.6880401372909546,-0.06947125494480133,0.8740342259407043,False,,True,80
move_near,move_near/condition_0025,25,0,False,80,0.2533506674341934,-0.18618068099021912,-0.16861194372177124,-0.03306549787521362,0.25118366495378536,0,0,transport_not_completed,1,True,43,0.0,0.5375,0,1,37,,,,0,0,True,0,0,False,False,0,False,0.0,0.6622912287712097,0.23075182735919952,0.8774229884147644,False,0.4761105477809906,0.062139883637428284,0.8443574905395508,False,,False,80
move_near,move_near/condition_0025,25,1,False,80,0.2533506674341934,-0.18618068099021912,-0.16861194372177124,-0.03306549787521362,0.25118366495378536,0,0,transport_not_completed,1,True,43,0.0,0.5375,0,2,37,,,,0,0,True,0,0,False,False,0,False,0.0,0.6622912287712097,0.23075182735919952,0.8774229884147644,False,0.4761105477809906,0.062139883637428284,0.8443574905395508,False,,False,80
move_near,move_near/condition_0025,25,2,False,80,0.2533506674341934,-0.18618068099021912,-0.16861194372177124,-0.03306549787521362,0.25118366495378536,0,0,transport_not_completed,1,True,43,0.0,0.5375,0,3,37,,,,0,0,True,0,0,False,False,0,False,0.0,0.6622912287712097,0.23075182735919952,0.8774229884147644,False,0.4761105477809906,0.062139883637428284,0.8443574905395508,False,,False,80
move_near,move_near/condition_0025,25,3,False,80,0.2533506674341934,-0.18618068099021912,-0.16861194372177124,-0.03306549787521362,0.25118366495378536,0,0,transport_not_completed,1,True,43,0.0,0.5375,0,4,37,,,,0,0,True,0,0,False,False,0,False,0.0,0.6622912287712097,0.23075182735919952,0.8774229884147644,False,0.4761105477809906,0.062139883637428284,0.8443574905395508,False,,False,80
move_near,move_near/condition_0025,25,4,False,80,0.2533506674341934,-0.18618068099021912,-0.16861194372177124,-0.03306549787521362,0.25118366495378536,0,0,transport_not_completed,1,True,43,0.0,0.5375,0,5,37,,,,0,0,True,0,0,False,False,0,False,0.0,0.6622912287712097,0.23075182735919952,0.8774229884147644,False,0.4761105477809906,0.062139883637428284,0.8443574905395508,False,,False,80
move_near,move_near/condition_0025,25,5,False,80,0.2533506674341934,-0.18618068099021912,-0.16861194372177124,-0.03306549787521362,0.25118366495378536,0,0,transport_not_completed,1,True,43,0.0,0.5375,0,6,37,,,,0,0,True,0,0,False,False,0,False,0.0,0.6622912287712097,0.23075182735919952,0.8774229884147644,False,0.4761105477809906,0.062139883637428284,0.8443574905395508,False,,False,80
move_near,move_near/condition_0025,25,6,False,80,0.2533506674341934,-0.18618068099021912,-0.16861194372177124,-0.03306549787521362,0.25118366495378536,0,0,transport_not_completed,1,True,43,0.0,0.5375,0,7,37,,,,0,0,True,0,0,False,False,0,False,0.0,0.6622912287712097,0.23075182735919952,0.8774229884147644,False,0.4761105477809906,0.062139883637428284,0.8443574905395508,False,,False,80
move_near,move_near/condition_0025,25,7,False,80,0.2533506674341934,-0.18618068099021912,-0.16861194372177124,-0.03306549787521362,0.25118366495378536,0,0,transport_not_completed,1,True,43,0.0,0.5375,0,8,37,,,,0,0,True,0,0,False,False,0,False,0.0,0.6622912287712097,0.23075182735919952,0.8774229884147644,False,0.4761105477809906,0.062139883637428284,0.8443574905395508,False,,False,80
move_near,move_near/condition_0025,25,8,False,80,0.2533506674341934,-0.18618068099021912,-0.16861194372177124,-0.03306549787521362,0.25118366495378536,0,0,transport_not_completed,1,True,43,0.0,0.5375,0,9,37,,,,0,0,True,0,0,False,False,0,False,0.0,0.6622912287712097,0.23075182735919952,0.8774229884147644,False,0.4761105477809906,0.062139883637428284,0.8443574905395508,False,,False,80
move_near,move_near/condition_0025,25,9,False,80,0.2533506674341934,-0.18618068099021912,-0.16861194372177124,-0.03306549787521362,0.25118366495378536,0,0,transport_not_completed,1,True,43,0.0,0.5375,0,10,37,,,,0,0,True,0,0,False,False,0,False,0.0,0.6622912287712097,0.23075182735919952,0.8774229884147644,False,0.4761105477809906,0.062139883637428284,0.8443574905395508,False,,False,80
move_near,move_near/condition_0025,25,10,False,80,0.2533506674341934,-0.18618068099021912,-0.16861194372177124,-0.03306549787521362,0.25118366495378536,0,0,transport_not_completed,1,True,43,0.0,0.5375,0,11,37,,,,0,0,True,0,0,False,False,0,False,0.0,0.6622912287712097,0.23075182735919952,0.8774229884147644,False,0.4761105477809906,0.062139883637428284,0.8443574905395508,False,,False,80
move_near,move_near/condition_0025,25,11,False,80,0.2533506674341934,-0.18618068099021912,-0.16861194372177124,-0.03306549787521362,0.25118366495378536,0,0,transport_not_completed,1,True,43,0.0,0.5375,0,12,37,,,,0,0,True,0,0,False,False,0,False,0.0,0.6622912287712097,0.23075182735919952,0.8774229884147644,False,0.4761105477809906,0.062139883637428284,0.8443574905395508,False,,False,80
move_near,move_near/condition_0025,25,12,False,80,0.2533506674341934,-0.18618068099021912,-0.16861194372177124,-0.03306549787521362,0.25118366495378536,0,0,transport_not_completed,1,True,43,0.0,0.5375,0,13,37,,,,0,0,True,0,0,False,False,0,False,0.0,0.6622912287712097,0.23075182735919952,0.8774229884147644,False,0.4761105477809906,0.062139883637428284,0.8443574905395508,False,,False,80
move_near,move_near/condition_0025,25,13,False,80,0.2533506674341934,-0.18618068099021912,-0.16861194372177124,-0.03306549787521362,0.25118366495378536,0,0,transport_not_completed,1,True,43,0.0,0.5375,0,14,37,,,,0,0,True,0,0,False,False,0,False,0.0,0.6622912287712097,0.23075182735919952,0.8774229884147644,False,0.4761105477809906,0.062139883637428284,0.8443574905395508,False,,False,80
move_near,move_near/condition_0025,25,14,False,80,0.2533506674341934,-0.18618068099021912,-0.16861194372177124,-0.03306549787521362,0.25118366495378536,0,0,transport_not_completed,1,True,43,0.0,0.5375,0,15,37,,,,0,0,True,0,0,False,False,0,False,0.0,0.6622912287712097,0.23075182735919952,0.8774229884147644,False,0.4761105477809906,0.062139883637428284,0.8443574905395508,False,,False,80
move_near,move_near/condition_0025,25,15,False,80,0.2533506674341934,-0.18618068099021912,-0.16861194372177124,-0.03306549787521362,0.25118366495378536,0,0,transport_not_completed,1,True,43,0.0,0.5375,0,16,37,,,,0,0,True,0,0,False,False,0,False,0.0,0.6622912287712097,0.23075182735919952,0.8774229884147644,False,0.4761105477809906,0.062139883637428284,0.8443574905395508,False,,False,80
move_near,move_near/condition_0025,25,16,False,80,0.2533506674341934,-0.18618068099021912,-0.16861194372177124,-0.03306549787521362,0.25118366495378536,0,0,transport_not_completed,1,True,43,0.0,0.5375,0,17,37,,,,0,0,True,0,0,False,False,0,False,0.0,0.6622912287712097,0.23075182735919952,0.8774229884147644,False,0.4761105477809906,0.062139883637428284,0.8443574905395508,False,,False,80
move_near,move_near/condition_0025,25,17,False,80,0.2533506674341934,-0.18618068099021912,-0.16861194372177124,-0.03306549787521362,0.25118366495378536,0,0,transport_not_completed,1,True,43,0.0,0.5375,0,18,37,,,,0,0,True,0,0,False,False,0,False,0.0,0.6622912287712097,0.23075182735919952,0.8774229884147644,False,0.4761105477809906,0.062139883637428284,0.8443574905395508,False,,False,80
move_near,move_near/condition_0025,25,18,False,80,0.2533506674341934,-0.18618068099021912,-0.16861194372177124,-0.03306549787521362,0.25118366495378536,0,0,transport_not_completed,1,True,43,0.0,0.5375,0,19,37,,,,0,0,True,0,0,False,False,0,False,0.0,0.6622912287712097,0.23075182735919952,0.8774229884147644,False,0.4761105477809906,0.062139883637428284,0.8443574905395508,False,,False,80
move_near,move_near/condition_0025,25,19,False,80,0.2533506674341934,-0.18618068099021912,-0.16861194372177124,-0.03306549787521362,0.25118366495378536,0,0,transport_not_completed,1,True,43,0.0,0.5375,0,20,37,,,,0,0,True,0,0,False,False,0,False,0.0,0.6622912287712097,0.23075182735919952,0.8774229884147644,False,0.4761105477809906,0.062139883637428284,0.8443574905395508,False,,False,80
move_near,move_near/condition_0025,25,20,False,80,0.2533506674341934,-0.18618068099021912,-0.16861194372177124,-0.03306549787521362,0.25118366495378536,0,0,transport_not_completed,1,True,43,0.0,0.5375,0,21,37,,,,0,0,True,0,0,False,False,0,False,0.0,0.6622912287712097,0.23075182735919952,0.8774229884147644,False,0.4761105477809906,0.062139883637428284,0.8443574905395508,False,,False,80
move_near,move_near/condition_0025,25,21,False,80,0.2533506674341934,-0.18618068099021912,-0.16861194372177124,-0.03306549787521362,0.25118366495378536,0,0,transport_not_completed,1,True,43,0.0,0.5375,0,22,37,,,,0,0,True,0,0,False,False,0,False,0.0,0.6622912287712097,0.23075182735919952,0.8774229884147644,False,0.4761105477809906,0.062139883637428284,0.8443574905395508,False,,False,80
move_near,move_near/condition_0025,25,22,False,80,0.2533506674341934,-0.18618068099021912,-0.16861194372177124,-0.03306549787521362,0.25118366495378536,0,0,transport_not_completed,1,True,43,0.0,0.5375,0,23,37,,,,0,0,True,0,0,False,False,0,False,0.0,0.6622912287712097,0.23075182735919952,0.8774229884147644,False,0.4761105477809906,0.062139883637428284,0.8443574905395508,False,,False,80
move_near,move_near/condition_0025,25,23,False,80,0.2533506674341934,-0.18618068099021912,-0.16861194372177124,-0.03306549787521362,0.25118366495378536,0,0,transport_not_completed,1,True,43,0.0,0.5375,0,24,37,,,,0,0,True,0,0,False,False,0,False,0.0,0.6622912287712097,0.23075182735919952,0.8774229884147644,False,0.4761105477809906,0.062139883637428284,0.8443574905395508,False,,False,80
move_near,move_near/condition_0025,25,24,False,80,0.2533506674341934,-0.18618068099021912,-0.16861194372177124,-0.03306549787521362,0.25118366495378536,0,0,transport_not_completed,1,True,43,0.0,0.5375,0,25,37,,,,0,0,True,0,0,False,False,0,False,0.0,0.6622912287712097,0.23075182735919952,0.8774229884147644,False,0.4761105477809906,0.062139883637428284,0.8443574905395508,False,,False,80
move_near,move_near/condition_0025,25,25,False,80,0.2533506674341934,-0.18618068099021912,-0.16861194372177124,-0.03306549787521362,0.25118366495378536,0,0,transport_not_completed,1,True,43,0.0,0.5375,0,26,37,,,,0,0,True,0,0,False,False,0,False,0.0,0.6622912287712097,0.23075182735919952,0.8774229884147644,False,0.4761105477809906,0.062139883637428284,0.8443574905395508,False,,False,80
move_near,move_near/condition_0025,25,26,False,80,0.2533506674341934,-0.18618068099021912,-0.16861194372177124,-0.03306549787521362,0.25118366495378536,0,0,transport_not_completed,1,True,43,0.0,0.5375,0,27,37,,,,0,0,True,0,0,False,False,0,False,0.0,0.6622912287712097,0.23075182735919952,0.8774229884147644,False,0.4761105477809906,0.062139883637428284,0.8443574905395508,False,,False,80
move_near,move_near/condition_0025,25,27,False,80,0.2533506674341934,-0.18618068099021912,-0.16861194372177124,-0.03306549787521362,0.25118366495378536,0,0,transport_not_completed,1,True,43,0.0,0.5375,0,28,37,,,,0,0,True,0,0,False,False,0,False,0.0,0.6622912287712097,0.23075182735919952,0.8774229884147644,False,0.4761105477809906,0.062139883637428284,0.8443574905395508,False,,False,80
move_near,move_near/condition_0025,25,28,False,80,0.2533506674341934,-0.18618068099021912,-0.16861194372177124,-0.03306549787521362,0.25118366495378536,0,0,transport_not_completed,1,True,43,0.0,0.5375,0,29,37,,,,0,0,True,0,0,False,False,0,False,0.0,0.6622912287712097,0.23075182735919952,0.8774229884147644,False,0.4761105477809906,0.062139883637428284,0.8443574905395508,False,,False,80
move_near,move_near/condition_0025,25,29,False,80,0.2533506674341934,-0.18618068099021912,-0.16861194372177124,-0.03306549787521362,0.25118366495378536,0,0,transport_not_completed,1,True,43,0.0,0.5375,0,30,37,,,,0,0,True,0,0,False,False,0,False,0.0,0.6622912287712097,0.23075182735919952,0.8774229884147644,False,0.4761105477809906,0.062139883637428284,0.8443574905395508,False,,False,80
move_near,move_near/condition_0025,25,30,False,80,0.2533506674341934,-0.18618068099021912,-0.16861194372177124,-0.03306549787521362,0.25118366495378536,0,0,transport_not_completed,1,True,43,0.0,0.5375,0,31,37,,,,0,0,True,0,0,False,False,0,False,0.0,0.6622912287712097,0.23075182735919952,0.8774229884147644,False,0.4761105477809906,0.062139883637428284,0.8443574905395508,False,,False,80
move_near,move_near/condition_0025,25,31,False,80,0.2533506674341934,-0.18618068099021912,-0.16861194372177124,-0.03306549787521362,0.25118366495378536,0,0,transport_not_completed,1,True,43,0.0,0.5375,0,32,37,,,,0,0,True,0,0,False,False,0,False,0.0,0.6622912287712097,0.23075182735919952,0.8774229884147644,False,0.4761105477809906,0.062139883637428284,0.8443574905395508,False,,False,80
move_near,move_near/condition_0025,25,32,False,80,0.2533506674341934,-0.18618068099021912,-0.16861194372177124,-0.03306549787521362,0.25118366495378536,0,0,transport_not_completed,1,True,43,0.0,0.5375,0,33,37,,,,0,0,True,0,0,False,False,0,False,0.0,0.6622912287712097,0.23075182735919952,0.8774229884147644,False,0.4761105477809906,0.062139883637428284,0.8443574905395508,False,,False,80
move_near,move_near/condition_0025,25,33,False,80,0.2533506674341934,-0.18618068099021912,-0.16861194372177124,-0.03306549787521362,0.25118366495378536,0,0,transport_not_completed,1,True,43,0.0,0.5375,0,34,37,,,,0,0,True,0,0,False,False,0,False,0.0,0.6622912287712097,0.23075182735919952,0.8774229884147644,False,0.4761105477809906,0.062139883637428284,0.8443574905395508,False,,False,80
move_near,move_near/condition_0025,25,34,False,80,0.2533506674341934,-0.18618068099021912,-0.16861194372177124,-0.03306549787521362,0.25118366495378536,0,0,transport_not_completed,1,True,43,0.0,0.5375,0,35,37,,,,0,0,True,0,0,False,False,0,False,0.0,0.6622912287712097,0.23075182735919952,0.8774229884147644,False,0.4761105477809906,0.062139883637428284,0.8443574905395508,False,,False,80
move_near,move_near/condition_0025,25,35,False,80,0.2533506674341934,-0.18618068099021912,-0.16861194372177124,-0.03306549787521362,0.25118366495378536,0,0,transport_not_completed,1,True,43,0.0,0.5375,0,36,37,,,,0,0,True,0,0,False,False,0,False,0.0,0.6622912287712097,0.23075182735919952,0.8774229884147644,False,0.4761105477809906,0.062139883637428284,0.8443574905395508,False,,False,80
move_near,move_near/condition_0025,25,36,False,80,0.2533506674341934,-0.18618068099021912,-0.16861194372177124,-0.03306549787521362,0.25118366495378536,0,0,transport_not_completed,1,True,43,0.0,0.5375,0,37,37,,,,0,0,True,0,0,False,False,0,False,0.0,0.6622912287712097,0.23075182735919952,0.8774229884147644,False,0.4761105477809906,0.062139883637428284,0.8443574905395508,False,,False,80
move_near,move_near/condition_0025,25,37,False,80,0.2533506674341934,-0.18618068099021912,-0.16861194372177124,-0.03306549787521362,0.25118366495378536,0,0,transport_not_completed,1,True,43,0.02631578947368421,0.5375,1,38,37,,,,0,0,True,1,1,True,False,0,False,0.0,0.6622912287712097,0.23075182735919952,0.8774229884147644,False,0.4761105477809906,0.062139883637428284,0.8443574905395508,False,0,False,80
move_near,move_near/condition_0025,25,38,False,80,0.2533506674341934,-0.18618068099021912,-0.16861194372177124,-0.03306549787521362,0.25118366495378536,0,0,transport_not_completed,1,True,43,0.05128205128205128,0.5375,2,39,37,,,,0,0,True,1,0,True,False,0,False,0.0,0.6622912287712097,0.23075182735919952,0.8774229884147644,False,0.4761105477809906,0.062139883637428284,0.8443574905395508,False,1,False,80
move_near,move_near/condition_0025,25,39,False,80,0.2533506674341934,-0.18618068099021912,-0.16861194372177124,-0.03306549787521362,0.25118366495378536,0,0,transport_not_completed,1,True,43,0.075,0.5375,3,40,37,,,,0,0,True,1,0,True,False,0,False,0.0,0.6622912287712097,0.23075182735919952,0.8774229884147644,False,0.4761105477809906,0.062139883637428284,0.8443574905395508,False,2,False,80
move_near,move_near/condition_0025,25,40,False,80,0.2533506674341934,-0.18618068099021912,-0.16861194372177124,-0.03306549787521362,0.25118366495378536,0,0,transport_not_completed,1,True,43,0.0975609756097561,0.5375,4,41,37,,,,0,0,True,1,0,True,False,0,False,0.0,0.6622912287712097,0.23075182735919952,0.8774229884147644,False,0.4761105477809906,0.062139883637428284,0.8443574905395508,False,3,False,80
move_near,move_near/condition_0025,25,41,False,80,0.2533506674341934,-0.18618068099021912,-0.16861194372177124,-0.03306549787521362,0.25118366495378536,0,0,transport_not_completed,1,True,43,0.11904761904761904,0.5375,5,42,37,,,,0,0,True,1,0,True,False,0,False,0.0,0.6622912287712097,0.23075182735919952,0.8774229884147644,False,0.4761105477809906,0.062139883637428284,0.8443574905395508,False,4,False,80
move_near,move_near/condition_0025,25,42,False,80,0.2533506674341934,-0.18618068099021912,-0.16861194372177124,-0.03306549787521362,0.25118366495378536,0,0,transport_not_completed,1,True,43,0.13953488372093023,0.5375,6,43,37,,,,0,0,True,1,0,True,False,0,False,0.0,0.6622912287712097,0.23075182735919952,0.8774229884147644,False,0.4761105477809906,0.062139883637428284,0.8443574905395508,False,5,False,80
move_near,move_near/condition_0025,25,43,False,80,0.2533506674341934,-0.18618068099021912,-0.16861194372177124,-0.03306549787521362,0.25118366495378536,0,0,transport_not_completed,1,True,43,0.1590909090909091,0.5375,7,44,37,,,,0,0,True,1,0,True,False,0,False,0.0,0.6622912287712097,0.23075182735919952,0.8774229884147644,False,0.4761105477809906,0.062139883637428284,0.8443574905395508,False,6,False,80
move_near,move_near/condition_0025,25,44,False,80,0.2533506674341934,-0.18618068099021912,-0.16861194372177124,-0.03306549787521362,0.25118366495378536,0,0,transport_not_completed,1,True,43,0.17777777777777778,0.5375,8,45,37,,,,0,0,True,1,0,True,False,0,False,0.0,0.6622912287712097,0.23075182735919952,0.8774229884147644,False,0.4761105477809906,0.062139883637428284,0.8443574905395508,False,7,False,80
move_near,move_near/condition_0025,25,45,False,80,0.2533506674341934,-0.18618068099021912,-0.16861194372177124,-0.03306549787521362,0.25118366495378536,0,0,transport_not_completed,1,True,43,0.1956521739130435,0.5375,9,46,37,,,,0,0,True,1,0,True,False,0,False,0.0,0.6622912287712097,0.23075182735919952,0.8774229884147644,False,0.4761105477809906,0.062139883637428284,0.8443574905395508,False,8,False,80
move_near,move_near/condition_0025,25,46,False,80,0.2533506674341934,-0.18618068099021912,-0.16861194372177124,-0.03306549787521362,0.25118366495378536,0,0,transport_not_completed,1,True,43,0.2127659574468085,0.5375,10,47,37,,,,0,0,True,1,0,True,False,0,False,0.0,0.6622912287712097,0.23075182735919952,0.8774229884147644,False,0.4761105477809906,0.062139883637428284,0.8443574905395508,False,9,False,80
move_near,move_near/condition_0025,25,47,False,80,0.2533506674341934,-0.18618068099021912,-0.16861194372177124,-0.03306549787521362,0.25118366495378536,0,0,transport_not_completed,1,True,43,0.22916666666666666,0.5375,11,48,37,,,,0,0,True,1,0,True,False,0,False,0.0,0.6622912287712097,0.23075182735919952,0.8774229884147644,False,0.4761105477809906,0.062139883637428284,0.8443574905395508,False,10,False,80
move_near,move_near/condition_0025,25,48,False,80,0.2533506674341934,-0.18618068099021912,-0.16861194372177124,-0.03306549787521362,0.25118366495378536,0,0,transport_not_completed,1,True,43,0.24489795918367346,0.5375,12,49,37,,,,0,0,True,1,0,True,False,0,False,0.0,0.6622912287712097,0.23075182735919952,0.8774229884147644,False,0.4761105477809906,0.062139883637428284,0.8443574905395508,False,11,False,80
move_near,move_near/condition_0025,25,49,False,80,0.2533506674341934,-0.18618068099021912,-0.16861194372177124,-0.03306549787521362,0.25118366495378536,0,0,transport_not_completed,1,True,43,0.26,0.5375,13,50,37,,,,0,0,True,1,0,True,False,0,False,0.0,0.6622912287712097,0.23075182735919952,0.8774229884147644,False,0.4761105477809906,0.062139883637428284,0.8443574905395508,False,12,False,80
move_near,move_near/condition_0025,25,50,False,80,0.2533506674341934,-0.18618068099021912,-0.16861194372177124,-0.03306549787521362,0.25118366495378536,0,0,transport_not_completed,1,True,43,0.27450980392156865,0.5375,14,51,37,,,,0,0,True,1,0,True,False,0,False,0.0,0.6622912287712097,0.23075182735919952,0.8774229884147644,False,0.4761105477809906,0.062139883637428284,0.8443574905395508,False,13,False,80
move_near,move_near/condition_0025,25,51,False,80,0.2533506674341934,-0.18618068099021912,-0.16861194372177124,-0.03306549787521362,0.25118366495378536,0,0,transport_not_completed,1,True,43,0.28846153846153844,0.5375,15,52,37,,,,0,0,True,1,0,True,False,0,False,0.0,0.6622912287712097,0.23075182735919952,0.8774229884147644,False,0.4761105477809906,0.062139883637428284,0.8443574905395508,False,14,False,80
move_near,move_near/condition_0025,25,52,False,80,0.2533506674341934,-0.18618068099021912,-0.16861194372177124,-0.03306549787521362,0.25118366495378536,0,0,transport_not_completed,1,True,43,0.3018867924528302,0.5375,16,53,37,,,,0,0,True,1,0,True,False,0,False,0.0,0.6622912287712097,0.23075182735919952,0.8774229884147644,False,0.4761105477809906,0.062139883637428284,0.8443574905395508,False,15,False,80
move_near,move_near/condition_0025,25,53,False,80,0.2533506674341934,-0.18618068099021912,-0.16861194372177124,-0.03306549787521362,0.25118366495378536,0,0,transport_not_completed,1,True,43,0.3148148148148148,0.5375,17,54,37,,,,0,0,True,1,0,True,False,0,False,0.0,0.6622912287712097,0.23075182735919952,0.8774229884147644,False,0.4761105477809906,0.062139883637428284,0.8443574905395508,False,16,False,80
move_near,move_near/condition_0025,25,54,False,80,0.2533506674341934,-0.18618068099021912,-0.16861194372177124,-0.03306549787521362,0.25118366495378536,0,0,transport_not_completed,1,True,43,0.32727272727272727,0.5375,18,55,37,,,,0,0,True,1,0,True,False,0,False,0.0,0.6622912287712097,0.23075182735919952,0.8774229884147644,False,0.4761105477809906,0.062139883637428284,0.8443574905395508,False,17,False,80
move_near,move_near/condition_0025,25,55,False,80,0.2533506674341934,-0.18618068099021912,-0.16861194372177124,-0.03306549787521362,0.25118366495378536,0,0,transport_not_completed,1,True,43,0.3392857142857143,0.5375,19,56,37,,,,0,0,True,1,0,True,False,0,False,0.0,0.6622912287712097,0.23075182735919952,0.8774229884147644,False,0.4761105477809906,0.062139883637428284,0.8443574905395508,False,18,False,80
move_near,move_near/condition_0025,25,56,False,80,0.2533506674341934,-0.18618068099021912,-0.16861194372177124,-0.03306549787521362,0.25118366495378536,0,0,transport_not_completed,1,True,43,0.3508771929824561,0.5375,20,57,37,,,,0,0,True,1,0,True,False,0,False,0.0,0.6622912287712097,0.23075182735919952,0.8774229884147644,False,0.4761105477809906,0.062139883637428284,0.8443574905395508,False,19,False,80
move_near,move_near/condition_0025,25,57,False,80,0.2533506674341934,-0.18618068099021912,-0.16861194372177124,-0.03306549787521362,0.25118366495378536,0,0,transport_not_completed,1,True,43,0.3620689655172414,0.5375,21,58,37,,,,0,0,True,1,0,True,False,0,False,0.0,0.6622912287712097,0.23075182735919952,0.8774229884147644,False,0.4761105477809906,0.062139883637428284,0.8443574905395508,False,20,False,80
move_near,move_near/condition_0025,25,58,False,80,0.2533506674341934,-0.18618068099021912,-0.16861194372177124,-0.03306549787521362,0.25118366495378536,0,0,transport_not_completed,1,True,43,0.3728813559322034,0.5375,22,59,37,,,,0,0,True,1,0,True,False,0,False,0.0,0.6622912287712097,0.23075182735919952,0.8774229884147644,False,0.4761105477809906,0.062139883637428284,0.8443574905395508,False,21,False,80
move_near,move_near/condition_0025,25,59,False,80,0.2533506674341934,-0.18618068099021912,-0.16861194372177124,-0.03306549787521362,0.25118366495378536,0,0,transport_not_completed,1,True,43,0.38333333333333336,0.5375,23,60,37,,,,0,0,True,1,0,True,False,0,False,0.0,0.6622912287712097,0.23075182735919952,0.8774229884147644,False,0.4761105477809906,0.062139883637428284,0.8443574905395508,False,22,False,80
move_near,move_near/condition_0025,25,60,False,80,0.2533506674341934,-0.18618068099021912,-0.16861194372177124,-0.03306549787521362,0.25118366495378536,0,0,transport_not_completed,1,True,43,0.39344262295081966,0.5375,24,61,37,,,,0,0,True,1,0,True,False,0,False,0.0,0.6622912287712097,0.23075182735919952,0.8774229884147644,False,0.4761105477809906,0.062139883637428284,0.8443574905395508,False,23,False,80
move_near,move_near/condition_0025,25,61,False,80,0.2533506674341934,-0.18618068099021912,-0.16861194372177124,-0.03306549787521362,0.25118366495378536,0,0,transport_not_completed,1,True,43,0.4032258064516129,0.5375,25,62,37,,,,0,0,True,1,0,True,False,0,False,0.0,0.6622912287712097,0.23075182735919952,0.8774229884147644,False,0.4761105477809906,0.062139883637428284,0.8443574905395508,False,24,False,80
move_near,move_near/condition_0025,25,62,False,80,0.2533506674341934,-0.18618068099021912,-0.16861194372177124,-0.03306549787521362,0.25118366495378536,0,0,transport_not_completed,1,True,43,0.4126984126984127,0.5375,26,63,37,,,,0,0,True,1,0,True,False,0,False,0.0,0.6622912287712097,0.23075182735919952,0.8774229884147644,False,0.4761105477809906,0.062139883637428284,0.8443574905395508,False,25,False,80
move_near,move_near/condition_0025,25,63,False,80,0.2533506674341934,-0.18618068099021912,-0.16861194372177124,-0.03306549787521362,0.25118366495378536,0,0,transport_not_completed,1,True,43,0.421875,0.5375,27,64,37,,,,0,0,True,1,0,True,False,0,False,0.0,0.6622912287712097,0.23075182735919952,0.8774229884147644,False,0.4761105477809906,0.062139883637428284,0.8443574905395508,False,26,False,80
move_near,move_near/condition_0025,25,64,False,80,0.2533506674341934,-0.18618068099021912,-0.16861194372177124,-0.03306549787521362,0.25118366495378536,0,0,transport_not_completed,1,True,43,0.4307692307692308,0.5375,28,65,37,,,,0,0,True,1,0,True,False,0,False,0.0,0.6622912287712097,0.23075182735919952,0.8774229884147644,False,0.4761105477809906,0.062139883637428284,0.8443574905395508,False,27,False,80
move_near,move_near/condition_0025,25,65,False,80,0.2533506674341934,-0.18618068099021912,-0.16861194372177124,-0.03306549787521362,0.25118366495378536,0,0,transport_not_completed,1,True,43,0.4393939393939394,0.5375,29,66,37,,,,0,0,True,1,0,True,False,0,False,0.0,0.6622912287712097,0.23075182735919952,0.8774229884147644,False,0.4761105477809906,0.062139883637428284,0.8443574905395508,False,28,False,80
move_near,move_near/condition_0025,25,66,False,80,0.2533506674341934,-0.18618068099021912,-0.16861194372177124,-0.03306549787521362,0.25118366495378536,0,0,transport_not_completed,1,True,43,0.44776119402985076,0.5375,30,67,37,,,,0,0,True,1,0,True,False,0,False,0.0,0.6622912287712097,0.23075182735919952,0.8774229884147644,False,0.4761105477809906,0.062139883637428284,0.8443574905395508,False,29,False,80
move_near,move_near/condition_0025,25,67,False,80,0.2533506674341934,-0.18618068099021912,-0.16861194372177124,-0.03306549787521362,0.25118366495378536,0,0,transport_not_completed,1,True,43,0.45588235294117646,0.5375,31,68,37,,,,0,0,True,1,0,True,False,0,False,0.0,0.6622912287712097,0.23075182735919952,0.8774229884147644,False,0.4761105477809906,0.062139883637428284,0.8443574905395508,False,30,False,80
move_near,move_near/condition_0025,25,68,False,80,0.2533506674341934,-0.18618068099021912,-0.16861194372177124,-0.03306549787521362,0.25118366495378536,0,0,transport_not_completed,1,True,43,0.463768115942029,0.5375,32,69,37,,,,0,0,True,1,0,True,False,0,False,0.0,0.6622912287712097,0.23075182735919952,0.8774229884147644,False,0.4761105477809906,0.062139883637428284,0.8443574905395508,False,31,False,80
move_near,move_near/condition_0025,25,69,False,80,0.2533506674341934,-0.18618068099021912,-0.16861194372177124,-0.03306549787521362,0.25118366495378536,0,0,transport_not_completed,1,True,43,0.4714285714285714,0.5375,33,70,37,,,,0,0,True,1,0,True,False,0,False,0.0,0.6622912287712097,0.23075182735919952,0.8774229884147644,False,0.4761105477809906,0.062139883637428284,0.8443574905395508,False,32,False,80
move_near,move_near/condition_0025,25,70,False,80,0.2533506674341934,-0.18618068099021912,-0.16861194372177124,-0.03306549787521362,0.25118366495378536,0,0,transport_not_completed,1,True,43,0.4788732394366197,0.5375,34,71,37,,,,0,0,True,1,0,True,False,0,False,0.0,0.6622912287712097,0.23075182735919952,0.8774229884147644,False,0.4761105477809906,0.062139883637428284,0.8443574905395508,False,33,False,80
move_near,move_near/condition_0025,25,71,False,80,0.2533506674341934,-0.18618068099021912,-0.16861194372177124,-0.03306549787521362,0.25118366495378536,0,0,transport_not_completed,1,True,43,0.4861111111111111,0.5375,35,72,37,,,,0,0,True,1,0,True,False,0,False,0.0,0.6622912287712097,0.23075182735919952,0.8774229884147644,False,0.4761105477809906,0.062139883637428284,0.8443574905395508,False,34,False,80
move_near,move_near/condition_0025,25,72,False,80,0.2533506674341934,-0.18618068099021912,-0.16861194372177124,-0.03306549787521362,0.25118366495378536,0,0,transport_not_completed,1,True,43,0.4931506849315068,0.5375,36,73,37,,,,0,0,True,1,0,True,False,0,False,0.0,0.6622912287712097,0.23075182735919952,0.8774229884147644,False,0.4761105477809906,0.062139883637428284,0.8443574905395508,False,35,False,80
move_near,move_near/condition_0025,25,73,False,80,0.2533506674341934,-0.18618068099021912,-0.16861194372177124,-0.03306549787521362,0.25118366495378536,0,0,transport_not_completed,1,True,43,0.5,0.5375,37,74,37,,,,0,0,True,1,0,True,False,0,False,0.0,0.6622912287712097,0.23075182735919952,0.8774229884147644,False,0.4761105477809906,0.062139883637428284,0.8443574905395508,False,36,False,80
move_near,move_near/condition_0025,25,74,False,80,0.2533506674341934,-0.18618068099021912,-0.16861194372177124,-0.03306549787521362,0.25118366495378536,0,0,transport_not_completed,1,True,43,0.5066666666666667,0.5375,38,75,37,,,,0,0,True,1,0,True,False,0,False,0.0,0.6622912287712097,0.23075182735919952,0.8774229884147644,False,0.4761105477809906,0.062139883637428284,0.8443574905395508,False,37,False,80
move_near,move_near/condition_0025,25,75,False,80,0.2533506674341934,-0.18618068099021912,-0.16861194372177124,-0.03306549787521362,0.25118366495378536,0,0,transport_not_completed,1,True,43,0.5131578947368421,0.5375,39,76,37,,,,0,0,True,1,0,True,False,0,False,0.0,0.6622912287712097,0.23075182735919952,0.8774229884147644,False,0.4761105477809906,0.062139883637428284,0.8443574905395508,False,38,False,80
move_near,move_near/condition_0025,25,76,False,80,0.2533506674341934,-0.18618068099021912,-0.16861194372177124,-0.03306549787521362,0.25118366495378536,0,0,transport_not_completed,1,True,43,0.5194805194805194,0.5375,40,77,37,,,,0,0,True,1,0,True,False,0,False,0.0,0.6622912287712097,0.23075182735919952,0.8774229884147644,False,0.4761105477809906,0.062139883637428284,0.8443574905395508,False,39,False,80
move_near,move_near/condition_0025,25,77,False,80,0.2533506674341934,-0.18618068099021912,-0.16861194372177124,-0.03306549787521362,0.25118366495378536,0,0,transport_not_completed,1,True,43,0.5256410256410257,0.5375,41,78,37,,,,0,0,True,1,0,True,False,0,False,0.0,0.6622912287712097,0.23075182735919952,0.8774229884147644,False,0.4761105477809906,0.062139883637428284,0.8443574905395508,False,40,False,80
move_near,move_near/condition_0025,25,78,False,80,0.2533506674341934,-0.18618068099021912,-0.16861194372177124,-0.03306549787521362,0.25118366495378536,0,0,transport_not_completed,1,True,43,0.5316455696202531,0.5375,42,79,37,,,,0,0,True,1,0,True,False,0,False,0.0,0.6622912287712097,0.23075182735919952,0.8774229884147644,False,0.4761105477809906,0.062139883637428284,0.8443574905395508,False,41,False,80
move_near,move_near/condition_0025,25,79,False,80,0.2533506674341934,-0.18618068099021912,-0.16861194372177124,-0.03306549787521362,0.25118366495378536,0,0,transport_not_completed,1,True,43,0.5375,0.5375,43,80,37,,,,0,0,True,1,0,True,False,0,False,0.0,0.6622912287712097,0.23075182735919952,0.8774229884147644,False,0.4761105477809906,0.062139883637428284,0.8443574905395508,False,42,True,80
move_near,move_near/condition_0026,26,0,True,52,0.3013443033295613,-0.025748908519744873,0.30022308230400085,0.0033887624740600586,0.3013252485904111,0,0,success,0,True,3,0.0,0.057692307692307696,0,1,49,,51,51,0,0,False,0,0,False,False,1,False,0.0,0.6880401372909546,-0.06947125494480133,0.8740342259407043,False,0.6622912287712097,0.23075182735919952,0.8774229884147644,False,,False,80
move_near,move_near/condition_0026,26,1,True,52,0.3013443033295613,-0.025748908519744873,0.30022308230400085,0.0033887624740600586,0.3013252485904111,0,0,success,0,True,3,0.0,0.057692307692307696,0,2,49,,51,51,0,0,False,0,0,False,False,1,False,0.0,0.6880401372909546,-0.06947125494480133,0.8740342259407043,False,0.6622912287712097,0.23075182735919952,0.8774229884147644,False,,False,80
move_near,move_near/condition_0026,26,2,True,52,0.3013443033295613,-0.025748908519744873,0.30022308230400085,0.0033887624740600586,0.3013252485904111,0,0,success,0,True,3,0.0,0.057692307692307696,0,3,49,,51,51,0,0,False,0,0,False,False,1,False,0.0,0.6880401372909546,-0.06947125494480133,0.8740342259407043,False,0.6622912287712097,0.23075182735919952,0.8774229884147644,False,,False,80
move_near,move_near/condition_0026,26,3,True,52,0.3013443033295613,-0.025748908519744873,0.30022308230400085,0.0033887624740600586,0.3013252485904111,0,0,success,0,True,3,0.0,0.057692307692307696,0,4,49,,51,51,0,0,False,0,0,False,False,1,False,0.0,0.6880401372909546,-0.06947125494480133,0.8740342259407043,False,0.6622912287712097,0.23075182735919952,0.8774229884147644,False,,False,80
move_near,move_near/condition_0026,26,4,True,52,0.3013443033295613,-0.025748908519744873,0.30022308230400085,0.0033887624740600586,0.3013252485904111,0,0,success,0,True,3,0.0,0.057692307692307696,0,5,49,,51,51,0,0,False,0,0,False,False,1,False,0.0,0.6880401372909546,-0.06947125494480133,0.8740342259407043,False,0.6622912287712097,0.23075182735919952,0.8774229884147644,False,,False,80
move_near,move_near/condition_0026,26,5,True,52,0.3013443033295613,-0.025748908519744873,0.30022308230400085,0.0033887624740600586,0.3013252485904111,0,0,success,0,True,3,0.0,0.057692307692307696,0,6,49,,51,51,0,0,False,0,0,False,False,1,False,0.0,0.6880401372909546,-0.06947125494480133,0.8740342259407043,False,0.6622912287712097,0.23075182735919952,0.8774229884147644,False,,False,80
move_near,move_near/condition_0026,26,6,True,52,0.3013443033295613,-0.025748908519744873,0.30022308230400085,0.0033887624740600586,0.3013252485904111,0,0,success,0,True,3,0.0,0.057692307692307696,0,7,49,,51,51,0,0,False,0,0,False,False,1,False,0.0,0.6880401372909546,-0.06947125494480133,0.8740342259407043,False,0.6622912287712097,0.23075182735919952,0.8774229884147644,False,,False,80
move_near,move_near/condition_0026,26,7,True,52,0.3013443033295613,-0.025748908519744873,0.30022308230400085,0.0033887624740600586,0.3013252485904111,0,0,success,0,True,3,0.0,0.057692307692307696,0,8,49,,51,51,0,0,False,0,0,False,False,1,False,0.0,0.6880401372909546,-0.06947125494480133,0.8740342259407043,False,0.6622912287712097,0.23075182735919952,0.8774229884147644,False,,False,80
move_near,move_near/condition_0026,26,8,True,52,0.3013443033295613,-0.025748908519744873,0.30022308230400085,0.0033887624740600586,0.3013252485904111,0,0,success,0,True,3,0.0,0.057692307692307696,0,9,49,,51,51,0,0,False,0,0,False,False,1,False,0.0,0.6880401372909546,-0.06947125494480133,0.8740342259407043,False,0.6622912287712097,0.23075182735919952,0.8774229884147644,False,,False,80
move_near,move_near/condition_0026,26,9,True,52,0.3013443033295613,-0.025748908519744873,0.30022308230400085,0.0033887624740600586,0.3013252485904111,0,0,success,0,True,3,0.0,0.057692307692307696,0,10,49,,51,51,0,0,False,0,0,False,False,1,False,0.0,0.6880401372909546,-0.06947125494480133,0.8740342259407043,False,0.6622912287712097,0.23075182735919952,0.8774229884147644,False,,False,80
move_near,move_near/condition_0026,26,10,True,52,0.3013443033295613,-0.025748908519744873,0.30022308230400085,0.0033887624740600586,0.3013252485904111,0,0,success,0,True,3,0.0,0.057692307692307696,0,11,49,,51,51,0,0,False,0,0,False,False,1,False,0.0,0.6880401372909546,-0.06947125494480133,0.8740342259407043,False,0.6622912287712097,0.23075182735919952,0.8774229884147644,False,,False,80
move_near,move_near/condition_0026,26,11,True,52,0.3013443033295613,-0.025748908519744873,0.30022308230400085,0.0033887624740600586,0.3013252485904111,0,0,success,0,True,3,0.0,0.057692307692307696,0,12,49,,51,51,0,0,False,0,0,False,False,1,False,0.0,0.6880401372909546,-0.06947125494480133,0.8740342259407043,False,0.6622912287712097,0.23075182735919952,0.8774229884147644,False,,False,80
move_near,move_near/condition_0026,26,12,True,52,0.3013443033295613,-0.025748908519744873,0.30022308230400085,0.0033887624740600586,0.3013252485904111,0,0,success,0,True,3,0.0,0.057692307692307696,0,13,49,,51,51,0,0,False,0,0,False,False,1,False,0.0,0.6880401372909546,-0.06947125494480133,0.8740342259407043,False,0.6622912287712097,0.23075182735919952,0.8774229884147644,False,,False,80
move_near,move_near/condition_0026,26,13,True,52,0.3013443033295613,-0.025748908519744873,0.30022308230400085,0.0033887624740600586,0.3013252485904111,0,0,success,0,True,3,0.0,0.057692307692307696,0,14,49,,51,51,0,0,False,0,0,False,False,1,False,0.0,0.6880401372909546,-0.06947125494480133,0.8740342259407043,False,0.6622912287712097,0.23075182735919952,0.8774229884147644,False,,False,80
move_near,move_near/condition_0026,26,14,True,52,0.3013443033295613,-0.025748908519744873,0.30022308230400085,0.0033887624740600586,0.3013252485904111,0,0,success,0,True,3,0.0,0.057692307692307696,0,15,49,,51,51,0,0,False,0,0,False,False,1,False,0.0,0.6880401372909546,-0.06947125494480133,0.8740342259407043,False,0.6622912287712097,0.23075182735919952,0.8774229884147644,False,,False,80
move_near,move_near/condition_0026,26,15,True,52,0.3013443033295613,-0.025748908519744873,0.30022308230400085,0.0033887624740600586,0.3013252485904111,0,0,success,0,True,3,0.0,0.057692307692307696,0,16,49,,51,51,0,0,False,0,0,False,False,1,False,0.0,0.6880401372909546,-0.06947125494480133,0.8740342259407043,False,0.6622912287712097,0.23075182735919952,0.8774229884147644,False,,False,80
move_near,move_near/condition_0026,26,16,True,52,0.3013443033295613,-0.025748908519744873,0.30022308230400085,0.0033887624740600586,0.3013252485904111,0,0,success,0,True,3,0.0,0.057692307692307696,0,17,49,,51,51,0,0,False,0,0,False,False,1,False,0.0,0.6880401372909546,-0.06947125494480133,0.8740342259407043,False,0.6622912287712097,0.23075182735919952,0.8774229884147644,False,,False,80
move_near,move_near/condition_0026,26,17,True,52,0.3013443033295613,-0.025748908519744873,0.30022308230400085,0.0033887624740600586,0.3013252485904111,0,0,success,0,True,3,0.0,0.057692307692307696,0,18,49,,51,51,0,0,False,0,0,False,False,1,False,0.0,0.6880401372909546,-0.06947125494480133,0.8740342259407043,False,0.6622912287712097,0.23075182735919952,0.8774229884147644,False,,False,80
move_near,move_near/condition_0026,26,18,True,52,0.3013443033295613,-0.025748908519744873,0.30022308230400085,0.0033887624740600586,0.3013252485904111,0,0,success,0,True,3,0.0,0.057692307692307696,0,19,49,,51,51,0,0,False,0,0,False,False,1,False,0.0,0.6880401372909546,-0.06947125494480133,0.8740342259407043,False,0.6622912287712097,0.23075182735919952,0.8774229884147644,False,,False,80
move_near,move_near/condition_0026,26,19,True,52,0.3013443033295613,-0.025748908519744873,0.30022308230400085,0.0033887624740600586,0.3013252485904111,0,0,success,0,True,3,0.0,0.057692307692307696,0,20,49,,51,51,0,0,False,0,0,False,False,1,False,0.0,0.6880401372909546,-0.06947125494480133,0.8740342259407043,False,0.6622912287712097,0.23075182735919952,0.8774229884147644,False,,False,80
move_near,move_near/condition_0026,26,20,True,52,0.3013443033295613,-0.025748908519744873,0.30022308230400085,0.0033887624740600586,0.3013252485904111,0,0,success,0,True,3,0.0,0.057692307692307696,0,21,49,,51,51,0,0,False,0,0,False,False,1,False,0.0,0.6880401372909546,-0.06947125494480133,0.8740342259407043,False,0.6622912287712097,0.23075182735919952,0.8774229884147644,False,,False,80
move_near,move_near/condition_0026,26,21,True,52,0.3013443033295613,-0.025748908519744873,0.30022308230400085,0.0033887624740600586,0.3013252485904111,0,0,success,0,True,3,0.0,0.057692307692307696,0,22,49,,51,51,0,0,False,0,0,False,False,1,False,0.0,0.6880401372909546,-0.06947125494480133,0.8740342259407043,False,0.6622912287712097,0.23075182735919952,0.8774229884147644,False,,False,80
move_near,move_near/condition_0026,26,22,True,52,0.3013443033295613,-0.025748908519744873,0.30022308230400085,0.0033887624740600586,0.3013252485904111,0,0,success,0,True,3,0.0,0.057692307692307696,0,23,49,,51,51,0,0,False,0,0,False,False,1,False,0.0,0.6880401372909546,-0.06947125494480133,0.8740342259407043,False,0.6622912287712097,0.23075182735919952,0.8774229884147644,False,,False,80
move_near,move_near/condition_0026,26,23,True,52,0.3013443033295613,-0.025748908519744873,0.30022308230400085,0.0033887624740600586,0.3013252485904111,0,0,success,0,True,3,0.0,0.057692307692307696,0,24,49,,51,51,0,0,False,0,0,False,False,1,False,0.0,0.6880401372909546,-0.06947125494480133,0.8740342259407043,False,0.6622912287712097,0.23075182735919952,0.8774229884147644,False,,False,80
move_near,move_near/condition_0026,26,24,True,52,0.3013443033295613,-0.025748908519744873,0.30022308230400085,0.0033887624740600586,0.3013252485904111,0,0,success,0,True,3,0.0,0.057692307692307696,0,25,49,,51,51,0,0,False,0,0,False,False,1,False,0.0,0.6880401372909546,-0.06947125494480133,0.8740342259407043,False,0.6622912287712097,0.23075182735919952,0.8774229884147644,False,,False,80
move_near,move_near/condition_0026,26,25,True,52,0.3013443033295613,-0.025748908519744873,0.30022308230400085,0.0033887624740600586,0.3013252485904111,0,0,success,0,True,3,0.0,0.057692307692307696,0,26,49,,51,51,0,0,False,0,0,False,False,1,False,0.0,0.6880401372909546,-0.06947125494480133,0.8740342259407043,False,0.6622912287712097,0.23075182735919952,0.8774229884147644,False,,False,80
move_near,move_near/condition_0026,26,26,True,52,0.3013443033295613,-0.025748908519744873,0.30022308230400085,0.0033887624740600586,0.3013252485904111,0,0,success,0,True,3,0.0,0.057692307692307696,0,27,49,,51,51,0,0,False,0,0,False,False,1,False,0.0,0.6880401372909546,-0.06947125494480133,0.8740342259407043,False,0.6622912287712097,0.23075182735919952,0.8774229884147644,False,,False,80
move_near,move_near/condition_0026,26,27,True,52,0.3013443033295613,-0.025748908519744873,0.30022308230400085,0.0033887624740600586,0.3013252485904111,0,0,success,0,True,3,0.0,0.057692307692307696,0,28,49,,51,51,0,0,False,0,0,False,False,1,False,0.0,0.6880401372909546,-0.06947125494480133,0.8740342259407043,False,0.6622912287712097,0.23075182735919952,0.8774229884147644,False,,False,80
move_near,move_near/condition_0026,26,28,True,52,0.3013443033295613,-0.025748908519744873,0.30022308230400085,0.0033887624740600586,0.3013252485904111,0,0,success,0,True,3,0.0,0.057692307692307696,0,29,49,,51,51,0,0,False,0,0,False,False,1,False,0.0,0.6880401372909546,-0.06947125494480133,0.8740342259407043,False,0.6622912287712097,0.23075182735919952,0.8774229884147644,False,,False,80
move_near,move_near/condition_0026,26,29,True,52,0.3013443033295613,-0.025748908519744873,0.30022308230400085,0.0033887624740600586,0.3013252485904111,0,0,success,0,True,3,0.0,0.057692307692307696,0,30,49,,51,51,0,0,False,0,0,False,False,1,False,0.0,0.6880401372909546,-0.06947125494480133,0.8740342259407043,False,0.6622912287712097,0.23075182735919952,0.8774229884147644,False,,False,80
move_near,move_near/condition_0026,26,30,True,52,0.3013443033295613,-0.025748908519744873,0.30022308230400085,0.0033887624740600586,0.3013252485904111,0,0,success,0,True,3,0.0,0.057692307692307696,0,31,49,,51,51,0,0,False,0,0,False,False,1,False,0.0,0.6880401372909546,-0.06947125494480133,0.8740342259407043,False,0.6622912287712097,0.23075182735919952,0.8774229884147644,False,,False,80
move_near,move_near/condition_0026,26,31,True,52,0.3013443033295613,-0.025748908519744873,0.30022308230400085,0.0033887624740600586,0.3013252485904111,0,0,success,0,True,3,0.0,0.057692307692307696,0,32,49,,51,51,0,0,False,0,0,False,False,1,False,0.0,0.6880401372909546,-0.06947125494480133,0.8740342259407043,False,0.6622912287712097,0.23075182735919952,0.8774229884147644,False,,False,80
move_near,move_near/condition_0026,26,32,True,52,0.3013443033295613,-0.025748908519744873,0.30022308230400085,0.0033887624740600586,0.3013252485904111,0,0,success,0,True,3,0.0,0.057692307692307696,0,33,49,,51,51,0,0,False,0,0,False,False,1,False,0.0,0.6880401372909546,-0.06947125494480133,0.8740342259407043,False,0.6622912287712097,0.23075182735919952,0.8774229884147644,False,,False,80
move_near,move_near/condition_0026,26,33,True,52,0.3013443033295613,-0.025748908519744873,0.30022308230400085,0.0033887624740600586,0.3013252485904111,0,0,success,0,True,3,0.0,0.057692307692307696,0,34,49,,51,51,0,0,False,0,0,False,False,1,False,0.0,0.6880401372909546,-0.06947125494480133,0.8740342259407043,False,0.6622912287712097,0.23075182735919952,0.8774229884147644,False,,False,80
move_near,move_near/condition_0026,26,34,True,52,0.3013443033295613,-0.025748908519744873,0.30022308230400085,0.0033887624740600586,0.3013252485904111,0,0,success,0,True,3,0.0,0.057692307692307696,0,35,49,,51,51,0,0,False,0,0,False,False,1,False,0.0,0.6880401372909546,-0.06947125494480133,0.8740342259407043,False,0.6622912287712097,0.23075182735919952,0.8774229884147644,False,,False,80
move_near,move_near/condition_0026,26,35,True,52,0.3013443033295613,-0.025748908519744873,0.30022308230400085,0.0033887624740600586,0.3013252485904111,0,0,success,0,True,3,0.0,0.057692307692307696,0,36,49,,51,51,0,0,False,0,0,False,False,1,False,0.0,0.6880401372909546,-0.06947125494480133,0.8740342259407043,False,0.6622912287712097,0.23075182735919952,0.8774229884147644,False,,False,80
move_near,move_near/condition_0026,26,36,True,52,0.3013443033295613,-0.025748908519744873,0.30022308230400085,0.0033887624740600586,0.3013252485904111,0,0,success,0,True,3,0.0,0.057692307692307696,0,37,49,,51,51,0,0,False,0,0,False,False,1,False,0.0,0.6880401372909546,-0.06947125494480133,0.8740342259407043,False,0.6622912287712097,0.23075182735919952,0.8774229884147644,False,,False,80
move_near,move_near/condition_0026,26,37,True,52,0.3013443033295613,-0.025748908519744873,0.30022308230400085,0.0033887624740600586,0.3013252485904111,0,0,success,0,True,3,0.0,0.057692307692307696,0,38,49,,51,51,0,0,False,0,0,False,False,1,False,0.0,0.6880401372909546,-0.06947125494480133,0.8740342259407043,False,0.6622912287712097,0.23075182735919952,0.8774229884147644,False,,False,80
move_near,move_near/condition_0026,26,38,True,52,0.3013443033295613,-0.025748908519744873,0.30022308230400085,0.0033887624740600586,0.3013252485904111,0,0,success,0,True,3,0.0,0.057692307692307696,0,39,49,,51,51,0,0,False,0,0,False,False,1,False,0.0,0.6880401372909546,-0.06947125494480133,0.8740342259407043,False,0.6622912287712097,0.23075182735919952,0.8774229884147644,False,,False,80
move_near,move_near/condition_0026,26,39,True,52,0.3013443033295613,-0.025748908519744873,0.30022308230400085,0.0033887624740600586,0.3013252485904111,0,0,success,0,True,3,0.0,0.057692307692307696,0,40,49,,51,51,0,0,False,0,0,False,False,1,False,0.0,0.6880401372909546,-0.06947125494480133,0.8740342259407043,False,0.6622912287712097,0.23075182735919952,0.8774229884147644,False,,False,80
move_near,move_near/condition_0026,26,40,True,52,0.3013443033295613,-0.025748908519744873,0.30022308230400085,0.0033887624740600586,0.3013252485904111,0,0,success,0,True,3,0.0,0.057692307692307696,0,41,49,,51,51,0,0,False,0,0,False,False,1,False,0.0,0.6880401372909546,-0.06947125494480133,0.8740342259407043,False,0.6622912287712097,0.23075182735919952,0.8774229884147644,False,,False,80
move_near,move_near/condition_0026,26,41,True,52,0.3013443033295613,-0.025748908519744873,0.30022308230400085,0.0033887624740600586,0.3013252485904111,0,0,success,0,True,3,0.0,0.057692307692307696,0,42,49,,51,51,0,0,False,0,0,False,False,1,False,0.0,0.6880401372909546,-0.06947125494480133,0.8740342259407043,False,0.6622912287712097,0.23075182735919952,0.8774229884147644,False,,False,80
move_near,move_near/condition_0026,26,42,True,52,0.3013443033295613,-0.025748908519744873,0.30022308230400085,0.0033887624740600586,0.3013252485904111,0,0,success,0,True,3,0.0,0.057692307692307696,0,43,49,,51,51,0,0,False,0,0,False,False,1,False,0.0,0.6880401372909546,-0.06947125494480133,0.8740342259407043,False,0.6622912287712097,0.23075182735919952,0.8774229884147644,False,,False,80
move_near,move_near/condition_0026,26,43,True,52,0.3013443033295613,-0.025748908519744873,0.30022308230400085,0.0033887624740600586,0.3013252485904111,0,0,success,0,True,3,0.0,0.057692307692307696,0,44,49,,51,51,0,0,False,0,0,False,False,1,False,0.0,0.6880401372909546,-0.06947125494480133,0.8740342259407043,False,0.6622912287712097,0.23075182735919952,0.8774229884147644,False,,False,80
move_near,move_near/condition_0026,26,44,True,52,0.3013443033295613,-0.025748908519744873,0.30022308230400085,0.0033887624740600586,0.3013252485904111,0,0,success,0,True,3,0.0,0.057692307692307696,0,45,49,,51,51,0,0,False,0,0,False,False,1,False,0.0,0.6880401372909546,-0.06947125494480133,0.8740342259407043,False,0.6622912287712097,0.23075182735919952,0.8774229884147644,False,,False,80
move_near,move_near/condition_0026,26,45,True,52,0.3013443033295613,-0.025748908519744873,0.30022308230400085,0.0033887624740600586,0.3013252485904111,0,0,success,0,True,3,0.0,0.057692307692307696,0,46,49,,51,51,0,0,False,0,0,False,False,1,False,0.0,0.6880401372909546,-0.06947125494480133,0.8740342259407043,False,0.6622912287712097,0.23075182735919952,0.8774229884147644,False,,False,80
move_near,move_near/condition_0026,26,46,True,52,0.3013443033295613,-0.025748908519744873,0.30022308230400085,0.0033887624740600586,0.3013252485904111,0,0,success,0,True,3,0.0,0.057692307692307696,0,47,49,,51,51,0,0,False,0,0,False,False,1,False,0.0,0.6880401372909546,-0.06947125494480133,0.8740342259407043,False,0.6622912287712097,0.23075182735919952,0.8774229884147644,False,,False,80
move_near,move_near/condition_0026,26,47,True,52,0.3013443033295613,-0.025748908519744873,0.30022308230400085,0.0033887624740600586,0.3013252485904111,0,0,success,0,True,3,0.0,0.057692307692307696,0,48,49,,51,51,0,0,False,0,0,False,False,1,False,0.0,0.6880401372909546,-0.06947125494480133,0.8740342259407043,False,0.6622912287712097,0.23075182735919952,0.8774229884147644,False,,False,80
move_near,move_near/condition_0026,26,48,True,52,0.3013443033295613,-0.025748908519744873,0.30022308230400085,0.0033887624740600586,0.3013252485904111,0,0,success,0,True,3,0.0,0.057692307692307696,0,49,49,,51,51,0,0,False,0,0,False,False,1,False,0.0,0.6880401372909546,-0.06947125494480133,0.8740342259407043,False,0.6622912287712097,0.23075182735919952,0.8774229884147644,False,,False,80
move_near,move_near/condition_0026,26,49,True,52,0.3013443033295613,-0.025748908519744873,0.30022308230400085,0.0033887624740600586,0.3013252485904111,0,0,success,0,True,3,0.02,0.057692307692307696,1,50,49,,51,51,0,0,False,1,1,True,False,1,False,0.0,0.6880401372909546,-0.06947125494480133,0.8740342259407043,False,0.6622912287712097,0.23075182735919952,0.8774229884147644,False,0,False,80
move_near,move_near/condition_0026,26,50,True,52,0.3013443033295613,-0.025748908519744873,0.30022308230400085,0.0033887624740600586,0.3013252485904111,0,0,success,0,True,3,0.0392156862745098,0.057692307692307696,2,51,49,,51,51,0,0,True,1,0,True,False,1,False,0.0,0.6880401372909546,-0.06947125494480133,0.8740342259407043,False,0.6622912287712097,0.23075182735919952,0.8774229884147644,False,1,False,80
move_near,move_near/condition_0026,26,51,True,52,0.3013443033295613,-0.025748908519744873,0.30022308230400085,0.0033887624740600586,0.3013252485904111,0,0,success,0,True,3,0.057692307692307696,0.057692307692307696,3,52,49,,51,51,0,0,True,3,1,True,False,1,True,1.0,0.6880401372909546,-0.06947125494480133,0.8740342259407043,True,0.6622912287712097,0.23075182735919952,0.8774229884147644,True,2,False,80
move_near,move_near/condition_0027,27,0,False,80,0.2512116530822567,-0.21190091967582703,0.13162288069725037,-0.02967679500579834,0.24945256559615478,0,0,transport_not_completed,1,True,2,0.0,0.025,0,1,78,,,,0,0,True,0,0,False,False,0,False,0.0,0.6880388259887695,-0.0694703608751297,0.8740342855453491,False,0.4761379063129425,0.062152519822120667,0.8443574905395508,False,,False,80
move_near,move_near/condition_0027,27,1,False,80,0.2512116530822567,-0.21190091967582703,0.13162288069725037,-0.02967679500579834,0.24945256559615478,0,0,transport_not_completed,1,True,2,0.0,0.025,0,2,78,,,,0,0,True,0,0,False,False,0,False,0.0,0.6880388259887695,-0.0694703608751297,0.8740342855453491,False,0.4761379063129425,0.062152519822120667,0.8443574905395508,False,,False,80
move_near,move_near/condition_0027,27,2,False,80,0.2512116530822567,-0.21190091967582703,0.13162288069725037,-0.02967679500579834,0.24945256559615478,0,0,transport_not_completed,1,True,2,0.0,0.025,0,3,78,,,,0,0,True,0,0,False,False,0,False,0.0,0.6880388259887695,-0.0694703608751297,0.8740342855453491,False,0.4761379063129425,0.062152519822120667,0.8443574905395508,False,,False,80
move_near,move_near/condition_0027,27,3,False,80,0.2512116530822567,-0.21190091967582703,0.13162288069725037,-0.02967679500579834,0.24945256559615478,0,0,transport_not_completed,1,True,2,0.0,0.025,0,4,78,,,,0,0,True,0,0,False,False,0,False,0.0,0.6880388259887695,-0.0694703608751297,0.8740342855453491,False,0.4761379063129425,0.062152519822120667,0.8443574905395508,False,,False,80
move_near,move_near/condition_0027,27,4,False,80,0.2512116530822567,-0.21190091967582703,0.13162288069725037,-0.02967679500579834,0.24945256559615478,0,0,transport_not_completed,1,True,2,0.0,0.025,0,5,78,,,,0,0,True,0,0,False,False,0,False,0.0,0.6880388259887695,-0.0694703608751297,0.8740342855453491,False,0.4761379063129425,0.062152519822120667,0.8443574905395508,False,,False,80
move_near,move_near/condition_0027,27,5,False,80,0.2512116530822567,-0.21190091967582703,0.13162288069725037,-0.02967679500579834,0.24945256559615478,0,0,transport_not_completed,1,True,2,0.0,0.025,0,6,78,,,,0,0,True,0,0,False,False,0,False,0.0,0.6880388259887695,-0.0694703608751297,0.8740342855453491,False,0.4761379063129425,0.062152519822120667,0.8443574905395508,False,,False,80
move_near,move_near/condition_0027,27,6,False,80,0.2512116530822567,-0.21190091967582703,0.13162288069725037,-0.02967679500579834,0.24945256559615478,0,0,transport_not_completed,1,True,2,0.0,0.025,0,7,78,,,,0,0,True,0,0,False,False,0,False,0.0,0.6880388259887695,-0.0694703608751297,0.8740342855453491,False,0.4761379063129425,0.062152519822120667,0.8443574905395508,False,,False,80
move_near,move_near/condition_0027,27,7,False,80,0.2512116530822567,-0.21190091967582703,0.13162288069725037,-0.02967679500579834,0.24945256559615478,0,0,transport_not_completed,1,True,2,0.0,0.025,0,8,78,,,,0,0,True,0,0,False,False,0,False,0.0,0.6880388259887695,-0.0694703608751297,0.8740342855453491,False,0.4761379063129425,0.062152519822120667,0.8443574905395508,False,,False,80
move_near,move_near/condition_0027,27,8,False,80,0.2512116530822567,-0.21190091967582703,0.13162288069725037,-0.02967679500579834,0.24945256559615478,0,0,transport_not_completed,1,True,2,0.0,0.025,0,9,78,,,,0,0,True,0,0,False,False,0,False,0.0,0.6880388259887695,-0.0694703608751297,0.8740342855453491,False,0.4761379063129425,0.062152519822120667,0.8443574905395508,False,,False,80
move_near,move_near/condition_0027,27,9,False,80,0.2512116530822567,-0.21190091967582703,0.13162288069725037,-0.02967679500579834,0.24945256559615478,0,0,transport_not_completed,1,True,2,0.0,0.025,0,10,78,,,,0,0,True,0,0,False,False,0,False,0.0,0.6880388259887695,-0.0694703608751297,0.8740342855453491,False,0.4761379063129425,0.062152519822120667,0.8443574905395508,False,,False,80
move_near,move_near/condition_0027,27,10,False,80,0.2512116530822567,-0.21190091967582703,0.13162288069725037,-0.02967679500579834,0.24945256559615478,0,0,transport_not_completed,1,True,2,0.0,0.025,0,11,78,,,,0,0,True,0,0,False,False,0,False,0.0,0.6880388259887695,-0.0694703608751297,0.8740342855453491,False,0.4761379063129425,0.062152519822120667,0.8443574905395508,False,,False,80
move_near,move_near/condition_0027,27,11,False,80,0.2512116530822567,-0.21190091967582703,0.13162288069725037,-0.02967679500579834,0.24945256559615478,0,0,transport_not_completed,1,True,2,0.0,0.025,0,12,78,,,,0,0,True,0,0,False,False,0,False,0.0,0.6880388259887695,-0.0694703608751297,0.8740342855453491,False,0.4761379063129425,0.062152519822120667,0.8443574905395508,False,,False,80
move_near,move_near/condition_0027,27,12,False,80,0.2512116530822567,-0.21190091967582703,0.13162288069725037,-0.02967679500579834,0.24945256559615478,0,0,transport_not_completed,1,True,2,0.0,0.025,0,13,78,,,,0,0,True,0,0,False,False,0,False,0.0,0.6880388259887695,-0.0694703608751297,0.8740342855453491,False,0.4761379063129425,0.062152519822120667,0.8443574905395508,False,,False,80
move_near,move_near/condition_0027,27,13,False,80,0.2512116530822567,-0.21190091967582703,0.13162288069725037,-0.02967679500579834,0.24945256559615478,0,0,transport_not_completed,1,True,2,0.0,0.025,0,14,78,,,,0,0,True,0,0,False,False,0,False,0.0,0.6880388259887695,-0.0694703608751297,0.8740342855453491,False,0.4761379063129425,0.062152519822120667,0.8443574905395508,False,,False,80
move_near,move_near/condition_0027,27,14,False,80,0.2512116530822567,-0.21190091967582703,0.13162288069725037,-0.02967679500579834,0.24945256559615478,0,0,transport_not_completed,1,True,2,0.0,0.025,0,15,78,,,,0,0,True,0,0,False,False,0,False,0.0,0.6880388259887695,-0.0694703608751297,0.8740342855453491,False,0.4761379063129425,0.062152519822120667,0.8443574905395508,False,,False,80
move_near,move_near/condition_0027,27,15,False,80,0.2512116530822567,-0.21190091967582703,0.13162288069725037,-0.02967679500579834,0.24945256559615478,0,0,transport_not_completed,1,True,2,0.0,0.025,0,16,78,,,,0,0,True,0,0,False,False,0,False,0.0,0.6880388259887695,-0.0694703608751297,0.8740342855453491,False,0.4761379063129425,0.062152519822120667,0.8443574905395508,False,,False,80
move_near,move_near/condition_0027,27,16,False,80,0.2512116530822567,-0.21190091967582703,0.13162288069725037,-0.02967679500579834,0.24945256559615478,0,0,transport_not_completed,1,True,2,0.0,0.025,0,17,78,,,,0,0,True,0,0,False,False,0,False,0.0,0.6880388259887695,-0.0694703608751297,0.8740342855453491,False,0.4761379063129425,0.062152519822120667,0.8443574905395508,False,,False,80
move_near,move_near/condition_0027,27,17,False,80,0.2512116530822567,-0.21190091967582703,0.13162288069725037,-0.02967679500579834,0.24945256559615478,0,0,transport_not_completed,1,True,2,0.0,0.025,0,18,78,,,,0,0,True,0,0,False,False,0,False,0.0,0.6880388259887695,-0.0694703608751297,0.8740342855453491,False,0.4761379063129425,0.062152519822120667,0.8443574905395508,False,,False,80
move_near,move_near/condition_0027,27,18,False,80,0.2512116530822567,-0.21190091967582703,0.13162288069725037,-0.02967679500579834,0.24945256559615478,0,0,transport_not_completed,1,True,2,0.0,0.025,0,19,78,,,,0,0,True,0,0,False,False,0,False,0.0,0.6880388259887695,-0.0694703608751297,0.8740342855453491,False,0.4761379063129425,0.062152519822120667,0.8443574905395508,False,,False,80
move_near,move_near/condition_0027,27,19,False,80,0.2512116530822567,-0.21190091967582703,0.13162288069725037,-0.02967679500579834,0.24945256559615478,0,0,transport_not_completed,1,True,2,0.0,0.025,0,20,78,,,,0,0,True,0,0,False,False,0,False,0.0,0.6880388259887695,-0.0694703608751297,0.8740342855453491,False,0.4761379063129425,0.062152519822120667,0.8443574905395508,False,,False,80
move_near,move_near/condition_0027,27,20,False,80,0.2512116530822567,-0.21190091967582703,0.13162288069725037,-0.02967679500579834,0.24945256559615478,0,0,transport_not_completed,1,True,2,0.0,0.025,0,21,78,,,,0,0,True,0,0,False,False,0,False,0.0,0.6880388259887695,-0.0694703608751297,0.8740342855453491,False,0.4761379063129425,0.062152519822120667,0.8443574905395508,False,,False,80
move_near,move_near/condition_0027,27,21,False,80,0.2512116530822567,-0.21190091967582703,0.13162288069725037,-0.02967679500579834,0.24945256559615478,0,0,transport_not_completed,1,True,2,0.0,0.025,0,22,78,,,,0,0,True,0,0,False,False,0,False,0.0,0.6880388259887695,-0.0694703608751297,0.8740342855453491,False,0.4761379063129425,0.062152519822120667,0.8443574905395508,False,,False,80
move_near,move_near/condition_0027,27,22,False,80,0.2512116530822567,-0.21190091967582703,0.13162288069725037,-0.02967679500579834,0.24945256559615478,0,0,transport_not_completed,1,True,2,0.0,0.025,0,23,78,,,,0,0,True,0,0,False,False,0,False,0.0,0.6880388259887695,-0.0694703608751297,0.8740342855453491,False,0.4761379063129425,0.062152519822120667,0.8443574905395508,False,,False,80
move_near,move_near/condition_0027,27,23,False,80,0.2512116530822567,-0.21190091967582703,0.13162288069725037,-0.02967679500579834,0.24945256559615478,0,0,transport_not_completed,1,True,2,0.0,0.025,0,24,78,,,,0,0,True,0,0,False,False,0,False,0.0,0.6880388259887695,-0.0694703608751297,0.8740342855453491,False,0.4761379063129425,0.062152519822120667,0.8443574905395508,False,,False,80
move_near,move_near/condition_0027,27,24,False,80,0.2512116530822567,-0.21190091967582703,0.13162288069725037,-0.02967679500579834,0.24945256559615478,0,0,transport_not_completed,1,True,2,0.0,0.025,0,25,78,,,,0,0,True,0,0,False,False,0,False,0.0,0.6880388259887695,-0.0694703608751297,0.8740342855453491,False,0.4761379063129425,0.062152519822120667,0.8443574905395508,False,,False,80
move_near,move_near/condition_0027,27,25,False,80,0.2512116530822567,-0.21190091967582703,0.13162288069725037,-0.02967679500579834,0.24945256559615478,0,0,transport_not_completed,1,True,2,0.0,0.025,0,26,78,,,,0,0,True,0,0,False,False,0,False,0.0,0.6880388259887695,-0.0694703608751297,0.8740342855453491,False,0.4761379063129425,0.062152519822120667,0.8443574905395508,False,,False,80
move_near,move_near/condition_0027,27,26,False,80,0.2512116530822567,-0.21190091967582703,0.13162288069725037,-0.02967679500579834,0.24945256559615478,0,0,transport_not_completed,1,True,2,0.0,0.025,0,27,78,,,,0,0,True,0,0,False,False,0,False,0.0,0.6880388259887695,-0.0694703608751297,0.8740342855453491,False,0.4761379063129425,0.062152519822120667,0.8443574905395508,False,,False,80
move_near,move_near/condition_0027,27,27,False,80,0.2512116530822567,-0.21190091967582703,0.13162288069725037,-0.02967679500579834,0.24945256559615478,0,0,transport_not_completed,1,True,2,0.0,0.025,0,28,78,,,,0,0,True,0,0,False,False,0,False,0.0,0.6880388259887695,-0.0694703608751297,0.8740342855453491,False,0.4761379063129425,0.062152519822120667,0.8443574905395508,False,,False,80
move_near,move_near/condition_0027,27,28,False,80,0.2512116530822567,-0.21190091967582703,0.13162288069725037,-0.02967679500579834,0.24945256559615478,0,0,transport_not_completed,1,True,2,0.0,0.025,0,29,78,,,,0,0,True,0,0,False,False,0,False,0.0,0.6880388259887695,-0.0694703608751297,0.8740342855453491,False,0.4761379063129425,0.062152519822120667,0.8443574905395508,False,,False,80
move_near,move_near/condition_0027,27,29,False,80,0.2512116530822567,-0.21190091967582703,0.13162288069725037,-0.02967679500579834,0.24945256559615478,0,0,transport_not_completed,1,True,2,0.0,0.025,0,30,78,,,,0,0,True,0,0,False,False,0,False,0.0,0.6880388259887695,-0.0694703608751297,0.8740342855453491,False,0.4761379063129425,0.062152519822120667,0.8443574905395508,False,,False,80
move_near,move_near/condition_0027,27,30,False,80,0.2512116530822567,-0.21190091967582703,0.13162288069725037,-0.02967679500579834,0.24945256559615478,0,0,transport_not_completed,1,True,2,0.0,0.025,0,31,78,,,,0,0,True,0,0,False,False,0,False,0.0,0.6880388259887695,-0.0694703608751297,0.8740342855453491,False,0.4761379063129425,0.062152519822120667,0.8443574905395508,False,,False,80
move_near,move_near/condition_0027,27,31,False,80,0.2512116530822567,-0.21190091967582703,0.13162288069725037,-0.02967679500579834,0.24945256559615478,0,0,transport_not_completed,1,True,2,0.0,0.025,0,32,78,,,,0,0,True,0,0,False,False,0,False,0.0,0.6880388259887695,-0.0694703608751297,0.8740342855453491,False,0.4761379063129425,0.062152519822120667,0.8443574905395508,False,,False,80
move_near,move_near/condition_0027,27,32,False,80,0.2512116530822567,-0.21190091967582703,0.13162288069725037,-0.02967679500579834,0.24945256559615478,0,0,transport_not_completed,1,True,2,0.0,0.025,0,33,78,,,,0,0,True,0,0,False,False,0,False,0.0,0.6880388259887695,-0.0694703608751297,0.8740342855453491,False,0.4761379063129425,0.062152519822120667,0.8443574905395508,False,,False,80
move_near,move_near/condition_0027,27,33,False,80,0.2512116530822567,-0.21190091967582703,0.13162288069725037,-0.02967679500579834,0.24945256559615478,0,0,transport_not_completed,1,True,2,0.0,0.025,0,34,78,,,,0,0,True,0,0,False,False,0,False,0.0,0.6880388259887695,-0.0694703608751297,0.8740342855453491,False,0.4761379063129425,0.062152519822120667,0.8443574905395508,False,,False,80
move_near,move_near/condition_0027,27,34,False,80,0.2512116530822567,-0.21190091967582703,0.13162288069725037,-0.02967679500579834,0.24945256559615478,0,0,transport_not_completed,1,True,2,0.0,0.025,0,35,78,,,,0,0,True,0,0,False,False,0,False,0.0,0.6880388259887695,-0.0694703608751297,0.8740342855453491,False,0.4761379063129425,0.062152519822120667,0.8443574905395508,False,,False,80
move_near,move_near/condition_0027,27,35,False,80,0.2512116530822567,-0.21190091967582703,0.13162288069725037,-0.02967679500579834,0.24945256559615478,0,0,transport_not_completed,1,True,2,0.0,0.025,0,36,78,,,,0,0,True,0,0,False,False,0,False,0.0,0.6880388259887695,-0.0694703608751297,0.8740342855453491,False,0.4761379063129425,0.062152519822120667,0.8443574905395508,False,,False,80
move_near,move_near/condition_0027,27,36,False,80,0.2512116530822567,-0.21190091967582703,0.13162288069725037,-0.02967679500579834,0.24945256559615478,0,0,transport_not_completed,1,True,2,0.0,0.025,0,37,78,,,,0,0,True,0,0,False,False,0,False,0.0,0.6880388259887695,-0.0694703608751297,0.8740342855453491,False,0.4761379063129425,0.062152519822120667,0.8443574905395508,False,,False,80
move_near,move_near/condition_0027,27,37,False,80,0.2512116530822567,-0.21190091967582703,0.13162288069725037,-0.02967679500579834,0.24945256559615478,0,0,transport_not_completed,1,True,2,0.0,0.025,0,38,78,,,,0,0,True,0,0,False,False,0,False,0.0,0.6880388259887695,-0.0694703608751297,0.8740342855453491,False,0.4761379063129425,0.062152519822120667,0.8443574905395508,False,,False,80
move_near,move_near/condition_0027,27,38,False,80,0.2512116530822567,-0.21190091967582703,0.13162288069725037,-0.02967679500579834,0.24945256559615478,0,0,transport_not_completed,1,True,2,0.0,0.025,0,39,78,,,,0,0,True,0,0,False,False,0,False,0.0,0.6880388259887695,-0.0694703608751297,0.8740342855453491,False,0.4761379063129425,0.062152519822120667,0.8443574905395508,False,,False,80
move_near,move_near/condition_0027,27,39,False,80,0.2512116530822567,-0.21190091967582703,0.13162288069725037,-0.02967679500579834,0.24945256559615478,0,0,transport_not_completed,1,True,2,0.0,0.025,0,40,78,,,,0,0,True,0,0,False,False,0,False,0.0,0.6880388259887695,-0.0694703608751297,0.8740342855453491,False,0.4761379063129425,0.062152519822120667,0.8443574905395508,False,,False,80
move_near,move_near/condition_0027,27,40,False,80,0.2512116530822567,-0.21190091967582703,0.13162288069725037,-0.02967679500579834,0.24945256559615478,0,0,transport_not_completed,1,True,2,0.0,0.025,0,41,78,,,,0,0,True,0,0,False,False,0,False,0.0,0.6880388259887695,-0.0694703608751297,0.8740342855453491,False,0.4761379063129425,0.062152519822120667,0.8443574905395508,False,,False,80
move_near,move_near/condition_0027,27,41,False,80,0.2512116530822567,-0.21190091967582703,0.13162288069725037,-0.02967679500579834,0.24945256559615478,0,0,transport_not_completed,1,True,2,0.0,0.025,0,42,78,,,,0,0,True,0,0,False,False,0,False,0.0,0.6880388259887695,-0.0694703608751297,0.8740342855453491,False,0.4761379063129425,0.062152519822120667,0.8443574905395508,False,,False,80
move_near,move_near/condition_0027,27,42,False,80,0.2512116530822567,-0.21190091967582703,0.13162288069725037,-0.02967679500579834,0.24945256559615478,0,0,transport_not_completed,1,True,2,0.0,0.025,0,43,78,,,,0,0,True,0,0,False,False,0,False,0.0,0.6880388259887695,-0.0694703608751297,0.8740342855453491,False,0.4761379063129425,0.062152519822120667,0.8443574905395508,False,,False,80
move_near,move_near/condition_0027,27,43,False,80,0.2512116530822567,-0.21190091967582703,0.13162288069725037,-0.02967679500579834,0.24945256559615478,0,0,transport_not_completed,1,True,2,0.0,0.025,0,44,78,,,,0,0,True,0,0,False,False,0,False,0.0,0.6880388259887695,-0.0694703608751297,0.8740342855453491,False,0.4761379063129425,0.062152519822120667,0.8443574905395508,False,,False,80
move_near,move_near/condition_0027,27,44,False,80,0.2512116530822567,-0.21190091967582703,0.13162288069725037,-0.02967679500579834,0.24945256559615478,0,0,transport_not_completed,1,True,2,0.0,0.025,0,45,78,,,,0,0,True,0,0,False,False,0,False,0.0,0.6880388259887695,-0.0694703608751297,0.8740342855453491,False,0.4761379063129425,0.062152519822120667,0.8443574905395508,False,,False,80
move_near,move_near/condition_0027,27,45,False,80,0.2512116530822567,-0.21190091967582703,0.13162288069725037,-0.02967679500579834,0.24945256559615478,0,0,transport_not_completed,1,True,2,0.0,0.025,0,46,78,,,,0,0,True,0,0,False,False,0,False,0.0,0.6880388259887695,-0.0694703608751297,0.8740342855453491,False,0.4761379063129425,0.062152519822120667,0.8443574905395508,False,,False,80
move_near,move_near/condition_0027,27,46,False,80,0.2512116530822567,-0.21190091967582703,0.13162288069725037,-0.02967679500579834,0.24945256559615478,0,0,transport_not_completed,1,True,2,0.0,0.025,0,47,78,,,,0,0,True,0,0,False,False,0,False,0.0,0.6880388259887695,-0.0694703608751297,0.8740342855453491,False,0.4761379063129425,0.062152519822120667,0.8443574905395508,False,,False,80
move_near,move_near/condition_0027,27,47,False,80,0.2512116530822567,-0.21190091967582703,0.13162288069725037,-0.02967679500579834,0.24945256559615478,0,0,transport_not_completed,1,True,2,0.0,0.025,0,48,78,,,,0,0,True,0,0,False,False,0,False,0.0,0.6880388259887695,-0.0694703608751297,0.8740342855453491,False,0.4761379063129425,0.062152519822120667,0.8443574905395508,False,,False,80
move_near,move_near/condition_0027,27,48,False,80,0.2512116530822567,-0.21190091967582703,0.13162288069725037,-0.02967679500579834,0.24945256559615478,0,0,transport_not_completed,1,True,2,0.0,0.025,0,49,78,,,,0,0,True,0,0,False,False,0,False,0.0,0.6880388259887695,-0.0694703608751297,0.8740342855453491,False,0.4761379063129425,0.062152519822120667,0.8443574905395508,False,,False,80
move_near,move_near/condition_0027,27,49,False,80,0.2512116530822567,-0.21190091967582703,0.13162288069725037,-0.02967679500579834,0.24945256559615478,0,0,transport_not_completed,1,True,2,0.0,0.025,0,50,78,,,,0,0,True,0,0,False,False,0,False,0.0,0.6880388259887695,-0.0694703608751297,0.8740342855453491,False,0.4761379063129425,0.062152519822120667,0.8443574905395508,False,,False,80
move_near,move_near/condition_0027,27,50,False,80,0.2512116530822567,-0.21190091967582703,0.13162288069725037,-0.02967679500579834,0.24945256559615478,0,0,transport_not_completed,1,True,2,0.0,0.025,0,51,78,,,,0,0,True,0,0,False,False,0,False,0.0,0.6880388259887695,-0.0694703608751297,0.8740342855453491,False,0.4761379063129425,0.062152519822120667,0.8443574905395508,False,,False,80
move_near,move_near/condition_0027,27,51,False,80,0.2512116530822567,-0.21190091967582703,0.13162288069725037,-0.02967679500579834,0.24945256559615478,0,0,transport_not_completed,1,True,2,0.0,0.025,0,52,78,,,,0,0,True,0,0,False,False,0,False,0.0,0.6880388259887695,-0.0694703608751297,0.8740342855453491,False,0.4761379063129425,0.062152519822120667,0.8443574905395508,False,,False,80
move_near,move_near/condition_0027,27,52,False,80,0.2512116530822567,-0.21190091967582703,0.13162288069725037,-0.02967679500579834,0.24945256559615478,0,0,transport_not_completed,1,True,2,0.0,0.025,0,53,78,,,,0,0,True,0,0,False,False,0,False,0.0,0.6880388259887695,-0.0694703608751297,0.8740342855453491,False,0.4761379063129425,0.062152519822120667,0.8443574905395508,False,,False,80
move_near,move_near/condition_0027,27,53,False,80,0.2512116530822567,-0.21190091967582703,0.13162288069725037,-0.02967679500579834,0.24945256559615478,0,0,transport_not_completed,1,True,2,0.0,0.025,0,54,78,,,,0,0,True,0,0,False,False,0,False,0.0,0.6880388259887695,-0.0694703608751297,0.8740342855453491,False,0.4761379063129425,0.062152519822120667,0.8443574905395508,False,,False,80
move_near,move_near/condition_0027,27,54,False,80,0.2512116530822567,-0.21190091967582703,0.13162288069725037,-0.02967679500579834,0.24945256559615478,0,0,transport_not_completed,1,True,2,0.0,0.025,0,55,78,,,,0,0,True,0,0,False,False,0,False,0.0,0.6880388259887695,-0.0694703608751297,0.8740342855453491,False,0.4761379063129425,0.062152519822120667,0.8443574905395508,False,,False,80
move_near,move_near/condition_0027,27,55,False,80,0.2512116530822567,-0.21190091967582703,0.13162288069725037,-0.02967679500579834,0.24945256559615478,0,0,transport_not_completed,1,True,2,0.0,0.025,0,56,78,,,,0,0,True,0,0,False,False,0,False,0.0,0.6880388259887695,-0.0694703608751297,0.8740342855453491,False,0.4761379063129425,0.062152519822120667,0.8443574905395508,False,,False,80
move_near,move_near/condition_0027,27,56,False,80,0.2512116530822567,-0.21190091967582703,0.13162288069725037,-0.02967679500579834,0.24945256559615478,0,0,transport_not_completed,1,True,2,0.0,0.025,0,57,78,,,,0,0,True,0,0,False,False,0,False,0.0,0.6880388259887695,-0.0694703608751297,0.8740342855453491,False,0.4761379063129425,0.062152519822120667,0.8443574905395508,False,,False,80
move_near,move_near/condition_0027,27,57,False,80,0.2512116530822567,-0.21190091967582703,0.13162288069725037,-0.02967679500579834,0.24945256559615478,0,0,transport_not_completed,1,True,2,0.0,0.025,0,58,78,,,,0,0,True,0,0,False,False,0,False,0.0,0.6880388259887695,-0.0694703608751297,0.8740342855453491,False,0.4761379063129425,0.062152519822120667,0.8443574905395508,False,,False,80
move_near,move_near/condition_0027,27,58,False,80,0.2512116530822567,-0.21190091967582703,0.13162288069725037,-0.02967679500579834,0.24945256559615478,0,0,transport_not_completed,1,True,2,0.0,0.025,0,59,78,,,,0,0,True,0,0,False,False,0,False,0.0,0.6880388259887695,-0.0694703608751297,0.8740342855453491,False,0.4761379063129425,0.062152519822120667,0.8443574905395508,False,,False,80
move_near,move_near/condition_0027,27,59,False,80,0.2512116530822567,-0.21190091967582703,0.13162288069725037,-0.02967679500579834,0.24945256559615478,0,0,transport_not_completed,1,True,2,0.0,0.025,0,60,78,,,,0,0,True,0,0,False,False,0,False,0.0,0.6880388259887695,-0.0694703608751297,0.8740342855453491,False,0.4761379063129425,0.062152519822120667,0.8443574905395508,False,,False,80
move_near,move_near/condition_0027,27,60,False,80,0.2512116530822567,-0.21190091967582703,0.13162288069725037,-0.02967679500579834,0.24945256559615478,0,0,transport_not_completed,1,True,2,0.0,0.025,0,61,78,,,,0,0,True,0,0,False,False,0,False,0.0,0.6880388259887695,-0.0694703608751297,0.8740342855453491,False,0.4761379063129425,0.062152519822120667,0.8443574905395508,False,,False,80
move_near,move_near/condition_0027,27,61,False,80,0.2512116530822567,-0.21190091967582703,0.13162288069725037,-0.02967679500579834,0.24945256559615478,0,0,transport_not_completed,1,True,2,0.0,0.025,0,62,78,,,,0,0,True,0,0,False,False,0,False,0.0,0.6880388259887695,-0.0694703608751297,0.8740342855453491,False,0.4761379063129425,0.062152519822120667,0.8443574905395508,False,,False,80
move_near,move_near/condition_0027,27,62,False,80,0.2512116530822567,-0.21190091967582703,0.13162288069725037,-0.02967679500579834,0.24945256559615478,0,0,transport_not_completed,1,True,2,0.0,0.025,0,63,78,,,,0,0,True,0,0,False,False,0,False,0.0,0.6880388259887695,-0.0694703608751297,0.8740342855453491,False,0.4761379063129425,0.062152519822120667,0.8443574905395508,False,,False,80
move_near,move_near/condition_0027,27,63,False,80,0.2512116530822567,-0.21190091967582703,0.13162288069725037,-0.02967679500579834,0.24945256559615478,0,0,transport_not_completed,1,True,2,0.0,0.025,0,64,78,,,,0,0,True,0,0,False,False,0,False,0.0,0.6880388259887695,-0.0694703608751297,0.8740342855453491,False,0.4761379063129425,0.062152519822120667,0.8443574905395508,False,,False,80
move_near,move_near/condition_0027,27,64,False,80,0.2512116530822567,-0.21190091967582703,0.13162288069725037,-0.02967679500579834,0.24945256559615478,0,0,transport_not_completed,1,True,2,0.0,0.025,0,65,78,,,,0,0,True,0,0,False,False,0,False,0.0,0.6880388259887695,-0.0694703608751297,0.8740342855453491,False,0.4761379063129425,0.062152519822120667,0.8443574905395508,False,,False,80
move_near,move_near/condition_0027,27,65,False,80,0.2512116530822567,-0.21190091967582703,0.13162288069725037,-0.02967679500579834,0.24945256559615478,0,0,transport_not_completed,1,True,2,0.0,0.025,0,66,78,,,,0,0,True,0,0,False,False,0,False,0.0,0.6880388259887695,-0.0694703608751297,0.8740342855453491,False,0.4761379063129425,0.062152519822120667,0.8443574905395508,False,,False,80
move_near,move_near/condition_0027,27,66,False,80,0.2512116530822567,-0.21190091967582703,0.13162288069725037,-0.02967679500579834,0.24945256559615478,0,0,transport_not_completed,1,True,2,0.0,0.025,0,67,78,,,,0,0,True,0,0,False,False,0,False,0.0,0.6880388259887695,-0.0694703608751297,0.8740342855453491,False,0.4761379063129425,0.062152519822120667,0.8443574905395508,False,,False,80
move_near,move_near/condition_0027,27,67,False,80,0.2512116530822567,-0.21190091967582703,0.13162288069725037,-0.02967679500579834,0.24945256559615478,0,0,transport_not_completed,1,True,2,0.0,0.025,0,68,78,,,,0,0,True,0,0,False,False,0,False,0.0,0.6880388259887695,-0.0694703608751297,0.8740342855453491,False,0.4761379063129425,0.062152519822120667,0.8443574905395508,False,,False,80
move_near,move_near/condition_0027,27,68,False,80,0.2512116530822567,-0.21190091967582703,0.13162288069725037,-0.02967679500579834,0.24945256559615478,0,0,transport_not_completed,1,True,2,0.0,0.025,0,69,78,,,,0,0,True,0,0,False,False,0,False,0.0,0.6880388259887695,-0.0694703608751297,0.8740342855453491,False,0.4761379063129425,0.062152519822120667,0.8443574905395508,False,,False,80
move_near,move_near/condition_0027,27,69,False,80,0.2512116530822567,-0.21190091967582703,0.13162288069725037,-0.02967679500579834,0.24945256559615478,0,0,transport_not_completed,1,True,2,0.0,0.025,0,70,78,,,,0,0,True,0,0,False,False,0,False,0.0,0.6880388259887695,-0.0694703608751297,0.8740342855453491,False,0.4761379063129425,0.062152519822120667,0.8443574905395508,False,,False,80
move_near,move_near/condition_0027,27,70,False,80,0.2512116530822567,-0.21190091967582703,0.13162288069725037,-0.02967679500579834,0.24945256559615478,0,0,transport_not_completed,1,True,2,0.0,0.025,0,71,78,,,,0,0,True,0,0,False,False,0,False,0.0,0.6880388259887695,-0.0694703608751297,0.8740342855453491,False,0.4761379063129425,0.062152519822120667,0.8443574905395508,False,,False,80
move_near,move_near/condition_0027,27,71,False,80,0.2512116530822567,-0.21190091967582703,0.13162288069725037,-0.02967679500579834,0.24945256559615478,0,0,transport_not_completed,1,True,2,0.0,0.025,0,72,78,,,,0,0,True,0,0,False,False,0,False,0.0,0.6880388259887695,-0.0694703608751297,0.8740342855453491,False,0.4761379063129425,0.062152519822120667,0.8443574905395508,False,,False,80
move_near,move_near/condition_0027,27,72,False,80,0.2512116530822567,-0.21190091967582703,0.13162288069725037,-0.02967679500579834,0.24945256559615478,0,0,transport_not_completed,1,True,2,0.0,0.025,0,73,78,,,,0,0,True,0,0,False,False,0,False,0.0,0.6880388259887695,-0.0694703608751297,0.8740342855453491,False,0.4761379063129425,0.062152519822120667,0.8443574905395508,False,,False,80
move_near,move_near/condition_0027,27,73,False,80,0.2512116530822567,-0.21190091967582703,0.13162288069725037,-0.02967679500579834,0.24945256559615478,0,0,transport_not_completed,1,True,2,0.0,0.025,0,74,78,,,,0,0,True,0,0,False,False,0,False,0.0,0.6880388259887695,-0.0694703608751297,0.8740342855453491,False,0.4761379063129425,0.062152519822120667,0.8443574905395508,False,,False,80
move_near,move_near/condition_0027,27,74,False,80,0.2512116530822567,-0.21190091967582703,0.13162288069725037,-0.02967679500579834,0.24945256559615478,0,0,transport_not_completed,1,True,2,0.0,0.025,0,75,78,,,,0,0,True,0,0,False,False,0,False,0.0,0.6880388259887695,-0.0694703608751297,0.8740342855453491,False,0.4761379063129425,0.062152519822120667,0.8443574905395508,False,,False,80
move_near,move_near/condition_0027,27,75,False,80,0.2512116530822567,-0.21190091967582703,0.13162288069725037,-0.02967679500579834,0.24945256559615478,0,0,transport_not_completed,1,True,2,0.0,0.025,0,76,78,,,,0,0,True,0,0,False,False,0,False,0.0,0.6880388259887695,-0.0694703608751297,0.8740342855453491,False,0.4761379063129425,0.062152519822120667,0.8443574905395508,False,,False,80
move_near,move_near/condition_0027,27,76,False,80,0.2512116530822567,-0.21190091967582703,0.13162288069725037,-0.02967679500579834,0.24945256559615478,0,0,transport_not_completed,1,True,2,0.0,0.025,0,77,78,,,,0,0,True,0,0,False,False,0,False,0.0,0.6880388259887695,-0.0694703608751297,0.8740342855453491,False,0.4761379063129425,0.062152519822120667,0.8443574905395508,False,,False,80
move_near,move_near/condition_0027,27,77,False,80,0.2512116530822567,-0.21190091967582703,0.13162288069725037,-0.02967679500579834,0.24945256559615478,0,0,transport_not_completed,1,True,2,0.0,0.025,0,78,78,,,,0,0,True,0,0,False,False,0,False,0.0,0.6880388259887695,-0.0694703608751297,0.8740342855453491,False,0.4761379063129425,0.062152519822120667,0.8443574905395508,False,,False,80
move_near,move_near/condition_0027,27,78,False,80,0.2512116530822567,-0.21190091967582703,0.13162288069725037,-0.02967679500579834,0.24945256559615478,0,0,transport_not_completed,1,True,2,0.012658227848101266,0.025,1,79,78,,,,0,0,True,1,1,True,False,0,False,0.0,0.6880388259887695,-0.0694703608751297,0.8740342855453491,False,0.4761379063129425,0.062152519822120667,0.8443574905395508,False,0,False,80
move_near,move_near/condition_0027,27,79,False,80,0.2512116530822567,-0.21190091967582703,0.13162288069725037,-0.02967679500579834,0.24945256559615478,0,0,transport_not_completed,1,True,2,0.025,0.025,2,80,78,,,,0,0,True,1,0,True,False,0,False,0.0,0.6880388259887695,-0.0694703608751297,0.8740342855453491,False,0.4761379063129425,0.062152519822120667,0.8443574905395508,False,1,True,80
move_near,move_near/condition_0028,28,0,True,41,0.25335011192286,0.18617898225784302,0.1686130315065384,0.03306525945663452,0.2511831360350275,0,0,success,0,True,2,0.0,0.04878048780487805,0,1,39,,40,40,0,0,True,0,0,False,False,1,False,0.0,0.4761127829551697,0.06214079260826111,0.8443577289581299,False,0.6622917652130127,0.2307538241147995,0.8774229884147644,False,,False,80
move_near,move_near/condition_0028,28,1,True,41,0.25335011192286,0.18617898225784302,0.1686130315065384,0.03306525945663452,0.2511831360350275,0,0,success,0,True,2,0.0,0.04878048780487805,0,2,39,,40,40,0,0,True,0,0,False,False,1,False,0.0,0.4761127829551697,0.06214079260826111,0.8443577289581299,False,0.6622917652130127,0.2307538241147995,0.8774229884147644,False,,False,80
move_near,move_near/condition_0028,28,2,True,41,0.25335011192286,0.18617898225784302,0.1686130315065384,0.03306525945663452,0.2511831360350275,0,0,success,0,True,2,0.0,0.04878048780487805,0,3,39,,40,40,0,0,True,0,0,False,False,1,False,0.0,0.4761127829551697,0.06214079260826111,0.8443577289581299,False,0.6622917652130127,0.2307538241147995,0.8774229884147644,False,,False,80
move_near,move_near/condition_0028,28,3,True,41,0.25335011192286,0.18617898225784302,0.1686130315065384,0.03306525945663452,0.2511831360350275,0,0,success,0,True,2,0.0,0.04878048780487805,0,4,39,,40,40,0,0,True,0,0,False,False,1,False,0.0,0.4761127829551697,0.06214079260826111,0.8443577289581299,False,0.6622917652130127,0.2307538241147995,0.8774229884147644,False,,False,80
move_near,move_near/condition_0028,28,4,True,41,0.25335011192286,0.18617898225784302,0.1686130315065384,0.03306525945663452,0.2511831360350275,0,0,success,0,True,2,0.0,0.04878048780487805,0,5,39,,40,40,0,0,True,0,0,False,False,1,False,0.0,0.4761127829551697,0.06214079260826111,0.8443577289581299,False,0.6622917652130127,0.2307538241147995,0.8774229884147644,False,,False,80
move_near,move_near/condition_0028,28,5,True,41,0.25335011192286,0.18617898225784302,0.1686130315065384,0.03306525945663452,0.2511831360350275,0,0,success,0,True,2,0.0,0.04878048780487805,0,6,39,,40,40,0,0,True,0,0,False,False,1,False,0.0,0.4761127829551697,0.06214079260826111,0.8443577289581299,False,0.6622917652130127,0.2307538241147995,0.8774229884147644,False,,False,80
move_near,move_near/condition_0028,28,6,True,41,0.25335011192286,0.18617898225784302,0.1686130315065384,0.03306525945663452,0.2511831360350275,0,0,success,0,True,2,0.0,0.04878048780487805,0,7,39,,40,40,0,0,True,0,0,False,False,1,False,0.0,0.4761127829551697,0.06214079260826111,0.8443577289581299,False,0.6622917652130127,0.2307538241147995,0.8774229884147644,False,,False,80
move_near,move_near/condition_0028,28,7,True,41,0.25335011192286,0.18617898225784302,0.1686130315065384,0.03306525945663452,0.2511831360350275,0,0,success,0,True,2,0.0,0.04878048780487805,0,8,39,,40,40,0,0,True,0,0,False,False,1,False,0.0,0.4761127829551697,0.06214079260826111,0.8443577289581299,False,0.6622917652130127,0.2307538241147995,0.8774229884147644,False,,False,80
move_near,move_near/condition_0028,28,8,True,41,0.25335011192286,0.18617898225784302,0.1686130315065384,0.03306525945663452,0.2511831360350275,0,0,success,0,True,2,0.0,0.04878048780487805,0,9,39,,40,40,0,0,True,0,0,False,False,1,False,0.0,0.4761127829551697,0.06214079260826111,0.8443577289581299,False,0.6622917652130127,0.2307538241147995,0.8774229884147644,False,,False,80
move_near,move_near/condition_0028,28,9,True,41,0.25335011192286,0.18617898225784302,0.1686130315065384,0.03306525945663452,0.2511831360350275,0,0,success,0,True,2,0.0,0.04878048780487805,0,10,39,,40,40,0,0,True,0,0,False,False,1,False,0.0,0.4761127829551697,0.06214079260826111,0.8443577289581299,False,0.6622917652130127,0.2307538241147995,0.8774229884147644,False,,False,80
move_near,move_near/condition_0028,28,10,True,41,0.25335011192286,0.18617898225784302,0.1686130315065384,0.03306525945663452,0.2511831360350275,0,0,success,0,True,2,0.0,0.04878048780487805,0,11,39,,40,40,0,0,True,0,0,False,False,1,False,0.0,0.4761127829551697,0.06214079260826111,0.8443577289581299,False,0.6622917652130127,0.2307538241147995,0.8774229884147644,False,,False,80
move_near,move_near/condition_0028,28,11,True,41,0.25335011192286,0.18617898225784302,0.1686130315065384,0.03306525945663452,0.2511831360350275,0,0,success,0,True,2,0.0,0.04878048780487805,0,12,39,,40,40,0,0,True,0,0,False,False,1,False,0.0,0.4761127829551697,0.06214079260826111,0.8443577289581299,False,0.6622917652130127,0.2307538241147995,0.8774229884147644,False,,False,80
move_near,move_near/condition_0028,28,12,True,41,0.25335011192286,0.18617898225784302,0.1686130315065384,0.03306525945663452,0.2511831360350275,0,0,success,0,True,2,0.0,0.04878048780487805,0,13,39,,40,40,0,0,True,0,0,False,False,1,False,0.0,0.4761127829551697,0.06214079260826111,0.8443577289581299,False,0.6622917652130127,0.2307538241147995,0.8774229884147644,False,,False,80
move_near,move_near/condition_0028,28,13,True,41,0.25335011192286,0.18617898225784302,0.1686130315065384,0.03306525945663452,0.2511831360350275,0,0,success,0,True,2,0.0,0.04878048780487805,0,14,39,,40,40,0,0,True,0,0,False,False,1,False,0.0,0.4761127829551697,0.06214079260826111,0.8443577289581299,False,0.6622917652130127,0.2307538241147995,0.8774229884147644,False,,False,80
move_near,move_near/condition_0028,28,14,True,41,0.25335011192286,0.18617898225784302,0.1686130315065384,0.03306525945663452,0.2511831360350275,0,0,success,0,True,2,0.0,0.04878048780487805,0,15,39,,40,40,0,0,True,0,0,False,False,1,False,0.0,0.4761127829551697,0.06214079260826111,0.8443577289581299,False,0.6622917652130127,0.2307538241147995,0.8774229884147644,False,,False,80
move_near,move_near/condition_0028,28,15,True,41,0.25335011192286,0.18617898225784302,0.1686130315065384,0.03306525945663452,0.2511831360350275,0,0,success,0,True,2,0.0,0.04878048780487805,0,16,39,,40,40,0,0,True,0,0,False,False,1,False,0.0,0.4761127829551697,0.06214079260826111,0.8443577289581299,False,0.6622917652130127,0.2307538241147995,0.8774229884147644,False,,False,80
move_near,move_near/condition_0028,28,16,True,41,0.25335011192286,0.18617898225784302,0.1686130315065384,0.03306525945663452,0.2511831360350275,0,0,success,0,True,2,0.0,0.04878048780487805,0,17,39,,40,40,0,0,True,0,0,False,False,1,False,0.0,0.4761127829551697,0.06214079260826111,0.8443577289581299,False,0.6622917652130127,0.2307538241147995,0.8774229884147644,False,,False,80
move_near,move_near/condition_0028,28,17,True,41,0.25335011192286,0.18617898225784302,0.1686130315065384,0.03306525945663452,0.2511831360350275,0,0,success,0,True,2,0.0,0.04878048780487805,0,18,39,,40,40,0,0,True,0,0,False,False,1,False,0.0,0.4761127829551697,0.06214079260826111,0.8443577289581299,False,0.6622917652130127,0.2307538241147995,0.8774229884147644,False,,False,80
move_near,move_near/condition_0028,28,18,True,41,0.25335011192286,0.18617898225784302,0.1686130315065384,0.03306525945663452,0.2511831360350275,0,0,success,0,True,2,0.0,0.04878048780487805,0,19,39,,40,40,0,0,True,0,0,False,False,1,False,0.0,0.4761127829551697,0.06214079260826111,0.8443577289581299,False,0.6622917652130127,0.2307538241147995,0.8774229884147644,False,,False,80
move_near,move_near/condition_0028,28,19,True,41,0.25335011192286,0.18617898225784302,0.1686130315065384,0.03306525945663452,0.2511831360350275,0,0,success,0,True,2,0.0,0.04878048780487805,0,20,39,,40,40,0,0,True,0,0,False,False,1,False,0.0,0.4761127829551697,0.06214079260826111,0.8443577289581299,False,0.6622917652130127,0.2307538241147995,0.8774229884147644,False,,False,80
move_near,move_near/condition_0028,28,20,True,41,0.25335011192286,0.18617898225784302,0.1686130315065384,0.03306525945663452,0.2511831360350275,0,0,success,0,True,2,0.0,0.04878048780487805,0,21,39,,40,40,0,0,True,0,0,False,False,1,False,0.0,0.4761127829551697,0.06214079260826111,0.8443577289581299,False,0.6622917652130127,0.2307538241147995,0.8774229884147644,False,,False,80
move_near,move_near/condition_0028,28,21,True,41,0.25335011192286,0.18617898225784302,0.1686130315065384,0.03306525945663452,0.2511831360350275,0,0,success,0,True,2,0.0,0.04878048780487805,0,22,39,,40,40,0,0,True,0,0,False,False,1,False,0.0,0.4761127829551697,0.06214079260826111,0.8443577289581299,False,0.6622917652130127,0.2307538241147995,0.8774229884147644,False,,False,80
move_near,move_near/condition_0028,28,22,True,41,0.25335011192286,0.18617898225784302,0.1686130315065384,0.03306525945663452,0.2511831360350275,0,0,success,0,True,2,0.0,0.04878048780487805,0,23,39,,40,40,0,0,True,0,0,False,False,1,False,0.0,0.4761127829551697,0.06214079260826111,0.8443577289581299,False,0.6622917652130127,0.2307538241147995,0.8774229884147644,False,,False,80
move_near,move_near/condition_0028,28,23,True,41,0.25335011192286,0.18617898225784302,0.1686130315065384,0.03306525945663452,0.2511831360350275,0,0,success,0,True,2,0.0,0.04878048780487805,0,24,39,,40,40,0,0,True,0,0,False,False,1,False,0.0,0.4761127829551697,0.06214079260826111,0.8443577289581299,False,0.6622917652130127,0.2307538241147995,0.8774229884147644,False,,False,80
move_near,move_near/condition_0028,28,24,True,41,0.25335011192286,0.18617898225784302,0.1686130315065384,0.03306525945663452,0.2511831360350275,0,0,success,0,True,2,0.0,0.04878048780487805,0,25,39,,40,40,0,0,True,0,0,False,False,1,False,0.0,0.4761127829551697,0.06214079260826111,0.8443577289581299,False,0.6622917652130127,0.2307538241147995,0.8774229884147644,False,,False,80
move_near,move_near/condition_0028,28,25,True,41,0.25335011192286,0.18617898225784302,0.1686130315065384,0.03306525945663452,0.2511831360350275,0,0,success,0,True,2,0.0,0.04878048780487805,0,26,39,,40,40,0,0,True,0,0,False,False,1,False,0.0,0.4761127829551697,0.06214079260826111,0.8443577289581299,False,0.6622917652130127,0.2307538241147995,0.8774229884147644,False,,False,80
move_near,move_near/condition_0028,28,26,True,41,0.25335011192286,0.18617898225784302,0.1686130315065384,0.03306525945663452,0.2511831360350275,0,0,success,0,True,2,0.0,0.04878048780487805,0,27,39,,40,40,0,0,True,0,0,False,False,1,False,0.0,0.4761127829551697,0.06214079260826111,0.8443577289581299,False,0.6622917652130127,0.2307538241147995,0.8774229884147644,False,,False,80
move_near,move_near/condition_0028,28,27,True,41,0.25335011192286,0.18617898225784302,0.1686130315065384,0.03306525945663452,0.2511831360350275,0,0,success,0,True,2,0.0,0.04878048780487805,0,28,39,,40,40,0,0,True,0,0,False,False,1,False,0.0,0.4761127829551697,0.06214079260826111,0.8443577289581299,False,0.6622917652130127,0.2307538241147995,0.8774229884147644,False,,False,80
move_near,move_near/condition_0028,28,28,True,41,0.25335011192286,0.18617898225784302,0.1686130315065384,0.03306525945663452,0.2511831360350275,0,0,success,0,True,2,0.0,0.04878048780487805,0,29,39,,40,40,0,0,True,0,0,False,False,1,False,0.0,0.4761127829551697,0.06214079260826111,0.8443577289581299,False,0.6622917652130127,0.2307538241147995,0.8774229884147644,False,,False,80
move_near,move_near/condition_0028,28,29,True,41,0.25335011192286,0.18617898225784302,0.1686130315065384,0.03306525945663452,0.2511831360350275,0,0,success,0,True,2,0.0,0.04878048780487805,0,30,39,,40,40,0,0,True,0,0,False,False,1,False,0.0,0.4761127829551697,0.06214079260826111,0.8443577289581299,False,0.6622917652130127,0.2307538241147995,0.8774229884147644,False,,False,80
move_near,move_near/condition_0028,28,30,True,41,0.25335011192286,0.18617898225784302,0.1686130315065384,0.03306525945663452,0.2511831360350275,0,0,success,0,True,2,0.0,0.04878048780487805,0,31,39,,40,40,0,0,True,0,0,False,False,1,False,0.0,0.4761127829551697,0.06214079260826111,0.8443577289581299,False,0.6622917652130127,0.2307538241147995,0.8774229884147644,False,,False,80
move_near,move_near/condition_0028,28,31,True,41,0.25335011192286,0.18617898225784302,0.1686130315065384,0.03306525945663452,0.2511831360350275,0,0,success,0,True,2,0.0,0.04878048780487805,0,32,39,,40,40,0,0,True,0,0,False,False,1,False,0.0,0.4761127829551697,0.06214079260826111,0.8443577289581299,False,0.6622917652130127,0.2307538241147995,0.8774229884147644,False,,False,80
move_near,move_near/condition_0028,28,32,True,41,0.25335011192286,0.18617898225784302,0.1686130315065384,0.03306525945663452,0.2511831360350275,0,0,success,0,True,2,0.0,0.04878048780487805,0,33,39,,40,40,0,0,True,0,0,False,False,1,False,0.0,0.4761127829551697,0.06214079260826111,0.8443577289581299,False,0.6622917652130127,0.2307538241147995,0.8774229884147644,False,,False,80
move_near,move_near/condition_0028,28,33,True,41,0.25335011192286,0.18617898225784302,0.1686130315065384,0.03306525945663452,0.2511831360350275,0,0,success,0,True,2,0.0,0.04878048780487805,0,34,39,,40,40,0,0,True,0,0,False,False,1,False,0.0,0.4761127829551697,0.06214079260826111,0.8443577289581299,False,0.6622917652130127,0.2307538241147995,0.8774229884147644,False,,False,80
move_near,move_near/condition_0028,28,34,True,41,0.25335011192286,0.18617898225784302,0.1686130315065384,0.03306525945663452,0.2511831360350275,0,0,success,0,True,2,0.0,0.04878048780487805,0,35,39,,40,40,0,0,True,0,0,False,False,1,False,0.0,0.4761127829551697,0.06214079260826111,0.8443577289581299,False,0.6622917652130127,0.2307538241147995,0.8774229884147644,False,,False,80
move_near,move_near/condition_0028,28,35,True,41,0.25335011192286,0.18617898225784302,0.1686130315065384,0.03306525945663452,0.2511831360350275,0,0,success,0,True,2,0.0,0.04878048780487805,0,36,39,,40,40,0,0,True,0,0,False,False,1,False,0.0,0.4761127829551697,0.06214079260826111,0.8443577289581299,False,0.6622917652130127,0.2307538241147995,0.8774229884147644,False,,False,80
move_near,move_near/condition_0028,28,36,True,41,0.25335011192286,0.18617898225784302,0.1686130315065384,0.03306525945663452,0.2511831360350275,0,0,success,0,True,2,0.0,0.04878048780487805,0,37,39,,40,40,0,0,True,0,0,False,False,1,False,0.0,0.4761127829551697,0.06214079260826111,0.8443577289581299,False,0.6622917652130127,0.2307538241147995,0.8774229884147644,False,,False,80
move_near,move_near/condition_0028,28,37,True,41,0.25335011192286,0.18617898225784302,0.1686130315065384,0.03306525945663452,0.2511831360350275,0,0,success,0,True,2,0.0,0.04878048780487805,0,38,39,,40,40,0,0,True,0,0,False,False,1,False,0.0,0.4761127829551697,0.06214079260826111,0.8443577289581299,False,0.6622917652130127,0.2307538241147995,0.8774229884147644,False,,False,80
move_near,move_near/condition_0028,28,38,True,41,0.25335011192286,0.18617898225784302,0.1686130315065384,0.03306525945663452,0.2511831360350275,0,0,success,0,True,2,0.0,0.04878048780487805,0,39,39,,40,40,0,0,True,0,0,False,False,1,False,0.0,0.4761127829551697,0.06214079260826111,0.8443577289581299,False,0.6622917652130127,0.2307538241147995,0.8774229884147644,False,,False,80
move_near,move_near/condition_0028,28,39,True,41,0.25335011192286,0.18617898225784302,0.1686130315065384,0.03306525945663452,0.2511831360350275,0,0,success,0,True,2,0.025,0.04878048780487805,1,40,39,,40,40,0,0,True,1,1,True,False,1,False,0.0,0.4761127829551697,0.06214079260826111,0.8443577289581299,False,0.6622917652130127,0.2307538241147995,0.8774229884147644,False,0,False,80
move_near,move_near/condition_0028,28,40,True,41,0.25335011192286,0.18617898225784302,0.1686130315065384,0.03306525945663452,0.2511831360350275,0,0,success,0,True,2,0.04878048780487805,0.04878048780487805,2,41,39,,40,40,0,0,True,3,1,True,False,1,True,1.0,0.4761127829551697,0.06214079260826111,0.8443577289581299,True,0.6622917652130127,0.2307538241147995,0.8774229884147644,True,1,False,80
move_near,move_near/condition_0029,29,0,True,50,0.25122070051311196,0.21191591024398804,-0.1316160410642624,0.02967667579650879,0.24946169100679086,0,0,success,0,True,19,0.0,0.38,0,1,31,,49,49,0,0,True,0,0,False,False,1,False,0.0,0.47612422704696655,0.06214478611946106,0.8443575501441956,False,0.6880401372909546,-0.06947125494480133,0.8740342259407043,False,,False,80
move_near,move_near/condition_0029,29,1,True,50,0.25122070051311196,0.21191591024398804,-0.1316160410642624,0.02967667579650879,0.24946169100679086,0,0,success,0,True,19,0.0,0.38,0,2,31,,49,49,0,0,True,0,0,False,False,1,False,0.0,0.47612422704696655,0.06214478611946106,0.8443575501441956,False,0.6880401372909546,-0.06947125494480133,0.8740342259407043,False,,False,80
move_near,move_near/condition_0029,29,2,True,50,0.25122070051311196,0.21191591024398804,-0.1316160410642624,0.02967667579650879,0.24946169100679086,0,0,success,0,True,19,0.0,0.38,0,3,31,,49,49,0,0,True,0,0,False,False,1,False,0.0,0.47612422704696655,0.06214478611946106,0.8443575501441956,False,0.6880401372909546,-0.06947125494480133,0.8740342259407043,False,,False,80
move_near,move_near/condition_0029,29,3,True,50,0.25122070051311196,0.21191591024398804,-0.1316160410642624,0.02967667579650879,0.24946169100679086,0,0,success,0,True,19,0.0,0.38,0,4,31,,49,49,0,0,True,0,0,False,False,1,False,0.0,0.47612422704696655,0.06214478611946106,0.8443575501441956,False,0.6880401372909546,-0.06947125494480133,0.8740342259407043,False,,False,80
move_near,move_near/condition_0029,29,4,True,50,0.25122070051311196,0.21191591024398804,-0.1316160410642624,0.02967667579650879,0.24946169100679086,0,0,success,0,True,19,0.0,0.38,0,5,31,,49,49,0,0,True,0,0,False,False,1,False,0.0,0.47612422704696655,0.06214478611946106,0.8443575501441956,False,0.6880401372909546,-0.06947125494480133,0.8740342259407043,False,,False,80
move_near,move_near/condition_0029,29,5,True,50,0.25122070051311196,0.21191591024398804,-0.1316160410642624,0.02967667579650879,0.24946169100679086,0,0,success,0,True,19,0.0,0.38,0,6,31,,49,49,0,0,True,0,0,False,False,1,False,0.0,0.47612422704696655,0.06214478611946106,0.8443575501441956,False,0.6880401372909546,-0.06947125494480133,0.8740342259407043,False,,False,80
move_near,move_near/condition_0029,29,6,True,50,0.25122070051311196,0.21191591024398804,-0.1316160410642624,0.02967667579650879,0.24946169100679086,0,0,success,0,True,19,0.0,0.38,0,7,31,,49,49,0,0,True,0,0,False,False,1,False,0.0,0.47612422704696655,0.06214478611946106,0.8443575501441956,False,0.6880401372909546,-0.06947125494480133,0.8740342259407043,False,,False,80
move_near,move_near/condition_0029,29,7,True,50,0.25122070051311196,0.21191591024398804,-0.1316160410642624,0.02967667579650879,0.24946169100679086,0,0,success,0,True,19,0.0,0.38,0,8,31,,49,49,0,0,True,0,0,False,False,1,False,0.0,0.47612422704696655,0.06214478611946106,0.8443575501441956,False,0.6880401372909546,-0.06947125494480133,0.8740342259407043,False,,False,80
move_near,move_near/condition_0029,29,8,True,50,0.25122070051311196,0.21191591024398804,-0.1316160410642624,0.02967667579650879,0.24946169100679086,0,0,success,0,True,19,0.0,0.38,0,9,31,,49,49,0,0,True,0,0,False,False,1,False,0.0,0.47612422704696655,0.06214478611946106,0.8443575501441956,False,0.6880401372909546,-0.06947125494480133,0.8740342259407043,False,,False,80
move_near,move_near/condition_0029,29,9,True,50,0.25122070051311196,0.21191591024398804,-0.1316160410642624,0.02967667579650879,0.24946169100679086,0,0,success,0,True,19,0.0,0.38,0,10,31,,49,49,0,0,True,0,0,False,False,1,False,0.0,0.47612422704696655,0.06214478611946106,0.8443575501441956,False,0.6880401372909546,-0.06947125494480133,0.8740342259407043,False,,False,80
move_near,move_near/condition_0029,29,10,True,50,0.25122070051311196,0.21191591024398804,-0.1316160410642624,0.02967667579650879,0.24946169100679086,0,0,success,0,True,19,0.0,0.38,0,11,31,,49,49,0,0,True,0,0,False,False,1,False,0.0,0.47612422704696655,0.06214478611946106,0.8443575501441956,False,0.6880401372909546,-0.06947125494480133,0.8740342259407043,False,,False,80
move_near,move_near/condition_0029,29,11,True,50,0.25122070051311196,0.21191591024398804,-0.1316160410642624,0.02967667579650879,0.24946169100679086,0,0,success,0,True,19,0.0,0.38,0,12,31,,49,49,0,0,True,0,0,False,False,1,False,0.0,0.47612422704696655,0.06214478611946106,0.8443575501441956,False,0.6880401372909546,-0.06947125494480133,0.8740342259407043,False,,False,80
move_near,move_near/condition_0029,29,12,True,50,0.25122070051311196,0.21191591024398804,-0.1316160410642624,0.02967667579650879,0.24946169100679086,0,0,success,0,True,19,0.0,0.38,0,13,31,,49,49,0,0,True,0,0,False,False,1,False,0.0,0.47612422704696655,0.06214478611946106,0.8443575501441956,False,0.6880401372909546,-0.06947125494480133,0.8740342259407043,False,,False,80
move_near,move_near/condition_0029,29,13,True,50,0.25122070051311196,0.21191591024398804,-0.1316160410642624,0.02967667579650879,0.24946169100679086,0,0,success,0,True,19,0.0,0.38,0,14,31,,49,49,0,0,True,0,0,False,False,1,False,0.0,0.47612422704696655,0.06214478611946106,0.8443575501441956,False,0.6880401372909546,-0.06947125494480133,0.8740342259407043,False,,False,80
move_near,move_near/condition_0029,29,14,True,50,0.25122070051311196,0.21191591024398804,-0.1316160410642624,0.02967667579650879,0.24946169100679086,0,0,success,0,True,19,0.0,0.38,0,15,31,,49,49,0,0,True,0,0,False,False,1,False,0.0,0.47612422704696655,0.06214478611946106,0.8443575501441956,False,0.6880401372909546,-0.06947125494480133,0.8740342259407043,False,,False,80
move_near,move_near/condition_0029,29,15,True,50,0.25122070051311196,0.21191591024398804,-0.1316160410642624,0.02967667579650879,0.24946169100679086,0,0,success,0,True,19,0.0,0.38,0,16,31,,49,49,0,0,True,0,0,False,False,1,False,0.0,0.47612422704696655,0.06214478611946106,0.8443575501441956,False,0.6880401372909546,-0.06947125494480133,0.8740342259407043,False,,False,80
move_near,move_near/condition_0029,29,16,True,50,0.25122070051311196,0.21191591024398804,-0.1316160410642624,0.02967667579650879,0.24946169100679086,0,0,success,0,True,19,0.0,0.38,0,17,31,,49,49,0,0,True,0,0,False,False,1,False,0.0,0.47612422704696655,0.06214478611946106,0.8443575501441956,False,0.6880401372909546,-0.06947125494480133,0.8740342259407043,False,,False,80
move_near,move_near/condition_0029,29,17,True,50,0.25122070051311196,0.21191591024398804,-0.1316160410642624,0.02967667579650879,0.24946169100679086,0,0,success,0,True,19,0.0,0.38,0,18,31,,49,49,0,0,True,0,0,False,False,1,False,0.0,0.47612422704696655,0.06214478611946106,0.8443575501441956,False,0.6880401372909546,-0.06947125494480133,0.8740342259407043,False,,False,80
move_near,move_near/condition_0029,29,18,True,50,0.25122070051311196,0.21191591024398804,-0.1316160410642624,0.02967667579650879,0.24946169100679086,0,0,success,0,True,19,0.0,0.38,0,19,31,,49,49,0,0,True,0,0,False,False,1,False,0.0,0.47612422704696655,0.06214478611946106,0.8443575501441956,False,0.6880401372909546,-0.06947125494480133,0.8740342259407043,False,,False,80
move_near,move_near/condition_0029,29,19,True,50,0.25122070051311196,0.21191591024398804,-0.1316160410642624,0.02967667579650879,0.24946169100679086,0,0,success,0,True,19,0.0,0.38,0,20,31,,49,49,0,0,True,0,0,False,False,1,False,0.0,0.47612422704696655,0.06214478611946106,0.8443575501441956,False,0.6880401372909546,-0.06947125494480133,0.8740342259407043,False,,False,80
move_near,move_near/condition_0029,29,20,True,50,0.25122070051311196,0.21191591024398804,-0.1316160410642624,0.02967667579650879,0.24946169100679086,0,0,success,0,True,19,0.0,0.38,0,21,31,,49,49,0,0,True,0,0,False,False,1,False,0.0,0.47612422704696655,0.06214478611946106,0.8443575501441956,False,0.6880401372909546,-0.06947125494480133,0.8740342259407043,False,,False,80
move_near,move_near/condition_0029,29,21,True,50,0.25122070051311196,0.21191591024398804,-0.1316160410642624,0.02967667579650879,0.24946169100679086,0,0,success,0,True,19,0.0,0.38,0,22,31,,49,49,0,0,True,0,0,False,False,1,False,0.0,0.47612422704696655,0.06214478611946106,0.8443575501441956,False,0.6880401372909546,-0.06947125494480133,0.8740342259407043,False,,False,80
move_near,move_near/condition_0029,29,22,True,50,0.25122070051311196,0.21191591024398804,-0.1316160410642624,0.02967667579650879,0.24946169100679086,0,0,success,0,True,19,0.0,0.38,0,23,31,,49,49,0,0,True,0,0,False,False,1,False,0.0,0.47612422704696655,0.06214478611946106,0.8443575501441956,False,0.6880401372909546,-0.06947125494480133,0.8740342259407043,False,,False,80
move_near,move_near/condition_0029,29,23,True,50,0.25122070051311196,0.21191591024398804,-0.1316160410642624,0.02967667579650879,0.24946169100679086,0,0,success,0,True,19,0.0,0.38,0,24,31,,49,49,0,0,True,0,0,False,False,1,False,0.0,0.47612422704696655,0.06214478611946106,0.8443575501441956,False,0.6880401372909546,-0.06947125494480133,0.8740342259407043,False,,False,80
move_near,move_near/condition_0029,29,24,True,50,0.25122070051311196,0.21191591024398804,-0.1316160410642624,0.02967667579650879,0.24946169100679086,0,0,success,0,True,19,0.0,0.38,0,25,31,,49,49,0,0,True,0,0,False,False,1,False,0.0,0.47612422704696655,0.06214478611946106,0.8443575501441956,False,0.6880401372909546,-0.06947125494480133,0.8740342259407043,False,,False,80
move_near,move_near/condition_0029,29,25,True,50,0.25122070051311196,0.21191591024398804,-0.1316160410642624,0.02967667579650879,0.24946169100679086,0,0,success,0,True,19,0.0,0.38,0,26,31,,49,49,0,0,True,0,0,False,False,1,False,0.0,0.47612422704696655,0.06214478611946106,0.8443575501441956,False,0.6880401372909546,-0.06947125494480133,0.8740342259407043,False,,False,80
move_near,move_near/condition_0029,29,26,True,50,0.25122070051311196,0.21191591024398804,-0.1316160410642624,0.02967667579650879,0.24946169100679086,0,0,success,0,True,19,0.0,0.38,0,27,31,,49,49,0,0,True,0,0,False,False,1,False,0.0,0.47612422704696655,0.06214478611946106,0.8443575501441956,False,0.6880401372909546,-0.06947125494480133,0.8740342259407043,False,,False,80
move_near,move_near/condition_0029,29,27,True,50,0.25122070051311196,0.21191591024398804,-0.1316160410642624,0.02967667579650879,0.24946169100679086,0,0,success,0,True,19,0.0,0.38,0,28,31,,49,49,0,0,True,0,0,False,False,1,False,0.0,0.47612422704696655,0.06214478611946106,0.8443575501441956,False,0.6880401372909546,-0.06947125494480133,0.8740342259407043,False,,False,80
move_near,move_near/condition_0029,29,28,True,50,0.25122070051311196,0.21191591024398804,-0.1316160410642624,0.02967667579650879,0.24946169100679086,0,0,success,0,True,19,0.0,0.38,0,29,31,,49,49,0,0,True,0,0,False,False,1,False,0.0,0.47612422704696655,0.06214478611946106,0.8443575501441956,False,0.6880401372909546,-0.06947125494480133,0.8740342259407043,False,,False,80
move_near,move_near/condition_0029,29,29,True,50,0.25122070051311196,0.21191591024398804,-0.1316160410642624,0.02967667579650879,0.24946169100679086,0,0,success,0,True,19,0.0,0.38,0,30,31,,49,49,0,0,False,0,0,False,False,1,False,0.0,0.47612422704696655,0.06214478611946106,0.8443575501441956,False,0.6880401372909546,-0.06947125494480133,0.8740342259407043,False,,False,80
move_near,move_near/condition_0029,29,30,True,50,0.25122070051311196,0.21191591024398804,-0.1316160410642624,0.02967667579650879,0.24946169100679086,0,0,success,0,True,19,0.0,0.38,0,31,31,,49,49,0,0,False,0,0,False,False,1,False,0.0,0.47612422704696655,0.06214478611946106,0.8443575501441956,False,0.6880401372909546,-0.06947125494480133,0.8740342259407043,False,,False,80
move_near,move_near/condition_0029,29,31,True,50,0.25122070051311196,0.21191591024398804,-0.1316160410642624,0.02967667579650879,0.24946169100679086,0,0,success,0,True,19,0.03125,0.38,1,32,31,,49,49,0,0,False,1,1,True,False,1,False,0.0,0.47612422704696655,0.06214478611946106,0.8443575501441956,False,0.6880401372909546,-0.06947125494480133,0.8740342259407043,False,0,False,80
move_near,move_near/condition_0029,29,32,True,50,0.25122070051311196,0.21191591024398804,-0.1316160410642624,0.02967667579650879,0.24946169100679086,0,0,success,0,True,19,0.06060606060606061,0.38,2,33,31,,49,49,0,0,False,1,0,True,False,1,False,0.0,0.47612422704696655,0.06214478611946106,0.8443575501441956,False,0.6880401372909546,-0.06947125494480133,0.8740342259407043,False,1,False,80
move_near,move_near/condition_0029,29,33,True,50,0.25122070051311196,0.21191591024398804,-0.1316160410642624,0.02967667579650879,0.24946169100679086,0,0,success,0,True,19,0.08823529411764706,0.38,3,34,31,,49,49,0,0,False,1,0,True,False,1,False,0.0,0.47612422704696655,0.06214478611946106,0.8443575501441956,False,0.6880401372909546,-0.06947125494480133,0.8740342259407043,False,2,False,80
move_near,move_near/condition_0029,29,34,True,50,0.25122070051311196,0.21191591024398804,-0.1316160410642624,0.02967667579650879,0.24946169100679086,0,0,success,0,True,19,0.11428571428571428,0.38,4,35,31,,49,49,0,0,False,1,0,True,False,1,False,0.0,0.47612422704696655,0.06214478611946106,0.8443575501441956,False,0.6880401372909546,-0.06947125494480133,0.8740342259407043,False,3,False,80
move_near,move_near/condition_0029,29,35,True,50,0.25122070051311196,0.21191591024398804,-0.1316160410642624,0.02967667579650879,0.24946169100679086,0,0,success,0,True,19,0.1388888888888889,0.38,5,36,31,,49,49,0,0,False,1,0,True,False,1,False,0.0,0.47612422704696655,0.06214478611946106,0.8443575501441956,False,0.6880401372909546,-0.06947125494480133,0.8740342259407043,False,4,False,80
move_near,move_near/condition_0029,29,36,True,50,0.25122070051311196,0.21191591024398804,-0.1316160410642624,0.02967667579650879,0.24946169100679086,0,0,success,0,True,19,0.16216216216216217,0.38,6,37,31,,49,49,0,0,False,1,0,True,False,1,False,0.0,0.47612422704696655,0.06214478611946106,0.8443575501441956,False,0.6880401372909546,-0.06947125494480133,0.8740342259407043,False,5,False,80
move_near,move_near/condition_0029,29,37,True,50,0.25122070051311196,0.21191591024398804,-0.1316160410642624,0.02967667579650879,0.24946169100679086,0,0,success,0,True,19,0.18421052631578946,0.38,7,38,31,,49,49,0,0,False,1,0,True,False,1,False,0.0,0.47612422704696655,0.06214478611946106,0.8443575501441956,False,0.6880401372909546,-0.06947125494480133,0.8740342259407043,False,6,False,80
move_near,move_near/condition_0029,29,38,True,50,0.25122070051311196,0.21191591024398804,-0.1316160410642624,0.02967667579650879,0.24946169100679086,0,0,success,0,True,19,0.20512820512820512,0.38,8,39,31,,49,49,0,0,False,1,0,True,False,1,False,0.0,0.47612422704696655,0.06214478611946106,0.8443575501441956,False,0.6880401372909546,-0.06947125494480133,0.8740342259407043,False,7,False,80
move_near,move_near/condition_0029,29,39,True,50,0.25122070051311196,0.21191591024398804,-0.1316160410642624,0.02967667579650879,0.24946169100679086,0,0,success,0,True,19,0.225,0.38,9,40,31,,49,49,0,0,False,1,0,True,False,1,False,0.0,0.47612422704696655,0.06214478611946106,0.8443575501441956,False,0.6880401372909546,-0.06947125494480133,0.8740342259407043,False,8,False,80
move_near,move_near/condition_0029,29,40,True,50,0.25122070051311196,0.21191591024398804,-0.1316160410642624,0.02967667579650879,0.24946169100679086,0,0,success,0,True,19,0.24390243902439024,0.38,10,41,31,,49,49,0,0,False,1,0,True,False,1,False,0.0,0.47612422704696655,0.06214478611946106,0.8443575501441956,False,0.6880401372909546,-0.06947125494480133,0.8740342259407043,False,9,False,80
move_near,move_near/condition_0029,29,41,True,50,0.25122070051311196,0.21191591024398804,-0.1316160410642624,0.02967667579650879,0.24946169100679086,0,0,success,0,True,19,0.2619047619047619,0.38,11,42,31,,49,49,0,0,False,1,0,True,False,1,False,0.0,0.47612422704696655,0.06214478611946106,0.8443575501441956,False,0.6880401372909546,-0.06947125494480133,0.8740342259407043,False,10,False,80
move_near,move_near/condition_0029,29,42,True,50,0.25122070051311196,0.21191591024398804,-0.1316160410642624,0.02967667579650879,0.24946169100679086,0,0,success,0,True,19,0.27906976744186046,0.38,12,43,31,,49,49,0,0,False,1,0,True,False,1,False,0.0,0.47612422704696655,0.06214478611946106,0.8443575501441956,False,0.6880401372909546,-0.06947125494480133,0.8740342259407043,False,11,False,80
move_near,move_near/condition_0029,29,43,True,50,0.25122070051311196,0.21191591024398804,-0.1316160410642624,0.02967667579650879,0.24946169100679086,0,0,success,0,True,19,0.29545454545454547,0.38,13,44,31,,49,49,0,0,False,1,0,True,False,1,False,0.0,0.47612422704696655,0.06214478611946106,0.8443575501441956,False,0.6880401372909546,-0.06947125494480133,0.8740342259407043,False,12,False,80
move_near,move_near/condition_0029,29,44,True,50,0.25122070051311196,0.21191591024398804,-0.1316160410642624,0.02967667579650879,0.24946169100679086,0,0,success,0,True,19,0.3111111111111111,0.38,14,45,31,,49,49,0,0,False,1,0,True,False,1,False,0.0,0.47612422704696655,0.06214478611946106,0.8443575501441956,False,0.6880401372909546,-0.06947125494480133,0.8740342259407043,False,13,False,80
move_near,move_near/condition_0029,29,45,True,50,0.25122070051311196,0.21191591024398804,-0.1316160410642624,0.02967667579650879,0.24946169100679086,0,0,success,0,True,19,0.32608695652173914,0.38,15,46,31,,49,49,0,0,False,1,0,True,False,1,False,0.0,0.47612422704696655,0.06214478611946106,0.8443575501441956,False,0.6880401372909546,-0.06947125494480133,0.8740342259407043,False,14,False,80
move_near,move_near/condition_0029,29,46,True,50,0.25122070051311196,0.21191591024398804,-0.1316160410642624,0.02967667579650879,0.24946169100679086,0,0,success,0,True,19,0.3404255319148936,0.38,16,47,31,,49,49,0,0,False,1,0,True,False,1,False,0.0,0.47612422704696655,0.06214478611946106,0.8443575501441956,False,0.6880401372909546,-0.06947125494480133,0.8740342259407043,False,15,False,80
move_near,move_near/condition_0029,29,47,True,50,0.25122070051311196,0.21191591024398804,-0.1316160410642624,0.02967667579650879,0.24946169100679086,0,0,success,0,True,19,0.3541666666666667,0.38,17,48,31,,49,49,0,0,False,1,0,True,False,1,False,0.0,0.47612422704696655,0.06214478611946106,0.8443575501441956,False,0.6880401372909546,-0.06947125494480133,0.8740342259407043,False,16,False,80
move_near,move_near/condition_0029,29,48,True,50,0.25122070051311196,0.21191591024398804,-0.1316160410642624,0.02967667579650879,0.24946169100679086,0,0,success,0,True,19,0.3673469387755102,0.38,18,49,31,,49,49,0,0,False,1,0,True,False,1,False,0.0,0.47612422704696655,0.06214478611946106,0.8443575501441956,False,0.6880401372909546,-0.06947125494480133,0.8740342259407043,False,17,False,80
move_near,move_near/condition_0029,29,49,True,50,0.25122070051311196,0.21191591024398804,-0.1316160410642624,0.02967667579650879,0.24946169100679086,0,0,success,0,True,19,0.38,0.38,19,50,31,,49,49,0,0,True,3,1,True,False,1,True,1.0,0.47612422704696655,0.06214478611946106,0.8443575501441956,True,0.6880401372909546,-0.06947125494480133,0.8740342259407043,True,18,False,80
move_near,move_near/condition_0030,30,0,False,80,0.24975620237721374,0.2114596664905548,-0.13285888731479645,-0.003389120101928711,0.2497332066242342,1,0,height_violation,1,True,37,0.0,0.4625,0,1,43,60,,,0,0,True,0,0,False,False,0,False,0.0,0.46309933066368103,0.21278122067451477,0.8774232268333435,False,0.6745589971542358,0.07992233335971832,0.8740341067314148,False,,False,80
move_near,move_near/condition_0030,30,1,False,80,0.24975620237721374,0.2114596664905548,-0.13285888731479645,-0.003389120101928711,0.2497332066242342,1,0,height_violation,1,True,37,0.0,0.4625,0,2,43,60,,,0,0,True,0,0,False,False,0,False,0.0,0.46309933066368103,0.21278122067451477,0.8774232268333435,False,0.6745589971542358,0.07992233335971832,0.8740341067314148,False,,False,80
move_near,move_near/condition_0030,30,2,False,80,0.24975620237721374,0.2114596664905548,-0.13285888731479645,-0.003389120101928711,0.2497332066242342,1,0,height_violation,1,True,37,0.0,0.4625,0,3,43,60,,,0,0,True,0,0,False,False,0,False,0.0,0.46309933066368103,0.21278122067451477,0.8774232268333435,False,0.6745589971542358,0.07992233335971832,0.8740341067314148,False,,False,80
move_near,move_near/condition_0030,30,3,False,80,0.24975620237721374,0.2114596664905548,-0.13285888731479645,-0.003389120101928711,0.2497332066242342,1,0,height_violation,1,True,37,0.0,0.4625,0,4,43,60,,,0,0,True,0,0,False,False,0,False,0.0,0.46309933066368103,0.21278122067451477,0.8774232268333435,False,0.6745589971542358,0.07992233335971832,0.8740341067314148,False,,False,80
move_near,move_near/condition_0030,30,4,False,80,0.24975620237721374,0.2114596664905548,-0.13285888731479645,-0.003389120101928711,0.2497332066242342,1,0,height_violation,1,True,37,0.0,0.4625,0,5,43,60,,,0,0,True,0,0,False,False,0,False,0.0,0.46309933066368103,0.21278122067451477,0.8774232268333435,False,0.6745589971542358,0.07992233335971832,0.8740341067314148,False,,False,80
move_near,move_near/condition_0030,30,5,False,80,0.24975620237721374,0.2114596664905548,-0.13285888731479645,-0.003389120101928711,0.2497332066242342,1,0,height_violation,1,True,37,0.0,0.4625,0,6,43,60,,,0,0,True,0,0,False,False,0,False,0.0,0.46309933066368103,0.21278122067451477,0.8774232268333435,False,0.6745589971542358,0.07992233335971832,0.8740341067314148,False,,False,80
move_near,move_near/condition_0030,30,6,False,80,0.24975620237721374,0.2114596664905548,-0.13285888731479645,-0.003389120101928711,0.2497332066242342,1,0,height_violation,1,True,37,0.0,0.4625,0,7,43,60,,,0,0,True,0,0,False,False,0,False,0.0,0.46309933066368103,0.21278122067451477,0.8774232268333435,False,0.6745589971542358,0.07992233335971832,0.8740341067314148,False,,False,80
move_near,move_near/condition_0030,30,7,False,80,0.24975620237721374,0.2114596664905548,-0.13285888731479645,-0.003389120101928711,0.2497332066242342,1,0,height_violation,1,True,37,0.0,0.4625,0,8,43,60,,,0,0,True,0,0,False,False,0,False,0.0,0.46309933066368103,0.21278122067451477,0.8774232268333435,False,0.6745589971542358,0.07992233335971832,0.8740341067314148,False,,False,80
move_near,move_near/condition_0030,30,8,False,80,0.24975620237721374,0.2114596664905548,-0.13285888731479645,-0.003389120101928711,0.2497332066242342,1,0,height_violation,1,True,37,0.0,0.4625,0,9,43,60,,,0,0,True,0,0,False,False,0,False,0.0,0.46309933066368103,0.21278122067451477,0.8774232268333435,False,0.6745589971542358,0.07992233335971832,0.8740341067314148,False,,False,80
move_near,move_near/condition_0030,30,9,False,80,0.24975620237721374,0.2114596664905548,-0.13285888731479645,-0.003389120101928711,0.2497332066242342,1,0,height_violation,1,True,37,0.0,0.4625,0,10,43,60,,,0,0,True,0,0,False,False,0,False,0.0,0.46309933066368103,0.21278122067451477,0.8774232268333435,False,0.6745589971542358,0.07992233335971832,0.8740341067314148,False,,False,80
move_near,move_near/condition_0030,30,10,False,80,0.24975620237721374,0.2114596664905548,-0.13285888731479645,-0.003389120101928711,0.2497332066242342,1,0,height_violation,1,True,37,0.0,0.4625,0,11,43,60,,,0,0,True,0,0,False,False,0,False,0.0,0.46309933066368103,0.21278122067451477,0.8774232268333435,False,0.6745589971542358,0.07992233335971832,0.8740341067314148,False,,False,80
move_near,move_near/condition_0030,30,11,False,80,0.24975620237721374,0.2114596664905548,-0.13285888731479645,-0.003389120101928711,0.2497332066242342,1,0,height_violation,1,True,37,0.0,0.4625,0,12,43,60,,,0,0,True,0,0,False,False,0,False,0.0,0.46309933066368103,0.21278122067451477,0.8774232268333435,False,0.6745589971542358,0.07992233335971832,0.8740341067314148,False,,False,80
move_near,move_near/condition_0030,30,12,False,80,0.24975620237721374,0.2114596664905548,-0.13285888731479645,-0.003389120101928711,0.2497332066242342,1,0,height_violation,1,True,37,0.0,0.4625,0,13,43,60,,,0,0,True,0,0,False,False,0,False,0.0,0.46309933066368103,0.21278122067451477,0.8774232268333435,False,0.6745589971542358,0.07992233335971832,0.8740341067314148,False,,False,80
move_near,move_near/condition_0030,30,13,False,80,0.24975620237721374,0.2114596664905548,-0.13285888731479645,-0.003389120101928711,0.2497332066242342,1,0,height_violation,1,True,37,0.0,0.4625,0,14,43,60,,,0,0,True,0,0,False,False,0,False,0.0,0.46309933066368103,0.21278122067451477,0.8774232268333435,False,0.6745589971542358,0.07992233335971832,0.8740341067314148,False,,False,80
move_near,move_near/condition_0030,30,14,False,80,0.24975620237721374,0.2114596664905548,-0.13285888731479645,-0.003389120101928711,0.2497332066242342,1,0,height_violation,1,True,37,0.0,0.4625,0,15,43,60,,,0,0,True,0,0,False,False,0,False,0.0,0.46309933066368103,0.21278122067451477,0.8774232268333435,False,0.6745589971542358,0.07992233335971832,0.8740341067314148,False,,False,80
move_near,move_near/condition_0030,30,15,False,80,0.24975620237721374,0.2114596664905548,-0.13285888731479645,-0.003389120101928711,0.2497332066242342,1,0,height_violation,1,True,37,0.0,0.4625,0,16,43,60,,,0,0,True,0,0,False,False,0,False,0.0,0.46309933066368103,0.21278122067451477,0.8774232268333435,False,0.6745589971542358,0.07992233335971832,0.8740341067314148,False,,False,80
move_near,move_near/condition_0030,30,16,False,80,0.24975620237721374,0.2114596664905548,-0.13285888731479645,-0.003389120101928711,0.2497332066242342,1,0,height_violation,1,True,37,0.0,0.4625,0,17,43,60,,,0,0,True,0,0,False,False,0,False,0.0,0.46309933066368103,0.21278122067451477,0.8774232268333435,False,0.6745589971542358,0.07992233335971832,0.8740341067314148,False,,False,80
move_near,move_near/condition_0030,30,17,False,80,0.24975620237721374,0.2114596664905548,-0.13285888731479645,-0.003389120101928711,0.2497332066242342,1,0,height_violation,1,True,37,0.0,0.4625,0,18,43,60,,,0,0,True,0,0,False,False,0,False,0.0,0.46309933066368103,0.21278122067451477,0.8774232268333435,False,0.6745589971542358,0.07992233335971832,0.8740341067314148,False,,False,80
move_near,move_near/condition_0030,30,18,False,80,0.24975620237721374,0.2114596664905548,-0.13285888731479645,-0.003389120101928711,0.2497332066242342,1,0,height_violation,1,True,37,0.0,0.4625,0,19,43,60,,,0,0,True,0,0,False,False,0,False,0.0,0.46309933066368103,0.21278122067451477,0.8774232268333435,False,0.6745589971542358,0.07992233335971832,0.8740341067314148,False,,False,80
move_near,move_near/condition_0030,30,19,False,80,0.24975620237721374,0.2114596664905548,-0.13285888731479645,-0.003389120101928711,0.2497332066242342,1,0,height_violation,1,True,37,0.0,0.4625,0,20,43,60,,,0,0,True,0,0,False,False,0,False,0.0,0.46309933066368103,0.21278122067451477,0.8774232268333435,False,0.6745589971542358,0.07992233335971832,0.8740341067314148,False,,False,80
move_near,move_near/condition_0030,30,20,False,80,0.24975620237721374,0.2114596664905548,-0.13285888731479645,-0.003389120101928711,0.2497332066242342,1,0,height_violation,1,True,37,0.0,0.4625,0,21,43,60,,,0,0,True,0,0,False,False,0,False,0.0,0.46309933066368103,0.21278122067451477,0.8774232268333435,False,0.6745589971542358,0.07992233335971832,0.8740341067314148,False,,False,80
move_near,move_near/condition_0030,30,21,False,80,0.24975620237721374,0.2114596664905548,-0.13285888731479645,-0.003389120101928711,0.2497332066242342,1,0,height_violation,1,True,37,0.0,0.4625,0,22,43,60,,,0,0,True,0,0,False,False,0,False,0.0,0.46309933066368103,0.21278122067451477,0.8774232268333435,False,0.6745589971542358,0.07992233335971832,0.8740341067314148,False,,False,80
move_near,move_near/condition_0030,30,22,False,80,0.24975620237721374,0.2114596664905548,-0.13285888731479645,-0.003389120101928711,0.2497332066242342,1,0,height_violation,1,True,37,0.0,0.4625,0,23,43,60,,,0,0,True,0,0,False,False,0,False,0.0,0.46309933066368103,0.21278122067451477,0.8774232268333435,False,0.6745589971542358,0.07992233335971832,0.8740341067314148,False,,False,80
move_near,move_near/condition_0030,30,23,False,80,0.24975620237721374,0.2114596664905548,-0.13285888731479645,-0.003389120101928711,0.2497332066242342,1,0,height_violation,1,True,37,0.0,0.4625,0,24,43,60,,,0,0,True,0,0,False,False,0,False,0.0,0.46309933066368103,0.21278122067451477,0.8774232268333435,False,0.6745589971542358,0.07992233335971832,0.8740341067314148,False,,False,80
move_near,move_near/condition_0030,30,24,False,80,0.24975620237721374,0.2114596664905548,-0.13285888731479645,-0.003389120101928711,0.2497332066242342,1,0,height_violation,1,True,37,0.0,0.4625,0,25,43,60,,,0,0,True,0,0,False,False,0,False,0.0,0.46309933066368103,0.21278122067451477,0.8774232268333435,False,0.6745589971542358,0.07992233335971832,0.8740341067314148,False,,False,80
move_near,move_near/condition_0030,30,25,False,80,0.24975620237721374,0.2114596664905548,-0.13285888731479645,-0.003389120101928711,0.2497332066242342,1,0,height_violation,1,True,37,0.0,0.4625,0,26,43,60,,,0,0,True,0,0,False,False,0,False,0.0,0.46309933066368103,0.21278122067451477,0.8774232268333435,False,0.6745589971542358,0.07992233335971832,0.8740341067314148,False,,False,80
move_near,move_near/condition_0030,30,26,False,80,0.24975620237721374,0.2114596664905548,-0.13285888731479645,-0.003389120101928711,0.2497332066242342,1,0,height_violation,1,True,37,0.0,0.4625,0,27,43,60,,,0,0,True,0,0,False,False,0,False,0.0,0.46309933066368103,0.21278122067451477,0.8774232268333435,False,0.6745589971542358,0.07992233335971832,0.8740341067314148,False,,False,80
move_near,move_near/condition_0030,30,27,False,80,0.24975620237721374,0.2114596664905548,-0.13285888731479645,-0.003389120101928711,0.2497332066242342,1,0,height_violation,1,True,37,0.0,0.4625,0,28,43,60,,,0,0,True,0,0,False,False,0,False,0.0,0.46309933066368103,0.21278122067451477,0.8774232268333435,False,0.6745589971542358,0.07992233335971832,0.8740341067314148,False,,False,80
move_near,move_near/condition_0030,30,28,False,80,0.24975620237721374,0.2114596664905548,-0.13285888731479645,-0.003389120101928711,0.2497332066242342,1,0,height_violation,1,True,37,0.0,0.4625,0,29,43,60,,,0,0,True,0,0,False,False,0,False,0.0,0.46309933066368103,0.21278122067451477,0.8774232268333435,False,0.6745589971542358,0.07992233335971832,0.8740341067314148,False,,False,80
move_near,move_near/condition_0030,30,29,False,80,0.24975620237721374,0.2114596664905548,-0.13285888731479645,-0.003389120101928711,0.2497332066242342,1,0,height_violation,1,True,37,0.0,0.4625,0,30,43,60,,,0,0,True,0,0,False,False,0,False,0.0,0.46309933066368103,0.21278122067451477,0.8774232268333435,False,0.6745589971542358,0.07992233335971832,0.8740341067314148,False,,False,80
move_near,move_near/condition_0030,30,30,False,80,0.24975620237721374,0.2114596664905548,-0.13285888731479645,-0.003389120101928711,0.2497332066242342,1,0,height_violation,1,True,37,0.0,0.4625,0,31,43,60,,,0,0,True,0,0,False,False,0,False,0.0,0.46309933066368103,0.21278122067451477,0.8774232268333435,False,0.6745589971542358,0.07992233335971832,0.8740341067314148,False,,False,80
move_near,move_near/condition_0030,30,31,False,80,0.24975620237721374,0.2114596664905548,-0.13285888731479645,-0.003389120101928711,0.2497332066242342,1,0,height_violation,1,True,37,0.0,0.4625,0,32,43,60,,,0,0,True,0,0,False,False,0,False,0.0,0.46309933066368103,0.21278122067451477,0.8774232268333435,False,0.6745589971542358,0.07992233335971832,0.8740341067314148,False,,False,80
move_near,move_near/condition_0030,30,32,False,80,0.24975620237721374,0.2114596664905548,-0.13285888731479645,-0.003389120101928711,0.2497332066242342,1,0,height_violation,1,True,37,0.0,0.4625,0,33,43,60,,,0,0,True,0,0,False,False,0,False,0.0,0.46309933066368103,0.21278122067451477,0.8774232268333435,False,0.6745589971542358,0.07992233335971832,0.8740341067314148,False,,False,80
move_near,move_near/condition_0030,30,33,False,80,0.24975620237721374,0.2114596664905548,-0.13285888731479645,-0.003389120101928711,0.2497332066242342,1,0,height_violation,1,True,37,0.0,0.4625,0,34,43,60,,,0,0,True,0,0,False,False,0,False,0.0,0.46309933066368103,0.21278122067451477,0.8774232268333435,False,0.6745589971542358,0.07992233335971832,0.8740341067314148,False,,False,80
move_near,move_near/condition_0030,30,34,False,80,0.24975620237721374,0.2114596664905548,-0.13285888731479645,-0.003389120101928711,0.2497332066242342,1,0,height_violation,1,True,37,0.0,0.4625,0,35,43,60,,,0,0,True,0,0,False,False,0,False,0.0,0.46309933066368103,0.21278122067451477,0.8774232268333435,False,0.6745589971542358,0.07992233335971832,0.8740341067314148,False,,False,80
move_near,move_near/condition_0030,30,35,False,80,0.24975620237721374,0.2114596664905548,-0.13285888731479645,-0.003389120101928711,0.2497332066242342,1,0,height_violation,1,True,37,0.0,0.4625,0,36,43,60,,,0,0,True,0,0,False,False,0,False,0.0,0.46309933066368103,0.21278122067451477,0.8774232268333435,False,0.6745589971542358,0.07992233335971832,0.8740341067314148,False,,False,80
move_near,move_near/condition_0030,30,36,False,80,0.24975620237721374,0.2114596664905548,-0.13285888731479645,-0.003389120101928711,0.2497332066242342,1,0,height_violation,1,True,37,0.0,0.4625,0,37,43,60,,,0,0,True,0,0,False,False,0,False,0.0,0.46309933066368103,0.21278122067451477,0.8774232268333435,False,0.6745589971542358,0.07992233335971832,0.8740341067314148,False,,False,80
move_near,move_near/condition_0030,30,37,False,80,0.24975620237721374,0.2114596664905548,-0.13285888731479645,-0.003389120101928711,0.2497332066242342,1,0,height_violation,1,True,37,0.0,0.4625,0,38,43,60,,,0,0,True,0,0,False,False,0,False,0.0,0.46309933066368103,0.21278122067451477,0.8774232268333435,False,0.6745589971542358,0.07992233335971832,0.8740341067314148,False,,False,80
move_near,move_near/condition_0030,30,38,False,80,0.24975620237721374,0.2114596664905548,-0.13285888731479645,-0.003389120101928711,0.2497332066242342,1,0,height_violation,1,True,37,0.0,0.4625,0,39,43,60,,,0,0,True,0,0,False,False,0,False,0.0,0.46309933066368103,0.21278122067451477,0.8774232268333435,False,0.6745589971542358,0.07992233335971832,0.8740341067314148,False,,False,80
move_near,move_near/condition_0030,30,39,False,80,0.24975620237721374,0.2114596664905548,-0.13285888731479645,-0.003389120101928711,0.2497332066242342,1,0,height_violation,1,True,37,0.0,0.4625,0,40,43,60,,,0,0,True,0,0,False,False,0,False,0.0,0.46309933066368103,0.21278122067451477,0.8774232268333435,False,0.6745589971542358,0.07992233335971832,0.8740341067314148,False,,False,80
move_near,move_near/condition_0030,30,40,False,80,0.24975620237721374,0.2114596664905548,-0.13285888731479645,-0.003389120101928711,0.2497332066242342,1,0,height_violation,1,True,37,0.0,0.4625,0,41,43,60,,,0,0,True,0,0,False,False,0,False,0.0,0.46309933066368103,0.21278122067451477,0.8774232268333435,False,0.6745589971542358,0.07992233335971832,0.8740341067314148,False,,False,80
move_near,move_near/condition_0030,30,41,False,80,0.24975620237721374,0.2114596664905548,-0.13285888731479645,-0.003389120101928711,0.2497332066242342,1,0,height_violation,1,True,37,0.0,0.4625,0,42,43,60,,,0,0,True,0,0,False,False,0,False,0.0,0.46309933066368103,0.21278122067451477,0.8774232268333435,False,0.6745589971542358,0.07992233335971832,0.8740341067314148,False,,False,80
move_near,move_near/condition_0030,30,42,False,80,0.24975620237721374,0.2114596664905548,-0.13285888731479645,-0.003389120101928711,0.2497332066242342,1,0,height_violation,1,True,37,0.0,0.4625,0,43,43,60,,,0,0,True,0,0,False,False,0,False,0.0,0.46309933066368103,0.21278122067451477,0.8774232268333435,False,0.6745589971542358,0.07992233335971832,0.8740341067314148,False,,False,80
move_near,move_near/condition_0030,30,43,False,80,0.24975620237721374,0.2114596664905548,-0.13285888731479645,-0.003389120101928711,0.2497332066242342,1,0,height_violation,1,True,37,0.022727272727272728,0.4625,1,44,43,60,,,0,0,True,1,1,True,False,0,False,0.0,0.46309933066368103,0.21278122067451477,0.8774232268333435,False,0.6745589971542358,0.07992233335971832,0.8740341067314148,False,0,False,80
move_near,move_near/condition_0030,30,44,False,80,0.24975620237721374,0.2114596664905548,-0.13285888731479645,-0.003389120101928711,0.2497332066242342,1,0,height_violation,1,True,37,0.044444444444444446,0.4625,2,45,43,60,,,0,0,True,1,0,True,False,0,False,0.0,0.46309933066368103,0.21278122067451477,0.8774232268333435,False,0.6745589971542358,0.07992233335971832,0.8740341067314148,False,1,False,80
move_near,move_near/condition_0030,30,45,False,80,0.24975620237721374,0.2114596664905548,-0.13285888731479645,-0.003389120101928711,0.2497332066242342,1,0,height_violation,1,True,37,0.06521739130434782,0.4625,3,46,43,60,,,0,0,True,1,0,True,False,0,False,0.0,0.46309933066368103,0.21278122067451477,0.8774232268333435,False,0.6745589971542358,0.07992233335971832,0.8740341067314148,False,2,False,80
move_near,move_near/condition_0030,30,46,False,80,0.24975620237721374,0.2114596664905548,-0.13285888731479645,-0.003389120101928711,0.2497332066242342,1,0,height_violation,1,True,37,0.0851063829787234,0.4625,4,47,43,60,,,0,0,True,1,0,True,False,0,False,0.0,0.46309933066368103,0.21278122067451477,0.8774232268333435,False,0.6745589971542358,0.07992233335971832,0.8740341067314148,False,3,False,80
move_near,move_near/condition_0030,30,47,False,80,0.24975620237721374,0.2114596664905548,-0.13285888731479645,-0.003389120101928711,0.2497332066242342,1,0,height_violation,1,True,37,0.10416666666666667,0.4625,5,48,43,60,,,0,0,True,1,0,True,False,0,False,0.0,0.46309933066368103,0.21278122067451477,0.8774232268333435,False,0.6745589971542358,0.07992233335971832,0.8740341067314148,False,4,False,80
move_near,move_near/condition_0030,30,48,False,80,0.24975620237721374,0.2114596664905548,-0.13285888731479645,-0.003389120101928711,0.2497332066242342,1,0,height_violation,1,True,37,0.12244897959183673,0.4625,6,49,43,60,,,0,0,True,1,0,True,False,0,False,0.0,0.46309933066368103,0.21278122067451477,0.8774232268333435,False,0.6745589971542358,0.07992233335971832,0.8740341067314148,False,5,False,80
move_near,move_near/condition_0030,30,49,False,80,0.24975620237721374,0.2114596664905548,-0.13285888731479645,-0.003389120101928711,0.2497332066242342,1,0,height_violation,1,True,37,0.14,0.4625,7,50,43,60,,,0,0,True,1,0,True,False,0,False,0.0,0.46309933066368103,0.21278122067451477,0.8774232268333435,False,0.6745589971542358,0.07992233335971832,0.8740341067314148,False,6,False,80
move_near,move_near/condition_0030,30,50,False,80,0.24975620237721374,0.2114596664905548,-0.13285888731479645,-0.003389120101928711,0.2497332066242342,1,0,height_violation,1,True,37,0.1568627450980392,0.4625,8,51,43,60,,,0,0,True,1,0,True,False,0,False,0.0,0.46309933066368103,0.21278122067451477,0.8774232268333435,False,0.6745589971542358,0.07992233335971832,0.8740341067314148,False,7,False,80
move_near,move_near/condition_0030,30,51,False,80,0.24975620237721374,0.2114596664905548,-0.13285888731479645,-0.003389120101928711,0.2497332066242342,1,0,height_violation,1,True,37,0.17307692307692307,0.4625,9,52,43,60,,,0,0,True,1,0,True,False,0,False,0.0,0.46309933066368103,0.21278122067451477,0.8774232268333435,False,0.6745589971542358,0.07992233335971832,0.8740341067314148,False,8,False,80
move_near,move_near/condition_0030,30,52,False,80,0.24975620237721374,0.2114596664905548,-0.13285888731479645,-0.003389120101928711,0.2497332066242342,1,0,height_violation,1,True,37,0.18867924528301888,0.4625,10,53,43,60,,,0,0,True,1,0,True,False,0,False,0.0,0.46309933066368103,0.21278122067451477,0.8774232268333435,False,0.6745589971542358,0.07992233335971832,0.8740341067314148,False,9,False,80
move_near,move_near/condition_0030,30,53,False,80,0.24975620237721374,0.2114596664905548,-0.13285888731479645,-0.003389120101928711,0.2497332066242342,1,0,height_violation,1,True,37,0.2037037037037037,0.4625,11,54,43,60,,,0,0,True,1,0,True,False,0,False,0.0,0.46309933066368103,0.21278122067451477,0.8774232268333435,False,0.6745589971542358,0.07992233335971832,0.8740341067314148,False,10,False,80
move_near,move_near/condition_0030,30,54,False,80,0.24975620237721374,0.2114596664905548,-0.13285888731479645,-0.003389120101928711,0.2497332066242342,1,0,height_violation,1,True,37,0.21818181818181817,0.4625,12,55,43,60,,,0,0,True,1,0,True,False,0,False,0.0,0.46309933066368103,0.21278122067451477,0.8774232268333435,False,0.6745589971542358,0.07992233335971832,0.8740341067314148,False,11,False,80
move_near,move_near/condition_0030,30,55,False,80,0.24975620237721374,0.2114596664905548,-0.13285888731479645,-0.003389120101928711,0.2497332066242342,1,0,height_violation,1,True,37,0.23214285714285715,0.4625,13,56,43,60,,,0,0,True,1,0,True,False,0,False,0.0,0.46309933066368103,0.21278122067451477,0.8774232268333435,False,0.6745589971542358,0.07992233335971832,0.8740341067314148,False,12,False,80
move_near,move_near/condition_0030,30,56,False,80,0.24975620237721374,0.2114596664905548,-0.13285888731479645,-0.003389120101928711,0.2497332066242342,1,0,height_violation,1,True,37,0.24561403508771928,0.4625,14,57,43,60,,,0,0,True,1,0,True,False,0,False,0.0,0.46309933066368103,0.21278122067451477,0.8774232268333435,False,0.6745589971542358,0.07992233335971832,0.8740341067314148,False,13,False,80
move_near,move_near/condition_0030,30,57,False,80,0.24975620237721374,0.2114596664905548,-0.13285888731479645,-0.003389120101928711,0.2497332066242342,1,0,height_violation,1,True,37,0.25862068965517243,0.4625,15,58,43,60,,,0,0,True,1,0,True,False,0,False,0.0,0.46309933066368103,0.21278122067451477,0.8774232268333435,False,0.6745589971542358,0.07992233335971832,0.8740341067314148,False,14,False,80
move_near,move_near/condition_0030,30,58,False,80,0.24975620237721374,0.2114596664905548,-0.13285888731479645,-0.003389120101928711,0.2497332066242342,1,0,height_violation,1,True,37,0.2711864406779661,0.4625,16,59,43,60,,,0,0,True,1,0,True,False,0,False,0.0,0.46309933066368103,0.21278122067451477,0.8774232268333435,False,0.6745589971542358,0.07992233335971832,0.8740341067314148,False,15,False,80
move_near,move_near/condition_0030,30,59,False,80,0.24975620237721374,0.2114596664905548,-0.13285888731479645,-0.003389120101928711,0.2497332066242342,1,0,height_violation,1,True,37,0.2833333333333333,0.4625,17,60,43,60,,,0,0,True,1,0,True,False,0,False,0.0,0.46309933066368103,0.21278122067451477,0.8774232268333435,False,0.6745589971542358,0.07992233335971832,0.8740341067314148,False,16,False,80
move_near,move_near/condition_0030,30,60,False,80,0.24975620237721374,0.2114596664905548,-0.13285888731479645,-0.003389120101928711,0.2497332066242342,1,0,height_violation,1,False,37,0.29508196721311475,0.4625,18,61,43,60,,,1,1,True,1,0,True,False,0,False,0.0,0.46309933066368103,0.21278122067451477,0.8774232268333435,False,0.6745589971542358,0.07992233335971832,0.8740341067314148,False,17,False,80
move_near,move_near/condition_0030,30,61,False,80,0.24975620237721374,0.2114596664905548,-0.13285888731479645,-0.003389120101928711,0.2497332066242342,1,0,height_violation,1,False,37,0.3064516129032258,0.4625,19,62,43,60,,,1,2,True,1,0,True,False,0,False,0.0,0.46309933066368103,0.21278122067451477,0.8774232268333435,False,0.6745589971542358,0.07992233335971832,0.8740341067314148,False,18,False,80
move_near,move_near/condition_0030,30,62,False,80,0.24975620237721374,0.2114596664905548,-0.13285888731479645,-0.003389120101928711,0.2497332066242342,1,0,height_violation,1,False,37,0.31746031746031744,0.4625,20,63,43,60,,,1,3,True,1,0,True,False,0,False,0.0,0.46309933066368103,0.21278122067451477,0.8774232268333435,False,0.6745589971542358,0.07992233335971832,0.8740341067314148,False,19,False,80
move_near,move_near/condition_0030,30,63,False,80,0.24975620237721374,0.2114596664905548,-0.13285888731479645,-0.003389120101928711,0.2497332066242342,1,0,height_violation,1,False,37,0.328125,0.4625,21,64,43,60,,,1,4,True,1,0,True,False,0,False,0.0,0.46309933066368103,0.21278122067451477,0.8774232268333435,False,0.6745589971542358,0.07992233335971832,0.8740341067314148,False,20,False,80
move_near,move_near/condition_0030,30,64,False,80,0.24975620237721374,0.2114596664905548,-0.13285888731479645,-0.003389120101928711,0.2497332066242342,1,0,height_violation,1,False,37,0.3384615384615385,0.4625,22,65,43,60,,,1,5,True,1,0,True,False,0,False,0.0,0.46309933066368103,0.21278122067451477,0.8774232268333435,False,0.6745589971542358,0.07992233335971832,0.8740341067314148,False,21,False,80
move_near,move_near/condition_0030,30,65,False,80,0.24975620237721374,0.2114596664905548,-0.13285888731479645,-0.003389120101928711,0.2497332066242342,1,0,height_violation,1,False,37,0.3484848484848485,0.4625,23,66,43,60,,,1,6,True,1,0,True,False,0,False,0.0,0.46309933066368103,0.21278122067451477,0.8774232268333435,False,0.6745589971542358,0.07992233335971832,0.8740341067314148,False,22,False,80
move_near,move_near/condition_0030,30,66,False,80,0.24975620237721374,0.2114596664905548,-0.13285888731479645,-0.003389120101928711,0.2497332066242342,1,0,height_violation,1,False,37,0.3582089552238806,0.4625,24,67,43,60,,,1,7,True,1,0,True,False,0,False,0.0,0.46309933066368103,0.21278122067451477,0.8774232268333435,False,0.6745589971542358,0.07992233335971832,0.8740341067314148,False,23,False,80
move_near,move_near/condition_0030,30,67,False,80,0.24975620237721374,0.2114596664905548,-0.13285888731479645,-0.003389120101928711,0.2497332066242342,1,0,height_violation,1,False,37,0.36764705882352944,0.4625,25,68,43,60,,,1,8,True,1,0,True,False,0,False,0.0,0.46309933066368103,0.21278122067451477,0.8774232268333435,False,0.6745589971542358,0.07992233335971832,0.8740341067314148,False,24,False,80
move_near,move_near/condition_0030,30,68,False,80,0.24975620237721374,0.2114596664905548,-0.13285888731479645,-0.003389120101928711,0.2497332066242342,1,0,height_violation,1,False,37,0.37681159420289856,0.4625,26,69,43,60,,,1,9,True,1,0,True,False,0,False,0.0,0.46309933066368103,0.21278122067451477,0.8774232268333435,False,0.6745589971542358,0.07992233335971832,0.8740341067314148,False,25,False,80
move_near,move_near/condition_0030,30,69,False,80,0.24975620237721374,0.2114596664905548,-0.13285888731479645,-0.003389120101928711,0.2497332066242342,1,0,height_violation,1,False,37,0.38571428571428573,0.4625,27,70,43,60,,,1,10,True,1,0,True,False,0,False,0.0,0.46309933066368103,0.21278122067451477,0.8774232268333435,False,0.6745589971542358,0.07992233335971832,0.8740341067314148,False,26,False,80
move_near,move_near/condition_0030,30,70,False,80,0.24975620237721374,0.2114596664905548,-0.13285888731479645,-0.003389120101928711,0.2497332066242342,1,0,height_violation,1,False,37,0.39436619718309857,0.4625,28,71,43,60,,,1,11,True,1,0,True,False,0,False,0.0,0.46309933066368103,0.21278122067451477,0.8774232268333435,False,0.6745589971542358,0.07992233335971832,0.8740341067314148,False,27,False,80
move_near,move_near/condition_0030,30,71,False,80,0.24975620237721374,0.2114596664905548,-0.13285888731479645,-0.003389120101928711,0.2497332066242342,1,0,height_violation,1,False,37,0.4027777777777778,0.4625,29,72,43,60,,,1,12,True,1,0,True,False,0,False,0.0,0.46309933066368103,0.21278122067451477,0.8774232268333435,False,0.6745589971542358,0.07992233335971832,0.8740341067314148,False,28,False,80
move_near,move_near/condition_0030,30,72,False,80,0.24975620237721374,0.2114596664905548,-0.13285888731479645,-0.003389120101928711,0.2497332066242342,1,0,height_violation,1,False,37,0.410958904109589,0.4625,30,73,43,60,,,1,13,True,1,0,True,False,0,False,0.0,0.46309933066368103,0.21278122067451477,0.8774232268333435,False,0.6745589971542358,0.07992233335971832,0.8740341067314148,False,29,False,80
move_near,move_near/condition_0030,30,73,False,80,0.24975620237721374,0.2114596664905548,-0.13285888731479645,-0.003389120101928711,0.2497332066242342,1,0,height_violation,1,False,37,0.4189189189189189,0.4625,31,74,43,60,,,1,14,True,1,0,True,False,0,False,0.0,0.46309933066368103,0.21278122067451477,0.8774232268333435,False,0.6745589971542358,0.07992233335971832,0.8740341067314148,False,30,False,80
move_near,move_near/condition_0030,30,74,False,80,0.24975620237721374,0.2114596664905548,-0.13285888731479645,-0.003389120101928711,0.2497332066242342,1,0,height_violation,1,False,37,0.4266666666666667,0.4625,32,75,43,60,,,1,15,True,1,0,True,False,0,False,0.0,0.46309933066368103,0.21278122067451477,0.8774232268333435,False,0.6745589971542358,0.07992233335971832,0.8740341067314148,False,31,False,80
move_near,move_near/condition_0030,30,75,False,80,0.24975620237721374,0.2114596664905548,-0.13285888731479645,-0.003389120101928711,0.2497332066242342,1,0,height_violation,1,False,37,0.4342105263157895,0.4625,33,76,43,60,,,1,16,True,1,0,True,False,0,False,0.0,0.46309933066368103,0.21278122067451477,0.8774232268333435,False,0.6745589971542358,0.07992233335971832,0.8740341067314148,False,32,False,80
move_near,move_near/condition_0030,30,76,False,80,0.24975620237721374,0.2114596664905548,-0.13285888731479645,-0.003389120101928711,0.2497332066242342,1,0,height_violation,1,False,37,0.44155844155844154,0.4625,34,77,43,60,,,1,17,True,1,0,True,False,0,False,0.0,0.46309933066368103,0.21278122067451477,0.8774232268333435,False,0.6745589971542358,0.07992233335971832,0.8740341067314148,False,33,False,80
move_near,move_near/condition_0030,30,77,False,80,0.24975620237721374,0.2114596664905548,-0.13285888731479645,-0.003389120101928711,0.2497332066242342,1,0,height_violation,1,False,37,0.44871794871794873,0.4625,35,78,43,60,,,1,18,True,1,0,True,False,0,False,0.0,0.46309933066368103,0.21278122067451477,0.8774232268333435,False,0.6745589971542358,0.07992233335971832,0.8740341067314148,False,34,False,80
move_near,move_near/condition_0030,30,78,False,80,0.24975620237721374,0.2114596664905548,-0.13285888731479645,-0.003389120101928711,0.2497332066242342,1,0,height_violation,1,False,37,0.45569620253164556,0.4625,36,79,43,60,,,1,19,True,1,0,True,False,0,False,0.0,0.46309933066368103,0.21278122067451477,0.8774232268333435,False,0.6745589971542358,0.07992233335971832,0.8740341067314148,False,35,False,80
move_near,move_near/condition_0030,30,79,False,80,0.24975620237721374,0.2114596664905548,-0.13285888731479645,-0.003389120101928711,0.2497332066242342,1,0,height_violation,1,False,37,0.4625,0.4625,37,80,43,60,,,1,20,True,1,0,True,False,0,False,0.0,0.46309933066368103,0.21278122067451477,0.8774232268333435,False,0.6745589971542358,0.07992233335971832,0.8740341067314148,False,36,True,80
move_near,move_near/condition_0031,31,0,False,80,0.3030592560700924,0.026613742113113403,-0.30007214844226837,-0.03306549787521362,0.30125003824069807,0,0,transport_not_completed,1,True,36,0.0,0.45,0,1,44,,,,0,0,False,0,0,False,False,0,False,0.0,0.46309933066368103,0.21278122067451477,0.8774232268333435,False,0.48971307277679443,-0.0872909277677536,0.8443577289581299,False,,False,80
move_near,move_near/condition_0031,31,1,False,80,0.3030592560700924,0.026613742113113403,-0.30007214844226837,-0.03306549787521362,0.30125003824069807,0,0,transport_not_completed,1,True,36,0.0,0.45,0,2,44,,,,0,0,False,0,0,False,False,0,False,0.0,0.46309933066368103,0.21278122067451477,0.8774232268333435,False,0.48971307277679443,-0.0872909277677536,0.8443577289581299,False,,False,80
move_near,move_near/condition_0031,31,2,False,80,0.3030592560700924,0.026613742113113403,-0.30007214844226837,-0.03306549787521362,0.30125003824069807,0,0,transport_not_completed,1,True,36,0.0,0.45,0,3,44,,,,0,0,False,0,0,False,False,0,False,0.0,0.46309933066368103,0.21278122067451477,0.8774232268333435,False,0.48971307277679443,-0.0872909277677536,0.8443577289581299,False,,False,80
move_near,move_near/condition_0031,31,3,False,80,0.3030592560700924,0.026613742113113403,-0.30007214844226837,-0.03306549787521362,0.30125003824069807,0,0,transport_not_completed,1,True,36,0.0,0.45,0,4,44,,,,0,0,False,0,0,False,False,0,False,0.0,0.46309933066368103,0.21278122067451477,0.8774232268333435,False,0.48971307277679443,-0.0872909277677536,0.8443577289581299,False,,False,80
move_near,move_near/condition_0031,31,4,False,80,0.3030592560700924,0.026613742113113403,-0.30007214844226837,-0.03306549787521362,0.30125003824069807,0,0,transport_not_completed,1,True,36,0.0,0.45,0,5,44,,,,0,0,False,0,0,False,False,0,False,0.0,0.46309933066368103,0.21278122067451477,0.8774232268333435,False,0.48971307277679443,-0.0872909277677536,0.8443577289581299,False,,False,80
move_near,move_near/condition_0031,31,5,False,80,0.3030592560700924,0.026613742113113403,-0.30007214844226837,-0.03306549787521362,0.30125003824069807,0,0,transport_not_completed,1,True,36,0.0,0.45,0,6,44,,,,0,0,False,0,0,False,False,0,False,0.0,0.46309933066368103,0.21278122067451477,0.8774232268333435,False,0.48971307277679443,-0.0872909277677536,0.8443577289581299,False,,False,80
move_near,move_near/condition_0031,31,6,False,80,0.3030592560700924,0.026613742113113403,-0.30007214844226837,-0.03306549787521362,0.30125003824069807,0,0,transport_not_completed,1,True,36,0.0,0.45,0,7,44,,,,0,0,False,0,0,False,False,0,False,0.0,0.46309933066368103,0.21278122067451477,0.8774232268333435,False,0.48971307277679443,-0.0872909277677536,0.8443577289581299,False,,False,80
move_near,move_near/condition_0031,31,7,False,80,0.3030592560700924,0.026613742113113403,-0.30007214844226837,-0.03306549787521362,0.30125003824069807,0,0,transport_not_completed,1,True,36,0.0,0.45,0,8,44,,,,0,0,False,0,0,False,False,0,False,0.0,0.46309933066368103,0.21278122067451477,0.8774232268333435,False,0.48971307277679443,-0.0872909277677536,0.8443577289581299,False,,False,80
move_near,move_near/condition_0031,31,8,False,80,0.3030592560700924,0.026613742113113403,-0.30007214844226837,-0.03306549787521362,0.30125003824069807,0,0,transport_not_completed,1,True,36,0.0,0.45,0,9,44,,,,0,0,False,0,0,False,False,0,False,0.0,0.46309933066368103,0.21278122067451477,0.8774232268333435,False,0.48971307277679443,-0.0872909277677536,0.8443577289581299,False,,False,80
move_near,move_near/condition_0031,31,9,False,80,0.3030592560700924,0.026613742113113403,-0.30007214844226837,-0.03306549787521362,0.30125003824069807,0,0,transport_not_completed,1,True,36,0.0,0.45,0,10,44,,,,0,0,False,0,0,False,False,0,False,0.0,0.46309933066368103,0.21278122067451477,0.8774232268333435,False,0.48971307277679443,-0.0872909277677536,0.8443577289581299,False,,False,80
move_near,move_near/condition_0031,31,10,False,80,0.3030592560700924,0.026613742113113403,-0.30007214844226837,-0.03306549787521362,0.30125003824069807,0,0,transport_not_completed,1,True,36,0.0,0.45,0,11,44,,,,0,0,False,0,0,False,False,0,False,0.0,0.46309933066368103,0.21278122067451477,0.8774232268333435,False,0.48971307277679443,-0.0872909277677536,0.8443577289581299,False,,False,80
move_near,move_near/condition_0031,31,11,False,80,0.3030592560700924,0.026613742113113403,-0.30007214844226837,-0.03306549787521362,0.30125003824069807,0,0,transport_not_completed,1,True,36,0.0,0.45,0,12,44,,,,0,0,False,0,0,False,False,0,False,0.0,0.46309933066368103,0.21278122067451477,0.8774232268333435,False,0.48971307277679443,-0.0872909277677536,0.8443577289581299,False,,False,80
move_near,move_near/condition_0031,31,12,False,80,0.3030592560700924,0.026613742113113403,-0.30007214844226837,-0.03306549787521362,0.30125003824069807,0,0,transport_not_completed,1,True,36,0.0,0.45,0,13,44,,,,0,0,False,0,0,False,False,0,False,0.0,0.46309933066368103,0.21278122067451477,0.8774232268333435,False,0.48971307277679443,-0.0872909277677536,0.8443577289581299,False,,False,80
move_near,move_near/condition_0031,31,13,False,80,0.3030592560700924,0.026613742113113403,-0.30007214844226837,-0.03306549787521362,0.30125003824069807,0,0,transport_not_completed,1,True,36,0.0,0.45,0,14,44,,,,0,0,False,0,0,False,False,0,False,0.0,0.46309933066368103,0.21278122067451477,0.8774232268333435,False,0.48971307277679443,-0.0872909277677536,0.8443577289581299,False,,False,80
move_near,move_near/condition_0031,31,14,False,80,0.3030592560700924,0.026613742113113403,-0.30007214844226837,-0.03306549787521362,0.30125003824069807,0,0,transport_not_completed,1,True,36,0.0,0.45,0,15,44,,,,0,0,False,0,0,False,False,0,False,0.0,0.46309933066368103,0.21278122067451477,0.8774232268333435,False,0.48971307277679443,-0.0872909277677536,0.8443577289581299,False,,False,80
move_near,move_near/condition_0031,31,15,False,80,0.3030592560700924,0.026613742113113403,-0.30007214844226837,-0.03306549787521362,0.30125003824069807,0,0,transport_not_completed,1,True,36,0.0,0.45,0,16,44,,,,0,0,False,0,0,False,False,0,False,0.0,0.46309933066368103,0.21278122067451477,0.8774232268333435,False,0.48971307277679443,-0.0872909277677536,0.8443577289581299,False,,False,80
move_near,move_near/condition_0031,31,16,False,80,0.3030592560700924,0.026613742113113403,-0.30007214844226837,-0.03306549787521362,0.30125003824069807,0,0,transport_not_completed,1,True,36,0.0,0.45,0,17,44,,,,0,0,False,0,0,False,False,0,False,0.0,0.46309933066368103,0.21278122067451477,0.8774232268333435,False,0.48971307277679443,-0.0872909277677536,0.8443577289581299,False,,False,80
move_near,move_near/condition_0031,31,17,False,80,0.3030592560700924,0.026613742113113403,-0.30007214844226837,-0.03306549787521362,0.30125003824069807,0,0,transport_not_completed,1,True,36,0.0,0.45,0,18,44,,,,0,0,False,0,0,False,False,0,False,0.0,0.46309933066368103,0.21278122067451477,0.8774232268333435,False,0.48971307277679443,-0.0872909277677536,0.8443577289581299,False,,False,80
move_near,move_near/condition_0031,31,18,False,80,0.3030592560700924,0.026613742113113403,-0.30007214844226837,-0.03306549787521362,0.30125003824069807,0,0,transport_not_completed,1,True,36,0.0,0.45,0,19,44,,,,0,0,False,0,0,False,False,0,False,0.0,0.46309933066368103,0.21278122067451477,0.8774232268333435,False,0.48971307277679443,-0.0872909277677536,0.8443577289581299,False,,False,80
move_near,move_near/condition_0031,31,19,False,80,0.3030592560700924,0.026613742113113403,-0.30007214844226837,-0.03306549787521362,0.30125003824069807,0,0,transport_not_completed,1,True,36,0.0,0.45,0,20,44,,,,0,0,False,0,0,False,False,0,False,0.0,0.46309933066368103,0.21278122067451477,0.8774232268333435,False,0.48971307277679443,-0.0872909277677536,0.8443577289581299,False,,False,80
move_near,move_near/condition_0031,31,20,False,80,0.3030592560700924,0.026613742113113403,-0.30007214844226837,-0.03306549787521362,0.30125003824069807,0,0,transport_not_completed,1,True,36,0.0,0.45,0,21,44,,,,0,0,False,0,0,False,False,0,False,0.0,0.46309933066368103,0.21278122067451477,0.8774232268333435,False,0.48971307277679443,-0.0872909277677536,0.8443577289581299,False,,False,80
move_near,move_near/condition_0031,31,21,False,80,0.3030592560700924,0.026613742113113403,-0.30007214844226837,-0.03306549787521362,0.30125003824069807,0,0,transport_not_completed,1,True,36,0.0,0.45,0,22,44,,,,0,0,False,0,0,False,False,0,False,0.0,0.46309933066368103,0.21278122067451477,0.8774232268333435,False,0.48971307277679443,-0.0872909277677536,0.8443577289581299,False,,False,80
move_near,move_near/condition_0031,31,22,False,80,0.3030592560700924,0.026613742113113403,-0.30007214844226837,-0.03306549787521362,0.30125003824069807,0,0,transport_not_completed,1,True,36,0.0,0.45,0,23,44,,,,0,0,False,0,0,False,False,0,False,0.0,0.46309933066368103,0.21278122067451477,0.8774232268333435,False,0.48971307277679443,-0.0872909277677536,0.8443577289581299,False,,False,80
move_near,move_near/condition_0031,31,23,False,80,0.3030592560700924,0.026613742113113403,-0.30007214844226837,-0.03306549787521362,0.30125003824069807,0,0,transport_not_completed,1,True,36,0.0,0.45,0,24,44,,,,0,0,False,0,0,False,False,0,False,0.0,0.46309933066368103,0.21278122067451477,0.8774232268333435,False,0.48971307277679443,-0.0872909277677536,0.8443577289581299,False,,False,80
move_near,move_near/condition_0031,31,24,False,80,0.3030592560700924,0.026613742113113403,-0.30007214844226837,-0.03306549787521362,0.30125003824069807,0,0,transport_not_completed,1,True,36,0.0,0.45,0,25,44,,,,0,0,False,0,0,False,False,0,False,0.0,0.46309933066368103,0.21278122067451477,0.8774232268333435,False,0.48971307277679443,-0.0872909277677536,0.8443577289581299,False,,False,80
move_near,move_near/condition_0031,31,25,False,80,0.3030592560700924,0.026613742113113403,-0.30007214844226837,-0.03306549787521362,0.30125003824069807,0,0,transport_not_completed,1,True,36,0.0,0.45,0,26,44,,,,0,0,False,0,0,False,False,0,False,0.0,0.46309933066368103,0.21278122067451477,0.8774232268333435,False,0.48971307277679443,-0.0872909277677536,0.8443577289581299,False,,False,80
move_near,move_near/condition_0031,31,26,False,80,0.3030592560700924,0.026613742113113403,-0.30007214844226837,-0.03306549787521362,0.30125003824069807,0,0,transport_not_completed,1,True,36,0.0,0.45,0,27,44,,,,0,0,False,0,0,False,False,0,False,0.0,0.46309933066368103,0.21278122067451477,0.8774232268333435,False,0.48971307277679443,-0.0872909277677536,0.8443577289581299,False,,False,80
move_near,move_near/condition_0031,31,27,False,80,0.3030592560700924,0.026613742113113403,-0.30007214844226837,-0.03306549787521362,0.30125003824069807,0,0,transport_not_completed,1,True,36,0.0,0.45,0,28,44,,,,0,0,False,0,0,False,False,0,False,0.0,0.46309933066368103,0.21278122067451477,0.8774232268333435,False,0.48971307277679443,-0.0872909277677536,0.8443577289581299,False,,False,80
move_near,move_near/condition_0031,31,28,False,80,0.3030592560700924,0.026613742113113403,-0.30007214844226837,-0.03306549787521362,0.30125003824069807,0,0,transport_not_completed,1,True,36,0.0,0.45,0,29,44,,,,0,0,False,0,0,False,False,0,False,0.0,0.46309933066368103,0.21278122067451477,0.8774232268333435,False,0.48971307277679443,-0.0872909277677536,0.8443577289581299,False,,False,80
move_near,move_near/condition_0031,31,29,False,80,0.3030592560700924,0.026613742113113403,-0.30007214844226837,-0.03306549787521362,0.30125003824069807,0,0,transport_not_completed,1,True,36,0.0,0.45,0,30,44,,,,0,0,False,0,0,False,False,0,False,0.0,0.46309933066368103,0.21278122067451477,0.8774232268333435,False,0.48971307277679443,-0.0872909277677536,0.8443577289581299,False,,False,80
move_near,move_near/condition_0031,31,30,False,80,0.3030592560700924,0.026613742113113403,-0.30007214844226837,-0.03306549787521362,0.30125003824069807,0,0,transport_not_completed,1,True,36,0.0,0.45,0,31,44,,,,0,0,False,0,0,False,False,0,False,0.0,0.46309933066368103,0.21278122067451477,0.8774232268333435,False,0.48971307277679443,-0.0872909277677536,0.8443577289581299,False,,False,80
move_near,move_near/condition_0031,31,31,False,80,0.3030592560700924,0.026613742113113403,-0.30007214844226837,-0.03306549787521362,0.30125003824069807,0,0,transport_not_completed,1,True,36,0.0,0.45,0,32,44,,,,0,0,False,0,0,False,False,0,False,0.0,0.46309933066368103,0.21278122067451477,0.8774232268333435,False,0.48971307277679443,-0.0872909277677536,0.8443577289581299,False,,False,80
move_near,move_near/condition_0031,31,32,False,80,0.3030592560700924,0.026613742113113403,-0.30007214844226837,-0.03306549787521362,0.30125003824069807,0,0,transport_not_completed,1,True,36,0.0,0.45,0,33,44,,,,0,0,False,0,0,False,False,0,False,0.0,0.46309933066368103,0.21278122067451477,0.8774232268333435,False,0.48971307277679443,-0.0872909277677536,0.8443577289581299,False,,False,80
move_near,move_near/condition_0031,31,33,False,80,0.3030592560700924,0.026613742113113403,-0.30007214844226837,-0.03306549787521362,0.30125003824069807,0,0,transport_not_completed,1,True,36,0.0,0.45,0,34,44,,,,0,0,False,0,0,False,False,0,False,0.0,0.46309933066368103,0.21278122067451477,0.8774232268333435,False,0.48971307277679443,-0.0872909277677536,0.8443577289581299,False,,False,80
move_near,move_near/condition_0031,31,34,False,80,0.3030592560700924,0.026613742113113403,-0.30007214844226837,-0.03306549787521362,0.30125003824069807,0,0,transport_not_completed,1,True,36,0.0,0.45,0,35,44,,,,0,0,False,0,0,False,False,0,False,0.0,0.46309933066368103,0.21278122067451477,0.8774232268333435,False,0.48971307277679443,-0.0872909277677536,0.8443577289581299,False,,False,80
move_near,move_near/condition_0031,31,35,False,80,0.3030592560700924,0.026613742113113403,-0.30007214844226837,-0.03306549787521362,0.30125003824069807,0,0,transport_not_completed,1,True,36,0.0,0.45,0,36,44,,,,0,0,False,0,0,False,False,0,False,0.0,0.46309933066368103,0.21278122067451477,0.8774232268333435,False,0.48971307277679443,-0.0872909277677536,0.8443577289581299,False,,False,80
move_near,move_near/condition_0031,31,36,False,80,0.3030592560700924,0.026613742113113403,-0.30007214844226837,-0.03306549787521362,0.30125003824069807,0,0,transport_not_completed,1,True,36,0.0,0.45,0,37,44,,,,0,0,False,0,0,False,False,0,False,0.0,0.46309933066368103,0.21278122067451477,0.8774232268333435,False,0.48971307277679443,-0.0872909277677536,0.8443577289581299,False,,False,80
move_near,move_near/condition_0031,31,37,False,80,0.3030592560700924,0.026613742113113403,-0.30007214844226837,-0.03306549787521362,0.30125003824069807,0,0,transport_not_completed,1,True,36,0.0,0.45,0,38,44,,,,0,0,False,0,0,False,False,0,False,0.0,0.46309933066368103,0.21278122067451477,0.8774232268333435,False,0.48971307277679443,-0.0872909277677536,0.8443577289581299,False,,False,80
move_near,move_near/condition_0031,31,38,False,80,0.3030592560700924,0.026613742113113403,-0.30007214844226837,-0.03306549787521362,0.30125003824069807,0,0,transport_not_completed,1,True,36,0.0,0.45,0,39,44,,,,0,0,False,0,0,False,False,0,False,0.0,0.46309933066368103,0.21278122067451477,0.8774232268333435,False,0.48971307277679443,-0.0872909277677536,0.8443577289581299,False,,False,80
move_near,move_near/condition_0031,31,39,False,80,0.3030592560700924,0.026613742113113403,-0.30007214844226837,-0.03306549787521362,0.30125003824069807,0,0,transport_not_completed,1,True,36,0.0,0.45,0,40,44,,,,0,0,False,0,0,False,False,0,False,0.0,0.46309933066368103,0.21278122067451477,0.8774232268333435,False,0.48971307277679443,-0.0872909277677536,0.8443577289581299,False,,False,80
move_near,move_near/condition_0031,31,40,False,80,0.3030592560700924,0.026613742113113403,-0.30007214844226837,-0.03306549787521362,0.30125003824069807,0,0,transport_not_completed,1,True,36,0.0,0.45,0,41,44,,,,0,0,False,0,0,False,False,0,False,0.0,0.46309933066368103,0.21278122067451477,0.8774232268333435,False,0.48971307277679443,-0.0872909277677536,0.8443577289581299,False,,False,80
move_near,move_near/condition_0031,31,41,False,80,0.3030592560700924,0.026613742113113403,-0.30007214844226837,-0.03306549787521362,0.30125003824069807,0,0,transport_not_completed,1,True,36,0.0,0.45,0,42,44,,,,0,0,False,0,0,False,False,0,False,0.0,0.46309933066368103,0.21278122067451477,0.8774232268333435,False,0.48971307277679443,-0.0872909277677536,0.8443577289581299,False,,False,80
move_near,move_near/condition_0031,31,42,False,80,0.3030592560700924,0.026613742113113403,-0.30007214844226837,-0.03306549787521362,0.30125003824069807,0,0,transport_not_completed,1,True,36,0.0,0.45,0,43,44,,,,0,0,False,0,0,False,False,0,False,0.0,0.46309933066368103,0.21278122067451477,0.8774232268333435,False,0.48971307277679443,-0.0872909277677536,0.8443577289581299,False,,False,80
move_near,move_near/condition_0031,31,43,False,80,0.3030592560700924,0.026613742113113403,-0.30007214844226837,-0.03306549787521362,0.30125003824069807,0,0,transport_not_completed,1,True,36,0.0,0.45,0,44,44,,,,0,0,False,0,0,False,False,0,False,0.0,0.46309933066368103,0.21278122067451477,0.8774232268333435,False,0.48971307277679443,-0.0872909277677536,0.8443577289581299,False,,False,80
move_near,move_near/condition_0031,31,44,False,80,0.3030592560700924,0.026613742113113403,-0.30007214844226837,-0.03306549787521362,0.30125003824069807,0,0,transport_not_completed,1,True,36,0.022222222222222223,0.45,1,45,44,,,,0,0,False,1,1,True,False,0,False,0.0,0.46309933066368103,0.21278122067451477,0.8774232268333435,False,0.48971307277679443,-0.0872909277677536,0.8443577289581299,False,0,False,80
move_near,move_near/condition_0031,31,45,False,80,0.3030592560700924,0.026613742113113403,-0.30007214844226837,-0.03306549787521362,0.30125003824069807,0,0,transport_not_completed,1,True,36,0.043478260869565216,0.45,2,46,44,,,,0,0,False,1,0,True,False,0,False,0.0,0.46309933066368103,0.21278122067451477,0.8774232268333435,False,0.48971307277679443,-0.0872909277677536,0.8443577289581299,False,1,False,80
move_near,move_near/condition_0031,31,46,False,80,0.3030592560700924,0.026613742113113403,-0.30007214844226837,-0.03306549787521362,0.30125003824069807,0,0,transport_not_completed,1,True,36,0.06382978723404255,0.45,3,47,44,,,,0,0,False,1,0,True,False,0,False,0.0,0.46309933066368103,0.21278122067451477,0.8774232268333435,False,0.48971307277679443,-0.0872909277677536,0.8443577289581299,False,2,False,80
move_near,move_near/condition_0031,31,47,False,80,0.3030592560700924,0.026613742113113403,-0.30007214844226837,-0.03306549787521362,0.30125003824069807,0,0,transport_not_completed,1,True,36,0.08333333333333333,0.45,4,48,44,,,,0,0,False,1,0,True,False,0,False,0.0,0.46309933066368103,0.21278122067451477,0.8774232268333435,False,0.48971307277679443,-0.0872909277677536,0.8443577289581299,False,3,False,80
move_near,move_near/condition_0031,31,48,False,80,0.3030592560700924,0.026613742113113403,-0.30007214844226837,-0.03306549787521362,0.30125003824069807,0,0,transport_not_completed,1,True,36,0.10204081632653061,0.45,5,49,44,,,,0,0,False,1,0,True,False,0,False,0.0,0.46309933066368103,0.21278122067451477,0.8774232268333435,False,0.48971307277679443,-0.0872909277677536,0.8443577289581299,False,4,False,80
move_near,move_near/condition_0031,31,49,False,80,0.3030592560700924,0.026613742113113403,-0.30007214844226837,-0.03306549787521362,0.30125003824069807,0,0,transport_not_completed,1,True,36,0.12,0.45,6,50,44,,,,0,0,False,1,0,True,False,0,False,0.0,0.46309933066368103,0.21278122067451477,0.8774232268333435,False,0.48971307277679443,-0.0872909277677536,0.8443577289581299,False,5,False,80
move_near,move_near/condition_0031,31,50,False,80,0.3030592560700924,0.026613742113113403,-0.30007214844226837,-0.03306549787521362,0.30125003824069807,0,0,transport_not_completed,1,True,36,0.13725490196078433,0.45,7,51,44,,,,0,0,False,1,0,True,False,0,False,0.0,0.46309933066368103,0.21278122067451477,0.8774232268333435,False,0.48971307277679443,-0.0872909277677536,0.8443577289581299,False,6,False,80
move_near,move_near/condition_0031,31,51,False,80,0.3030592560700924,0.026613742113113403,-0.30007214844226837,-0.03306549787521362,0.30125003824069807,0,0,transport_not_completed,1,True,36,0.15384615384615385,0.45,8,52,44,,,,0,0,False,1,0,True,False,0,False,0.0,0.46309933066368103,0.21278122067451477,0.8774232268333435,False,0.48971307277679443,-0.0872909277677536,0.8443577289581299,False,7,False,80
move_near,move_near/condition_0031,31,52,False,80,0.3030592560700924,0.026613742113113403,-0.30007214844226837,-0.03306549787521362,0.30125003824069807,0,0,transport_not_completed,1,True,36,0.16981132075471697,0.45,9,53,44,,,,0,0,False,1,0,True,False,0,False,0.0,0.46309933066368103,0.21278122067451477,0.8774232268333435,False,0.48971307277679443,-0.0872909277677536,0.8443577289581299,False,8,False,80
move_near,move_near/condition_0031,31,53,False,80,0.3030592560700924,0.026613742113113403,-0.30007214844226837,-0.03306549787521362,0.30125003824069807,0,0,transport_not_completed,1,True,36,0.18518518518518517,0.45,10,54,44,,,,0,0,False,1,0,True,False,0,False,0.0,0.46309933066368103,0.21278122067451477,0.8774232268333435,False,0.48971307277679443,-0.0872909277677536,0.8443577289581299,False,9,False,80
move_near,move_near/condition_0031,31,54,False,80,0.3030592560700924,0.026613742113113403,-0.30007214844226837,-0.03306549787521362,0.30125003824069807,0,0,transport_not_completed,1,True,36,0.2,0.45,11,55,44,,,,0,0,False,1,0,True,False,0,False,0.0,0.46309933066368103,0.21278122067451477,0.8774232268333435,False,0.48971307277679443,-0.0872909277677536,0.8443577289581299,False,10,False,80
move_near,move_near/condition_0031,31,55,False,80,0.3030592560700924,0.026613742113113403,-0.30007214844226837,-0.03306549787521362,0.30125003824069807,0,0,transport_not_completed,1,True,36,0.21428571428571427,0.45,12,56,44,,,,0,0,False,1,0,True,False,0,False,0.0,0.46309933066368103,0.21278122067451477,0.8774232268333435,False,0.48971307277679443,-0.0872909277677536,0.8443577289581299,False,11,False,80
move_near,move_near/condition_0031,31,56,False,80,0.3030592560700924,0.026613742113113403,-0.30007214844226837,-0.03306549787521362,0.30125003824069807,0,0,transport_not_completed,1,True,36,0.22807017543859648,0.45,13,57,44,,,,0,0,False,1,0,True,False,0,False,0.0,0.46309933066368103,0.21278122067451477,0.8774232268333435,False,0.48971307277679443,-0.0872909277677536,0.8443577289581299,False,12,False,80
move_near,move_near/condition_0031,31,57,False,80,0.3030592560700924,0.026613742113113403,-0.30007214844226837,-0.03306549787521362,0.30125003824069807,0,0,transport_not_completed,1,True,36,0.2413793103448276,0.45,14,58,44,,,,0,0,False,1,0,True,False,0,False,0.0,0.46309933066368103,0.21278122067451477,0.8774232268333435,False,0.48971307277679443,-0.0872909277677536,0.8443577289581299,False,13,False,80
move_near,move_near/condition_0031,31,58,False,80,0.3030592560700924,0.026613742113113403,-0.30007214844226837,-0.03306549787521362,0.30125003824069807,0,0,transport_not_completed,1,True,36,0.2542372881355932,0.45,15,59,44,,,,0,0,False,1,0,True,False,0,False,0.0,0.46309933066368103,0.21278122067451477,0.8774232268333435,False,0.48971307277679443,-0.0872909277677536,0.8443577289581299,False,14,False,80
move_near,move_near/condition_0031,31,59,False,80,0.3030592560700924,0.026613742113113403,-0.30007214844226837,-0.03306549787521362,0.30125003824069807,0,0,transport_not_completed,1,True,36,0.26666666666666666,0.45,16,60,44,,,,0,0,False,1,0,True,False,0,False,0.0,0.46309933066368103,0.21278122067451477,0.8774232268333435,False,0.48971307277679443,-0.0872909277677536,0.8443577289581299,False,15,False,80
move_near,move_near/condition_0031,31,60,False,80,0.3030592560700924,0.026613742113113403,-0.30007214844226837,-0.03306549787521362,0.30125003824069807,0,0,transport_not_completed,1,True,36,0.2786885245901639,0.45,17,61,44,,,,0,0,False,1,0,True,False,0,False,0.0,0.46309933066368103,0.21278122067451477,0.8774232268333435,False,0.48971307277679443,-0.0872909277677536,0.8443577289581299,False,16,False,80
move_near,move_near/condition_0031,31,61,False,80,0.3030592560700924,0.026613742113113403,-0.30007214844226837,-0.03306549787521362,0.30125003824069807,0,0,transport_not_completed,1,True,36,0.2903225806451613,0.45,18,62,44,,,,0,0,False,1,0,True,False,0,False,0.0,0.46309933066368103,0.21278122067451477,0.8774232268333435,False,0.48971307277679443,-0.0872909277677536,0.8443577289581299,False,17,False,80
move_near,move_near/condition_0031,31,62,False,80,0.3030592560700924,0.026613742113113403,-0.30007214844226837,-0.03306549787521362,0.30125003824069807,0,0,transport_not_completed,1,True,36,0.30158730158730157,0.45,19,63,44,,,,0,0,False,1,0,True,False,0,False,0.0,0.46309933066368103,0.21278122067451477,0.8774232268333435,False,0.48971307277679443,-0.0872909277677536,0.8443577289581299,False,18,False,80
move_near,move_near/condition_0031,31,63,False,80,0.3030592560700924,0.026613742113113403,-0.30007214844226837,-0.03306549787521362,0.30125003824069807,0,0,transport_not_completed,1,True,36,0.3125,0.45,20,64,44,,,,0,0,False,1,0,True,False,0,False,0.0,0.46309933066368103,0.21278122067451477,0.8774232268333435,False,0.48971307277679443,-0.0872909277677536,0.8443577289581299,False,19,False,80
move_near,move_near/condition_0031,31,64,False,80,0.3030592560700924,0.026613742113113403,-0.30007214844226837,-0.03306549787521362,0.30125003824069807,0,0,transport_not_completed,1,True,36,0.3230769230769231,0.45,21,65,44,,,,0,0,False,1,0,True,False,0,False,0.0,0.46309933066368103,0.21278122067451477,0.8774232268333435,False,0.48971307277679443,-0.0872909277677536,0.8443577289581299,False,20,False,80
move_near,move_near/condition_0031,31,65,False,80,0.3030592560700924,0.026613742113113403,-0.30007214844226837,-0.03306549787521362,0.30125003824069807,0,0,transport_not_completed,1,True,36,0.3333333333333333,0.45,22,66,44,,,,0,0,False,1,0,True,False,0,False,0.0,0.46309933066368103,0.21278122067451477,0.8774232268333435,False,0.48971307277679443,-0.0872909277677536,0.8443577289581299,False,21,False,80
move_near,move_near/condition_0031,31,66,False,80,0.3030592560700924,0.026613742113113403,-0.30007214844226837,-0.03306549787521362,0.30125003824069807,0,0,transport_not_completed,1,True,36,0.34328358208955223,0.45,23,67,44,,,,0,0,False,1,0,True,False,0,False,0.0,0.46309933066368103,0.21278122067451477,0.8774232268333435,False,0.48971307277679443,-0.0872909277677536,0.8443577289581299,False,22,False,80
move_near,move_near/condition_0031,31,67,False,80,0.3030592560700924,0.026613742113113403,-0.30007214844226837,-0.03306549787521362,0.30125003824069807,0,0,transport_not_completed,1,True,36,0.35294117647058826,0.45,24,68,44,,,,0,0,False,1,0,True,False,0,False,0.0,0.46309933066368103,0.21278122067451477,0.8774232268333435,False,0.48971307277679443,-0.0872909277677536,0.8443577289581299,False,23,False,80
move_near,move_near/condition_0031,31,68,False,80,0.3030592560700924,0.026613742113113403,-0.30007214844226837,-0.03306549787521362,0.30125003824069807,0,0,transport_not_completed,1,True,36,0.36231884057971014,0.45,25,69,44,,,,0,0,False,1,0,True,False,0,False,0.0,0.46309933066368103,0.21278122067451477,0.8774232268333435,False,0.48971307277679443,-0.0872909277677536,0.8443577289581299,False,24,False,80
move_near,move_near/condition_0031,31,69,False,80,0.3030592560700924,0.026613742113113403,-0.30007214844226837,-0.03306549787521362,0.30125003824069807,0,0,transport_not_completed,1,True,36,0.37142857142857144,0.45,26,70,44,,,,0,0,False,1,0,True,False,0,False,0.0,0.46309933066368103,0.21278122067451477,0.8774232268333435,False,0.48971307277679443,-0.0872909277677536,0.8443577289581299,False,25,False,80
move_near,move_near/condition_0031,31,70,False,80,0.3030592560700924,0.026613742113113403,-0.30007214844226837,-0.03306549787521362,0.30125003824069807,0,0,transport_not_completed,1,True,36,0.38028169014084506,0.45,27,71,44,,,,0,0,False,1,0,True,False,0,False,0.0,0.46309933066368103,0.21278122067451477,0.8774232268333435,False,0.48971307277679443,-0.0872909277677536,0.8443577289581299,False,26,False,80
move_near,move_near/condition_0031,31,71,False,80,0.3030592560700924,0.026613742113113403,-0.30007214844226837,-0.03306549787521362,0.30125003824069807,0,0,transport_not_completed,1,True,36,0.3888888888888889,0.45,28,72,44,,,,0,0,False,1,0,True,False,0,False,0.0,0.46309933066368103,0.21278122067451477,0.8774232268333435,False,0.48971307277679443,-0.0872909277677536,0.8443577289581299,False,27,False,80
move_near,move_near/condition_0031,31,72,False,80,0.3030592560700924,0.026613742113113403,-0.30007214844226837,-0.03306549787521362,0.30125003824069807,0,0,transport_not_completed,1,True,36,0.3972602739726027,0.45,29,73,44,,,,0,0,False,1,0,True,False,0,False,0.0,0.46309933066368103,0.21278122067451477,0.8774232268333435,False,0.48971307277679443,-0.0872909277677536,0.8443577289581299,False,28,False,80
move_near,move_near/condition_0031,31,73,False,80,0.3030592560700924,0.026613742113113403,-0.30007214844226837,-0.03306549787521362,0.30125003824069807,0,0,transport_not_completed,1,True,36,0.40540540540540543,0.45,30,74,44,,,,0,0,False,1,0,True,False,0,False,0.0,0.46309933066368103,0.21278122067451477,0.8774232268333435,False,0.48971307277679443,-0.0872909277677536,0.8443577289581299,False,29,False,80
move_near,move_near/condition_0031,31,74,False,80,0.3030592560700924,0.026613742113113403,-0.30007214844226837,-0.03306549787521362,0.30125003824069807,0,0,transport_not_completed,1,True,36,0.41333333333333333,0.45,31,75,44,,,,0,0,False,1,0,True,False,0,False,0.0,0.46309933066368103,0.21278122067451477,0.8774232268333435,False,0.48971307277679443,-0.0872909277677536,0.8443577289581299,False,30,False,80
move_near,move_near/condition_0031,31,75,False,80,0.3030592560700924,0.026613742113113403,-0.30007214844226837,-0.03306549787521362,0.30125003824069807,0,0,transport_not_completed,1,True,36,0.42105263157894735,0.45,32,76,44,,,,0,0,False,1,0,True,False,0,False,0.0,0.46309933066368103,0.21278122067451477,0.8774232268333435,False,0.48971307277679443,-0.0872909277677536,0.8443577289581299,False,31,False,80
move_near,move_near/condition_0031,31,76,False,80,0.3030592560700924,0.026613742113113403,-0.30007214844226837,-0.03306549787521362,0.30125003824069807,0,0,transport_not_completed,1,True,36,0.42857142857142855,0.45,33,77,44,,,,0,0,False,1,0,True,False,0,False,0.0,0.46309933066368103,0.21278122067451477,0.8774232268333435,False,0.48971307277679443,-0.0872909277677536,0.8443577289581299,False,32,False,80
move_near,move_near/condition_0031,31,77,False,80,0.3030592560700924,0.026613742113113403,-0.30007214844226837,-0.03306549787521362,0.30125003824069807,0,0,transport_not_completed,1,True,36,0.4358974358974359,0.45,34,78,44,,,,0,0,False,1,0,True,False,0,False,0.0,0.46309933066368103,0.21278122067451477,0.8774232268333435,False,0.48971307277679443,-0.0872909277677536,0.8443577289581299,False,33,False,80
move_near,move_near/condition_0031,31,78,False,80,0.3030592560700924,0.026613742113113403,-0.30007214844226837,-0.03306549787521362,0.30125003824069807,0,0,transport_not_completed,1,True,36,0.4430379746835443,0.45,35,79,44,,,,0,0,False,1,0,True,False,0,False,0.0,0.46309933066368103,0.21278122067451477,0.8774232268333435,False,0.48971307277679443,-0.0872909277677536,0.8443577289581299,False,34,False,80
move_near,move_near/condition_0031,31,79,False,80,0.3030592560700924,0.026613742113113403,-0.30007214844226837,-0.03306549787521362,0.30125003824069807,0,0,transport_not_completed,1,True,36,0.45,0.45,36,80,44,,,,0,0,False,1,0,True,False,0,False,0.0,0.46309933066368103,0.21278122067451477,0.8774232268333435,False,0.48971307277679443,-0.0872909277677536,0.8443577289581299,False,35,True,80
move_near,move_near/condition_0032,32,0,False,80,0.24975620237721374,-0.2114596664905548,0.13285888731479645,0.003389120101928711,0.2497332066242342,0,1,no_correct_move,0,True,0,0.0,0.0,0,1,,,,,0,0,True,0,0,False,False,0,False,0.0,0.6745589971542358,0.07992233335971832,0.8740341067314148,False,0.46309933066368103,0.21278122067451477,0.8774232268333435,False,,False,80
move_near,move_near/condition_0032,32,1,False,80,0.24975620237721374,-0.2114596664905548,0.13285888731479645,0.003389120101928711,0.2497332066242342,0,1,no_correct_move,0,True,0,0.0,0.0,0,2,,,,,0,0,True,0,0,False,False,0,False,0.0,0.6745589971542358,0.07992233335971832,0.8740341067314148,False,0.46309933066368103,0.21278122067451477,0.8774232268333435,False,,False,80
move_near,move_near/condition_0032,32,2,False,80,0.24975620237721374,-0.2114596664905548,0.13285888731479645,0.003389120101928711,0.2497332066242342,0,1,no_correct_move,0,True,0,0.0,0.0,0,3,,,,,0,0,True,0,0,False,False,0,False,0.0,0.6745589971542358,0.07992233335971832,0.8740341067314148,False,0.46309933066368103,0.21278122067451477,0.8774232268333435,False,,False,80
move_near,move_near/condition_0032,32,3,False,80,0.24975620237721374,-0.2114596664905548,0.13285888731479645,0.003389120101928711,0.2497332066242342,0,1,no_correct_move,0,True,0,0.0,0.0,0,4,,,,,0,0,True,0,0,False,False,0,False,0.0,0.6745589971542358,0.07992233335971832,0.8740341067314148,False,0.46309933066368103,0.21278122067451477,0.8774232268333435,False,,False,80
move_near,move_near/condition_0032,32,4,False,80,0.24975620237721374,-0.2114596664905548,0.13285888731479645,0.003389120101928711,0.2497332066242342,0,1,no_correct_move,0,True,0,0.0,0.0,0,5,,,,,0,0,True,0,0,False,False,0,False,0.0,0.6745589971542358,0.07992233335971832,0.8740341067314148,False,0.46309933066368103,0.21278122067451477,0.8774232268333435,False,,False,80
move_near,move_near/condition_0032,32,5,False,80,0.24975620237721374,-0.2114596664905548,0.13285888731479645,0.003389120101928711,0.2497332066242342,0,1,no_correct_move,0,True,0,0.0,0.0,0,6,,,,,0,0,True,0,0,False,False,0,False,0.0,0.6745589971542358,0.07992233335971832,0.8740341067314148,False,0.46309933066368103,0.21278122067451477,0.8774232268333435,False,,False,80
move_near,move_near/condition_0032,32,6,False,80,0.24975620237721374,-0.2114596664905548,0.13285888731479645,0.003389120101928711,0.2497332066242342,0,1,no_correct_move,0,True,0,0.0,0.0,0,7,,,,,0,0,True,0,0,False,False,0,False,0.0,0.6745589971542358,0.07992233335971832,0.8740341067314148,False,0.46309933066368103,0.21278122067451477,0.8774232268333435,False,,False,80
move_near,move_near/condition_0032,32,7,False,80,0.24975620237721374,-0.2114596664905548,0.13285888731479645,0.003389120101928711,0.2497332066242342,0,1,no_correct_move,0,True,0,0.0,0.0,0,8,,,,,0,0,True,0,0,False,False,0,False,0.0,0.6745589971542358,0.07992233335971832,0.8740341067314148,False,0.46309933066368103,0.21278122067451477,0.8774232268333435,False,,False,80
move_near,move_near/condition_0032,32,8,False,80,0.24975620237721374,-0.2114596664905548,0.13285888731479645,0.003389120101928711,0.2497332066242342,0,1,no_correct_move,0,True,0,0.0,0.0,0,9,,,,,0,0,True,0,0,False,False,0,False,0.0,0.6745589971542358,0.07992233335971832,0.8740341067314148,False,0.46309933066368103,0.21278122067451477,0.8774232268333435,False,,False,80
move_near,move_near/condition_0032,32,9,False,80,0.24975620237721374,-0.2114596664905548,0.13285888731479645,0.003389120101928711,0.2497332066242342,0,1,no_correct_move,0,True,0,0.0,0.0,0,10,,,,,0,0,True,0,0,False,False,0,False,0.0,0.6745589971542358,0.07992233335971832,0.8740341067314148,False,0.46309933066368103,0.21278122067451477,0.8774232268333435,False,,False,80
move_near,move_near/condition_0032,32,10,False,80,0.24975620237721374,-0.2114596664905548,0.13285888731479645,0.003389120101928711,0.2497332066242342,0,1,no_correct_move,0,True,0,0.0,0.0,0,11,,,,,0,0,True,0,0,False,False,0,False,0.0,0.6745589971542358,0.07992233335971832,0.8740341067314148,False,0.46309933066368103,0.21278122067451477,0.8774232268333435,False,,False,80
move_near,move_near/condition_0032,32,11,False,80,0.24975620237721374,-0.2114596664905548,0.13285888731479645,0.003389120101928711,0.2497332066242342,0,1,no_correct_move,0,True,0,0.0,0.0,0,12,,,,,0,0,True,0,0,False,False,0,False,0.0,0.6745589971542358,0.07992233335971832,0.8740341067314148,False,0.46309933066368103,0.21278122067451477,0.8774232268333435,False,,False,80
move_near,move_near/condition_0032,32,12,False,80,0.24975620237721374,-0.2114596664905548,0.13285888731479645,0.003389120101928711,0.2497332066242342,0,1,no_correct_move,0,True,0,0.0,0.0,0,13,,,,,0,0,True,0,0,False,False,0,False,0.0,0.6745589971542358,0.07992233335971832,0.8740341067314148,False,0.46309933066368103,0.21278122067451477,0.8774232268333435,False,,False,80
move_near,move_near/condition_0032,32,13,False,80,0.24975620237721374,-0.2114596664905548,0.13285888731479645,0.003389120101928711,0.2497332066242342,0,1,no_correct_move,0,True,0,0.0,0.0,0,14,,,,,0,0,True,0,0,False,False,0,False,0.0,0.6745589971542358,0.07992233335971832,0.8740341067314148,False,0.46309933066368103,0.21278122067451477,0.8774232268333435,False,,False,80
move_near,move_near/condition_0032,32,14,False,80,0.24975620237721374,-0.2114596664905548,0.13285888731479645,0.003389120101928711,0.2497332066242342,0,1,no_correct_move,0,True,0,0.0,0.0,0,15,,,,,0,0,True,0,0,False,False,0,False,0.0,0.6745589971542358,0.07992233335971832,0.8740341067314148,False,0.46309933066368103,0.21278122067451477,0.8774232268333435,False,,False,80
move_near,move_near/condition_0032,32,15,False,80,0.24975620237721374,-0.2114596664905548,0.13285888731479645,0.003389120101928711,0.2497332066242342,0,1,no_correct_move,0,True,0,0.0,0.0,0,16,,,,,0,0,True,0,0,False,False,0,False,0.0,0.6745589971542358,0.07992233335971832,0.8740341067314148,False,0.46309933066368103,0.21278122067451477,0.8774232268333435,False,,False,80
move_near,move_near/condition_0032,32,16,False,80,0.24975620237721374,-0.2114596664905548,0.13285888731479645,0.003389120101928711,0.2497332066242342,0,1,no_correct_move,0,True,0,0.0,0.0,0,17,,,,,0,0,True,0,0,False,False,0,False,0.0,0.6745589971542358,0.07992233335971832,0.8740341067314148,False,0.46309933066368103,0.21278122067451477,0.8774232268333435,False,,False,80
move_near,move_near/condition_0032,32,17,False,80,0.24975620237721374,-0.2114596664905548,0.13285888731479645,0.003389120101928711,0.2497332066242342,0,1,no_correct_move,0,True,0,0.0,0.0,0,18,,,,,0,0,True,0,0,False,False,0,False,0.0,0.6745589971542358,0.07992233335971832,0.8740341067314148,False,0.46309933066368103,0.21278122067451477,0.8774232268333435,False,,False,80
move_near,move_near/condition_0032,32,18,False,80,0.24975620237721374,-0.2114596664905548,0.13285888731479645,0.003389120101928711,0.2497332066242342,0,1,no_correct_move,0,True,0,0.0,0.0,0,19,,,,,0,0,True,0,0,False,False,0,False,0.0,0.6745589971542358,0.07992233335971832,0.8740341067314148,False,0.46309933066368103,0.21278122067451477,0.8774232268333435,False,,False,80
move_near,move_near/condition_0032,32,19,False,80,0.24975620237721374,-0.2114596664905548,0.13285888731479645,0.003389120101928711,0.2497332066242342,0,1,no_correct_move,0,True,0,0.0,0.0,0,20,,,,,0,0,True,0,0,False,False,0,False,0.0,0.6745589971542358,0.07992233335971832,0.8740341067314148,False,0.46309933066368103,0.21278122067451477,0.8774232268333435,False,,False,80
move_near,move_near/condition_0032,32,20,False,80,0.24975620237721374,-0.2114596664905548,0.13285888731479645,0.003389120101928711,0.2497332066242342,0,1,no_correct_move,0,True,0,0.0,0.0,0,21,,,,,0,0,True,0,0,False,False,0,False,0.0,0.6745589971542358,0.07992233335971832,0.8740341067314148,False,0.46309933066368103,0.21278122067451477,0.8774232268333435,False,,False,80
move_near,move_near/condition_0032,32,21,False,80,0.24975620237721374,-0.2114596664905548,0.13285888731479645,0.003389120101928711,0.2497332066242342,0,1,no_correct_move,0,True,0,0.0,0.0,0,22,,,,,0,0,True,0,0,False,False,0,False,0.0,0.6745589971542358,0.07992233335971832,0.8740341067314148,False,0.46309933066368103,0.21278122067451477,0.8774232268333435,False,,False,80
move_near,move_near/condition_0032,32,22,False,80,0.24975620237721374,-0.2114596664905548,0.13285888731479645,0.003389120101928711,0.2497332066242342,0,1,no_correct_move,0,True,0,0.0,0.0,0,23,,,,,0,0,True,0,0,False,False,0,False,0.0,0.6745589971542358,0.07992233335971832,0.8740341067314148,False,0.46309933066368103,0.21278122067451477,0.8774232268333435,False,,False,80
move_near,move_near/condition_0032,32,23,False,80,0.24975620237721374,-0.2114596664905548,0.13285888731479645,0.003389120101928711,0.2497332066242342,0,1,no_correct_move,0,True,0,0.0,0.0,0,24,,,,,0,0,True,0,0,False,False,0,False,0.0,0.6745589971542358,0.07992233335971832,0.8740341067314148,False,0.46309933066368103,0.21278122067451477,0.8774232268333435,False,,False,80
move_near,move_near/condition_0032,32,24,False,80,0.24975620237721374,-0.2114596664905548,0.13285888731479645,0.003389120101928711,0.2497332066242342,0,1,no_correct_move,0,True,0,0.0,0.0,0,25,,,,,0,0,True,0,0,False,False,0,False,0.0,0.6745589971542358,0.07992233335971832,0.8740341067314148,False,0.46309933066368103,0.21278122067451477,0.8774232268333435,False,,False,80
move_near,move_near/condition_0032,32,25,False,80,0.24975620237721374,-0.2114596664905548,0.13285888731479645,0.003389120101928711,0.2497332066242342,0,1,no_correct_move,0,True,0,0.0,0.0,0,26,,,,,0,0,True,0,0,False,False,0,False,0.0,0.6745589971542358,0.07992233335971832,0.8740341067314148,False,0.46309933066368103,0.21278122067451477,0.8774232268333435,False,,False,80
move_near,move_near/condition_0032,32,26,False,80,0.24975620237721374,-0.2114596664905548,0.13285888731479645,0.003389120101928711,0.2497332066242342,0,1,no_correct_move,0,True,0,0.0,0.0,0,27,,,,,0,0,True,0,0,False,False,0,False,0.0,0.6745589971542358,0.07992233335971832,0.8740341067314148,False,0.46309933066368103,0.21278122067451477,0.8774232268333435,False,,False,80
move_near,move_near/condition_0032,32,27,False,80,0.24975620237721374,-0.2114596664905548,0.13285888731479645,0.003389120101928711,0.2497332066242342,0,1,no_correct_move,0,True,0,0.0,0.0,0,28,,,,,0,0,True,0,0,False,False,0,False,0.0,0.6745589971542358,0.07992233335971832,0.8740341067314148,False,0.46309933066368103,0.21278122067451477,0.8774232268333435,False,,False,80
move_near,move_near/condition_0032,32,28,False,80,0.24975620237721374,-0.2114596664905548,0.13285888731479645,0.003389120101928711,0.2497332066242342,0,1,no_correct_move,0,True,0,0.0,0.0,0,29,,,,,0,0,True,0,0,False,False,0,False,0.0,0.6745589971542358,0.07992233335971832,0.8740341067314148,False,0.46309933066368103,0.21278122067451477,0.8774232268333435,False,,False,80
move_near,move_near/condition_0032,32,29,False,80,0.24975620237721374,-0.2114596664905548,0.13285888731479645,0.003389120101928711,0.2497332066242342,0,1,no_correct_move,0,True,0,0.0,0.0,0,30,,,,,0,0,True,0,0,False,False,0,False,0.0,0.6745589971542358,0.07992233335971832,0.8740341067314148,False,0.46309933066368103,0.21278122067451477,0.8774232268333435,False,,False,80
move_near,move_near/condition_0032,32,30,False,80,0.24975620237721374,-0.2114596664905548,0.13285888731479645,0.003389120101928711,0.2497332066242342,0,1,no_correct_move,0,True,0,0.0,0.0,0,31,,,,,0,0,True,0,0,False,False,0,False,0.0,0.6745589971542358,0.07992233335971832,0.8740341067314148,False,0.46309933066368103,0.21278122067451477,0.8774232268333435,False,,False,80
move_near,move_near/condition_0032,32,31,False,80,0.24975620237721374,-0.2114596664905548,0.13285888731479645,0.003389120101928711,0.2497332066242342,0,1,no_correct_move,0,True,0,0.0,0.0,0,32,,,,,0,0,True,0,0,False,False,0,False,0.0,0.6745589971542358,0.07992233335971832,0.8740341067314148,False,0.46309933066368103,0.21278122067451477,0.8774232268333435,False,,False,80
move_near,move_near/condition_0032,32,32,False,80,0.24975620237721374,-0.2114596664905548,0.13285888731479645,0.003389120101928711,0.2497332066242342,0,1,no_correct_move,0,True,0,0.0,0.0,0,33,,,,,0,0,True,0,0,False,False,0,False,0.0,0.6745589971542358,0.07992233335971832,0.8740341067314148,False,0.46309933066368103,0.21278122067451477,0.8774232268333435,False,,False,80
move_near,move_near/condition_0032,32,33,False,80,0.24975620237721374,-0.2114596664905548,0.13285888731479645,0.003389120101928711,0.2497332066242342,0,1,no_correct_move,0,True,0,0.0,0.0,0,34,,,,,0,0,True,0,0,False,False,0,False,0.0,0.6745589971542358,0.07992233335971832,0.8740341067314148,False,0.46309933066368103,0.21278122067451477,0.8774232268333435,False,,False,80
move_near,move_near/condition_0032,32,34,False,80,0.24975620237721374,-0.2114596664905548,0.13285888731479645,0.003389120101928711,0.2497332066242342,0,1,no_correct_move,0,True,0,0.0,0.0,0,35,,,,,0,0,True,0,0,False,False,0,False,0.0,0.6745589971542358,0.07992233335971832,0.8740341067314148,False,0.46309933066368103,0.21278122067451477,0.8774232268333435,False,,False,80
move_near,move_near/condition_0032,32,35,False,80,0.24975620237721374,-0.2114596664905548,0.13285888731479645,0.003389120101928711,0.2497332066242342,0,1,no_correct_move,0,True,0,0.0,0.0,0,36,,,,,0,0,True,0,0,False,False,0,False,0.0,0.6745589971542358,0.07992233335971832,0.8740341067314148,False,0.46309933066368103,0.21278122067451477,0.8774232268333435,False,,False,80
move_near,move_near/condition_0032,32,36,False,80,0.24975620237721374,-0.2114596664905548,0.13285888731479645,0.003389120101928711,0.2497332066242342,0,1,no_correct_move,0,True,0,0.0,0.0,0,37,,,,,0,0,True,0,0,False,False,0,False,0.0,0.6745589971542358,0.07992233335971832,0.8740341067314148,False,0.46309933066368103,0.21278122067451477,0.8774232268333435,False,,False,80
move_near,move_near/condition_0032,32,37,False,80,0.24975620237721374,-0.2114596664905548,0.13285888731479645,0.003389120101928711,0.2497332066242342,0,1,no_correct_move,0,True,0,0.0,0.0,0,38,,,,,0,0,True,0,0,False,False,0,False,0.0,0.6745589971542358,0.07992233335971832,0.8740341067314148,False,0.46309933066368103,0.21278122067451477,0.8774232268333435,False,,False,80
move_near,move_near/condition_0032,32,38,False,80,0.24975620237721374,-0.2114596664905548,0.13285888731479645,0.003389120101928711,0.2497332066242342,0,1,no_correct_move,0,True,0,0.0,0.0,0,39,,,,,0,0,True,0,0,False,False,0,False,0.0,0.6745589971542358,0.07992233335971832,0.8740341067314148,False,0.46309933066368103,0.21278122067451477,0.8774232268333435,False,,False,80
move_near,move_near/condition_0032,32,39,False,80,0.24975620237721374,-0.2114596664905548,0.13285888731479645,0.003389120101928711,0.2497332066242342,0,1,no_correct_move,0,True,0,0.0,0.0,0,40,,,,,0,0,True,0,0,False,False,0,False,0.0,0.6745589971542358,0.07992233335971832,0.8740341067314148,False,0.46309933066368103,0.21278122067451477,0.8774232268333435,False,,False,80
move_near,move_near/condition_0032,32,40,False,80,0.24975620237721374,-0.2114596664905548,0.13285888731479645,0.003389120101928711,0.2497332066242342,0,1,no_correct_move,0,True,0,0.0,0.0,0,41,,,,,0,0,True,0,0,False,False,0,False,0.0,0.6745589971542358,0.07992233335971832,0.8740341067314148,False,0.46309933066368103,0.21278122067451477,0.8774232268333435,False,,False,80
move_near,move_near/condition_0032,32,41,False,80,0.24975620237721374,-0.2114596664905548,0.13285888731479645,0.003389120101928711,0.2497332066242342,0,1,no_correct_move,0,True,0,0.0,0.0,0,42,,,,,0,0,True,0,0,False,False,0,False,0.0,0.6745589971542358,0.07992233335971832,0.8740341067314148,False,0.46309933066368103,0.21278122067451477,0.8774232268333435,False,,False,80
move_near,move_near/condition_0032,32,42,False,80,0.24975620237721374,-0.2114596664905548,0.13285888731479645,0.003389120101928711,0.2497332066242342,0,1,no_correct_move,0,True,0,0.0,0.0,0,43,,,,,0,0,True,0,0,False,False,0,False,0.0,0.6745589971542358,0.07992233335971832,0.8740341067314148,False,0.46309933066368103,0.21278122067451477,0.8774232268333435,False,,False,80
move_near,move_near/condition_0032,32,43,False,80,0.24975620237721374,-0.2114596664905548,0.13285888731479645,0.003389120101928711,0.2497332066242342,0,1,no_correct_move,0,True,0,0.0,0.0,0,44,,,,,0,0,True,0,0,False,False,0,False,0.0,0.6745589971542358,0.07992233335971832,0.8740341067314148,False,0.46309933066368103,0.21278122067451477,0.8774232268333435,False,,False,80
move_near,move_near/condition_0032,32,44,False,80,0.24975620237721374,-0.2114596664905548,0.13285888731479645,0.003389120101928711,0.2497332066242342,0,1,no_correct_move,0,True,0,0.0,0.0,0,45,,,,,0,0,True,0,0,False,False,0,False,0.0,0.6745589971542358,0.07992233335971832,0.8740341067314148,False,0.46309933066368103,0.21278122067451477,0.8774232268333435,False,,False,80
move_near,move_near/condition_0032,32,45,False,80,0.24975620237721374,-0.2114596664905548,0.13285888731479645,0.003389120101928711,0.2497332066242342,0,1,no_correct_move,0,True,0,0.0,0.0,0,46,,,,,0,0,True,0,0,False,False,0,False,0.0,0.6745589971542358,0.07992233335971832,0.8740341067314148,False,0.46309933066368103,0.21278122067451477,0.8774232268333435,False,,False,80
move_near,move_near/condition_0032,32,46,False,80,0.24975620237721374,-0.2114596664905548,0.13285888731479645,0.003389120101928711,0.2497332066242342,0,1,no_correct_move,0,True,0,0.0,0.0,0,47,,,,,0,0,True,0,0,False,False,0,False,0.0,0.6745589971542358,0.07992233335971832,0.8740341067314148,False,0.46309933066368103,0.21278122067451477,0.8774232268333435,False,,False,80
move_near,move_near/condition_0032,32,47,False,80,0.24975620237721374,-0.2114596664905548,0.13285888731479645,0.003389120101928711,0.2497332066242342,0,1,no_correct_move,0,True,0,0.0,0.0,0,48,,,,,0,0,True,0,0,False,False,0,False,0.0,0.6745589971542358,0.07992233335971832,0.8740341067314148,False,0.46309933066368103,0.21278122067451477,0.8774232268333435,False,,False,80
move_near,move_near/condition_0032,32,48,False,80,0.24975620237721374,-0.2114596664905548,0.13285888731479645,0.003389120101928711,0.2497332066242342,0,1,no_correct_move,0,True,0,0.0,0.0,0,49,,,,,0,0,True,0,0,False,False,0,False,0.0,0.6745589971542358,0.07992233335971832,0.8740341067314148,False,0.46309933066368103,0.21278122067451477,0.8774232268333435,False,,False,80
move_near,move_near/condition_0032,32,49,False,80,0.24975620237721374,-0.2114596664905548,0.13285888731479645,0.003389120101928711,0.2497332066242342,0,1,no_correct_move,0,True,0,0.0,0.0,0,50,,,,,0,0,True,0,0,False,False,0,False,0.0,0.6745589971542358,0.07992233335971832,0.8740341067314148,False,0.46309933066368103,0.21278122067451477,0.8774232268333435,False,,False,80
move_near,move_near/condition_0032,32,50,False,80,0.24975620237721374,-0.2114596664905548,0.13285888731479645,0.003389120101928711,0.2497332066242342,0,1,no_correct_move,0,True,0,0.0,0.0,0,51,,,,,0,0,True,0,0,False,False,0,False,0.0,0.6745589971542358,0.07992233335971832,0.8740341067314148,False,0.46309933066368103,0.21278122067451477,0.8774232268333435,False,,False,80
move_near,move_near/condition_0032,32,51,False,80,0.24975620237721374,-0.2114596664905548,0.13285888731479645,0.003389120101928711,0.2497332066242342,0,1,no_correct_move,0,True,0,0.0,0.0,0,52,,,,,0,0,True,0,0,False,False,0,False,0.0,0.6745589971542358,0.07992233335971832,0.8740341067314148,False,0.46309933066368103,0.21278122067451477,0.8774232268333435,False,,False,80
move_near,move_near/condition_0032,32,52,False,80,0.24975620237721374,-0.2114596664905548,0.13285888731479645,0.003389120101928711,0.2497332066242342,0,1,no_correct_move,0,True,0,0.0,0.0,0,53,,,,,0,0,True,0,0,False,False,0,False,0.0,0.6745589971542358,0.07992233335971832,0.8740341067314148,False,0.46309933066368103,0.21278122067451477,0.8774232268333435,False,,False,80
move_near,move_near/condition_0032,32,53,False,80,0.24975620237721374,-0.2114596664905548,0.13285888731479645,0.003389120101928711,0.2497332066242342,0,1,no_correct_move,0,True,0,0.0,0.0,0,54,,,,,0,0,True,0,0,False,False,0,False,0.0,0.6745589971542358,0.07992233335971832,0.8740341067314148,False,0.46309933066368103,0.21278122067451477,0.8774232268333435,False,,False,80
move_near,move_near/condition_0032,32,54,False,80,0.24975620237721374,-0.2114596664905548,0.13285888731479645,0.003389120101928711,0.2497332066242342,0,1,no_correct_move,0,True,0,0.0,0.0,0,55,,,,,0,0,True,0,0,False,False,0,False,0.0,0.6745589971542358,0.07992233335971832,0.8740341067314148,False,0.46309933066368103,0.21278122067451477,0.8774232268333435,False,,False,80
move_near,move_near/condition_0032,32,55,False,80,0.24975620237721374,-0.2114596664905548,0.13285888731479645,0.003389120101928711,0.2497332066242342,0,1,no_correct_move,0,True,0,0.0,0.0,0,56,,,,,0,0,True,0,0,False,False,0,False,0.0,0.6745589971542358,0.07992233335971832,0.8740341067314148,False,0.46309933066368103,0.21278122067451477,0.8774232268333435,False,,False,80
move_near,move_near/condition_0032,32,56,False,80,0.24975620237721374,-0.2114596664905548,0.13285888731479645,0.003389120101928711,0.2497332066242342,0,1,no_correct_move,0,True,0,0.0,0.0,0,57,,,,,0,0,True,0,0,False,False,0,False,0.0,0.6745589971542358,0.07992233335971832,0.8740341067314148,False,0.46309933066368103,0.21278122067451477,0.8774232268333435,False,,False,80
move_near,move_near/condition_0032,32,57,False,80,0.24975620237721374,-0.2114596664905548,0.13285888731479645,0.003389120101928711,0.2497332066242342,0,1,no_correct_move,0,True,0,0.0,0.0,0,58,,,,,0,0,True,0,0,False,False,0,False,0.0,0.6745589971542358,0.07992233335971832,0.8740341067314148,False,0.46309933066368103,0.21278122067451477,0.8774232268333435,False,,False,80
move_near,move_near/condition_0032,32,58,False,80,0.24975620237721374,-0.2114596664905548,0.13285888731479645,0.003389120101928711,0.2497332066242342,0,1,no_correct_move,0,True,0,0.0,0.0,0,59,,,,,0,0,True,0,0,False,False,0,False,0.0,0.6745589971542358,0.07992233335971832,0.8740341067314148,False,0.46309933066368103,0.21278122067451477,0.8774232268333435,False,,False,80
move_near,move_near/condition_0032,32,59,False,80,0.24975620237721374,-0.2114596664905548,0.13285888731479645,0.003389120101928711,0.2497332066242342,0,1,no_correct_move,0,True,0,0.0,0.0,0,60,,,,,0,0,True,0,0,False,False,0,False,0.0,0.6745589971542358,0.07992233335971832,0.8740341067314148,False,0.46309933066368103,0.21278122067451477,0.8774232268333435,False,,False,80
move_near,move_near/condition_0032,32,60,False,80,0.24975620237721374,-0.2114596664905548,0.13285888731479645,0.003389120101928711,0.2497332066242342,0,1,no_correct_move,0,True,0,0.0,0.0,0,61,,,,,0,0,True,0,0,False,False,0,False,0.0,0.6745589971542358,0.07992233335971832,0.8740341067314148,False,0.46309933066368103,0.21278122067451477,0.8774232268333435,False,,False,80
move_near,move_near/condition_0032,32,61,False,80,0.24975620237721374,-0.2114596664905548,0.13285888731479645,0.003389120101928711,0.2497332066242342,0,1,no_correct_move,0,True,0,0.0,0.0,0,62,,,,,0,0,True,0,0,False,False,0,False,0.0,0.6745589971542358,0.07992233335971832,0.8740341067314148,False,0.46309933066368103,0.21278122067451477,0.8774232268333435,False,,False,80
move_near,move_near/condition_0032,32,62,False,80,0.24975620237721374,-0.2114596664905548,0.13285888731479645,0.003389120101928711,0.2497332066242342,0,1,no_correct_move,0,True,0,0.0,0.0,0,63,,,,,0,0,True,0,0,False,False,0,False,0.0,0.6745589971542358,0.07992233335971832,0.8740341067314148,False,0.46309933066368103,0.21278122067451477,0.8774232268333435,False,,False,80
move_near,move_near/condition_0032,32,63,False,80,0.24975620237721374,-0.2114596664905548,0.13285888731479645,0.003389120101928711,0.2497332066242342,0,1,no_correct_move,0,True,0,0.0,0.0,0,64,,,,,0,0,True,0,0,False,False,0,False,0.0,0.6745589971542358,0.07992233335971832,0.8740341067314148,False,0.46309933066368103,0.21278122067451477,0.8774232268333435,False,,False,80
move_near,move_near/condition_0032,32,64,False,80,0.24975620237721374,-0.2114596664905548,0.13285888731479645,0.003389120101928711,0.2497332066242342,0,1,no_correct_move,0,True,0,0.0,0.0,0,65,,,,,0,0,True,0,0,False,False,0,False,0.0,0.6745589971542358,0.07992233335971832,0.8740341067314148,False,0.46309933066368103,0.21278122067451477,0.8774232268333435,False,,False,80
move_near,move_near/condition_0032,32,65,False,80,0.24975620237721374,-0.2114596664905548,0.13285888731479645,0.003389120101928711,0.2497332066242342,0,1,no_correct_move,0,True,0,0.0,0.0,0,66,,,,,0,0,True,0,0,False,False,0,False,0.0,0.6745589971542358,0.07992233335971832,0.8740341067314148,False,0.46309933066368103,0.21278122067451477,0.8774232268333435,False,,False,80
move_near,move_near/condition_0032,32,66,False,80,0.24975620237721374,-0.2114596664905548,0.13285888731479645,0.003389120101928711,0.2497332066242342,0,1,no_correct_move,0,True,0,0.0,0.0,0,67,,,,,0,0,True,0,0,False,False,0,False,0.0,0.6745589971542358,0.07992233335971832,0.8740341067314148,False,0.46309933066368103,0.21278122067451477,0.8774232268333435,False,,False,80
move_near,move_near/condition_0032,32,67,False,80,0.24975620237721374,-0.2114596664905548,0.13285888731479645,0.003389120101928711,0.2497332066242342,0,1,no_correct_move,0,True,0,0.0,0.0,0,68,,,,,0,0,True,0,0,False,False,0,False,0.0,0.6745589971542358,0.07992233335971832,0.8740341067314148,False,0.46309933066368103,0.21278122067451477,0.8774232268333435,False,,False,80
move_near,move_near/condition_0032,32,68,False,80,0.24975620237721374,-0.2114596664905548,0.13285888731479645,0.003389120101928711,0.2497332066242342,0,1,no_correct_move,0,True,0,0.0,0.0,0,69,,,,,0,0,True,0,0,False,False,0,False,0.0,0.6745589971542358,0.07992233335971832,0.8740341067314148,False,0.46309933066368103,0.21278122067451477,0.8774232268333435,False,,False,80
move_near,move_near/condition_0032,32,69,False,80,0.24975620237721374,-0.2114596664905548,0.13285888731479645,0.003389120101928711,0.2497332066242342,0,1,no_correct_move,0,True,0,0.0,0.0,0,70,,,,,0,0,True,0,0,False,False,0,False,0.0,0.6745589971542358,0.07992233335971832,0.8740341067314148,False,0.46309933066368103,0.21278122067451477,0.8774232268333435,False,,False,80
move_near,move_near/condition_0032,32,70,False,80,0.24975620237721374,-0.2114596664905548,0.13285888731479645,0.003389120101928711,0.2497332066242342,0,1,no_correct_move,0,True,0,0.0,0.0,0,71,,,,,0,0,True,0,0,False,False,0,False,0.0,0.6745589971542358,0.07992233335971832,0.8740341067314148,False,0.46309933066368103,0.21278122067451477,0.8774232268333435,False,,False,80
move_near,move_near/condition_0032,32,71,False,80,0.24975620237721374,-0.2114596664905548,0.13285888731479645,0.003389120101928711,0.2497332066242342,0,1,no_correct_move,0,True,0,0.0,0.0,0,72,,,,,0,0,True,0,0,False,False,0,False,0.0,0.6745589971542358,0.07992233335971832,0.8740341067314148,False,0.46309933066368103,0.21278122067451477,0.8774232268333435,False,,False,80
move_near,move_near/condition_0032,32,72,False,80,0.24975620237721374,-0.2114596664905548,0.13285888731479645,0.003389120101928711,0.2497332066242342,0,1,no_correct_move,0,True,0,0.0,0.0,0,73,,,,,0,0,True,0,0,False,False,0,False,0.0,0.6745589971542358,0.07992233335971832,0.8740341067314148,False,0.46309933066368103,0.21278122067451477,0.8774232268333435,False,,False,80
move_near,move_near/condition_0032,32,73,False,80,0.24975620237721374,-0.2114596664905548,0.13285888731479645,0.003389120101928711,0.2497332066242342,0,1,no_correct_move,0,True,0,0.0,0.0,0,74,,,,,0,0,True,0,0,False,False,0,False,0.0,0.6745589971542358,0.07992233335971832,0.8740341067314148,False,0.46309933066368103,0.21278122067451477,0.8774232268333435,False,,False,80
move_near,move_near/condition_0032,32,74,False,80,0.24975620237721374,-0.2114596664905548,0.13285888731479645,0.003389120101928711,0.2497332066242342,0,1,no_correct_move,0,True,0,0.0,0.0,0,75,,,,,0,0,True,0,0,False,False,0,False,0.0,0.6745589971542358,0.07992233335971832,0.8740341067314148,False,0.46309933066368103,0.21278122067451477,0.8774232268333435,False,,False,80
move_near,move_near/condition_0032,32,75,False,80,0.24975620237721374,-0.2114596664905548,0.13285888731479645,0.003389120101928711,0.2497332066242342,0,1,no_correct_move,0,True,0,0.0,0.0,0,76,,,,,0,0,True,0,0,False,False,0,False,0.0,0.6745589971542358,0.07992233335971832,0.8740341067314148,False,0.46309933066368103,0.21278122067451477,0.8774232268333435,False,,False,80
move_near,move_near/condition_0032,32,76,False,80,0.24975620237721374,-0.2114596664905548,0.13285888731479645,0.003389120101928711,0.2497332066242342,0,1,no_correct_move,0,True,0,0.0,0.0,0,77,,,,,0,0,True,0,0,False,False,0,False,0.0,0.6745589971542358,0.07992233335971832,0.8740341067314148,False,0.46309933066368103,0.21278122067451477,0.8774232268333435,False,,False,80
move_near,move_near/condition_0032,32,77,False,80,0.24975620237721374,-0.2114596664905548,0.13285888731479645,0.003389120101928711,0.2497332066242342,0,1,no_correct_move,0,True,0,0.0,0.0,0,78,,,,,0,0,True,0,0,False,False,0,False,0.0,0.6745589971542358,0.07992233335971832,0.8740341067314148,False,0.46309933066368103,0.21278122067451477,0.8774232268333435,False,,False,80
move_near,move_near/condition_0032,32,78,False,80,0.24975620237721374,-0.2114596664905548,0.13285888731479645,0.003389120101928711,0.2497332066242342,0,1,no_correct_move,0,True,0,0.0,0.0,0,79,,,,,0,0,True,0,0,False,False,0,False,0.0,0.6745589971542358,0.07992233335971832,0.8740341067314148,False,0.46309933066368103,0.21278122067451477,0.8774232268333435,False,,False,80
move_near,move_near/condition_0032,32,79,False,80,0.24975620237721374,-0.2114596664905548,0.13285888731479645,0.003389120101928711,0.2497332066242342,0,1,no_correct_move,0,True,0,0.0,0.0,0,80,,,,,0,0,True,0,0,False,False,0,False,0.0,0.6745589971542358,0.07992233335971832,0.8740341067314148,False,0.46309933066368103,0.21278122067451477,0.8774232268333435,False,,True,80
move_near,move_near/condition_0033,33,0,False,80,0.2510043364688367,-0.18483111262321472,-0.16721227765083313,-0.029676437377929688,0.24924382839042333,0,0,transport_not_completed,1,True,52,0.0,0.65,0,1,28,,,,0,0,True,0,0,False,False,0,False,0.0,0.6745591163635254,0.07992203533649445,0.87403404712677,False,0.48972800374031067,-0.08729024231433868,0.8443576097488403,False,,False,80
move_near,move_near/condition_0033,33,1,False,80,0.2510043364688367,-0.18483111262321472,-0.16721227765083313,-0.029676437377929688,0.24924382839042333,0,0,transport_not_completed,1,True,52,0.0,0.65,0,2,28,,,,0,0,True,0,0,False,False,0,False,0.0,0.6745591163635254,0.07992203533649445,0.87403404712677,False,0.48972800374031067,-0.08729024231433868,0.8443576097488403,False,,False,80
move_near,move_near/condition_0033,33,2,False,80,0.2510043364688367,-0.18483111262321472,-0.16721227765083313,-0.029676437377929688,0.24924382839042333,0,0,transport_not_completed,1,True,52,0.0,0.65,0,3,28,,,,0,0,True,0,0,False,False,0,False,0.0,0.6745591163635254,0.07992203533649445,0.87403404712677,False,0.48972800374031067,-0.08729024231433868,0.8443576097488403,False,,False,80
move_near,move_near/condition_0033,33,3,False,80,0.2510043364688367,-0.18483111262321472,-0.16721227765083313,-0.029676437377929688,0.24924382839042333,0,0,transport_not_completed,1,True,52,0.0,0.65,0,4,28,,,,0,0,True,0,0,False,False,0,False,0.0,0.6745591163635254,0.07992203533649445,0.87403404712677,False,0.48972800374031067,-0.08729024231433868,0.8443576097488403,False,,False,80
move_near,move_near/condition_0033,33,4,False,80,0.2510043364688367,-0.18483111262321472,-0.16721227765083313,-0.029676437377929688,0.24924382839042333,0,0,transport_not_completed,1,True,52,0.0,0.65,0,5,28,,,,0,0,True,0,0,False,False,0,False,0.0,0.6745591163635254,0.07992203533649445,0.87403404712677,False,0.48972800374031067,-0.08729024231433868,0.8443576097488403,False,,False,80
move_near,move_near/condition_0033,33,5,False,80,0.2510043364688367,-0.18483111262321472,-0.16721227765083313,-0.029676437377929688,0.24924382839042333,0,0,transport_not_completed,1,True,52,0.0,0.65,0,6,28,,,,0,0,True,0,0,False,False,0,False,0.0,0.6745591163635254,0.07992203533649445,0.87403404712677,False,0.48972800374031067,-0.08729024231433868,0.8443576097488403,False,,False,80
move_near,move_near/condition_0033,33,6,False,80,0.2510043364688367,-0.18483111262321472,-0.16721227765083313,-0.029676437377929688,0.24924382839042333,0,0,transport_not_completed,1,True,52,0.0,0.65,0,7,28,,,,0,0,True,0,0,False,False,0,False,0.0,0.6745591163635254,0.07992203533649445,0.87403404712677,False,0.48972800374031067,-0.08729024231433868,0.8443576097488403,False,,False,80
move_near,move_near/condition_0033,33,7,False,80,0.2510043364688367,-0.18483111262321472,-0.16721227765083313,-0.029676437377929688,0.24924382839042333,0,0,transport_not_completed,1,True,52,0.0,0.65,0,8,28,,,,0,0,True,0,0,False,False,0,False,0.0,0.6745591163635254,0.07992203533649445,0.87403404712677,False,0.48972800374031067,-0.08729024231433868,0.8443576097488403,False,,False,80
move_near,move_near/condition_0033,33,8,False,80,0.2510043364688367,-0.18483111262321472,-0.16721227765083313,-0.029676437377929688,0.24924382839042333,0,0,transport_not_completed,1,True,52,0.0,0.65,0,9,28,,,,0,0,True,0,0,False,False,0,False,0.0,0.6745591163635254,0.07992203533649445,0.87403404712677,False,0.48972800374031067,-0.08729024231433868,0.8443576097488403,False,,False,80
move_near,move_near/condition_0033,33,9,False,80,0.2510043364688367,-0.18483111262321472,-0.16721227765083313,-0.029676437377929688,0.24924382839042333,0,0,transport_not_completed,1,True,52,0.0,0.65,0,10,28,,,,0,0,True,0,0,False,False,0,False,0.0,0.6745591163635254,0.07992203533649445,0.87403404712677,False,0.48972800374031067,-0.08729024231433868,0.8443576097488403,False,,False,80
move_near,move_near/condition_0033,33,10,False,80,0.2510043364688367,-0.18483111262321472,-0.16721227765083313,-0.029676437377929688,0.24924382839042333,0,0,transport_not_completed,1,True,52,0.0,0.65,0,11,28,,,,0,0,True,0,0,False,False,0,False,0.0,0.6745591163635254,0.07992203533649445,0.87403404712677,False,0.48972800374031067,-0.08729024231433868,0.8443576097488403,False,,False,80
move_near,move_near/condition_0033,33,11,False,80,0.2510043364688367,-0.18483111262321472,-0.16721227765083313,-0.029676437377929688,0.24924382839042333,0,0,transport_not_completed,1,True,52,0.0,0.65,0,12,28,,,,0,0,True,0,0,False,False,0,False,0.0,0.6745591163635254,0.07992203533649445,0.87403404712677,False,0.48972800374031067,-0.08729024231433868,0.8443576097488403,False,,False,80
move_near,move_near/condition_0033,33,12,False,80,0.2510043364688367,-0.18483111262321472,-0.16721227765083313,-0.029676437377929688,0.24924382839042333,0,0,transport_not_completed,1,True,52,0.0,0.65,0,13,28,,,,0,0,True,0,0,False,False,0,False,0.0,0.6745591163635254,0.07992203533649445,0.87403404712677,False,0.48972800374031067,-0.08729024231433868,0.8443576097488403,False,,False,80
move_near,move_near/condition_0033,33,13,False,80,0.2510043364688367,-0.18483111262321472,-0.16721227765083313,-0.029676437377929688,0.24924382839042333,0,0,transport_not_completed,1,True,52,0.0,0.65,0,14,28,,,,0,0,True,0,0,False,False,0,False,0.0,0.6745591163635254,0.07992203533649445,0.87403404712677,False,0.48972800374031067,-0.08729024231433868,0.8443576097488403,False,,False,80
move_near,move_near/condition_0033,33,14,False,80,0.2510043364688367,-0.18483111262321472,-0.16721227765083313,-0.029676437377929688,0.24924382839042333,0,0,transport_not_completed,1,True,52,0.0,0.65,0,15,28,,,,0,0,True,0,0,False,False,0,False,0.0,0.6745591163635254,0.07992203533649445,0.87403404712677,False,0.48972800374031067,-0.08729024231433868,0.8443576097488403,False,,False,80
move_near,move_near/condition_0033,33,15,False,80,0.2510043364688367,-0.18483111262321472,-0.16721227765083313,-0.029676437377929688,0.24924382839042333,0,0,transport_not_completed,1,True,52,0.0,0.65,0,16,28,,,,0,0,True,0,0,False,False,0,False,0.0,0.6745591163635254,0.07992203533649445,0.87403404712677,False,0.48972800374031067,-0.08729024231433868,0.8443576097488403,False,,False,80
move_near,move_near/condition_0033,33,16,False,80,0.2510043364688367,-0.18483111262321472,-0.16721227765083313,-0.029676437377929688,0.24924382839042333,0,0,transport_not_completed,1,True,52,0.0,0.65,0,17,28,,,,0,0,True,0,0,False,False,0,False,0.0,0.6745591163635254,0.07992203533649445,0.87403404712677,False,0.48972800374031067,-0.08729024231433868,0.8443576097488403,False,,False,80
move_near,move_near/condition_0033,33,17,False,80,0.2510043364688367,-0.18483111262321472,-0.16721227765083313,-0.029676437377929688,0.24924382839042333,0,0,transport_not_completed,1,True,52,0.0,0.65,0,18,28,,,,0,0,True,0,0,False,False,0,False,0.0,0.6745591163635254,0.07992203533649445,0.87403404712677,False,0.48972800374031067,-0.08729024231433868,0.8443576097488403,False,,False,80
move_near,move_near/condition_0033,33,18,False,80,0.2510043364688367,-0.18483111262321472,-0.16721227765083313,-0.029676437377929688,0.24924382839042333,0,0,transport_not_completed,1,True,52,0.0,0.65,0,19,28,,,,0,0,True,0,0,False,False,0,False,0.0,0.6745591163635254,0.07992203533649445,0.87403404712677,False,0.48972800374031067,-0.08729024231433868,0.8443576097488403,False,,False,80
move_near,move_near/condition_0033,33,19,False,80,0.2510043364688367,-0.18483111262321472,-0.16721227765083313,-0.029676437377929688,0.24924382839042333,0,0,transport_not_completed,1,True,52,0.0,0.65,0,20,28,,,,0,0,True,0,0,False,False,0,False,0.0,0.6745591163635254,0.07992203533649445,0.87403404712677,False,0.48972800374031067,-0.08729024231433868,0.8443576097488403,False,,False,80
move_near,move_near/condition_0033,33,20,False,80,0.2510043364688367,-0.18483111262321472,-0.16721227765083313,-0.029676437377929688,0.24924382839042333,0,0,transport_not_completed,1,True,52,0.0,0.65,0,21,28,,,,0,0,True,0,0,False,False,0,False,0.0,0.6745591163635254,0.07992203533649445,0.87403404712677,False,0.48972800374031067,-0.08729024231433868,0.8443576097488403,False,,False,80
move_near,move_near/condition_0033,33,21,False,80,0.2510043364688367,-0.18483111262321472,-0.16721227765083313,-0.029676437377929688,0.24924382839042333,0,0,transport_not_completed,1,True,52,0.0,0.65,0,22,28,,,,0,0,True,0,0,False,False,0,False,0.0,0.6745591163635254,0.07992203533649445,0.87403404712677,False,0.48972800374031067,-0.08729024231433868,0.8443576097488403,False,,False,80
move_near,move_near/condition_0033,33,22,False,80,0.2510043364688367,-0.18483111262321472,-0.16721227765083313,-0.029676437377929688,0.24924382839042333,0,0,transport_not_completed,1,True,52,0.0,0.65,0,23,28,,,,0,0,True,0,0,False,False,0,False,0.0,0.6745591163635254,0.07992203533649445,0.87403404712677,False,0.48972800374031067,-0.08729024231433868,0.8443576097488403,False,,False,80
move_near,move_near/condition_0033,33,23,False,80,0.2510043364688367,-0.18483111262321472,-0.16721227765083313,-0.029676437377929688,0.24924382839042333,0,0,transport_not_completed,1,True,52,0.0,0.65,0,24,28,,,,0,0,True,0,0,False,False,0,False,0.0,0.6745591163635254,0.07992203533649445,0.87403404712677,False,0.48972800374031067,-0.08729024231433868,0.8443576097488403,False,,False,80
move_near,move_near/condition_0033,33,24,False,80,0.2510043364688367,-0.18483111262321472,-0.16721227765083313,-0.029676437377929688,0.24924382839042333,0,0,transport_not_completed,1,True,52,0.0,0.65,0,25,28,,,,0,0,True,0,0,False,False,0,False,0.0,0.6745591163635254,0.07992203533649445,0.87403404712677,False,0.48972800374031067,-0.08729024231433868,0.8443576097488403,False,,False,80
move_near,move_near/condition_0033,33,25,False,80,0.2510043364688367,-0.18483111262321472,-0.16721227765083313,-0.029676437377929688,0.24924382839042333,0,0,transport_not_completed,1,True,52,0.0,0.65,0,26,28,,,,0,0,True,0,0,False,False,0,False,0.0,0.6745591163635254,0.07992203533649445,0.87403404712677,False,0.48972800374031067,-0.08729024231433868,0.8443576097488403,False,,False,80
move_near,move_near/condition_0033,33,26,False,80,0.2510043364688367,-0.18483111262321472,-0.16721227765083313,-0.029676437377929688,0.24924382839042333,0,0,transport_not_completed,1,True,52,0.0,0.65,0,27,28,,,,0,0,False,0,0,False,False,0,False,0.0,0.6745591163635254,0.07992203533649445,0.87403404712677,False,0.48972800374031067,-0.08729024231433868,0.8443576097488403,False,,False,80
move_near,move_near/condition_0033,33,27,False,80,0.2510043364688367,-0.18483111262321472,-0.16721227765083313,-0.029676437377929688,0.24924382839042333,0,0,transport_not_completed,1,True,52,0.0,0.65,0,28,28,,,,0,0,False,0,0,False,False,0,False,0.0,0.6745591163635254,0.07992203533649445,0.87403404712677,False,0.48972800374031067,-0.08729024231433868,0.8443576097488403,False,,False,80
move_near,move_near/condition_0033,33,28,False,80,0.2510043364688367,-0.18483111262321472,-0.16721227765083313,-0.029676437377929688,0.24924382839042333,0,0,transport_not_completed,1,True,52,0.034482758620689655,0.65,1,29,28,,,,0,0,False,1,1,True,False,0,False,0.0,0.6745591163635254,0.07992203533649445,0.87403404712677,False,0.48972800374031067,-0.08729024231433868,0.8443576097488403,False,0,False,80
move_near,move_near/condition_0033,33,29,False,80,0.2510043364688367,-0.18483111262321472,-0.16721227765083313,-0.029676437377929688,0.24924382839042333,0,0,transport_not_completed,1,True,52,0.06666666666666667,0.65,2,30,28,,,,0,0,False,1,0,True,False,0,False,0.0,0.6745591163635254,0.07992203533649445,0.87403404712677,False,0.48972800374031067,-0.08729024231433868,0.8443576097488403,False,1,False,80
move_near,move_near/condition_0033,33,30,False,80,0.2510043364688367,-0.18483111262321472,-0.16721227765083313,-0.029676437377929688,0.24924382839042333,0,0,transport_not_completed,1,True,52,0.0967741935483871,0.65,3,31,28,,,,0,0,False,1,0,True,False,0,False,0.0,0.6745591163635254,0.07992203533649445,0.87403404712677,False,0.48972800374031067,-0.08729024231433868,0.8443576097488403,False,2,False,80
move_near,move_near/condition_0033,33,31,False,80,0.2510043364688367,-0.18483111262321472,-0.16721227765083313,-0.029676437377929688,0.24924382839042333,0,0,transport_not_completed,1,True,52,0.125,0.65,4,32,28,,,,0,0,False,1,0,True,False,0,False,0.0,0.6745591163635254,0.07992203533649445,0.87403404712677,False,0.48972800374031067,-0.08729024231433868,0.8443576097488403,False,3,False,80
move_near,move_near/condition_0033,33,32,False,80,0.2510043364688367,-0.18483111262321472,-0.16721227765083313,-0.029676437377929688,0.24924382839042333,0,0,transport_not_completed,1,True,52,0.15151515151515152,0.65,5,33,28,,,,0,0,False,1,0,True,False,0,False,0.0,0.6745591163635254,0.07992203533649445,0.87403404712677,False,0.48972800374031067,-0.08729024231433868,0.8443576097488403,False,4,False,80
move_near,move_near/condition_0033,33,33,False,80,0.2510043364688367,-0.18483111262321472,-0.16721227765083313,-0.029676437377929688,0.24924382839042333,0,0,transport_not_completed,1,True,52,0.17647058823529413,0.65,6,34,28,,,,0,0,False,1,0,True,False,0,False,0.0,0.6745591163635254,0.07992203533649445,0.87403404712677,False,0.48972800374031067,-0.08729024231433868,0.8443576097488403,False,5,False,80
move_near,move_near/condition_0033,33,34,False,80,0.2510043364688367,-0.18483111262321472,-0.16721227765083313,-0.029676437377929688,0.24924382839042333,0,0,transport_not_completed,1,True,52,0.2,0.65,7,35,28,,,,0,0,False,1,0,True,False,0,False,0.0,0.6745591163635254,0.07992203533649445,0.87403404712677,False,0.48972800374031067,-0.08729024231433868,0.8443576097488403,False,6,False,80
move_near,move_near/condition_0033,33,35,False,80,0.2510043364688367,-0.18483111262321472,-0.16721227765083313,-0.029676437377929688,0.24924382839042333,0,0,transport_not_completed,1,True,52,0.2222222222222222,0.65,8,36,28,,,,0,0,False,1,0,True,False,0,False,0.0,0.6745591163635254,0.07992203533649445,0.87403404712677,False,0.48972800374031067,-0.08729024231433868,0.8443576097488403,False,7,False,80
move_near,move_near/condition_0033,33,36,False,80,0.2510043364688367,-0.18483111262321472,-0.16721227765083313,-0.029676437377929688,0.24924382839042333,0,0,transport_not_completed,1,True,52,0.24324324324324326,0.65,9,37,28,,,,0,0,False,1,0,True,False,0,False,0.0,0.6745591163635254,0.07992203533649445,0.87403404712677,False,0.48972800374031067,-0.08729024231433868,0.8443576097488403,False,8,False,80
move_near,move_near/condition_0033,33,37,False,80,0.2510043364688367,-0.18483111262321472,-0.16721227765083313,-0.029676437377929688,0.24924382839042333,0,0,transport_not_completed,1,True,52,0.2631578947368421,0.65,10,38,28,,,,0,0,False,1,0,True,False,0,False,0.0,0.6745591163635254,0.07992203533649445,0.87403404712677,False,0.48972800374031067,-0.08729024231433868,0.8443576097488403,False,9,False,80
move_near,move_near/condition_0033,33,38,False,80,0.2510043364688367,-0.18483111262321472,-0.16721227765083313,-0.029676437377929688,0.24924382839042333,0,0,transport_not_completed,1,True,52,0.28205128205128205,0.65,11,39,28,,,,0,0,False,1,0,True,False,0,False,0.0,0.6745591163635254,0.07992203533649445,0.87403404712677,False,0.48972800374031067,-0.08729024231433868,0.8443576097488403,False,10,False,80
move_near,move_near/condition_0033,33,39,False,80,0.2510043364688367,-0.18483111262321472,-0.16721227765083313,-0.029676437377929688,0.24924382839042333,0,0,transport_not_completed,1,True,52,0.3,0.65,12,40,28,,,,0,0,False,1,0,True,False,0,False,0.0,0.6745591163635254,0.07992203533649445,0.87403404712677,False,0.48972800374031067,-0.08729024231433868,0.8443576097488403,False,11,False,80
move_near,move_near/condition_0033,33,40,False,80,0.2510043364688367,-0.18483111262321472,-0.16721227765083313,-0.029676437377929688,0.24924382839042333,0,0,transport_not_completed,1,True,52,0.3170731707317073,0.65,13,41,28,,,,0,0,True,1,0,True,False,0,False,0.0,0.6745591163635254,0.07992203533649445,0.87403404712677,False,0.48972800374031067,-0.08729024231433868,0.8443576097488403,False,12,False,80
move_near,move_near/condition_0033,33,41,False,80,0.2510043364688367,-0.18483111262321472,-0.16721227765083313,-0.029676437377929688,0.24924382839042333,0,0,transport_not_completed,1,True,52,0.3333333333333333,0.65,14,42,28,,,,0,0,True,1,0,True,False,0,False,0.0,0.6745591163635254,0.07992203533649445,0.87403404712677,False,0.48972800374031067,-0.08729024231433868,0.8443576097488403,False,13,False,80
move_near,move_near/condition_0033,33,42,False,80,0.2510043364688367,-0.18483111262321472,-0.16721227765083313,-0.029676437377929688,0.24924382839042333,0,0,transport_not_completed,1,True,52,0.3488372093023256,0.65,15,43,28,,,,0,0,True,1,0,True,False,0,False,0.0,0.6745591163635254,0.07992203533649445,0.87403404712677,False,0.48972800374031067,-0.08729024231433868,0.8443576097488403,False,14,False,80
move_near,move_near/condition_0033,33,43,False,80,0.2510043364688367,-0.18483111262321472,-0.16721227765083313,-0.029676437377929688,0.24924382839042333,0,0,transport_not_completed,1,True,52,0.36363636363636365,0.65,16,44,28,,,,0,0,True,1,0,True,False,0,False,0.0,0.6745591163635254,0.07992203533649445,0.87403404712677,False,0.48972800374031067,-0.08729024231433868,0.8443576097488403,False,15,False,80
move_near,move_near/condition_0033,33,44,False,80,0.2510043364688367,-0.18483111262321472,-0.16721227765083313,-0.029676437377929688,0.24924382839042333,0,0,transport_not_completed,1,True,52,0.37777777777777777,0.65,17,45,28,,,,0,0,True,1,0,True,False,0,False,0.0,0.6745591163635254,0.07992203533649445,0.87403404712677,False,0.48972800374031067,-0.08729024231433868,0.8443576097488403,False,16,False,80
move_near,move_near/condition_0033,33,45,False,80,0.2510043364688367,-0.18483111262321472,-0.16721227765083313,-0.029676437377929688,0.24924382839042333,0,0,transport_not_completed,1,True,52,0.391304347826087,0.65,18,46,28,,,,0,0,True,1,0,True,False,0,False,0.0,0.6745591163635254,0.07992203533649445,0.87403404712677,False,0.48972800374031067,-0.08729024231433868,0.8443576097488403,False,17,False,80
move_near,move_near/condition_0033,33,46,False,80,0.2510043364688367,-0.18483111262321472,-0.16721227765083313,-0.029676437377929688,0.24924382839042333,0,0,transport_not_completed,1,True,52,0.40425531914893614,0.65,19,47,28,,,,0,0,True,1,0,True,False,0,False,0.0,0.6745591163635254,0.07992203533649445,0.87403404712677,False,0.48972800374031067,-0.08729024231433868,0.8443576097488403,False,18,False,80
move_near,move_near/condition_0033,33,47,False,80,0.2510043364688367,-0.18483111262321472,-0.16721227765083313,-0.029676437377929688,0.24924382839042333,0,0,transport_not_completed,1,True,52,0.4166666666666667,0.65,20,48,28,,,,0,0,True,1,0,True,False,0,False,0.0,0.6745591163635254,0.07992203533649445,0.87403404712677,False,0.48972800374031067,-0.08729024231433868,0.8443576097488403,False,19,False,80
move_near,move_near/condition_0033,33,48,False,80,0.2510043364688367,-0.18483111262321472,-0.16721227765083313,-0.029676437377929688,0.24924382839042333,0,0,transport_not_completed,1,True,52,0.42857142857142855,0.65,21,49,28,,,,0,0,True,1,0,True,False,0,False,0.0,0.6745591163635254,0.07992203533649445,0.87403404712677,False,0.48972800374031067,-0.08729024231433868,0.8443576097488403,False,20,False,80
move_near,move_near/condition_0033,33,49,False,80,0.2510043364688367,-0.18483111262321472,-0.16721227765083313,-0.029676437377929688,0.24924382839042333,0,0,transport_not_completed,1,True,52,0.44,0.65,22,50,28,,,,0,0,True,1,0,True,False,0,False,0.0,0.6745591163635254,0.07992203533649445,0.87403404712677,False,0.48972800374031067,-0.08729024231433868,0.8443576097488403,False,21,False,80
move_near,move_near/condition_0033,33,50,False,80,0.2510043364688367,-0.18483111262321472,-0.16721227765083313,-0.029676437377929688,0.24924382839042333,0,0,transport_not_completed,1,True,52,0.45098039215686275,0.65,23,51,28,,,,0,0,True,1,0,True,False,0,False,0.0,0.6745591163635254,0.07992203533649445,0.87403404712677,False,0.48972800374031067,-0.08729024231433868,0.8443576097488403,False,22,False,80
move_near,move_near/condition_0033,33,51,False,80,0.2510043364688367,-0.18483111262321472,-0.16721227765083313,-0.029676437377929688,0.24924382839042333,0,0,transport_not_completed,1,True,52,0.46153846153846156,0.65,24,52,28,,,,0,0,True,1,0,True,False,0,False,0.0,0.6745591163635254,0.07992203533649445,0.87403404712677,False,0.48972800374031067,-0.08729024231433868,0.8443576097488403,False,23,False,80
move_near,move_near/condition_0033,33,52,False,80,0.2510043364688367,-0.18483111262321472,-0.16721227765083313,-0.029676437377929688,0.24924382839042333,0,0,transport_not_completed,1,True,52,0.4716981132075472,0.65,25,53,28,,,,0,0,True,1,0,True,False,0,False,0.0,0.6745591163635254,0.07992203533649445,0.87403404712677,False,0.48972800374031067,-0.08729024231433868,0.8443576097488403,False,24,False,80
move_near,move_near/condition_0033,33,53,False,80,0.2510043364688367,-0.18483111262321472,-0.16721227765083313,-0.029676437377929688,0.24924382839042333,0,0,transport_not_completed,1,True,52,0.48148148148148145,0.65,26,54,28,,,,0,0,True,1,0,True,False,0,False,0.0,0.6745591163635254,0.07992203533649445,0.87403404712677,False,0.48972800374031067,-0.08729024231433868,0.8443576097488403,False,25,False,80
move_near,move_near/condition_0033,33,54,False,80,0.2510043364688367,-0.18483111262321472,-0.16721227765083313,-0.029676437377929688,0.24924382839042333,0,0,transport_not_completed,1,True,52,0.4909090909090909,0.65,27,55,28,,,,0,0,True,1,0,True,False,0,False,0.0,0.6745591163635254,0.07992203533649445,0.87403404712677,False,0.48972800374031067,-0.08729024231433868,0.8443576097488403,False,26,False,80
move_near,move_near/condition_0033,33,55,False,80,0.2510043364688367,-0.18483111262321472,-0.16721227765083313,-0.029676437377929688,0.24924382839042333,0,0,transport_not_completed,1,True,52,0.5,0.65,28,56,28,,,,0,0,True,1,0,True,False,0,False,0.0,0.6745591163635254,0.07992203533649445,0.87403404712677,False,0.48972800374031067,-0.08729024231433868,0.8443576097488403,False,27,False,80
move_near,move_near/condition_0033,33,56,False,80,0.2510043364688367,-0.18483111262321472,-0.16721227765083313,-0.029676437377929688,0.24924382839042333,0,0,transport_not_completed,1,True,52,0.5087719298245614,0.65,29,57,28,,,,0,0,True,1,0,True,False,0,False,0.0,0.6745591163635254,0.07992203533649445,0.87403404712677,False,0.48972800374031067,-0.08729024231433868,0.8443576097488403,False,28,False,80
move_near,move_near/condition_0033,33,57,False,80,0.2510043364688367,-0.18483111262321472,-0.16721227765083313,-0.029676437377929688,0.24924382839042333,0,0,transport_not_completed,1,True,52,0.5172413793103449,0.65,30,58,28,,,,0,0,True,1,0,True,False,0,False,0.0,0.6745591163635254,0.07992203533649445,0.87403404712677,False,0.48972800374031067,-0.08729024231433868,0.8443576097488403,False,29,False,80
move_near,move_near/condition_0033,33,58,False,80,0.2510043364688367,-0.18483111262321472,-0.16721227765083313,-0.029676437377929688,0.24924382839042333,0,0,transport_not_completed,1,True,52,0.5254237288135594,0.65,31,59,28,,,,0,0,True,1,0,True,False,0,False,0.0,0.6745591163635254,0.07992203533649445,0.87403404712677,False,0.48972800374031067,-0.08729024231433868,0.8443576097488403,False,30,False,80
move_near,move_near/condition_0033,33,59,False,80,0.2510043364688367,-0.18483111262321472,-0.16721227765083313,-0.029676437377929688,0.24924382839042333,0,0,transport_not_completed,1,True,52,0.5333333333333333,0.65,32,60,28,,,,0,0,True,1,0,True,False,0,False,0.0,0.6745591163635254,0.07992203533649445,0.87403404712677,False,0.48972800374031067,-0.08729024231433868,0.8443576097488403,False,31,False,80
move_near,move_near/condition_0033,33,60,False,80,0.2510043364688367,-0.18483111262321472,-0.16721227765083313,-0.029676437377929688,0.24924382839042333,0,0,transport_not_completed,1,True,52,0.5409836065573771,0.65,33,61,28,,,,0,0,True,1,0,True,False,0,False,0.0,0.6745591163635254,0.07992203533649445,0.87403404712677,False,0.48972800374031067,-0.08729024231433868,0.8443576097488403,False,32,False,80
move_near,move_near/condition_0033,33,61,False,80,0.2510043364688367,-0.18483111262321472,-0.16721227765083313,-0.029676437377929688,0.24924382839042333,0,0,transport_not_completed,1,True,52,0.5483870967741935,0.65,34,62,28,,,,0,0,True,1,0,True,False,0,False,0.0,0.6745591163635254,0.07992203533649445,0.87403404712677,False,0.48972800374031067,-0.08729024231433868,0.8443576097488403,False,33,False,80
move_near,move_near/condition_0033,33,62,False,80,0.2510043364688367,-0.18483111262321472,-0.16721227765083313,-0.029676437377929688,0.24924382839042333,0,0,transport_not_completed,1,True,52,0.5555555555555556,0.65,35,63,28,,,,0,0,True,1,0,True,False,0,False,0.0,0.6745591163635254,0.07992203533649445,0.87403404712677,False,0.48972800374031067,-0.08729024231433868,0.8443576097488403,False,34,False,80
move_near,move_near/condition_0033,33,63,False,80,0.2510043364688367,-0.18483111262321472,-0.16721227765083313,-0.029676437377929688,0.24924382839042333,0,0,transport_not_completed,1,True,52,0.5625,0.65,36,64,28,,,,0,0,True,1,0,True,False,0,False,0.0,0.6745591163635254,0.07992203533649445,0.87403404712677,False,0.48972800374031067,-0.08729024231433868,0.8443576097488403,False,35,False,80
move_near,move_near/condition_0033,33,64,False,80,0.2510043364688367,-0.18483111262321472,-0.16721227765083313,-0.029676437377929688,0.24924382839042333,0,0,transport_not_completed,1,True,52,0.5692307692307692,0.65,37,65,28,,,,0,0,True,1,0,True,False,0,False,0.0,0.6745591163635254,0.07992203533649445,0.87403404712677,False,0.48972800374031067,-0.08729024231433868,0.8443576097488403,False,36,False,80
move_near,move_near/condition_0033,33,65,False,80,0.2510043364688367,-0.18483111262321472,-0.16721227765083313,-0.029676437377929688,0.24924382839042333,0,0,transport_not_completed,1,True,52,0.5757575757575758,0.65,38,66,28,,,,0,0,True,1,0,True,False,0,False,0.0,0.6745591163635254,0.07992203533649445,0.87403404712677,False,0.48972800374031067,-0.08729024231433868,0.8443576097488403,False,37,False,80
move_near,move_near/condition_0033,33,66,False,80,0.2510043364688367,-0.18483111262321472,-0.16721227765083313,-0.029676437377929688,0.24924382839042333,0,0,transport_not_completed,1,True,52,0.582089552238806,0.65,39,67,28,,,,0,0,True,1,0,True,False,0,False,0.0,0.6745591163635254,0.07992203533649445,0.87403404712677,False,0.48972800374031067,-0.08729024231433868,0.8443576097488403,False,38,False,80
move_near,move_near/condition_0033,33,67,False,80,0.2510043364688367,-0.18483111262321472,-0.16721227765083313,-0.029676437377929688,0.24924382839042333,0,0,transport_not_completed,1,True,52,0.5882352941176471,0.65,40,68,28,,,,0,0,True,1,0,True,False,0,False,0.0,0.6745591163635254,0.07992203533649445,0.87403404712677,False,0.48972800374031067,-0.08729024231433868,0.8443576097488403,False,39,False,80
move_near,move_near/condition_0033,33,68,False,80,0.2510043364688367,-0.18483111262321472,-0.16721227765083313,-0.029676437377929688,0.24924382839042333,0,0,transport_not_completed,1,True,52,0.5942028985507246,0.65,41,69,28,,,,0,0,True,1,0,True,False,0,False,0.0,0.6745591163635254,0.07992203533649445,0.87403404712677,False,0.48972800374031067,-0.08729024231433868,0.8443576097488403,False,40,False,80
move_near,move_near/condition_0033,33,69,False,80,0.2510043364688367,-0.18483111262321472,-0.16721227765083313,-0.029676437377929688,0.24924382839042333,0,0,transport_not_completed,1,True,52,0.6,0.65,42,70,28,,,,0,0,True,1,0,True,False,0,False,0.0,0.6745591163635254,0.07992203533649445,0.87403404712677,False,0.48972800374031067,-0.08729024231433868,0.8443576097488403,False,41,False,80
move_near,move_near/condition_0033,33,70,False,80,0.2510043364688367,-0.18483111262321472,-0.16721227765083313,-0.029676437377929688,0.24924382839042333,0,0,transport_not_completed,1,True,52,0.6056338028169014,0.65,43,71,28,,,,0,0,True,1,0,True,False,0,False,0.0,0.6745591163635254,0.07992203533649445,0.87403404712677,False,0.48972800374031067,-0.08729024231433868,0.8443576097488403,False,42,False,80
move_near,move_near/condition_0033,33,71,False,80,0.2510043364688367,-0.18483111262321472,-0.16721227765083313,-0.029676437377929688,0.24924382839042333,0,0,transport_not_completed,1,True,52,0.6111111111111112,0.65,44,72,28,,,,0,0,True,1,0,True,False,0,False,0.0,0.6745591163635254,0.07992203533649445,0.87403404712677,False,0.48972800374031067,-0.08729024231433868,0.8443576097488403,False,43,False,80
move_near,move_near/condition_0033,33,72,False,80,0.2510043364688367,-0.18483111262321472,-0.16721227765083313,-0.029676437377929688,0.24924382839042333,0,0,transport_not_completed,1,True,52,0.6164383561643836,0.65,45,73,28,,,,0,0,True,1,0,True,False,0,False,0.0,0.6745591163635254,0.07992203533649445,0.87403404712677,False,0.48972800374031067,-0.08729024231433868,0.8443576097488403,False,44,False,80
move_near,move_near/condition_0033,33,73,False,80,0.2510043364688367,-0.18483111262321472,-0.16721227765083313,-0.029676437377929688,0.24924382839042333,0,0,transport_not_completed,1,True,52,0.6216216216216216,0.65,46,74,28,,,,0,0,True,1,0,True,False,0,False,0.0,0.6745591163635254,0.07992203533649445,0.87403404712677,False,0.48972800374031067,-0.08729024231433868,0.8443576097488403,False,45,False,80
move_near,move_near/condition_0033,33,74,False,80,0.2510043364688367,-0.18483111262321472,-0.16721227765083313,-0.029676437377929688,0.24924382839042333,0,0,transport_not_completed,1,True,52,0.6266666666666667,0.65,47,75,28,,,,0,0,True,1,0,True,False,0,False,0.0,0.6745591163635254,0.07992203533649445,0.87403404712677,False,0.48972800374031067,-0.08729024231433868,0.8443576097488403,False,46,False,80
move_near,move_near/condition_0033,33,75,False,80,0.2510043364688367,-0.18483111262321472,-0.16721227765083313,-0.029676437377929688,0.24924382839042333,0,0,transport_not_completed,1,True,52,0.631578947368421,0.65,48,76,28,,,,0,0,True,1,0,True,False,0,False,0.0,0.6745591163635254,0.07992203533649445,0.87403404712677,False,0.48972800374031067,-0.08729024231433868,0.8443576097488403,False,47,False,80
move_near,move_near/condition_0033,33,76,False,80,0.2510043364688367,-0.18483111262321472,-0.16721227765083313,-0.029676437377929688,0.24924382839042333,0,0,transport_not_completed,1,True,52,0.6363636363636364,0.65,49,77,28,,,,0,0,True,1,0,True,False,0,False,0.0,0.6745591163635254,0.07992203533649445,0.87403404712677,False,0.48972800374031067,-0.08729024231433868,0.8443576097488403,False,48,False,80
move_near,move_near/condition_0033,33,77,False,80,0.2510043364688367,-0.18483111262321472,-0.16721227765083313,-0.029676437377929688,0.24924382839042333,0,0,transport_not_completed,1,True,52,0.6410256410256411,0.65,50,78,28,,,,0,0,True,1,0,True,False,0,False,0.0,0.6745591163635254,0.07992203533649445,0.87403404712677,False,0.48972800374031067,-0.08729024231433868,0.8443576097488403,False,49,False,80
move_near,move_near/condition_0033,33,78,False,80,0.2510043364688367,-0.18483111262321472,-0.16721227765083313,-0.029676437377929688,0.24924382839042333,0,0,transport_not_completed,1,True,52,0.6455696202531646,0.65,51,79,28,,,,0,0,True,1,0,True,False,0,False,0.0,0.6745591163635254,0.07992203533649445,0.87403404712677,False,0.48972800374031067,-0.08729024231433868,0.8443576097488403,False,50,False,80
move_near,move_near/condition_0033,33,79,False,80,0.2510043364688367,-0.18483111262321472,-0.16721227765083313,-0.029676437377929688,0.24924382839042333,0,0,transport_not_completed,1,True,52,0.65,0.65,52,80,28,,,,0,0,True,1,0,True,False,0,False,0.0,0.6745591163635254,0.07992203533649445,0.87403404712677,False,0.48972800374031067,-0.08729024231433868,0.8443576097488403,False,51,True,80
move_near,move_near/condition_0034,34,0,False,80,0.3030097740329704,-0.026496142148971558,0.3000325560569763,0.033065736293792725,0.30120023280678443,0,1,no_correct_move,0,True,0,0.0,0.0,0,1,,,,,0,0,False,0,0,False,False,0,False,0.0,0.48959505558013916,-0.08725394308567047,0.8443575501441956,False,0.4630989134311676,0.21277861297130585,0.8774232864379883,False,,False,80
move_near,move_near/condition_0034,34,1,False,80,0.3030097740329704,-0.026496142148971558,0.3000325560569763,0.033065736293792725,0.30120023280678443,0,1,no_correct_move,0,True,0,0.0,0.0,0,2,,,,,0,0,False,0,0,False,False,0,False,0.0,0.48959505558013916,-0.08725394308567047,0.8443575501441956,False,0.4630989134311676,0.21277861297130585,0.8774232864379883,False,,False,80
move_near,move_near/condition_0034,34,2,False,80,0.3030097740329704,-0.026496142148971558,0.3000325560569763,0.033065736293792725,0.30120023280678443,0,1,no_correct_move,0,True,0,0.0,0.0,0,3,,,,,0,0,False,0,0,False,False,0,False,0.0,0.48959505558013916,-0.08725394308567047,0.8443575501441956,False,0.4630989134311676,0.21277861297130585,0.8774232864379883,False,,False,80
move_near,move_near/condition_0034,34,3,False,80,0.3030097740329704,-0.026496142148971558,0.3000325560569763,0.033065736293792725,0.30120023280678443,0,1,no_correct_move,0,True,0,0.0,0.0,0,4,,,,,0,0,False,0,0,False,False,0,False,0.0,0.48959505558013916,-0.08725394308567047,0.8443575501441956,False,0.4630989134311676,0.21277861297130585,0.8774232864379883,False,,False,80
move_near,move_near/condition_0034,34,4,False,80,0.3030097740329704,-0.026496142148971558,0.3000325560569763,0.033065736293792725,0.30120023280678443,0,1,no_correct_move,0,True,0,0.0,0.0,0,5,,,,,0,0,False,0,0,False,False,0,False,0.0,0.48959505558013916,-0.08725394308567047,0.8443575501441956,False,0.4630989134311676,0.21277861297130585,0.8774232864379883,False,,False,80
move_near,move_near/condition_0034,34,5,False,80,0.3030097740329704,-0.026496142148971558,0.3000325560569763,0.033065736293792725,0.30120023280678443,0,1,no_correct_move,0,True,0,0.0,0.0,0,6,,,,,0,0,False,0,0,False,False,0,False,0.0,0.48959505558013916,-0.08725394308567047,0.8443575501441956,False,0.4630989134311676,0.21277861297130585,0.8774232864379883,False,,False,80
move_near,move_near/condition_0034,34,6,False,80,0.3030097740329704,-0.026496142148971558,0.3000325560569763,0.033065736293792725,0.30120023280678443,0,1,no_correct_move,0,True,0,0.0,0.0,0,7,,,,,0,0,False,0,0,False,False,0,False,0.0,0.48959505558013916,-0.08725394308567047,0.8443575501441956,False,0.4630989134311676,0.21277861297130585,0.8774232864379883,False,,False,80
move_near,move_near/condition_0034,34,7,False,80,0.3030097740329704,-0.026496142148971558,0.3000325560569763,0.033065736293792725,0.30120023280678443,0,1,no_correct_move,0,True,0,0.0,0.0,0,8,,,,,0,0,False,0,0,False,False,0,False,0.0,0.48959505558013916,-0.08725394308567047,0.8443575501441956,False,0.4630989134311676,0.21277861297130585,0.8774232864379883,False,,False,80
move_near,move_near/condition_0034,34,8,False,80,0.3030097740329704,-0.026496142148971558,0.3000325560569763,0.033065736293792725,0.30120023280678443,0,1,no_correct_move,0,True,0,0.0,0.0,0,9,,,,,0,0,False,0,0,False,False,0,False,0.0,0.48959505558013916,-0.08725394308567047,0.8443575501441956,False,0.4630989134311676,0.21277861297130585,0.8774232864379883,False,,False,80
move_near,move_near/condition_0034,34,9,False,80,0.3030097740329704,-0.026496142148971558,0.3000325560569763,0.033065736293792725,0.30120023280678443,0,1,no_correct_move,0,True,0,0.0,0.0,0,10,,,,,0,0,False,0,0,False,False,0,False,0.0,0.48959505558013916,-0.08725394308567047,0.8443575501441956,False,0.4630989134311676,0.21277861297130585,0.8774232864379883,False,,False,80
move_near,move_near/condition_0034,34,10,False,80,0.3030097740329704,-0.026496142148971558,0.3000325560569763,0.033065736293792725,0.30120023280678443,0,1,no_correct_move,0,True,0,0.0,0.0,0,11,,,,,0,0,False,0,0,False,False,0,False,0.0,0.48959505558013916,-0.08725394308567047,0.8443575501441956,False,0.4630989134311676,0.21277861297130585,0.8774232864379883,False,,False,80
move_near,move_near/condition_0034,34,11,False,80,0.3030097740329704,-0.026496142148971558,0.3000325560569763,0.033065736293792725,0.30120023280678443,0,1,no_correct_move,0,True,0,0.0,0.0,0,12,,,,,0,0,False,0,0,False,False,0,False,0.0,0.48959505558013916,-0.08725394308567047,0.8443575501441956,False,0.4630989134311676,0.21277861297130585,0.8774232864379883,False,,False,80
move_near,move_near/condition_0034,34,12,False,80,0.3030097740329704,-0.026496142148971558,0.3000325560569763,0.033065736293792725,0.30120023280678443,0,1,no_correct_move,0,True,0,0.0,0.0,0,13,,,,,0,0,False,0,0,False,False,0,False,0.0,0.48959505558013916,-0.08725394308567047,0.8443575501441956,False,0.4630989134311676,0.21277861297130585,0.8774232864379883,False,,False,80
move_near,move_near/condition_0034,34,13,False,80,0.3030097740329704,-0.026496142148971558,0.3000325560569763,0.033065736293792725,0.30120023280678443,0,1,no_correct_move,0,True,0,0.0,0.0,0,14,,,,,0,0,False,0,0,False,False,0,False,0.0,0.48959505558013916,-0.08725394308567047,0.8443575501441956,False,0.4630989134311676,0.21277861297130585,0.8774232864379883,False,,False,80
move_near,move_near/condition_0034,34,14,False,80,0.3030097740329704,-0.026496142148971558,0.3000325560569763,0.033065736293792725,0.30120023280678443,0,1,no_correct_move,0,True,0,0.0,0.0,0,15,,,,,0,0,False,0,0,False,False,0,False,0.0,0.48959505558013916,-0.08725394308567047,0.8443575501441956,False,0.4630989134311676,0.21277861297130585,0.8774232864379883,False,,False,80
move_near,move_near/condition_0034,34,15,False,80,0.3030097740329704,-0.026496142148971558,0.3000325560569763,0.033065736293792725,0.30120023280678443,0,1,no_correct_move,0,True,0,0.0,0.0,0,16,,,,,0,0,False,0,0,False,False,0,False,0.0,0.48959505558013916,-0.08725394308567047,0.8443575501441956,False,0.4630989134311676,0.21277861297130585,0.8774232864379883,False,,False,80
move_near,move_near/condition_0034,34,16,False,80,0.3030097740329704,-0.026496142148971558,0.3000325560569763,0.033065736293792725,0.30120023280678443,0,1,no_correct_move,0,True,0,0.0,0.0,0,17,,,,,0,0,False,0,0,False,False,0,False,0.0,0.48959505558013916,-0.08725394308567047,0.8443575501441956,False,0.4630989134311676,0.21277861297130585,0.8774232864379883,False,,False,80
move_near,move_near/condition_0034,34,17,False,80,0.3030097740329704,-0.026496142148971558,0.3000325560569763,0.033065736293792725,0.30120023280678443,0,1,no_correct_move,0,True,0,0.0,0.0,0,18,,,,,0,0,False,0,0,False,False,0,False,0.0,0.48959505558013916,-0.08725394308567047,0.8443575501441956,False,0.4630989134311676,0.21277861297130585,0.8774232864379883,False,,False,80
move_near,move_near/condition_0034,34,18,False,80,0.3030097740329704,-0.026496142148971558,0.3000325560569763,0.033065736293792725,0.30120023280678443,0,1,no_correct_move,0,True,0,0.0,0.0,0,19,,,,,0,0,False,0,0,False,False,0,False,0.0,0.48959505558013916,-0.08725394308567047,0.8443575501441956,False,0.4630989134311676,0.21277861297130585,0.8774232864379883,False,,False,80
move_near,move_near/condition_0034,34,19,False,80,0.3030097740329704,-0.026496142148971558,0.3000325560569763,0.033065736293792725,0.30120023280678443,0,1,no_correct_move,0,True,0,0.0,0.0,0,20,,,,,0,0,False,0,0,False,False,0,False,0.0,0.48959505558013916,-0.08725394308567047,0.8443575501441956,False,0.4630989134311676,0.21277861297130585,0.8774232864379883,False,,False,80
move_near,move_near/condition_0034,34,20,False,80,0.3030097740329704,-0.026496142148971558,0.3000325560569763,0.033065736293792725,0.30120023280678443,0,1,no_correct_move,0,True,0,0.0,0.0,0,21,,,,,0,0,False,0,0,False,False,0,False,0.0,0.48959505558013916,-0.08725394308567047,0.8443575501441956,False,0.4630989134311676,0.21277861297130585,0.8774232864379883,False,,False,80
move_near,move_near/condition_0034,34,21,False,80,0.3030097740329704,-0.026496142148971558,0.3000325560569763,0.033065736293792725,0.30120023280678443,0,1,no_correct_move,0,True,0,0.0,0.0,0,22,,,,,0,0,False,0,0,False,False,0,False,0.0,0.48959505558013916,-0.08725394308567047,0.8443575501441956,False,0.4630989134311676,0.21277861297130585,0.8774232864379883,False,,False,80
move_near,move_near/condition_0034,34,22,False,80,0.3030097740329704,-0.026496142148971558,0.3000325560569763,0.033065736293792725,0.30120023280678443,0,1,no_correct_move,0,True,0,0.0,0.0,0,23,,,,,0,0,False,0,0,False,False,0,False,0.0,0.48959505558013916,-0.08725394308567047,0.8443575501441956,False,0.4630989134311676,0.21277861297130585,0.8774232864379883,False,,False,80
move_near,move_near/condition_0034,34,23,False,80,0.3030097740329704,-0.026496142148971558,0.3000325560569763,0.033065736293792725,0.30120023280678443,0,1,no_correct_move,0,True,0,0.0,0.0,0,24,,,,,0,0,False,0,0,False,False,0,False,0.0,0.48959505558013916,-0.08725394308567047,0.8443575501441956,False,0.4630989134311676,0.21277861297130585,0.8774232864379883,False,,False,80
move_near,move_near/condition_0034,34,24,False,80,0.3030097740329704,-0.026496142148971558,0.3000325560569763,0.033065736293792725,0.30120023280678443,0,1,no_correct_move,0,True,0,0.0,0.0,0,25,,,,,0,0,False,0,0,False,False,0,False,0.0,0.48959505558013916,-0.08725394308567047,0.8443575501441956,False,0.4630989134311676,0.21277861297130585,0.8774232864379883,False,,False,80
move_near,move_near/condition_0034,34,25,False,80,0.3030097740329704,-0.026496142148971558,0.3000325560569763,0.033065736293792725,0.30120023280678443,0,1,no_correct_move,0,True,0,0.0,0.0,0,26,,,,,0,0,False,0,0,False,False,0,False,0.0,0.48959505558013916,-0.08725394308567047,0.8443575501441956,False,0.4630989134311676,0.21277861297130585,0.8774232864379883,False,,False,80
move_near,move_near/condition_0034,34,26,False,80,0.3030097740329704,-0.026496142148971558,0.3000325560569763,0.033065736293792725,0.30120023280678443,0,1,no_correct_move,0,True,0,0.0,0.0,0,27,,,,,0,0,False,0,0,False,False,0,False,0.0,0.48959505558013916,-0.08725394308567047,0.8443575501441956,False,0.4630989134311676,0.21277861297130585,0.8774232864379883,False,,False,80
move_near,move_near/condition_0034,34,27,False,80,0.3030097740329704,-0.026496142148971558,0.3000325560569763,0.033065736293792725,0.30120023280678443,0,1,no_correct_move,0,True,0,0.0,0.0,0,28,,,,,0,0,False,0,0,False,False,0,False,0.0,0.48959505558013916,-0.08725394308567047,0.8443575501441956,False,0.4630989134311676,0.21277861297130585,0.8774232864379883,False,,False,80
move_near,move_near/condition_0034,34,28,False,80,0.3030097740329704,-0.026496142148971558,0.3000325560569763,0.033065736293792725,0.30120023280678443,0,1,no_correct_move,0,True,0,0.0,0.0,0,29,,,,,0,0,False,0,0,False,False,0,False,0.0,0.48959505558013916,-0.08725394308567047,0.8443575501441956,False,0.4630989134311676,0.21277861297130585,0.8774232864379883,False,,False,80
move_near,move_near/condition_0034,34,29,False,80,0.3030097740329704,-0.026496142148971558,0.3000325560569763,0.033065736293792725,0.30120023280678443,0,1,no_correct_move,0,True,0,0.0,0.0,0,30,,,,,0,0,False,0,0,False,False,0,False,0.0,0.48959505558013916,-0.08725394308567047,0.8443575501441956,False,0.4630989134311676,0.21277861297130585,0.8774232864379883,False,,False,80
move_near,move_near/condition_0034,34,30,False,80,0.3030097740329704,-0.026496142148971558,0.3000325560569763,0.033065736293792725,0.30120023280678443,0,1,no_correct_move,0,True,0,0.0,0.0,0,31,,,,,0,0,False,0,0,False,False,0,False,0.0,0.48959505558013916,-0.08725394308567047,0.8443575501441956,False,0.4630989134311676,0.21277861297130585,0.8774232864379883,False,,False,80
move_near,move_near/condition_0034,34,31,False,80,0.3030097740329704,-0.026496142148971558,0.3000325560569763,0.033065736293792725,0.30120023280678443,0,1,no_correct_move,0,True,0,0.0,0.0,0,32,,,,,0,0,False,0,0,False,False,0,False,0.0,0.48959505558013916,-0.08725394308567047,0.8443575501441956,False,0.4630989134311676,0.21277861297130585,0.8774232864379883,False,,False,80
move_near,move_near/condition_0034,34,32,False,80,0.3030097740329704,-0.026496142148971558,0.3000325560569763,0.033065736293792725,0.30120023280678443,0,1,no_correct_move,0,True,0,0.0,0.0,0,33,,,,,0,0,False,0,0,False,False,0,False,0.0,0.48959505558013916,-0.08725394308567047,0.8443575501441956,False,0.4630989134311676,0.21277861297130585,0.8774232864379883,False,,False,80
move_near,move_near/condition_0034,34,33,False,80,0.3030097740329704,-0.026496142148971558,0.3000325560569763,0.033065736293792725,0.30120023280678443,0,1,no_correct_move,0,True,0,0.0,0.0,0,34,,,,,0,0,False,0,0,False,False,0,False,0.0,0.48959505558013916,-0.08725394308567047,0.8443575501441956,False,0.4630989134311676,0.21277861297130585,0.8774232864379883,False,,False,80
move_near,move_near/condition_0034,34,34,False,80,0.3030097740329704,-0.026496142148971558,0.3000325560569763,0.033065736293792725,0.30120023280678443,0,1,no_correct_move,0,True,0,0.0,0.0,0,35,,,,,0,0,False,0,0,False,False,0,False,0.0,0.48959505558013916,-0.08725394308567047,0.8443575501441956,False,0.4630989134311676,0.21277861297130585,0.8774232864379883,False,,False,80
move_near,move_near/condition_0034,34,35,False,80,0.3030097740329704,-0.026496142148971558,0.3000325560569763,0.033065736293792725,0.30120023280678443,0,1,no_correct_move,0,True,0,0.0,0.0,0,36,,,,,0,0,False,0,0,False,False,0,False,0.0,0.48959505558013916,-0.08725394308567047,0.8443575501441956,False,0.4630989134311676,0.21277861297130585,0.8774232864379883,False,,False,80
move_near,move_near/condition_0034,34,36,False,80,0.3030097740329704,-0.026496142148971558,0.3000325560569763,0.033065736293792725,0.30120023280678443,0,1,no_correct_move,0,True,0,0.0,0.0,0,37,,,,,0,0,False,0,0,False,False,0,False,0.0,0.48959505558013916,-0.08725394308567047,0.8443575501441956,False,0.4630989134311676,0.21277861297130585,0.8774232864379883,False,,False,80
move_near,move_near/condition_0034,34,37,False,80,0.3030097740329704,-0.026496142148971558,0.3000325560569763,0.033065736293792725,0.30120023280678443,0,1,no_correct_move,0,True,0,0.0,0.0,0,38,,,,,0,0,False,0,0,False,False,0,False,0.0,0.48959505558013916,-0.08725394308567047,0.8443575501441956,False,0.4630989134311676,0.21277861297130585,0.8774232864379883,False,,False,80
move_near,move_near/condition_0034,34,38,False,80,0.3030097740329704,-0.026496142148971558,0.3000325560569763,0.033065736293792725,0.30120023280678443,0,1,no_correct_move,0,True,0,0.0,0.0,0,39,,,,,0,0,False,0,0,False,False,0,False,0.0,0.48959505558013916,-0.08725394308567047,0.8443575501441956,False,0.4630989134311676,0.21277861297130585,0.8774232864379883,False,,False,80
move_near,move_near/condition_0034,34,39,False,80,0.3030097740329704,-0.026496142148971558,0.3000325560569763,0.033065736293792725,0.30120023280678443,0,1,no_correct_move,0,True,0,0.0,0.0,0,40,,,,,0,0,False,0,0,False,False,0,False,0.0,0.48959505558013916,-0.08725394308567047,0.8443575501441956,False,0.4630989134311676,0.21277861297130585,0.8774232864379883,False,,False,80
move_near,move_near/condition_0034,34,40,False,80,0.3030097740329704,-0.026496142148971558,0.3000325560569763,0.033065736293792725,0.30120023280678443,0,1,no_correct_move,0,True,0,0.0,0.0,0,41,,,,,0,0,False,0,0,False,False,0,False,0.0,0.48959505558013916,-0.08725394308567047,0.8443575501441956,False,0.4630989134311676,0.21277861297130585,0.8774232864379883,False,,False,80
move_near,move_near/condition_0034,34,41,False,80,0.3030097740329704,-0.026496142148971558,0.3000325560569763,0.033065736293792725,0.30120023280678443,0,1,no_correct_move,0,True,0,0.0,0.0,0,42,,,,,0,0,False,0,0,False,False,0,False,0.0,0.48959505558013916,-0.08725394308567047,0.8443575501441956,False,0.4630989134311676,0.21277861297130585,0.8774232864379883,False,,False,80
move_near,move_near/condition_0034,34,42,False,80,0.3030097740329704,-0.026496142148971558,0.3000325560569763,0.033065736293792725,0.30120023280678443,0,1,no_correct_move,0,True,0,0.0,0.0,0,43,,,,,0,0,False,0,0,False,False,0,False,0.0,0.48959505558013916,-0.08725394308567047,0.8443575501441956,False,0.4630989134311676,0.21277861297130585,0.8774232864379883,False,,False,80
move_near,move_near/condition_0034,34,43,False,80,0.3030097740329704,-0.026496142148971558,0.3000325560569763,0.033065736293792725,0.30120023280678443,0,1,no_correct_move,0,True,0,0.0,0.0,0,44,,,,,0,0,False,0,0,False,False,0,False,0.0,0.48959505558013916,-0.08725394308567047,0.8443575501441956,False,0.4630989134311676,0.21277861297130585,0.8774232864379883,False,,False,80
move_near,move_near/condition_0034,34,44,False,80,0.3030097740329704,-0.026496142148971558,0.3000325560569763,0.033065736293792725,0.30120023280678443,0,1,no_correct_move,0,True,0,0.0,0.0,0,45,,,,,0,0,False,0,0,False,False,0,False,0.0,0.48959505558013916,-0.08725394308567047,0.8443575501441956,False,0.4630989134311676,0.21277861297130585,0.8774232864379883,False,,False,80
move_near,move_near/condition_0034,34,45,False,80,0.3030097740329704,-0.026496142148971558,0.3000325560569763,0.033065736293792725,0.30120023280678443,0,1,no_correct_move,0,True,0,0.0,0.0,0,46,,,,,0,0,False,0,0,False,False,0,False,0.0,0.48959505558013916,-0.08725394308567047,0.8443575501441956,False,0.4630989134311676,0.21277861297130585,0.8774232864379883,False,,False,80
move_near,move_near/condition_0034,34,46,False,80,0.3030097740329704,-0.026496142148971558,0.3000325560569763,0.033065736293792725,0.30120023280678443,0,1,no_correct_move,0,True,0,0.0,0.0,0,47,,,,,0,0,False,0,0,False,False,0,False,0.0,0.48959505558013916,-0.08725394308567047,0.8443575501441956,False,0.4630989134311676,0.21277861297130585,0.8774232864379883,False,,False,80
move_near,move_near/condition_0034,34,47,False,80,0.3030097740329704,-0.026496142148971558,0.3000325560569763,0.033065736293792725,0.30120023280678443,0,1,no_correct_move,0,True,0,0.0,0.0,0,48,,,,,0,0,False,0,0,False,False,0,False,0.0,0.48959505558013916,-0.08725394308567047,0.8443575501441956,False,0.4630989134311676,0.21277861297130585,0.8774232864379883,False,,False,80
move_near,move_near/condition_0034,34,48,False,80,0.3030097740329704,-0.026496142148971558,0.3000325560569763,0.033065736293792725,0.30120023280678443,0,1,no_correct_move,0,True,0,0.0,0.0,0,49,,,,,0,0,False,0,0,False,False,0,False,0.0,0.48959505558013916,-0.08725394308567047,0.8443575501441956,False,0.4630989134311676,0.21277861297130585,0.8774232864379883,False,,False,80
move_near,move_near/condition_0034,34,49,False,80,0.3030097740329704,-0.026496142148971558,0.3000325560569763,0.033065736293792725,0.30120023280678443,0,1,no_correct_move,0,True,0,0.0,0.0,0,50,,,,,0,0,False,0,0,False,False,0,False,0.0,0.48959505558013916,-0.08725394308567047,0.8443575501441956,False,0.4630989134311676,0.21277861297130585,0.8774232864379883,False,,False,80
move_near,move_near/condition_0034,34,50,False,80,0.3030097740329704,-0.026496142148971558,0.3000325560569763,0.033065736293792725,0.30120023280678443,0,1,no_correct_move,0,True,0,0.0,0.0,0,51,,,,,0,0,False,0,0,False,False,0,False,0.0,0.48959505558013916,-0.08725394308567047,0.8443575501441956,False,0.4630989134311676,0.21277861297130585,0.8774232864379883,False,,False,80
move_near,move_near/condition_0034,34,51,False,80,0.3030097740329704,-0.026496142148971558,0.3000325560569763,0.033065736293792725,0.30120023280678443,0,1,no_correct_move,0,True,0,0.0,0.0,0,52,,,,,0,0,False,0,0,False,False,0,False,0.0,0.48959505558013916,-0.08725394308567047,0.8443575501441956,False,0.4630989134311676,0.21277861297130585,0.8774232864379883,False,,False,80
move_near,move_near/condition_0034,34,52,False,80,0.3030097740329704,-0.026496142148971558,0.3000325560569763,0.033065736293792725,0.30120023280678443,0,1,no_correct_move,0,True,0,0.0,0.0,0,53,,,,,0,0,False,0,0,False,False,0,False,0.0,0.48959505558013916,-0.08725394308567047,0.8443575501441956,False,0.4630989134311676,0.21277861297130585,0.8774232864379883,False,,False,80
move_near,move_near/condition_0034,34,53,False,80,0.3030097740329704,-0.026496142148971558,0.3000325560569763,0.033065736293792725,0.30120023280678443,0,1,no_correct_move,0,True,0,0.0,0.0,0,54,,,,,0,0,False,0,0,False,False,0,False,0.0,0.48959505558013916,-0.08725394308567047,0.8443575501441956,False,0.4630989134311676,0.21277861297130585,0.8774232864379883,False,,False,80
move_near,move_near/condition_0034,34,54,False,80,0.3030097740329704,-0.026496142148971558,0.3000325560569763,0.033065736293792725,0.30120023280678443,0,1,no_correct_move,0,True,0,0.0,0.0,0,55,,,,,0,0,False,0,0,False,False,0,False,0.0,0.48959505558013916,-0.08725394308567047,0.8443575501441956,False,0.4630989134311676,0.21277861297130585,0.8774232864379883,False,,False,80
move_near,move_near/condition_0034,34,55,False,80,0.3030097740329704,-0.026496142148971558,0.3000325560569763,0.033065736293792725,0.30120023280678443,0,1,no_correct_move,0,True,0,0.0,0.0,0,56,,,,,0,0,False,0,0,False,False,0,False,0.0,0.48959505558013916,-0.08725394308567047,0.8443575501441956,False,0.4630989134311676,0.21277861297130585,0.8774232864379883,False,,False,80
move_near,move_near/condition_0034,34,56,False,80,0.3030097740329704,-0.026496142148971558,0.3000325560569763,0.033065736293792725,0.30120023280678443,0,1,no_correct_move,0,True,0,0.0,0.0,0,57,,,,,0,0,False,0,0,False,False,0,False,0.0,0.48959505558013916,-0.08725394308567047,0.8443575501441956,False,0.4630989134311676,0.21277861297130585,0.8774232864379883,False,,False,80
move_near,move_near/condition_0034,34,57,False,80,0.3030097740329704,-0.026496142148971558,0.3000325560569763,0.033065736293792725,0.30120023280678443,0,1,no_correct_move,0,True,0,0.0,0.0,0,58,,,,,0,0,False,0,0,False,False,0,False,0.0,0.48959505558013916,-0.08725394308567047,0.8443575501441956,False,0.4630989134311676,0.21277861297130585,0.8774232864379883,False,,False,80
move_near,move_near/condition_0034,34,58,False,80,0.3030097740329704,-0.026496142148971558,0.3000325560569763,0.033065736293792725,0.30120023280678443,0,1,no_correct_move,0,True,0,0.0,0.0,0,59,,,,,0,0,False,0,0,False,False,0,False,0.0,0.48959505558013916,-0.08725394308567047,0.8443575501441956,False,0.4630989134311676,0.21277861297130585,0.8774232864379883,False,,False,80
move_near,move_near/condition_0034,34,59,False,80,0.3030097740329704,-0.026496142148971558,0.3000325560569763,0.033065736293792725,0.30120023280678443,0,1,no_correct_move,0,True,0,0.0,0.0,0,60,,,,,0,0,False,0,0,False,False,0,False,0.0,0.48959505558013916,-0.08725394308567047,0.8443575501441956,False,0.4630989134311676,0.21277861297130585,0.8774232864379883,False,,False,80
move_near,move_near/condition_0034,34,60,False,80,0.3030097740329704,-0.026496142148971558,0.3000325560569763,0.033065736293792725,0.30120023280678443,0,1,no_correct_move,0,True,0,0.0,0.0,0,61,,,,,0,0,False,0,0,False,False,0,False,0.0,0.48959505558013916,-0.08725394308567047,0.8443575501441956,False,0.4630989134311676,0.21277861297130585,0.8774232864379883,False,,False,80
move_near,move_near/condition_0034,34,61,False,80,0.3030097740329704,-0.026496142148971558,0.3000325560569763,0.033065736293792725,0.30120023280678443,0,1,no_correct_move,0,True,0,0.0,0.0,0,62,,,,,0,0,False,0,0,False,False,0,False,0.0,0.48959505558013916,-0.08725394308567047,0.8443575501441956,False,0.4630989134311676,0.21277861297130585,0.8774232864379883,False,,False,80
move_near,move_near/condition_0034,34,62,False,80,0.3030097740329704,-0.026496142148971558,0.3000325560569763,0.033065736293792725,0.30120023280678443,0,1,no_correct_move,0,True,0,0.0,0.0,0,63,,,,,0,0,False,0,0,False,False,0,False,0.0,0.48959505558013916,-0.08725394308567047,0.8443575501441956,False,0.4630989134311676,0.21277861297130585,0.8774232864379883,False,,False,80
move_near,move_near/condition_0034,34,63,False,80,0.3030097740329704,-0.026496142148971558,0.3000325560569763,0.033065736293792725,0.30120023280678443,0,1,no_correct_move,0,True,0,0.0,0.0,0,64,,,,,0,0,False,0,0,False,False,0,False,0.0,0.48959505558013916,-0.08725394308567047,0.8443575501441956,False,0.4630989134311676,0.21277861297130585,0.8774232864379883,False,,False,80
move_near,move_near/condition_0034,34,64,False,80,0.3030097740329704,-0.026496142148971558,0.3000325560569763,0.033065736293792725,0.30120023280678443,0,1,no_correct_move,0,True,0,0.0,0.0,0,65,,,,,0,0,False,0,0,False,False,0,False,0.0,0.48959505558013916,-0.08725394308567047,0.8443575501441956,False,0.4630989134311676,0.21277861297130585,0.8774232864379883,False,,False,80
move_near,move_near/condition_0034,34,65,False,80,0.3030097740329704,-0.026496142148971558,0.3000325560569763,0.033065736293792725,0.30120023280678443,0,1,no_correct_move,0,True,0,0.0,0.0,0,66,,,,,0,0,False,0,0,False,False,0,False,0.0,0.48959505558013916,-0.08725394308567047,0.8443575501441956,False,0.4630989134311676,0.21277861297130585,0.8774232864379883,False,,False,80
move_near,move_near/condition_0034,34,66,False,80,0.3030097740329704,-0.026496142148971558,0.3000325560569763,0.033065736293792725,0.30120023280678443,0,1,no_correct_move,0,True,0,0.0,0.0,0,67,,,,,0,0,False,0,0,False,False,0,False,0.0,0.48959505558013916,-0.08725394308567047,0.8443575501441956,False,0.4630989134311676,0.21277861297130585,0.8774232864379883,False,,False,80
move_near,move_near/condition_0034,34,67,False,80,0.3030097740329704,-0.026496142148971558,0.3000325560569763,0.033065736293792725,0.30120023280678443,0,1,no_correct_move,0,True,0,0.0,0.0,0,68,,,,,0,0,False,0,0,False,False,0,False,0.0,0.48959505558013916,-0.08725394308567047,0.8443575501441956,False,0.4630989134311676,0.21277861297130585,0.8774232864379883,False,,False,80
move_near,move_near/condition_0034,34,68,False,80,0.3030097740329704,-0.026496142148971558,0.3000325560569763,0.033065736293792725,0.30120023280678443,0,1,no_correct_move,0,True,0,0.0,0.0,0,69,,,,,0,0,False,0,0,False,False,0,False,0.0,0.48959505558013916,-0.08725394308567047,0.8443575501441956,False,0.4630989134311676,0.21277861297130585,0.8774232864379883,False,,False,80
move_near,move_near/condition_0034,34,69,False,80,0.3030097740329704,-0.026496142148971558,0.3000325560569763,0.033065736293792725,0.30120023280678443,0,1,no_correct_move,0,True,0,0.0,0.0,0,70,,,,,0,0,False,0,0,False,False,0,False,0.0,0.48959505558013916,-0.08725394308567047,0.8443575501441956,False,0.4630989134311676,0.21277861297130585,0.8774232864379883,False,,False,80
move_near,move_near/condition_0034,34,70,False,80,0.3030097740329704,-0.026496142148971558,0.3000325560569763,0.033065736293792725,0.30120023280678443,0,1,no_correct_move,0,True,0,0.0,0.0,0,71,,,,,0,0,False,0,0,False,False,0,False,0.0,0.48959505558013916,-0.08725394308567047,0.8443575501441956,False,0.4630989134311676,0.21277861297130585,0.8774232864379883,False,,False,80
move_near,move_near/condition_0034,34,71,False,80,0.3030097740329704,-0.026496142148971558,0.3000325560569763,0.033065736293792725,0.30120023280678443,0,1,no_correct_move,0,True,0,0.0,0.0,0,72,,,,,0,0,False,0,0,False,False,0,False,0.0,0.48959505558013916,-0.08725394308567047,0.8443575501441956,False,0.4630989134311676,0.21277861297130585,0.8774232864379883,False,,False,80
move_near,move_near/condition_0034,34,72,False,80,0.3030097740329704,-0.026496142148971558,0.3000325560569763,0.033065736293792725,0.30120023280678443,0,1,no_correct_move,0,True,0,0.0,0.0,0,73,,,,,0,0,False,0,0,False,False,0,False,0.0,0.48959505558013916,-0.08725394308567047,0.8443575501441956,False,0.4630989134311676,0.21277861297130585,0.8774232864379883,False,,False,80
move_near,move_near/condition_0034,34,73,False,80,0.3030097740329704,-0.026496142148971558,0.3000325560569763,0.033065736293792725,0.30120023280678443,0,1,no_correct_move,0,True,0,0.0,0.0,0,74,,,,,0,0,False,0,0,False,False,0,False,0.0,0.48959505558013916,-0.08725394308567047,0.8443575501441956,False,0.4630989134311676,0.21277861297130585,0.8774232864379883,False,,False,80
move_near,move_near/condition_0034,34,74,False,80,0.3030097740329704,-0.026496142148971558,0.3000325560569763,0.033065736293792725,0.30120023280678443,0,1,no_correct_move,0,True,0,0.0,0.0,0,75,,,,,0,0,False,0,0,False,False,0,False,0.0,0.48959505558013916,-0.08725394308567047,0.8443575501441956,False,0.4630989134311676,0.21277861297130585,0.8774232864379883,False,,False,80
move_near,move_near/condition_0034,34,75,False,80,0.3030097740329704,-0.026496142148971558,0.3000325560569763,0.033065736293792725,0.30120023280678443,0,1,no_correct_move,0,True,0,0.0,0.0,0,76,,,,,0,0,False,0,0,False,False,0,False,0.0,0.48959505558013916,-0.08725394308567047,0.8443575501441956,False,0.4630989134311676,0.21277861297130585,0.8774232864379883,False,,False,80
move_near,move_near/condition_0034,34,76,False,80,0.3030097740329704,-0.026496142148971558,0.3000325560569763,0.033065736293792725,0.30120023280678443,0,1,no_correct_move,0,True,0,0.0,0.0,0,77,,,,,0,0,False,0,0,False,False,0,False,0.0,0.48959505558013916,-0.08725394308567047,0.8443575501441956,False,0.4630989134311676,0.21277861297130585,0.8774232864379883,False,,False,80
move_near,move_near/condition_0034,34,77,False,80,0.3030097740329704,-0.026496142148971558,0.3000325560569763,0.033065736293792725,0.30120023280678443,0,1,no_correct_move,0,True,0,0.0,0.0,0,78,,,,,0,0,False,0,0,False,False,0,False,0.0,0.48959505558013916,-0.08725394308567047,0.8443575501441956,False,0.4630989134311676,0.21277861297130585,0.8774232864379883,False,,False,80
move_near,move_near/condition_0034,34,78,False,80,0.3030097740329704,-0.026496142148971558,0.3000325560569763,0.033065736293792725,0.30120023280678443,0,1,no_correct_move,0,True,0,0.0,0.0,0,79,,,,,0,0,False,0,0,False,False,0,False,0.0,0.48959505558013916,-0.08725394308567047,0.8443575501441956,False,0.4630989134311676,0.21277861297130585,0.8774232864379883,False,,False,80
move_near,move_near/condition_0034,34,79,False,80,0.3030097740329704,-0.026496142148971558,0.3000325560569763,0.033065736293792725,0.30120023280678443,0,1,no_correct_move,0,True,0,0.0,0.0,0,80,,,,,0,0,False,0,0,False,False,0,False,0.0,0.48959505558013916,-0.08725394308567047,0.8443575501441956,False,0.4630989134311676,0.21277861297130585,0.8774232864379883,False,,True,80
