task,episode_key,condition_id,step_id,episode_success,num_steps,control_init_object_xy_radius,failure_mode_grasped_but_not_lifted,failure_mode_lifted_but_not_significantly_lifted,failure_mode_never_grasped,failure_mode_primary,failure_mode_significant_lift_but_not_success,gt_consecutive_grasp,gt_elapsed_steps,gt_first_grasp_step,gt_first_lift_step,gt_first_significant_lift_step,gt_first_success_step,gt_grasp_duration_steps,gt_grasp_streak,gt_is_grasped,gt_lift_duration_steps,gt_lift_streak,gt_lifted_object,gt_lifted_object_significantly,gt_object_init_x,gt_object_init_y,gt_object_init_z,gt_pick_phase,gt_pick_phase_change,gt_reward,gt_significant_lift_duration_steps,gt_success,gt_terminated,gt_time_since_first_grasp,gt_truncated,max_steps
pick_coke_can,pick_coke_can/condition_0000,0,0,False,80,0.7328570492399428,0,0,1,never_grasped,0,False,1,,,,,0,0,False,0,0,False,False,0.6991050243377686,0.2198445349931717,0.8405754566192627,0,0,0.0,0,False,False,,False,80
pick_coke_can,pick_coke_can/condition_0000,0,1,False,80,0.7328570492399428,0,0,1,never_grasped,0,False,2,,,,,0,0,False,0,0,False,False,0.6991050243377686,0.2198445349931717,0.8405754566192627,0,0,0.0,0,False,False,,False,80
pick_coke_can,pick_coke_can/condition_0000,0,2,False,80,0.7328570492399428,0,0,1,never_grasped,0,False,3,,,,,0,0,False,0,0,False,False,0.6991050243377686,0.2198445349931717,0.8405754566192627,0,0,0.0,0,False,False,,False,80
pick_coke_can,pick_coke_can/condition_0000,0,3,False,80,0.7328570492399428,0,0,1,never_grasped,0,False,4,,,,,0,0,False,0,0,False,False,0.6991050243377686,0.2198445349931717,0.8405754566192627,0,0,0.0,0,False,False,,False,80
pick_coke_can,pick_coke_can/condition_0000,0,4,False,80,0.7328570492399428,0,0,1,never_grasped,0,False,5,,,,,0,0,False,0,0,False,False,0.6991050243377686,0.2198445349931717,0.8405754566192627,0,0,0.0,0,False,False,,False,80
pick_coke_can,pick_coke_can/condition_0000,0,5,False,80,0.7328570492399428,0,0,1,never_grasped,0,False,6,,,,,0,0,False,0,0,False,False,0.6991050243377686,0.2198445349931717,0.8405754566192627,0,0,0.0,0,False,False,,False,80
pick_coke_can,pick_coke_can/condition_0000,0,6,False,80,0.7328570492399428,0,0,1,never_grasped,0,False,7,,,,,0,0,False,0,0,False,False,0.6991050243377686,0.2198445349931717,0.8405754566192627,0,0,0.0,0,False,False,,False,80
pick_coke_can,pick_coke_can/condition_0000,0,7,False,80,0.7328570492399428,0,0,1,never_grasped,0,False,8,,,,,0,0,False,0,0,False,False,0.6991050243377686,0.2198445349931717,0.8405754566192627,0,0,0.0,0,False,False,,False,80
pick_coke_can,pick_coke_can/condition_0000,0,8,False,80,0.7328570492399428,0,0,1,never_grasped,0,False,9,,,,,0,0,False,0,0,False,False,0.6991050243377686,0.2198445349931717,0.8405754566192627,0,0,0.0,0,False,False,,False,80
pick_coke_can,pick_coke_can/condition_0000,0,9,False,80,0.7328570492399428,0,0,1,never_grasped,0,False,10,,,,,0,0,False,0,0,False,False,0.6991050243377686,0.2198445349931717,0.8405754566192627,0,0,0.0,0,False,False,,False,80
pick_coke_can,pick_coke_can/condition_0000,0,10,False,80,0.7328570492399428,0,0,1,never_grasped,0,False,11,,,,,0,0,False,0,0,False,False,0.6991050243377686,0.2198445349931717,0.8405754566192627,0,0,0.0,0,False,False,,False,80
pick_coke_can,pick_coke_can/condition_0000,0,11,False,80,0.7328570492399428,0,0,1,never_grasped,0,False,12,,,,,0,0,False,0,0,False,False,0.6991050243377686,0.2198445349931717,0.8405754566192627,0,0,0.0,0,False,False,,False,80
pick_coke_can,pick_coke_can/condition_0000,0,12,False,80,0.7328570492399428,0,0,1,never_grasped,0,False,13,,,,,0,0,False,0,0,False,False,0.6991050243377686,0.2198445349931717,0.8405754566192627,0,0,0.0,0,False,False,,False,80
pick_coke_can,pick_coke_can/condition_0000,0,13,False,80,0.7328570492399428,0,0,1,never_grasped,0,False,14,,,,,0,0,False,0,0,False,False,0.6991050243377686,0.2198445349931717,0.8405754566192627,0,0,0.0,0,False,False,,False,80
pick_coke_can,pick_coke_can/condition_0000,0,14,False,80,0.7328570492399428,0,0,1,never_grasped,0,False,15,,,,,0,0,False,0,0,False,False,0.6991050243377686,0.2198445349931717,0.8405754566192627,0,0,0.0,0,False,False,,False,80
pick_coke_can,pick_coke_can/condition_0000,0,15,False,80,0.7328570492399428,0,0,1,never_grasped,0,False,16,,,,,0,0,False,0,0,False,False,0.6991050243377686,0.2198445349931717,0.8405754566192627,0,0,0.0,0,False,False,,False,80
pick_coke_can,pick_coke_can/condition_0000,0,16,False,80,0.7328570492399428,0,0,1,never_grasped,0,False,17,,,,,0,0,False,0,0,False,False,0.6991050243377686,0.2198445349931717,0.8405754566192627,0,0,0.0,0,False,False,,False,80
pick_coke_can,pick_coke_can/condition_0000,0,17,False,80,0.7328570492399428,0,0,1,never_grasped,0,False,18,,,,,0,0,False,0,0,False,False,0.6991050243377686,0.2198445349931717,0.8405754566192627,0,0,0.0,0,False,False,,False,80
pick_coke_can,pick_coke_can/condition_0000,0,18,False,80,0.7328570492399428,0,0,1,never_grasped,0,False,19,,,,,0,0,False,0,0,False,False,0.6991050243377686,0.2198445349931717,0.8405754566192627,0,0,0.0,0,False,False,,False,80
pick_coke_can,pick_coke_can/condition_0000,0,19,False,80,0.7328570492399428,0,0,1,never_grasped,0,False,20,,,,,0,0,False,0,0,False,False,0.6991050243377686,0.2198445349931717,0.8405754566192627,0,0,0.0,0,False,False,,False,80
pick_coke_can,pick_coke_can/condition_0000,0,20,False,80,0.7328570492399428,0,0,1,never_grasped,0,False,21,,,,,0,0,False,0,0,False,False,0.6991050243377686,0.2198445349931717,0.8405754566192627,0,0,0.0,0,False,False,,False,80
pick_coke_can,pick_coke_can/condition_0000,0,21,False,80,0.7328570492399428,0,0,1,never_grasped,0,False,22,,,,,0,0,False,0,0,False,False,0.6991050243377686,0.2198445349931717,0.8405754566192627,0,0,0.0,0,False,False,,False,80
pick_coke_can,pick_coke_can/condition_0000,0,22,False,80,0.7328570492399428,0,0,1,never_grasped,0,False,23,,,,,0,0,False,0,0,False,False,0.6991050243377686,0.2198445349931717,0.8405754566192627,0,0,0.0,0,False,False,,False,80
pick_coke_can,pick_coke_can/condition_0000,0,23,False,80,0.7328570492399428,0,0,1,never_grasped,0,False,24,,,,,0,0,False,0,0,False,False,0.6991050243377686,0.2198445349931717,0.8405754566192627,0,0,0.0,0,False,False,,False,80
pick_coke_can,pick_coke_can/condition_0000,0,24,False,80,0.7328570492399428,0,0,1,never_grasped,0,False,25,,,,,0,0,False,0,0,False,False,0.6991050243377686,0.2198445349931717,0.8405754566192627,0,0,0.0,0,False,False,,False,80
pick_coke_can,pick_coke_can/condition_0000,0,25,False,80,0.7328570492399428,0,0,1,never_grasped,0,False,26,,,,,0,0,False,0,0,False,False,0.6991050243377686,0.2198445349931717,0.8405754566192627,0,0,0.0,0,False,False,,False,80
pick_coke_can,pick_coke_can/condition_0000,0,26,False,80,0.7328570492399428,0,0,1,never_grasped,0,False,27,,,,,0,0,False,0,0,False,False,0.6991050243377686,0.2198445349931717,0.8405754566192627,0,0,0.0,0,False,False,,False,80
pick_coke_can,pick_coke_can/condition_0000,0,27,False,80,0.7328570492399428,0,0,1,never_grasped,0,False,28,,,,,0,0,False,0,0,False,False,0.6991050243377686,0.2198445349931717,0.8405754566192627,0,0,0.0,0,False,False,,False,80
pick_coke_can,pick_coke_can/condition_0000,0,28,False,80,0.7328570492399428,0,0,1,never_grasped,0,False,29,,,,,0,0,False,0,0,False,False,0.6991050243377686,0.2198445349931717,0.8405754566192627,0,0,0.0,0,False,False,,False,80
pick_coke_can,pick_coke_can/condition_0000,0,29,False,80,0.7328570492399428,0,0,1,never_grasped,0,False,30,,,,,0,0,False,0,0,False,False,0.6991050243377686,0.2198445349931717,0.8405754566192627,0,0,0.0,0,False,False,,False,80
pick_coke_can,pick_coke_can/condition_0000,0,30,False,80,0.7328570492399428,0,0,1,never_grasped,0,False,31,,,,,0,0,False,0,0,False,False,0.6991050243377686,0.2198445349931717,0.8405754566192627,0,0,0.0,0,False,False,,False,80
pick_coke_can,pick_coke_can/condition_0000,0,31,False,80,0.7328570492399428,0,0,1,never_grasped,0,False,32,,,,,0,0,False,0,0,False,False,0.6991050243377686,0.2198445349931717,0.8405754566192627,0,0,0.0,0,False,False,,False,80
pick_coke_can,pick_coke_can/condition_0000,0,32,False,80,0.7328570492399428,0,0,1,never_grasped,0,False,33,,,,,0,0,False,0,0,False,False,0.6991050243377686,0.2198445349931717,0.8405754566192627,0,0,0.0,0,False,False,,False,80
pick_coke_can,pick_coke_can/condition_0000,0,33,False,80,0.7328570492399428,0,0,1,never_grasped,0,False,34,,,,,0,0,False,0,0,False,False,0.6991050243377686,0.2198445349931717,0.8405754566192627,0,0,0.0,0,False,False,,False,80
pick_coke_can,pick_coke_can/condition_0000,0,34,False,80,0.7328570492399428,0,0,1,never_grasped,0,False,35,,,,,0,0,False,0,0,False,False,0.6991050243377686,0.2198445349931717,0.8405754566192627,0,0,0.0,0,False,False,,False,80
pick_coke_can,pick_coke_can/condition_0000,0,35,False,80,0.7328570492399428,0,0,1,never_grasped,0,False,36,,,,,0,0,False,0,0,False,False,0.6991050243377686,0.2198445349931717,0.8405754566192627,0,0,0.0,0,False,False,,False,80
pick_coke_can,pick_coke_can/condition_0000,0,36,False,80,0.7328570492399428,0,0,1,never_grasped,0,False,37,,,,,0,0,False,0,0,False,False,0.6991050243377686,0.2198445349931717,0.8405754566192627,0,0,0.0,0,False,False,,False,80
pick_coke_can,pick_coke_can/condition_0000,0,37,False,80,0.7328570492399428,0,0,1,never_grasped,0,False,38,,,,,0,0,False,0,0,False,False,0.6991050243377686,0.2198445349931717,0.8405754566192627,0,0,0.0,0,False,False,,False,80
pick_coke_can,pick_coke_can/condition_0000,0,38,False,80,0.7328570492399428,0,0,1,never_grasped,0,False,39,,,,,0,0,False,0,0,False,False,0.6991050243377686,0.2198445349931717,0.8405754566192627,0,0,0.0,0,False,False,,False,80
pick_coke_can,pick_coke_can/condition_0000,0,39,False,80,0.7328570492399428,0,0,1,never_grasped,0,False,40,,,,,0,0,False,0,0,False,False,0.6991050243377686,0.2198445349931717,0.8405754566192627,0,0,0.0,0,False,False,,False,80
pick_coke_can,pick_coke_can/condition_0000,0,40,False,80,0.7328570492399428,0,0,1,never_grasped,0,False,41,,,,,0,0,False,0,0,False,False,0.6991050243377686,0.2198445349931717,0.8405754566192627,0,0,0.0,0,False,False,,False,80
pick_coke_can,pick_coke_can/condition_0000,0,41,False,80,0.7328570492399428,0,0,1,never_grasped,0,False,42,,,,,0,0,False,0,0,False,False,0.6991050243377686,0.2198445349931717,0.8405754566192627,0,0,0.0,0,False,False,,False,80
pick_coke_can,pick_coke_can/condition_0000,0,42,False,80,0.7328570492399428,0,0,1,never_grasped,0,False,43,,,,,0,0,False,0,0,False,False,0.6991050243377686,0.2198445349931717,0.8405754566192627,0,0,0.0,0,False,False,,False,80
pick_coke_can,pick_coke_can/condition_0000,0,43,False,80,0.7328570492399428,0,0,1,never_grasped,0,False,44,,,,,0,0,False,0,0,False,False,0.6991050243377686,0.2198445349931717,0.8405754566192627,0,0,0.0,0,False,False,,False,80
pick_coke_can,pick_coke_can/condition_0000,0,44,False,80,0.7328570492399428,0,0,1,never_grasped,0,False,45,,,,,0,0,False,0,0,False,False,0.6991050243377686,0.2198445349931717,0.8405754566192627,0,0,0.0,0,False,False,,False,80
pick_coke_can,pick_coke_can/condition_0000,0,45,False,80,0.7328570492399428,0,0,1,never_grasped,0,False,46,,,,,0,0,False,0,0,False,False,0.6991050243377686,0.2198445349931717,0.8405754566192627,0,0,0.0,0,False,False,,False,80
pick_coke_can,pick_coke_can/condition_0000,0,46,False,80,0.7328570492399428,0,0,1,never_grasped,0,False,47,,,,,0,0,False,0,0,False,False,0.6991050243377686,0.2198445349931717,0.8405754566192627,0,0,0.0,0,False,False,,False,80
pick_coke_can,pick_coke_can/condition_0000,0,47,False,80,0.7328570492399428,0,0,1,never_grasped,0,False,48,,,,,0,0,False,0,0,False,False,0.6991050243377686,0.2198445349931717,0.8405754566192627,0,0,0.0,0,False,False,,False,80
pick_coke_can,pick_coke_can/condition_0000,0,48,False,80,0.7328570492399428,0,0,1,never_grasped,0,False,49,,,,,0,0,False,0,0,False,False,0.6991050243377686,0.2198445349931717,0.8405754566192627,0,0,0.0,0,False,False,,False,80
pick_coke_can,pick_coke_can/condition_0000,0,49,False,80,0.7328570492399428,0,0,1,never_grasped,0,False,50,,,,,0,0,False,0,0,False,False,0.6991050243377686,0.2198445349931717,0.8405754566192627,0,0,0.0,0,False,False,,False,80
pick_coke_can,pick_coke_can/condition_0000,0,50,False,80,0.7328570492399428,0,0,1,never_grasped,0,False,51,,,,,0,0,False,0,0,False,False,0.6991050243377686,0.2198445349931717,0.8405754566192627,0,0,0.0,0,False,False,,False,80
pick_coke_can,pick_coke_can/condition_0000,0,51,False,80,0.7328570492399428,0,0,1,never_grasped,0,False,52,,,,,0,0,False,0,0,False,False,0.6991050243377686,0.2198445349931717,0.8405754566192627,0,0,0.0,0,False,False,,False,80
pick_coke_can,pick_coke_can/condition_0000,0,52,False,80,0.7328570492399428,0,0,1,never_grasped,0,False,53,,,,,0,0,False,0,0,False,False,0.6991050243377686,0.2198445349931717,0.8405754566192627,0,0,0.0,0,False,False,,False,80
pick_coke_can,pick_coke_can/condition_0000,0,53,False,80,0.7328570492399428,0,0,1,never_grasped,0,False,54,,,,,0,0,False,0,0,False,False,0.6991050243377686,0.2198445349931717,0.8405754566192627,0,0,0.0,0,False,False,,False,80
pick_coke_can,pick_coke_can/condition_0000,0,54,False,80,0.7328570492399428,0,0,1,never_grasped,0,False,55,,,,,0,0,False,0,0,False,False,0.6991050243377686,0.2198445349931717,0.8405754566192627,0,0,0.0,0,False,False,,False,80
pick_coke_can,pick_coke_can/condition_0000,0,55,False,80,0.7328570492399428,0,0,1,never_grasped,0,False,56,,,,,0,0,False,0,0,False,False,0.6991050243377686,0.2198445349931717,0.8405754566192627,0,0,0.0,0,False,False,,False,80
pick_coke_can,pick_coke_can/condition_0000,0,56,False,80,0.7328570492399428,0,0,1,never_grasped,0,False,57,,,,,0,0,False,0,0,False,False,0.6991050243377686,0.2198445349931717,0.8405754566192627,0,0,0.0,0,False,False,,False,80
pick_coke_can,pick_coke_can/condition_0000,0,57,False,80,0.7328570492399428,0,0,1,never_grasped,0,False,58,,,,,0,0,False,0,0,False,False,0.6991050243377686,0.2198445349931717,0.8405754566192627,0,0,0.0,0,False,False,,False,80
pick_coke_can,pick_coke_can/condition_0000,0,58,False,80,0.7328570492399428,0,0,1,never_grasped,0,False,59,,,,,0,0,False,0,0,False,False,0.6991050243377686,0.2198445349931717,0.8405754566192627,0,0,0.0,0,False,False,,False,80
pick_coke_can,pick_coke_can/condition_0000,0,59,False,80,0.7328570492399428,0,0,1,never_grasped,0,False,60,,,,,0,0,False,0,0,False,False,0.6991050243377686,0.2198445349931717,0.8405754566192627,0,0,0.0,0,False,False,,False,80
pick_coke_can,pick_coke_can/condition_0000,0,60,False,80,0.7328570492399428,0,0,1,never_grasped,0,False,61,,,,,0,0,False,0,0,False,False,0.6991050243377686,0.2198445349931717,0.8405754566192627,0,0,0.0,0,False,False,,False,80
pick_coke_can,pick_coke_can/condition_0000,0,61,False,80,0.7328570492399428,0,0,1,never_grasped,0,False,62,,,,,0,0,False,0,0,False,False,0.6991050243377686,0.2198445349931717,0.8405754566192627,0,0,0.0,0,False,False,,False,80
pick_coke_can,pick_coke_can/condition_0000,0,62,False,80,0.7328570492399428,0,0,1,never_grasped,0,False,63,,,,,0,0,False,0,0,False,False,0.6991050243377686,0.2198445349931717,0.8405754566192627,0,0,0.0,0,False,False,,False,80
pick_coke_can,pick_coke_can/condition_0000,0,63,False,80,0.7328570492399428,0,0,1,never_grasped,0,False,64,,,,,0,0,False,0,0,False,False,0.6991050243377686,0.2198445349931717,0.8405754566192627,0,0,0.0,0,False,False,,False,80
pick_coke_can,pick_coke_can/condition_0000,0,64,False,80,0.7328570492399428,0,0,1,never_grasped,0,False,65,,,,,0,0,False,0,0,False,False,0.6991050243377686,0.2198445349931717,0.8405754566192627,0,0,0.0,0,False,False,,False,80
pick_coke_can,pick_coke_can/condition_0000,0,65,False,80,0.7328570492399428,0,0,1,never_grasped,0,False,66,,,,,0,0,False,0,0,False,False,0.6991050243377686,0.2198445349931717,0.8405754566192627,0,0,0.0,0,False,False,,False,80
pick_coke_can,pick_coke_can/condition_0000,0,66,False,80,0.7328570492399428,0,0,1,never_grasped,0,False,67,,,,,0,0,False,0,0,False,False,0.6991050243377686,0.2198445349931717,0.8405754566192627,0,0,0.0,0,False,False,,False,80
pick_coke_can,pick_coke_can/condition_0000,0,67,False,80,0.7328570492399428,0,0,1,never_grasped,0,False,68,,,,,0,0,False,0,0,False,False,0.6991050243377686,0.2198445349931717,0.8405754566192627,0,0,0.0,0,False,False,,False,80
pick_coke_can,pick_coke_can/condition_0000,0,68,False,80,0.7328570492399428,0,0,1,never_grasped,0,False,69,,,,,0,0,False,0,0,False,False,0.6991050243377686,0.2198445349931717,0.8405754566192627,0,0,0.0,0,False,False,,False,80
pick_coke_can,pick_coke_can/condition_0000,0,69,False,80,0.7328570492399428,0,0,1,never_grasped,0,False,70,,,,,0,0,False,0,0,False,False,0.6991050243377686,0.2198445349931717,0.8405754566192627,0,0,0.0,0,False,False,,False,80
pick_coke_can,pick_coke_can/condition_0000,0,70,False,80,0.7328570492399428,0,0,1,never_grasped,0,False,71,,,,,0,0,False,0,0,False,False,0.6991050243377686,0.2198445349931717,0.8405754566192627,0,0,0.0,0,False,False,,False,80
pick_coke_can,pick_coke_can/condition_0000,0,71,False,80,0.7328570492399428,0,0,1,never_grasped,0,False,72,,,,,0,0,False,0,0,False,False,0.6991050243377686,0.2198445349931717,0.8405754566192627,0,0,0.0,0,False,False,,False,80
pick_coke_can,pick_coke_can/condition_0000,0,72,False,80,0.7328570492399428,0,0,1,never_grasped,0,False,73,,,,,0,0,False,0,0,False,False,0.6991050243377686,0.2198445349931717,0.8405754566192627,0,0,0.0,0,False,False,,False,80
pick_coke_can,pick_coke_can/condition_0000,0,73,False,80,0.7328570492399428,0,0,1,never_grasped,0,False,74,,,,,0,0,False,0,0,False,False,0.6991050243377686,0.2198445349931717,0.8405754566192627,0,0,0.0,0,False,False,,False,80
pick_coke_can,pick_coke_can/condition_0000,0,74,False,80,0.7328570492399428,0,0,1,never_grasped,0,False,75,,,,,0,0,False,0,0,False,False,0.6991050243377686,0.2198445349931717,0.8405754566192627,0,0,0.0,0,False,False,,False,80
pick_coke_can,pick_coke_can/condition_0000,0,75,False,80,0.7328570492399428,0,0,1,never_grasped,0,False,76,,,,,0,0,False,0,0,False,False,0.6991050243377686,0.2198445349931717,0.8405754566192627,0,0,0.0,0,False,False,,False,80
pick_coke_can,pick_coke_can/condition_0000,0,76,False,80,0.7328570492399428,0,0,1,never_grasped,0,False,77,,,,,0,0,False,0,0,False,False,0.6991050243377686,0.2198445349931717,0.8405754566192627,0,0,0.0,0,False,False,,False,80
pick_coke_can,pick_coke_can/condition_0000,0,77,False,80,0.7328570492399428,0,0,1,never_grasped,0,False,78,,,,,0,0,False,0,0,False,False,0.6991050243377686,0.2198445349931717,0.8405754566192627,0,0,0.0,0,False,False,,False,80
pick_coke_can,pick_coke_can/condition_0000,0,78,False,80,0.7328570492399428,0,0,1,never_grasped,0,False,79,,,,,0,0,False,0,0,False,False,0.6991050243377686,0.2198445349931717,0.8405754566192627,0,0,0.0,0,False,False,,False,80
pick_coke_can,pick_coke_can/condition_0000,0,79,False,80,0.7328570492399428,0,0,1,never_grasped,0,False,80,,,,,0,0,False,0,0,False,False,0.6991050243377686,0.2198445349931717,0.8405754566192627,0,0,0.0,0,False,False,,True,80
pick_coke_can,pick_coke_can/condition_0001,1,0,True,51,0.7076856493324115,0,0,0,success,0,False,1,49,50,,50,2,0,False,1,0,False,False,0.6991093158721924,0.10984144359827042,0.8405754566192627,0,0,0.0,0,False,False,,False,80
pick_coke_can,pick_coke_can/condition_0001,1,1,True,51,0.7076856493324115,0,0,0,success,0,False,2,49,50,,50,2,0,False,1,0,False,False,0.6991093158721924,0.10984144359827042,0.8405754566192627,0,0,0.0,0,False,False,,False,80
pick_coke_can,pick_coke_can/condition_0001,1,2,True,51,0.7076856493324115,0,0,0,success,0,False,3,49,50,,50,2,0,False,1,0,False,False,0.6991093158721924,0.10984144359827042,0.8405754566192627,0,0,0.0,0,False,False,,False,80
pick_coke_can,pick_coke_can/condition_0001,1,3,True,51,0.7076856493324115,0,0,0,success,0,False,4,49,50,,50,2,0,False,1,0,False,False,0.6991093158721924,0.10984144359827042,0.8405754566192627,0,0,0.0,0,False,False,,False,80
pick_coke_can,pick_coke_can/condition_0001,1,4,True,51,0.7076856493324115,0,0,0,success,0,False,5,49,50,,50,2,0,False,1,0,False,False,0.6991093158721924,0.10984144359827042,0.8405754566192627,0,0,0.0,0,False,False,,False,80
pick_coke_can,pick_coke_can/condition_0001,1,5,True,51,0.7076856493324115,0,0,0,success,0,False,6,49,50,,50,2,0,False,1,0,False,False,0.6991093158721924,0.10984144359827042,0.8405754566192627,0,0,0.0,0,False,False,,False,80
pick_coke_can,pick_coke_can/condition_0001,1,6,True,51,0.7076856493324115,0,0,0,success,0,False,7,49,50,,50,2,0,False,1,0,False,False,0.6991093158721924,0.10984144359827042,0.8405754566192627,0,0,0.0,0,False,False,,False,80
pick_coke_can,pick_coke_can/condition_0001,1,7,True,51,0.7076856493324115,0,0,0,success,0,False,8,49,50,,50,2,0,False,1,0,False,False,0.6991093158721924,0.10984144359827042,0.8405754566192627,0,0,0.0,0,False,False,,False,80
pick_coke_can,pick_coke_can/condition_0001,1,8,True,51,0.7076856493324115,0,0,0,success,0,False,9,49,50,,50,2,0,False,1,0,False,False,0.6991093158721924,0.10984144359827042,0.8405754566192627,0,0,0.0,0,False,False,,False,80
pick_coke_can,pick_coke_can/condition_0001,1,9,True,51,0.7076856493324115,0,0,0,success,0,False,10,49,50,,50,2,0,False,1,0,False,False,0.6991093158721924,0.10984144359827042,0.8405754566192627,0,0,0.0,0,False,False,,False,80
pick_coke_can,pick_coke_can/condition_0001,1,10,True,51,0.7076856493324115,0,0,0,success,0,False,11,49,50,,50,2,0,False,1,0,False,False,0.6991093158721924,0.10984144359827042,0.8405754566192627,0,0,0.0,0,False,False,,False,80
pick_coke_can,pick_coke_can/condition_0001,1,11,True,51,0.7076856493324115,0,0,0,success,0,False,12,49,50,,50,2,0,False,1,0,False,False,0.6991093158721924,0.10984144359827042,0.8405754566192627,0,0,0.0,0,False,False,,False,80
pick_coke_can,pick_coke_can/condition_0001,1,12,True,51,0.7076856493324115,0,0,0,success,0,False,13,49,50,,50,2,0,False,1,0,False,False,0.6991093158721924,0.10984144359827042,0.8405754566192627,0,0,0.0,0,False,False,,False,80
pick_coke_can,pick_coke_can/condition_0001,1,13,True,51,0.7076856493324115,0,0,0,success,0,False,14,49,50,,50,2,0,False,1,0,False,False,0.6991093158721924,0.10984144359827042,0.8405754566192627,0,0,0.0,0,False,False,,False,80
pick_coke_can,pick_coke_can/condition_0001,1,14,True,51,0.7076856493324115,0,0,0,success,0,False,15,49,50,,50,2,0,False,1,0,False,False,0.6991093158721924,0.10984144359827042,0.8405754566192627,0,0,0.0,0,False,False,,False,80
pick_coke_can,pick_coke_can/condition_0001,1,15,True,51,0.7076856493324115,0,0,0,success,0,False,16,49,50,,50,2,0,False,1,0,False,False,0.6991093158721924,0.10984144359827042,0.8405754566192627,0,0,0.0,0,False,False,,False,80
pick_coke_can,pick_coke_can/condition_0001,1,16,True,51,0.7076856493324115,0,0,0,success,0,False,17,49,50,,50,2,0,False,1,0,False,False,0.6991093158721924,0.10984144359827042,0.8405754566192627,0,0,0.0,0,False,False,,False,80
pick_coke_can,pick_coke_can/condition_0001,1,17,True,51,0.7076856493324115,0,0,0,success,0,False,18,49,50,,50,2,0,False,1,0,False,False,0.6991093158721924,0.10984144359827042,0.8405754566192627,0,0,0.0,0,False,False,,False,80
pick_coke_can,pick_coke_can/condition_0001,1,18,True,51,0.7076856493324115,0,0,0,success,0,False,19,49,50,,50,2,0,False,1,0,False,False,0.6991093158721924,0.10984144359827042,0.8405754566192627,0,0,0.0,0,False,False,,False,80
pick_coke_can,pick_coke_can/condition_0001,1,19,True,51,0.7076856493324115,0,0,0,success,0,False,20,49,50,,50,2,0,False,1,0,False,False,0.6991093158721924,0.10984144359827042,0.8405754566192627,0,0,0.0,0,False,False,,False,80
pick_coke_can,pick_coke_can/condition_0001,1,20,True,51,0.7076856493324115,0,0,0,success,0,False,21,49,50,,50,2,0,False,1,0,False,False,0.6991093158721924,0.10984144359827042,0.8405754566192627,0,0,0.0,0,False,False,,False,80
pick_coke_can,pick_coke_can/condition_0001,1,21,True,51,0.7076856493324115,0,0,0,success,0,False,22,49,50,,50,2,0,False,1,0,False,False,0.6991093158721924,0.10984144359827042,0.8405754566192627,0,0,0.0,0,False,False,,False,80
pick_coke_can,pick_coke_can/condition_0001,1,22,True,51,0.7076856493324115,0,0,0,success,0,False,23,49,50,,50,2,0,False,1,0,False,False,0.6991093158721924,0.10984144359827042,0.8405754566192627,0,0,0.0,0,False,False,,False,80
pick_coke_can,pick_coke_can/condition_0001,1,23,True,51,0.7076856493324115,0,0,0,success,0,False,24,49,50,,50,2,0,False,1,0,False,False,0.6991093158721924,0.10984144359827042,0.8405754566192627,0,0,0.0,0,False,False,,False,80
pick_coke_can,pick_coke_can/condition_0001,1,24,True,51,0.7076856493324115,0,0,0,success,0,False,25,49,50,,50,2,0,False,1,0,False,False,0.6991093158721924,0.10984144359827042,0.8405754566192627,0,0,0.0,0,False,False,,False,80
pick_coke_can,pick_coke_can/condition_0001,1,25,True,51,0.7076856493324115,0,0,0,success,0,False,26,49,50,,50,2,0,False,1,0,False,False,0.6991093158721924,0.10984144359827042,0.8405754566192627,0,0,0.0,0,False,False,,False,80
pick_coke_can,pick_coke_can/condition_0001,1,26,True,51,0.7076856493324115,0,0,0,success,0,False,27,49,50,,50,2,0,False,1,0,False,False,0.6991093158721924,0.10984144359827042,0.8405754566192627,0,0,0.0,0,False,False,,False,80
pick_coke_can,pick_coke_can/condition_0001,1,27,True,51,0.7076856493324115,0,0,0,success,0,False,28,49,50,,50,2,0,False,1,0,False,False,0.6991093158721924,0.10984144359827042,0.8405754566192627,0,0,0.0,0,False,False,,False,80
pick_coke_can,pick_coke_can/condition_0001,1,28,True,51,0.7076856493324115,0,0,0,success,0,False,29,49,50,,50,2,0,False,1,0,False,False,0.6991093158721924,0.10984144359827042,0.8405754566192627,0,0,0.0,0,False,False,,False,80
pick_coke_can,pick_coke_can/condition_0001,1,29,True,51,0.7076856493324115,0,0,0,success,0,False,30,49,50,,50,2,0,False,1,0,False,False,0.6991093158721924,0.10984144359827042,0.8405754566192627,0,0,0.0,0,False,False,,False,80
pick_coke_can,pick_coke_can/condition_0001,1,30,True,51,0.7076856493324115,0,0,0,success,0,False,31,49,50,,50,2,0,False,1,0,False,False,0.6991093158721924,0.10984144359827042,0.8405754566192627,0,0,0.0,0,False,False,,False,80
pick_coke_can,pick_coke_can/condition_0001,1,31,True,51,0.7076856493324115,0,0,0,success,0,False,32,49,50,,50,2,0,False,1,0,False,False,0.6991093158721924,0.10984144359827042,0.8405754566192627,0,0,0.0,0,False,False,,False,80
pick_coke_can,pick_coke_can/condition_0001,1,32,True,51,0.7076856493324115,0,0,0,success,0,False,33,49,50,,50,2,0,False,1,0,False,False,0.6991093158721924,0.10984144359827042,0.8405754566192627,0,0,0.0,0,False,False,,False,80
pick_coke_can,pick_coke_can/condition_0001,1,33,True,51,0.7076856493324115,0,0,0,success,0,False,34,49,50,,50,2,0,False,1,0,False,False,0.6991093158721924,0.10984144359827042,0.8405754566192627,0,0,0.0,0,False,False,,False,80
pick_coke_can,pick_coke_can/condition_0001,1,34,True,51,0.7076856493324115,0,0,0,success,0,False,35,49,50,,50,2,0,False,1,0,False,False,0.6991093158721924,0.10984144359827042,0.8405754566192627,0,0,0.0,0,False,False,,False,80
pick_coke_can,pick_coke_can/condition_0001,1,35,True,51,0.7076856493324115,0,0,0,success,0,False,36,49,50,,50,2,0,False,1,0,False,False,0.6991093158721924,0.10984144359827042,0.8405754566192627,0,0,0.0,0,False,False,,False,80
pick_coke_can,pick_coke_can/condition_0001,1,36,True,51,0.7076856493324115,0,0,0,success,0,False,37,49,50,,50,2,0,False,1,0,False,False,0.6991093158721924,0.10984144359827042,0.8405754566192627,0,0,0.0,0,False,False,,False,80
pick_coke_can,pick_coke_can/condition_0001,1,37,True,51,0.7076856493324115,0,0,0,success,0,False,38,49,50,,50,2,0,False,1,0,False,False,0.6991093158721924,0.10984144359827042,0.8405754566192627,0,0,0.0,0,False,False,,False,80
pick_coke_can,pick_coke_can/condition_0001,1,38,True,51,0.7076856493324115,0,0,0,success,0,False,39,49,50,,50,2,0,False,1,0,False,False,0.6991093158721924,0.10984144359827042,0.8405754566192627,0,0,0.0,0,False,False,,False,80
pick_coke_can,pick_coke_can/condition_0001,1,39,True,51,0.7076856493324115,0,0,0,success,0,False,40,49,50,,50,2,0,False,1,0,False,False,0.6991093158721924,0.10984144359827042,0.8405754566192627,0,0,0.0,0,False,False,,False,80
pick_coke_can,pick_coke_can/condition_0001,1,40,True,51,0.7076856493324115,0,0,0,success,0,False,41,49,50,,50,2,0,False,1,0,False,False,0.6991093158721924,0.10984144359827042,0.8405754566192627,0,0,0.0,0,False,False,,False,80
pick_coke_can,pick_coke_can/condition_0001,1,41,True,51,0.7076856493324115,0,0,0,success,0,False,42,49,50,,50,2,0,False,1,0,False,False,0.6991093158721924,0.10984144359827042,0.8405754566192627,0,0,0.0,0,False,False,,False,80
pick_coke_can,pick_coke_can/condition_0001,1,42,True,51,0.7076856493324115,0,0,0,success,0,False,43,49,50,,50,2,0,False,1,0,False,False,0.6991093158721924,0.10984144359827042,0.8405754566192627,0,0,0.0,0,False,False,,False,80
pick_coke_can,pick_coke_can/condition_0001,1,43,True,51,0.7076856493324115,0,0,0,success,0,False,44,49,50,,50,2,0,False,1,0,False,False,0.6991093158721924,0.10984144359827042,0.8405754566192627,0,0,0.0,0,False,False,,False,80
pick_coke_can,pick_coke_can/condition_0001,1,44,True,51,0.7076856493324115,0,0,0,success,0,False,45,49,50,,50,2,0,False,1,0,False,False,0.6991093158721924,0.10984144359827042,0.8405754566192627,0,0,0.0,0,False,False,,False,80
pick_coke_can,pick_coke_can/condition_0001,1,45,True,51,0.7076856493324115,0,0,0,success,0,False,46,49,50,,50,2,0,False,1,0,False,False,0.6991093158721924,0.10984144359827042,0.8405754566192627,0,0,0.0,0,False,False,,False,80
pick_coke_can,pick_coke_can/condition_0001,1,46,True,51,0.7076856493324115,0,0,0,success,0,False,47,49,50,,50,2,0,False,1,0,False,False,0.6991093158721924,0.10984144359827042,0.8405754566192627,0,0,0.0,0,False,False,,False,80
pick_coke_can,pick_coke_can/condition_0001,1,47,True,51,0.7076856493324115,0,0,0,success,0,False,48,49,50,,50,2,0,False,1,0,False,False,0.6991093158721924,0.10984144359827042,0.8405754566192627,0,0,0.0,0,False,False,,False,80
pick_coke_can,pick_coke_can/condition_0001,1,48,True,51,0.7076856493324115,0,0,0,success,0,False,49,49,50,,50,2,0,False,1,0,False,False,0.6991093158721924,0.10984144359827042,0.8405754566192627,0,0,0.0,0,False,False,,False,80
pick_coke_can,pick_coke_can/condition_0001,1,49,True,51,0.7076856493324115,0,0,0,success,0,False,50,49,50,,50,2,1,True,1,0,False,False,0.6991093158721924,0.10984144359827042,0.8405754566192627,1,1,0.0,0,False,False,0,False,80
pick_coke_can,pick_coke_can/condition_0001,1,50,True,51,0.7076856493324115,0,0,0,success,0,False,51,49,50,,50,2,2,True,1,1,True,False,0.6991093158721924,0.10984144359827042,0.8405754566192627,4,1,1.0,0,True,True,1,False,80
pick_coke_can,pick_coke_can/condition_0002,2,0,False,80,0.6991146964129351,0,0,1,never_grasped,0,False,1,,,,,0,0,False,0,0,False,False,0.6991146802902222,-0.00015014410018920898,0.8405770063400269,0,0,0.0,0,False,False,,False,80
pick_coke_can,pick_coke_can/condition_0002,2,1,False,80,0.6991146964129351,0,0,1,never_grasped,0,False,2,,,,,0,0,False,0,0,False,False,0.6991146802902222,-0.00015014410018920898,0.8405770063400269,0,0,0.0,0,False,False,,False,80
pick_coke_can,pick_coke_can/condition_0002,2,2,False,80,0.6991146964129351,0,0,1,never_grasped,0,False,3,,,,,0,0,False,0,0,False,False,0.6991146802902222,-0.00015014410018920898,0.8405770063400269,0,0,0.0,0,False,False,,False,80
pick_coke_can,pick_coke_can/condition_0002,2,3,False,80,0.6991146964129351,0,0,1,never_grasped,0,False,4,,,,,0,0,False,0,0,False,False,0.6991146802902222,-0.00015014410018920898,0.8405770063400269,0,0,0.0,0,False,False,,False,80
pick_coke_can,pick_coke_can/condition_0002,2,4,False,80,0.6991146964129351,0,0,1,never_grasped,0,False,5,,,,,0,0,False,0,0,False,False,0.6991146802902222,-0.00015014410018920898,0.8405770063400269,0,0,0.0,0,False,False,,False,80
pick_coke_can,pick_coke_can/condition_0002,2,5,False,80,0.6991146964129351,0,0,1,never_grasped,0,False,6,,,,,0,0,False,0,0,False,False,0.6991146802902222,-0.00015014410018920898,0.8405770063400269,0,0,0.0,0,False,False,,False,80
pick_coke_can,pick_coke_can/condition_0002,2,6,False,80,0.6991146964129351,0,0,1,never_grasped,0,False,7,,,,,0,0,False,0,0,False,False,0.6991146802902222,-0.00015014410018920898,0.8405770063400269,0,0,0.0,0,False,False,,False,80
pick_coke_can,pick_coke_can/condition_0002,2,7,False,80,0.6991146964129351,0,0,1,never_grasped,0,False,8,,,,,0,0,False,0,0,False,False,0.6991146802902222,-0.00015014410018920898,0.8405770063400269,0,0,0.0,0,False,False,,False,80
pick_coke_can,pick_coke_can/condition_0002,2,8,False,80,0.6991146964129351,0,0,1,never_grasped,0,False,9,,,,,0,0,False,0,0,False,False,0.6991146802902222,-0.00015014410018920898,0.8405770063400269,0,0,0.0,0,False,False,,False,80
pick_coke_can,pick_coke_can/condition_0002,2,9,False,80,0.6991146964129351,0,0,1,never_grasped,0,False,10,,,,,0,0,False,0,0,False,False,0.6991146802902222,-0.00015014410018920898,0.8405770063400269,0,0,0.0,0,False,False,,False,80
pick_coke_can,pick_coke_can/condition_0002,2,10,False,80,0.6991146964129351,0,0,1,never_grasped,0,False,11,,,,,0,0,False,0,0,False,False,0.6991146802902222,-0.00015014410018920898,0.8405770063400269,0,0,0.0,0,False,False,,False,80
pick_coke_can,pick_coke_can/condition_0002,2,11,False,80,0.6991146964129351,0,0,1,never_grasped,0,False,12,,,,,0,0,False,0,0,False,False,0.6991146802902222,-0.00015014410018920898,0.8405770063400269,0,0,0.0,0,False,False,,False,80
pick_coke_can,pick_coke_can/condition_0002,2,12,False,80,0.6991146964129351,0,0,1,never_grasped,0,False,13,,,,,0,0,False,0,0,False,False,0.6991146802902222,-0.00015014410018920898,0.8405770063400269,0,0,0.0,0,False,False,,False,80
pick_coke_can,pick_coke_can/condition_0002,2,13,False,80,0.6991146964129351,0,0,1,never_grasped,0,False,14,,,,,0,0,False,0,0,False,False,0.6991146802902222,-0.00015014410018920898,0.8405770063400269,0,0,0.0,0,False,False,,False,80
pick_coke_can,pick_coke_can/condition_0002,2,14,False,80,0.6991146964129351,0,0,1,never_grasped,0,False,15,,,,,0,0,False,0,0,False,False,0.6991146802902222,-0.00015014410018920898,0.8405770063400269,0,0,0.0,0,False,False,,False,80
pick_coke_can,pick_coke_can/condition_0002,2,15,False,80,0.6991146964129351,0,0,1,never_grasped,0,False,16,,,,,0,0,False,0,0,False,False,0.6991146802902222,-0.00015014410018920898,0.8405770063400269,0,0,0.0,0,False,False,,False,80
pick_coke_can,pick_coke_can/condition_0002,2,16,False,80,0.6991146964129351,0,0,1,never_grasped,0,False,17,,,,,0,0,False,0,0,False,False,0.6991146802902222,-0.00015014410018920898,0.8405770063400269,0,0,0.0,0,False,False,,False,80
pick_coke_can,pick_coke_can/condition_0002,2,17,False,80,0.6991146964129351,0,0,1,never_grasped,0,False,18,,,,,0,0,False,0,0,False,False,0.6991146802902222,-0.00015014410018920898,0.8405770063400269,0,0,0.0,0,False,False,,False,80
pick_coke_can,pick_coke_can/condition_0002,2,18,False,80,0.6991146964129351,0,0,1,never_grasped,0,False,19,,,,,0,0,False,0,0,False,False,0.6991146802902222,-0.00015014410018920898,0.8405770063400269,0,0,0.0,0,False,False,,False,80
pick_coke_can,pick_coke_can/condition_0002,2,19,False,80,0.6991146964129351,0,0,1,never_grasped,0,False,20,,,,,0,0,False,0,0,False,False,0.6991146802902222,-0.00015014410018920898,0.8405770063400269,0,0,0.0,0,False,False,,False,80
pick_coke_can,pick_coke_can/condition_0002,2,20,False,80,0.6991146964129351,0,0,1,never_grasped,0,False,21,,,,,0,0,False,0,0,False,False,0.6991146802902222,-0.00015014410018920898,0.8405770063400269,0,0,0.0,0,False,False,,False,80
pick_coke_can,pick_coke_can/condition_0002,2,21,False,80,0.6991146964129351,0,0,1,never_grasped,0,False,22,,,,,0,0,False,0,0,False,False,0.6991146802902222,-0.00015014410018920898,0.8405770063400269,0,0,0.0,0,False,False,,False,80
pick_coke_can,pick_coke_can/condition_0002,2,22,False,80,0.6991146964129351,0,0,1,never_grasped,0,False,23,,,,,0,0,False,0,0,False,False,0.6991146802902222,-0.00015014410018920898,0.8405770063400269,0,0,0.0,0,False,False,,False,80
pick_coke_can,pick_coke_can/condition_0002,2,23,False,80,0.6991146964129351,0,0,1,never_grasped,0,False,24,,,,,0,0,False,0,0,False,False,0.6991146802902222,-0.00015014410018920898,0.8405770063400269,0,0,0.0,0,False,False,,False,80
pick_coke_can,pick_coke_can/condition_0002,2,24,False,80,0.6991146964129351,0,0,1,never_grasped,0,False,25,,,,,0,0,False,0,0,False,False,0.6991146802902222,-0.00015014410018920898,0.8405770063400269,0,0,0.0,0,False,False,,False,80
pick_coke_can,pick_coke_can/condition_0002,2,25,False,80,0.6991146964129351,0,0,1,never_grasped,0,False,26,,,,,0,0,False,0,0,False,False,0.6991146802902222,-0.00015014410018920898,0.8405770063400269,0,0,0.0,0,False,False,,False,80
pick_coke_can,pick_coke_can/condition_0002,2,26,False,80,0.6991146964129351,0,0,1,never_grasped,0,False,27,,,,,0,0,False,0,0,False,False,0.6991146802902222,-0.00015014410018920898,0.8405770063400269,0,0,0.0,0,False,False,,False,80
pick_coke_can,pick_coke_can/condition_0002,2,27,False,80,0.6991146964129351,0,0,1,never_grasped,0,False,28,,,,,0,0,False,0,0,False,False,0.6991146802902222,-0.00015014410018920898,0.8405770063400269,0,0,0.0,0,False,False,,False,80
pick_coke_can,pick_coke_can/condition_0002,2,28,False,80,0.6991146964129351,0,0,1,never_grasped,0,False,29,,,,,0,0,False,0,0,False,False,0.6991146802902222,-0.00015014410018920898,0.8405770063400269,0,0,0.0,0,False,False,,False,80
pick_coke_can,pick_coke_can/condition_0002,2,29,False,80,0.6991146964129351,0,0,1,never_grasped,0,False,30,,,,,0,0,False,0,0,False,False,0.6991146802902222,-0.00015014410018920898,0.8405770063400269,0,0,0.0,0,False,False,,False,80
pick_coke_can,pick_coke_can/condition_0002,2,30,False,80,0.6991146964129351,0,0,1,never_grasped,0,False,31,,,,,0,0,False,0,0,False,False,0.6991146802902222,-0.00015014410018920898,0.8405770063400269,0,0,0.0,0,False,False,,False,80
pick_coke_can,pick_coke_can/condition_0002,2,31,False,80,0.6991146964129351,0,0,1,never_grasped,0,False,32,,,,,0,0,False,0,0,False,False,0.6991146802902222,-0.00015014410018920898,0.8405770063400269,0,0,0.0,0,False,False,,False,80
pick_coke_can,pick_coke_can/condition_0002,2,32,False,80,0.6991146964129351,0,0,1,never_grasped,0,False,33,,,,,0,0,False,0,0,False,False,0.6991146802902222,-0.00015014410018920898,0.8405770063400269,0,0,0.0,0,False,False,,False,80
pick_coke_can,pick_coke_can/condition_0002,2,33,False,80,0.6991146964129351,0,0,1,never_grasped,0,False,34,,,,,0,0,False,0,0,False,False,0.6991146802902222,-0.00015014410018920898,0.8405770063400269,0,0,0.0,0,False,False,,False,80
pick_coke_can,pick_coke_can/condition_0002,2,34,False,80,0.6991146964129351,0,0,1,never_grasped,0,False,35,,,,,0,0,False,0,0,False,False,0.6991146802902222,-0.00015014410018920898,0.8405770063400269,0,0,0.0,0,False,False,,False,80
pick_coke_can,pick_coke_can/condition_0002,2,35,False,80,0.6991146964129351,0,0,1,never_grasped,0,False,36,,,,,0,0,False,0,0,False,False,0.6991146802902222,-0.00015014410018920898,0.8405770063400269,0,0,0.0,0,False,False,,False,80
pick_coke_can,pick_coke_can/condition_0002,2,36,False,80,0.6991146964129351,0,0,1,never_grasped,0,False,37,,,,,0,0,False,0,0,False,False,0.6991146802902222,-0.00015014410018920898,0.8405770063400269,0,0,0.0,0,False,False,,False,80
pick_coke_can,pick_coke_can/condition_0002,2,37,False,80,0.6991146964129351,0,0,1,never_grasped,0,False,38,,,,,0,0,False,0,0,False,False,0.6991146802902222,-0.00015014410018920898,0.8405770063400269,0,0,0.0,0,False,False,,False,80
pick_coke_can,pick_coke_can/condition_0002,2,38,False,80,0.6991146964129351,0,0,1,never_grasped,0,False,39,,,,,0,0,False,0,0,False,False,0.6991146802902222,-0.00015014410018920898,0.8405770063400269,0,0,0.0,0,False,False,,False,80
pick_coke_can,pick_coke_can/condition_0002,2,39,False,80,0.6991146964129351,0,0,1,never_grasped,0,False,40,,,,,0,0,False,0,0,False,False,0.6991146802902222,-0.00015014410018920898,0.8405770063400269,0,0,0.0,0,False,False,,False,80
pick_coke_can,pick_coke_can/condition_0002,2,40,False,80,0.6991146964129351,0,0,1,never_grasped,0,False,41,,,,,0,0,False,0,0,False,False,0.6991146802902222,-0.00015014410018920898,0.8405770063400269,0,0,0.0,0,False,False,,False,80
pick_coke_can,pick_coke_can/condition_0002,2,41,False,80,0.6991146964129351,0,0,1,never_grasped,0,False,42,,,,,0,0,False,0,0,False,False,0.6991146802902222,-0.00015014410018920898,0.8405770063400269,0,0,0.0,0,False,False,,False,80
pick_coke_can,pick_coke_can/condition_0002,2,42,False,80,0.6991146964129351,0,0,1,never_grasped,0,False,43,,,,,0,0,False,0,0,False,False,0.6991146802902222,-0.00015014410018920898,0.8405770063400269,0,0,0.0,0,False,False,,False,80
pick_coke_can,pick_coke_can/condition_0002,2,43,False,80,0.6991146964129351,0,0,1,never_grasped,0,False,44,,,,,0,0,False,0,0,False,False,0.6991146802902222,-0.00015014410018920898,0.8405770063400269,0,0,0.0,0,False,False,,False,80
pick_coke_can,pick_coke_can/condition_0002,2,44,False,80,0.6991146964129351,0,0,1,never_grasped,0,False,45,,,,,0,0,False,0,0,False,False,0.6991146802902222,-0.00015014410018920898,0.8405770063400269,0,0,0.0,0,False,False,,False,80
pick_coke_can,pick_coke_can/condition_0002,2,45,False,80,0.6991146964129351,0,0,1,never_grasped,0,False,46,,,,,0,0,False,0,0,False,False,0.6991146802902222,-0.00015014410018920898,0.8405770063400269,0,0,0.0,0,False,False,,False,80
pick_coke_can,pick_coke_can/condition_0002,2,46,False,80,0.6991146964129351,0,0,1,never_grasped,0,False,47,,,,,0,0,False,0,0,False,False,0.6991146802902222,-0.00015014410018920898,0.8405770063400269,0,0,0.0,0,False,False,,False,80
pick_coke_can,pick_coke_can/condition_0002,2,47,False,80,0.6991146964129351,0,0,1,never_grasped,0,False,48,,,,,0,0,False,0,0,False,False,0.6991146802902222,-0.00015014410018920898,0.8405770063400269,0,0,0.0,0,False,False,,False,80
pick_coke_can,pick_coke_can/condition_0002,2,48,False,80,0.6991146964129351,0,0,1,never_grasped,0,False,49,,,,,0,0,False,0,0,False,False,0.6991146802902222,-0.00015014410018920898,0.8405770063400269,0,0,0.0,0,False,False,,False,80
pick_coke_can,pick_coke_can/condition_0002,2,49,False,80,0.6991146964129351,0,0,1,never_grasped,0,False,50,,,,,0,0,False,0,0,False,False,0.6991146802902222,-0.00015014410018920898,0.8405770063400269,0,0,0.0,0,False,False,,False,80
pick_coke_can,pick_coke_can/condition_0002,2,50,False,80,0.6991146964129351,0,0,1,never_grasped,0,False,51,,,,,0,0,False,0,0,False,False,0.6991146802902222,-0.00015014410018920898,0.8405770063400269,0,0,0.0,0,False,False,,False,80
pick_coke_can,pick_coke_can/condition_0002,2,51,False,80,0.6991146964129351,0,0,1,never_grasped,0,False,52,,,,,0,0,False,0,0,False,False,0.6991146802902222,-0.00015014410018920898,0.8405770063400269,0,0,0.0,0,False,False,,False,80
pick_coke_can,pick_coke_can/condition_0002,2,52,False,80,0.6991146964129351,0,0,1,never_grasped,0,False,53,,,,,0,0,False,0,0,False,False,0.6991146802902222,-0.00015014410018920898,0.8405770063400269,0,0,0.0,0,False,False,,False,80
pick_coke_can,pick_coke_can/condition_0002,2,53,False,80,0.6991146964129351,0,0,1,never_grasped,0,False,54,,,,,0,0,False,0,0,False,False,0.6991146802902222,-0.00015014410018920898,0.8405770063400269,0,0,0.0,0,False,False,,False,80
pick_coke_can,pick_coke_can/condition_0002,2,54,False,80,0.6991146964129351,0,0,1,never_grasped,0,False,55,,,,,0,0,False,0,0,False,False,0.6991146802902222,-0.00015014410018920898,0.8405770063400269,0,0,0.0,0,False,False,,False,80
pick_coke_can,pick_coke_can/condition_0002,2,55,False,80,0.6991146964129351,0,0,1,never_grasped,0,False,56,,,,,0,0,False,0,0,False,False,0.6991146802902222,-0.00015014410018920898,0.8405770063400269,0,0,0.0,0,False,False,,False,80
pick_coke_can,pick_coke_can/condition_0002,2,56,False,80,0.6991146964129351,0,0,1,never_grasped,0,False,57,,,,,0,0,False,0,0,False,False,0.6991146802902222,-0.00015014410018920898,0.8405770063400269,0,0,0.0,0,False,False,,False,80
pick_coke_can,pick_coke_can/condition_0002,2,57,False,80,0.6991146964129351,0,0,1,never_grasped,0,False,58,,,,,0,0,False,0,0,False,False,0.6991146802902222,-0.00015014410018920898,0.8405770063400269,0,0,0.0,0,False,False,,False,80
pick_coke_can,pick_coke_can/condition_0002,2,58,False,80,0.6991146964129351,0,0,1,never_grasped,0,False,59,,,,,0,0,False,0,0,False,False,0.6991146802902222,-0.00015014410018920898,0.8405770063400269,0,0,0.0,0,False,False,,False,80
pick_coke_can,pick_coke_can/condition_0002,2,59,False,80,0.6991146964129351,0,0,1,never_grasped,0,False,60,,,,,0,0,False,0,0,False,False,0.6991146802902222,-0.00015014410018920898,0.8405770063400269,0,0,0.0,0,False,False,,False,80
pick_coke_can,pick_coke_can/condition_0002,2,60,False,80,0.6991146964129351,0,0,1,never_grasped,0,False,61,,,,,0,0,False,0,0,False,False,0.6991146802902222,-0.00015014410018920898,0.8405770063400269,0,0,0.0,0,False,False,,False,80
pick_coke_can,pick_coke_can/condition_0002,2,61,False,80,0.6991146964129351,0,0,1,never_grasped,0,False,62,,,,,0,0,False,0,0,False,False,0.6991146802902222,-0.00015014410018920898,0.8405770063400269,0,0,0.0,0,False,False,,False,80
pick_coke_can,pick_coke_can/condition_0002,2,62,False,80,0.6991146964129351,0,0,1,never_grasped,0,False,63,,,,,0,0,False,0,0,False,False,0.6991146802902222,-0.00015014410018920898,0.8405770063400269,0,0,0.0,0,False,False,,False,80
pick_coke_can,pick_coke_can/condition_0002,2,63,False,80,0.6991146964129351,0,0,1,never_grasped,0,False,64,,,,,0,0,False,0,0,False,False,0.6991146802902222,-0.00015014410018920898,0.8405770063400269,0,0,0.0,0,False,False,,False,80
pick_coke_can,pick_coke_can/condition_0002,2,64,False,80,0.6991146964129351,0,0,1,never_grasped,0,False,65,,,,,0,0,False,0,0,False,False,0.6991146802902222,-0.00015014410018920898,0.8405770063400269,0,0,0.0,0,False,False,,False,80
pick_coke_can,pick_coke_can/condition_0002,2,65,False,80,0.6991146964129351,0,0,1,never_grasped,0,False,66,,,,,0,0,False,0,0,False,False,0.6991146802902222,-0.00015014410018920898,0.8405770063400269,0,0,0.0,0,False,False,,False,80
pick_coke_can,pick_coke_can/condition_0002,2,66,False,80,0.6991146964129351,0,0,1,never_grasped,0,False,67,,,,,0,0,False,0,0,False,False,0.6991146802902222,-0.00015014410018920898,0.8405770063400269,0,0,0.0,0,False,False,,False,80
pick_coke_can,pick_coke_can/condition_0002,2,67,False,80,0.6991146964129351,0,0,1,never_grasped,0,False,68,,,,,0,0,False,0,0,False,False,0.6991146802902222,-0.00015014410018920898,0.8405770063400269,0,0,0.0,0,False,False,,False,80
pick_coke_can,pick_coke_can/condition_0002,2,68,False,80,0.6991146964129351,0,0,1,never_grasped,0,False,69,,,,,0,0,False,0,0,False,False,0.6991146802902222,-0.00015014410018920898,0.8405770063400269,0,0,0.0,0,False,False,,False,80
pick_coke_can,pick_coke_can/condition_0002,2,69,False,80,0.6991146964129351,0,0,1,never_grasped,0,False,70,,,,,0,0,False,0,0,False,False,0.6991146802902222,-0.00015014410018920898,0.8405770063400269,0,0,0.0,0,False,False,,False,80
pick_coke_can,pick_coke_can/condition_0002,2,70,False,80,0.6991146964129351,0,0,1,never_grasped,0,False,71,,,,,0,0,False,0,0,False,False,0.6991146802902222,-0.00015014410018920898,0.8405770063400269,0,0,0.0,0,False,False,,False,80
pick_coke_can,pick_coke_can/condition_0002,2,71,False,80,0.6991146964129351,0,0,1,never_grasped,0,False,72,,,,,0,0,False,0,0,False,False,0.6991146802902222,-0.00015014410018920898,0.8405770063400269,0,0,0.0,0,False,False,,False,80
pick_coke_can,pick_coke_can/condition_0002,2,72,False,80,0.6991146964129351,0,0,1,never_grasped,0,False,73,,,,,0,0,False,0,0,False,False,0.6991146802902222,-0.00015014410018920898,0.8405770063400269,0,0,0.0,0,False,False,,False,80
pick_coke_can,pick_coke_can/condition_0002,2,73,False,80,0.6991146964129351,0,0,1,never_grasped,0,False,74,,,,,0,0,False,0,0,False,False,0.6991146802902222,-0.00015014410018920898,0.8405770063400269,0,0,0.0,0,False,False,,False,80
pick_coke_can,pick_coke_can/condition_0002,2,74,False,80,0.6991146964129351,0,0,1,never_grasped,0,False,75,,,,,0,0,False,0,0,False,False,0.6991146802902222,-0.00015014410018920898,0.8405770063400269,0,0,0.0,0,False,False,,False,80
pick_coke_can,pick_coke_can/condition_0002,2,75,False,80,0.6991146964129351,0,0,1,never_grasped,0,False,76,,,,,0,0,False,0,0,False,False,0.6991146802902222,-0.00015014410018920898,0.8405770063400269,0,0,0.0,0,False,False,,False,80
pick_coke_can,pick_coke_can/condition_0002,2,76,False,80,0.6991146964129351,0,0,1,never_grasped,0,False,77,,,,,0,0,False,0,0,False,False,0.6991146802902222,-0.00015014410018920898,0.8405770063400269,0,0,0.0,0,False,False,,False,80
pick_coke_can,pick_coke_can/condition_0002,2,77,False,80,0.6991146964129351,0,0,1,never_grasped,0,False,78,,,,,0,0,False,0,0,False,False,0.6991146802902222,-0.00015014410018920898,0.8405770063400269,0,0,0.0,0,False,False,,False,80
pick_coke_can,pick_coke_can/condition_0002,2,78,False,80,0.6991146964129351,0,0,1,never_grasped,0,False,79,,,,,0,0,False,0,0,False,False,0.6991146802902222,-0.00015014410018920898,0.8405770063400269,0,0,0.0,0,False,False,,False,80
pick_coke_can,pick_coke_can/condition_0002,2,79,False,80,0.6991146964129351,0,0,1,never_grasped,0,False,80,,,,,0,0,False,0,0,False,False,0.6991146802902222,-0.00015014410018920898,0.8405770063400269,0,0,0.0,0,False,False,,True,80
pick_coke_can,pick_coke_can/condition_0003,3,0,False,80,0.7077324019513037,0,0,1,never_grasped,0,False,1,,,,,0,0,False,0,0,False,False,0.6991069912910461,-0.11015701293945312,0.840575635433197,0,0,0.0,0,False,False,,False,80
pick_coke_can,pick_coke_can/condition_0003,3,1,False,80,0.7077324019513037,0,0,1,never_grasped,0,False,2,,,,,0,0,False,0,0,False,False,0.6991069912910461,-0.11015701293945312,0.840575635433197,0,0,0.0,0,False,False,,False,80
pick_coke_can,pick_coke_can/condition_0003,3,2,False,80,0.7077324019513037,0,0,1,never_grasped,0,False,3,,,,,0,0,False,0,0,False,False,0.6991069912910461,-0.11015701293945312,0.840575635433197,0,0,0.0,0,False,False,,False,80
pick_coke_can,pick_coke_can/condition_0003,3,3,False,80,0.7077324019513037,0,0,1,never_grasped,0,False,4,,,,,0,0,False,0,0,False,False,0.6991069912910461,-0.11015701293945312,0.840575635433197,0,0,0.0,0,False,False,,False,80
pick_coke_can,pick_coke_can/condition_0003,3,4,False,80,0.7077324019513037,0,0,1,never_grasped,0,False,5,,,,,0,0,False,0,0,False,False,0.6991069912910461,-0.11015701293945312,0.840575635433197,0,0,0.0,0,False,False,,False,80
pick_coke_can,pick_coke_can/condition_0003,3,5,False,80,0.7077324019513037,0,0,1,never_grasped,0,False,6,,,,,0,0,False,0,0,False,False,0.6991069912910461,-0.11015701293945312,0.840575635433197,0,0,0.0,0,False,False,,False,80
pick_coke_can,pick_coke_can/condition_0003,3,6,False,80,0.7077324019513037,0,0,1,never_grasped,0,False,7,,,,,0,0,False,0,0,False,False,0.6991069912910461,-0.11015701293945312,0.840575635433197,0,0,0.0,0,False,False,,False,80
pick_coke_can,pick_coke_can/condition_0003,3,7,False,80,0.7077324019513037,0,0,1,never_grasped,0,False,8,,,,,0,0,False,0,0,False,False,0.6991069912910461,-0.11015701293945312,0.840575635433197,0,0,0.0,0,False,False,,False,80
pick_coke_can,pick_coke_can/condition_0003,3,8,False,80,0.7077324019513037,0,0,1,never_grasped,0,False,9,,,,,0,0,False,0,0,False,False,0.6991069912910461,-0.11015701293945312,0.840575635433197,0,0,0.0,0,False,False,,False,80
pick_coke_can,pick_coke_can/condition_0003,3,9,False,80,0.7077324019513037,0,0,1,never_grasped,0,False,10,,,,,0,0,False,0,0,False,False,0.6991069912910461,-0.11015701293945312,0.840575635433197,0,0,0.0,0,False,False,,False,80
pick_coke_can,pick_coke_can/condition_0003,3,10,False,80,0.7077324019513037,0,0,1,never_grasped,0,False,11,,,,,0,0,False,0,0,False,False,0.6991069912910461,-0.11015701293945312,0.840575635433197,0,0,0.0,0,False,False,,False,80
pick_coke_can,pick_coke_can/condition_0003,3,11,False,80,0.7077324019513037,0,0,1,never_grasped,0,False,12,,,,,0,0,False,0,0,False,False,0.6991069912910461,-0.11015701293945312,0.840575635433197,0,0,0.0,0,False,False,,False,80
pick_coke_can,pick_coke_can/condition_0003,3,12,False,80,0.7077324019513037,0,0,1,never_grasped,0,False,13,,,,,0,0,False,0,0,False,False,0.6991069912910461,-0.11015701293945312,0.840575635433197,0,0,0.0,0,False,False,,False,80
pick_coke_can,pick_coke_can/condition_0003,3,13,False,80,0.7077324019513037,0,0,1,never_grasped,0,False,14,,,,,0,0,False,0,0,False,False,0.6991069912910461,-0.11015701293945312,0.840575635433197,0,0,0.0,0,False,False,,False,80
pick_coke_can,pick_coke_can/condition_0003,3,14,False,80,0.7077324019513037,0,0,1,never_grasped,0,False,15,,,,,0,0,False,0,0,False,False,0.6991069912910461,-0.11015701293945312,0.840575635433197,0,0,0.0,0,False,False,,False,80
pick_coke_can,pick_coke_can/condition_0003,3,15,False,80,0.7077324019513037,0,0,1,never_grasped,0,False,16,,,,,0,0,False,0,0,False,False,0.6991069912910461,-0.11015701293945312,0.840575635433197,0,0,0.0,0,False,False,,False,80
pick_coke_can,pick_coke_can/condition_0003,3,16,False,80,0.7077324019513037,0,0,1,never_grasped,0,False,17,,,,,0,0,False,0,0,False,False,0.6991069912910461,-0.11015701293945312,0.840575635433197,0,0,0.0,0,False,False,,False,80
pick_coke_can,pick_coke_can/condition_0003,3,17,False,80,0.7077324019513037,0,0,1,never_grasped,0,False,18,,,,,0,0,False,0,0,False,False,0.6991069912910461,-0.11015701293945312,0.840575635433197,0,0,0.0,0,False,False,,False,80
pick_coke_can,pick_coke_can/condition_0003,3,18,False,80,0.7077324019513037,0,0,1,never_grasped,0,False,19,,,,,0,0,False,0,0,False,False,0.6991069912910461,-0.11015701293945312,0.840575635433197,0,0,0.0,0,False,False,,False,80
pick_coke_can,pick_coke_can/condition_0003,3,19,False,80,0.7077324019513037,0,0,1,never_grasped,0,False,20,,,,,0,0,False,0,0,False,False,0.6991069912910461,-0.11015701293945312,0.840575635433197,0,0,0.0,0,False,False,,False,80
pick_coke_can,pick_coke_can/condition_0003,3,20,False,80,0.7077324019513037,0,0,1,never_grasped,0,False,21,,,,,0,0,False,0,0,False,False,0.6991069912910461,-0.11015701293945312,0.840575635433197,0,0,0.0,0,False,False,,False,80
pick_coke_can,pick_coke_can/condition_0003,3,21,False,80,0.7077324019513037,0,0,1,never_grasped,0,False,22,,,,,0,0,False,0,0,False,False,0.6991069912910461,-0.11015701293945312,0.840575635433197,0,0,0.0,0,False,False,,False,80
pick_coke_can,pick_coke_can/condition_0003,3,22,False,80,0.7077324019513037,0,0,1,never_grasped,0,False,23,,,,,0,0,False,0,0,False,False,0.6991069912910461,-0.11015701293945312,0.840575635433197,0,0,0.0,0,False,False,,False,80
pick_coke_can,pick_coke_can/condition_0003,3,23,False,80,0.7077324019513037,0,0,1,never_grasped,0,False,24,,,,,0,0,False,0,0,False,False,0.6991069912910461,-0.11015701293945312,0.840575635433197,0,0,0.0,0,False,False,,False,80
pick_coke_can,pick_coke_can/condition_0003,3,24,False,80,0.7077324019513037,0,0,1,never_grasped,0,False,25,,,,,0,0,False,0,0,False,False,0.6991069912910461,-0.11015701293945312,0.840575635433197,0,0,0.0,0,False,False,,False,80
pick_coke_can,pick_coke_can/condition_0003,3,25,False,80,0.7077324019513037,0,0,1,never_grasped,0,False,26,,,,,0,0,False,0,0,False,False,0.6991069912910461,-0.11015701293945312,0.840575635433197,0,0,0.0,0,False,False,,False,80
pick_coke_can,pick_coke_can/condition_0003,3,26,False,80,0.7077324019513037,0,0,1,never_grasped,0,False,27,,,,,0,0,False,0,0,False,False,0.6991069912910461,-0.11015701293945312,0.840575635433197,0,0,0.0,0,False,False,,False,80
pick_coke_can,pick_coke_can/condition_0003,3,27,False,80,0.7077324019513037,0,0,1,never_grasped,0,False,28,,,,,0,0,False,0,0,False,False,0.6991069912910461,-0.11015701293945312,0.840575635433197,0,0,0.0,0,False,False,,False,80
pick_coke_can,pick_coke_can/condition_0003,3,28,False,80,0.7077324019513037,0,0,1,never_grasped,0,False,29,,,,,0,0,False,0,0,False,False,0.6991069912910461,-0.11015701293945312,0.840575635433197,0,0,0.0,0,False,False,,False,80
pick_coke_can,pick_coke_can/condition_0003,3,29,False,80,0.7077324019513037,0,0,1,never_grasped,0,False,30,,,,,0,0,False,0,0,False,False,0.6991069912910461,-0.11015701293945312,0.840575635433197,0,0,0.0,0,False,False,,False,80
pick_coke_can,pick_coke_can/condition_0003,3,30,False,80,0.7077324019513037,0,0,1,never_grasped,0,False,31,,,,,0,0,False,0,0,False,False,0.6991069912910461,-0.11015701293945312,0.840575635433197,0,0,0.0,0,False,False,,False,80
pick_coke_can,pick_coke_can/condition_0003,3,31,False,80,0.7077324019513037,0,0,1,never_grasped,0,False,32,,,,,0,0,False,0,0,False,False,0.6991069912910461,-0.11015701293945312,0.840575635433197,0,0,0.0,0,False,False,,False,80
pick_coke_can,pick_coke_can/condition_0003,3,32,False,80,0.7077324019513037,0,0,1,never_grasped,0,False,33,,,,,0,0,False,0,0,False,False,0.6991069912910461,-0.11015701293945312,0.840575635433197,0,0,0.0,0,False,False,,False,80
pick_coke_can,pick_coke_can/condition_0003,3,33,False,80,0.7077324019513037,0,0,1,never_grasped,0,False,34,,,,,0,0,False,0,0,False,False,0.6991069912910461,-0.11015701293945312,0.840575635433197,0,0,0.0,0,False,False,,False,80
pick_coke_can,pick_coke_can/condition_0003,3,34,False,80,0.7077324019513037,0,0,1,never_grasped,0,False,35,,,,,0,0,False,0,0,False,False,0.6991069912910461,-0.11015701293945312,0.840575635433197,0,0,0.0,0,False,False,,False,80
pick_coke_can,pick_coke_can/condition_0003,3,35,False,80,0.7077324019513037,0,0,1,never_grasped,0,False,36,,,,,0,0,False,0,0,False,False,0.6991069912910461,-0.11015701293945312,0.840575635433197,0,0,0.0,0,False,False,,False,80
pick_coke_can,pick_coke_can/condition_0003,3,36,False,80,0.7077324019513037,0,0,1,never_grasped,0,False,37,,,,,0,0,False,0,0,False,False,0.6991069912910461,-0.11015701293945312,0.840575635433197,0,0,0.0,0,False,False,,False,80
pick_coke_can,pick_coke_can/condition_0003,3,37,False,80,0.7077324019513037,0,0,1,never_grasped,0,False,38,,,,,0,0,False,0,0,False,False,0.6991069912910461,-0.11015701293945312,0.840575635433197,0,0,0.0,0,False,False,,False,80
pick_coke_can,pick_coke_can/condition_0003,3,38,False,80,0.7077324019513037,0,0,1,never_grasped,0,False,39,,,,,0,0,False,0,0,False,False,0.6991069912910461,-0.11015701293945312,0.840575635433197,0,0,0.0,0,False,False,,False,80
pick_coke_can,pick_coke_can/condition_0003,3,39,False,80,0.7077324019513037,0,0,1,never_grasped,0,False,40,,,,,0,0,False,0,0,False,False,0.6991069912910461,-0.11015701293945312,0.840575635433197,0,0,0.0,0,False,False,,False,80
pick_coke_can,pick_coke_can/condition_0003,3,40,False,80,0.7077324019513037,0,0,1,never_grasped,0,False,41,,,,,0,0,False,0,0,False,False,0.6991069912910461,-0.11015701293945312,0.840575635433197,0,0,0.0,0,False,False,,False,80
pick_coke_can,pick_coke_can/condition_0003,3,41,False,80,0.7077324019513037,0,0,1,never_grasped,0,False,42,,,,,0,0,False,0,0,False,False,0.6991069912910461,-0.11015701293945312,0.840575635433197,0,0,0.0,0,False,False,,False,80
pick_coke_can,pick_coke_can/condition_0003,3,42,False,80,0.7077324019513037,0,0,1,never_grasped,0,False,43,,,,,0,0,False,0,0,False,False,0.6991069912910461,-0.11015701293945312,0.840575635433197,0,0,0.0,0,False,False,,False,80
pick_coke_can,pick_coke_can/condition_0003,3,43,False,80,0.7077324019513037,0,0,1,never_grasped,0,False,44,,,,,0,0,False,0,0,False,False,0.6991069912910461,-0.11015701293945312,0.840575635433197,0,0,0.0,0,False,False,,False,80
pick_coke_can,pick_coke_can/condition_0003,3,44,False,80,0.7077324019513037,0,0,1,never_grasped,0,False,45,,,,,0,0,False,0,0,False,False,0.6991069912910461,-0.11015701293945312,0.840575635433197,0,0,0.0,0,False,False,,False,80
pick_coke_can,pick_coke_can/condition_0003,3,45,False,80,0.7077324019513037,0,0,1,never_grasped,0,False,46,,,,,0,0,False,0,0,False,False,0.6991069912910461,-0.11015701293945312,0.840575635433197,0,0,0.0,0,False,False,,False,80
pick_coke_can,pick_coke_can/condition_0003,3,46,False,80,0.7077324019513037,0,0,1,never_grasped,0,False,47,,,,,0,0,False,0,0,False,False,0.6991069912910461,-0.11015701293945312,0.840575635433197,0,0,0.0,0,False,False,,False,80
pick_coke_can,pick_coke_can/condition_0003,3,47,False,80,0.7077324019513037,0,0,1,never_grasped,0,False,48,,,,,0,0,False,0,0,False,False,0.6991069912910461,-0.11015701293945312,0.840575635433197,0,0,0.0,0,False,False,,False,80
pick_coke_can,pick_coke_can/condition_0003,3,48,False,80,0.7077324019513037,0,0,1,never_grasped,0,False,49,,,,,0,0,False,0,0,False,False,0.6991069912910461,-0.11015701293945312,0.840575635433197,0,0,0.0,0,False,False,,False,80
pick_coke_can,pick_coke_can/condition_0003,3,49,False,80,0.7077324019513037,0,0,1,never_grasped,0,False,50,,,,,0,0,False,0,0,False,False,0.6991069912910461,-0.11015701293945312,0.840575635433197,0,0,0.0,0,False,False,,False,80
pick_coke_can,pick_coke_can/condition_0003,3,50,False,80,0.7077324019513037,0,0,1,never_grasped,0,False,51,,,,,0,0,False,0,0,False,False,0.6991069912910461,-0.11015701293945312,0.840575635433197,0,0,0.0,0,False,False,,False,80
pick_coke_can,pick_coke_can/condition_0003,3,51,False,80,0.7077324019513037,0,0,1,never_grasped,0,False,52,,,,,0,0,False,0,0,False,False,0.6991069912910461,-0.11015701293945312,0.840575635433197,0,0,0.0,0,False,False,,False,80
pick_coke_can,pick_coke_can/condition_0003,3,52,False,80,0.7077324019513037,0,0,1,never_grasped,0,False,53,,,,,0,0,False,0,0,False,False,0.6991069912910461,-0.11015701293945312,0.840575635433197,0,0,0.0,0,False,False,,False,80
pick_coke_can,pick_coke_can/condition_0003,3,53,False,80,0.7077324019513037,0,0,1,never_grasped,0,False,54,,,,,0,0,False,0,0,False,False,0.6991069912910461,-0.11015701293945312,0.840575635433197,0,0,0.0,0,False,False,,False,80
pick_coke_can,pick_coke_can/condition_0003,3,54,False,80,0.7077324019513037,0,0,1,never_grasped,0,False,55,,,,,0,0,False,0,0,False,False,0.6991069912910461,-0.11015701293945312,0.840575635433197,0,0,0.0,0,False,False,,False,80
pick_coke_can,pick_coke_can/condition_0003,3,55,False,80,0.7077324019513037,0,0,1,never_grasped,0,False,56,,,,,0,0,False,0,0,False,False,0.6991069912910461,-0.11015701293945312,0.840575635433197,0,0,0.0,0,False,False,,False,80
pick_coke_can,pick_coke_can/condition_0003,3,56,False,80,0.7077324019513037,0,0,1,never_grasped,0,False,57,,,,,0,0,False,0,0,False,False,0.6991069912910461,-0.11015701293945312,0.840575635433197,0,0,0.0,0,False,False,,False,80
pick_coke_can,pick_coke_can/condition_0003,3,57,False,80,0.7077324019513037,0,0,1,never_grasped,0,False,58,,,,,0,0,False,0,0,False,False,0.6991069912910461,-0.11015701293945312,0.840575635433197,0,0,0.0,0,False,False,,False,80
pick_coke_can,pick_coke_can/condition_0003,3,58,False,80,0.7077324019513037,0,0,1,never_grasped,0,False,59,,,,,0,0,False,0,0,False,False,0.6991069912910461,-0.11015701293945312,0.840575635433197,0,0,0.0,0,False,False,,False,80
pick_coke_can,pick_coke_can/condition_0003,3,59,False,80,0.7077324019513037,0,0,1,never_grasped,0,False,60,,,,,0,0,False,0,0,False,False,0.6991069912910461,-0.11015701293945312,0.840575635433197,0,0,0.0,0,False,False,,False,80
pick_coke_can,pick_coke_can/condition_0003,3,60,False,80,0.7077324019513037,0,0,1,never_grasped,0,False,61,,,,,0,0,False,0,0,False,False,0.6991069912910461,-0.11015701293945312,0.840575635433197,0,0,0.0,0,False,False,,False,80
pick_coke_can,pick_coke_can/condition_0003,3,61,False,80,0.7077324019513037,0,0,1,never_grasped,0,False,62,,,,,0,0,False,0,0,False,False,0.6991069912910461,-0.11015701293945312,0.840575635433197,0,0,0.0,0,False,False,,False,80
pick_coke_can,pick_coke_can/condition_0003,3,62,False,80,0.7077324019513037,0,0,1,never_grasped,0,False,63,,,,,0,0,False,0,0,False,False,0.6991069912910461,-0.11015701293945312,0.840575635433197,0,0,0.0,0,False,False,,False,80
pick_coke_can,pick_coke_can/condition_0003,3,63,False,80,0.7077324019513037,0,0,1,never_grasped,0,False,64,,,,,0,0,False,0,0,False,False,0.6991069912910461,-0.11015701293945312,0.840575635433197,0,0,0.0,0,False,False,,False,80
pick_coke_can,pick_coke_can/condition_0003,3,64,False,80,0.7077324019513037,0,0,1,never_grasped,0,False,65,,,,,0,0,False,0,0,False,False,0.6991069912910461,-0.11015701293945312,0.840575635433197,0,0,0.0,0,False,False,,False,80
pick_coke_can,pick_coke_can/condition_0003,3,65,False,80,0.7077324019513037,0,0,1,never_grasped,0,False,66,,,,,0,0,False,0,0,False,False,0.6991069912910461,-0.11015701293945312,0.840575635433197,0,0,0.0,0,False,False,,False,80
pick_coke_can,pick_coke_can/condition_0003,3,66,False,80,0.7077324019513037,0,0,1,never_grasped,0,False,67,,,,,0,0,False,0,0,False,False,0.6991069912910461,-0.11015701293945312,0.840575635433197,0,0,0.0,0,False,False,,False,80
pick_coke_can,pick_coke_can/condition_0003,3,67,False,80,0.7077324019513037,0,0,1,never_grasped,0,False,68,,,,,0,0,False,0,0,False,False,0.6991069912910461,-0.11015701293945312,0.840575635433197,0,0,0.0,0,False,False,,False,80
pick_coke_can,pick_coke_can/condition_0003,3,68,False,80,0.7077324019513037,0,0,1,never_grasped,0,False,69,,,,,0,0,False,0,0,False,False,0.6991069912910461,-0.11015701293945312,0.840575635433197,0,0,0.0,0,False,False,,False,80
pick_coke_can,pick_coke_can/condition_0003,3,69,False,80,0.7077324019513037,0,0,1,never_grasped,0,False,70,,,,,0,0,False,0,0,False,False,0.6991069912910461,-0.11015701293945312,0.840575635433197,0,0,0.0,0,False,False,,False,80
pick_coke_can,pick_coke_can/condition_0003,3,70,False,80,0.7077324019513037,0,0,1,never_grasped,0,False,71,,,,,0,0,False,0,0,False,False,0.6991069912910461,-0.11015701293945312,0.840575635433197,0,0,0.0,0,False,False,,False,80
pick_coke_can,pick_coke_can/condition_0003,3,71,False,80,0.7077324019513037,0,0,1,never_grasped,0,False,72,,,,,0,0,False,0,0,False,False,0.6991069912910461,-0.11015701293945312,0.840575635433197,0,0,0.0,0,False,False,,False,80
pick_coke_can,pick_coke_can/condition_0003,3,72,False,80,0.7077324019513037,0,0,1,never_grasped,0,False,73,,,,,0,0,False,0,0,False,False,0.6991069912910461,-0.11015701293945312,0.840575635433197,0,0,0.0,0,False,False,,False,80
pick_coke_can,pick_coke_can/condition_0003,3,73,False,80,0.7077324019513037,0,0,1,never_grasped,0,False,74,,,,,0,0,False,0,0,False,False,0.6991069912910461,-0.11015701293945312,0.840575635433197,0,0,0.0,0,False,False,,False,80
pick_coke_can,pick_coke_can/condition_0003,3,74,False,80,0.7077324019513037,0,0,1,never_grasped,0,False,75,,,,,0,0,False,0,0,False,False,0.6991069912910461,-0.11015701293945312,0.840575635433197,0,0,0.0,0,False,False,,False,80
pick_coke_can,pick_coke_can/condition_0003,3,75,False,80,0.7077324019513037,0,0,1,never_grasped,0,False,76,,,,,0,0,False,0,0,False,False,0.6991069912910461,-0.11015701293945312,0.840575635433197,0,0,0.0,0,False,False,,False,80
pick_coke_can,pick_coke_can/condition_0003,3,76,False,80,0.7077324019513037,0,0,1,never_grasped,0,False,77,,,,,0,0,False,0,0,False,False,0.6991069912910461,-0.11015701293945312,0.840575635433197,0,0,0.0,0,False,False,,False,80
pick_coke_can,pick_coke_can/condition_0003,3,77,False,80,0.7077324019513037,0,0,1,never_grasped,0,False,78,,,,,0,0,False,0,0,False,False,0.6991069912910461,-0.11015701293945312,0.840575635433197,0,0,0.0,0,False,False,,False,80
pick_coke_can,pick_coke_can/condition_0003,3,78,False,80,0.7077324019513037,0,0,1,never_grasped,0,False,79,,,,,0,0,False,0,0,False,False,0.6991069912910461,-0.11015701293945312,0.840575635433197,0,0,0.0,0,False,False,,False,80
pick_coke_can,pick_coke_can/condition_0003,3,79,False,80,0.7077324019513037,0,0,1,never_grasped,0,False,80,,,,,0,0,False,0,0,False,False,0.6991069912910461,-0.11015701293945312,0.840575635433197,0,0,0.0,0,False,False,,True,80
pick_coke_can,pick_coke_can/condition_0004,4,0,False,80,0.7329529131411413,0,0,1,never_grasped,0,False,1,,,,,0,0,False,0,0,False,False,0.6991069316864014,-0.22015783190727234,0.840575635433197,0,0,0.0,0,False,False,,False,80
pick_coke_can,pick_coke_can/condition_0004,4,1,False,80,0.7329529131411413,0,0,1,never_grasped,0,False,2,,,,,0,0,False,0,0,False,False,0.6991069316864014,-0.22015783190727234,0.840575635433197,0,0,0.0,0,False,False,,False,80
pick_coke_can,pick_coke_can/condition_0004,4,2,False,80,0.7329529131411413,0,0,1,never_grasped,0,False,3,,,,,0,0,False,0,0,False,False,0.6991069316864014,-0.22015783190727234,0.840575635433197,0,0,0.0,0,False,False,,False,80
pick_coke_can,pick_coke_can/condition_0004,4,3,False,80,0.7329529131411413,0,0,1,never_grasped,0,False,4,,,,,0,0,False,0,0,False,False,0.6991069316864014,-0.22015783190727234,0.840575635433197,0,0,0.0,0,False,False,,False,80
pick_coke_can,pick_coke_can/condition_0004,4,4,False,80,0.7329529131411413,0,0,1,never_grasped,0,False,5,,,,,0,0,False,0,0,False,False,0.6991069316864014,-0.22015783190727234,0.840575635433197,0,0,0.0,0,False,False,,False,80
pick_coke_can,pick_coke_can/condition_0004,4,5,False,80,0.7329529131411413,0,0,1,never_grasped,0,False,6,,,,,0,0,False,0,0,False,False,0.6991069316864014,-0.22015783190727234,0.840575635433197,0,0,0.0,0,False,False,,False,80
pick_coke_can,pick_coke_can/condition_0004,4,6,False,80,0.7329529131411413,0,0,1,never_grasped,0,False,7,,,,,0,0,False,0,0,False,False,0.6991069316864014,-0.22015783190727234,0.840575635433197,0,0,0.0,0,False,False,,False,80
pick_coke_can,pick_coke_can/condition_0004,4,7,False,80,0.7329529131411413,0,0,1,never_grasped,0,False,8,,,,,0,0,False,0,0,False,False,0.6991069316864014,-0.22015783190727234,0.840575635433197,0,0,0.0,0,False,False,,False,80
pick_coke_can,pick_coke_can/condition_0004,4,8,False,80,0.7329529131411413,0,0,1,never_grasped,0,False,9,,,,,0,0,False,0,0,False,False,0.6991069316864014,-0.22015783190727234,0.840575635433197,0,0,0.0,0,False,False,,False,80
pick_coke_can,pick_coke_can/condition_0004,4,9,False,80,0.7329529131411413,0,0,1,never_grasped,0,False,10,,,,,0,0,False,0,0,False,False,0.6991069316864014,-0.22015783190727234,0.840575635433197,0,0,0.0,0,False,False,,False,80
pick_coke_can,pick_coke_can/condition_0004,4,10,False,80,0.7329529131411413,0,0,1,never_grasped,0,False,11,,,,,0,0,False,0,0,False,False,0.6991069316864014,-0.22015783190727234,0.840575635433197,0,0,0.0,0,False,False,,False,80
pick_coke_can,pick_coke_can/condition_0004,4,11,False,80,0.7329529131411413,0,0,1,never_grasped,0,False,12,,,,,0,0,False,0,0,False,False,0.6991069316864014,-0.22015783190727234,0.840575635433197,0,0,0.0,0,False,False,,False,80
pick_coke_can,pick_coke_can/condition_0004,4,12,False,80,0.7329529131411413,0,0,1,never_grasped,0,False,13,,,,,0,0,False,0,0,False,False,0.6991069316864014,-0.22015783190727234,0.840575635433197,0,0,0.0,0,False,False,,False,80
pick_coke_can,pick_coke_can/condition_0004,4,13,False,80,0.7329529131411413,0,0,1,never_grasped,0,False,14,,,,,0,0,False,0,0,False,False,0.6991069316864014,-0.22015783190727234,0.840575635433197,0,0,0.0,0,False,False,,False,80
pick_coke_can,pick_coke_can/condition_0004,4,14,False,80,0.7329529131411413,0,0,1,never_grasped,0,False,15,,,,,0,0,False,0,0,False,False,0.6991069316864014,-0.22015783190727234,0.840575635433197,0,0,0.0,0,False,False,,False,80
pick_coke_can,pick_coke_can/condition_0004,4,15,False,80,0.7329529131411413,0,0,1,never_grasped,0,False,16,,,,,0,0,False,0,0,False,False,0.6991069316864014,-0.22015783190727234,0.840575635433197,0,0,0.0,0,False,False,,False,80
pick_coke_can,pick_coke_can/condition_0004,4,16,False,80,0.7329529131411413,0,0,1,never_grasped,0,False,17,,,,,0,0,False,0,0,False,False,0.6991069316864014,-0.22015783190727234,0.840575635433197,0,0,0.0,0,False,False,,False,80
pick_coke_can,pick_coke_can/condition_0004,4,17,False,80,0.7329529131411413,0,0,1,never_grasped,0,False,18,,,,,0,0,False,0,0,False,False,0.6991069316864014,-0.22015783190727234,0.840575635433197,0,0,0.0,0,False,False,,False,80
pick_coke_can,pick_coke_can/condition_0004,4,18,False,80,0.7329529131411413,0,0,1,never_grasped,0,False,19,,,,,0,0,False,0,0,False,False,0.6991069316864014,-0.22015783190727234,0.840575635433197,0,0,0.0,0,False,False,,False,80
pick_coke_can,pick_coke_can/condition_0004,4,19,False,80,0.7329529131411413,0,0,1,never_grasped,0,False,20,,,,,0,0,False,0,0,False,False,0.6991069316864014,-0.22015783190727234,0.840575635433197,0,0,0.0,0,False,False,,False,80
pick_coke_can,pick_coke_can/condition_0004,4,20,False,80,0.7329529131411413,0,0,1,never_grasped,0,False,21,,,,,0,0,False,0,0,False,False,0.6991069316864014,-0.22015783190727234,0.840575635433197,0,0,0.0,0,False,False,,False,80
pick_coke_can,pick_coke_can/condition_0004,4,21,False,80,0.7329529131411413,0,0,1,never_grasped,0,False,22,,,,,0,0,False,0,0,False,False,0.6991069316864014,-0.22015783190727234,0.840575635433197,0,0,0.0,0,False,False,,False,80
pick_coke_can,pick_coke_can/condition_0004,4,22,False,80,0.7329529131411413,0,0,1,never_grasped,0,False,23,,,,,0,0,False,0,0,False,False,0.6991069316864014,-0.22015783190727234,0.840575635433197,0,0,0.0,0,False,False,,False,80
pick_coke_can,pick_coke_can/condition_0004,4,23,False,80,0.7329529131411413,0,0,1,never_grasped,0,False,24,,,,,0,0,False,0,0,False,False,0.6991069316864014,-0.22015783190727234,0.840575635433197,0,0,0.0,0,False,False,,False,80
pick_coke_can,pick_coke_can/condition_0004,4,24,False,80,0.7329529131411413,0,0,1,never_grasped,0,False,25,,,,,0,0,False,0,0,False,False,0.6991069316864014,-0.22015783190727234,0.840575635433197,0,0,0.0,0,False,False,,False,80
pick_coke_can,pick_coke_can/condition_0004,4,25,False,80,0.7329529131411413,0,0,1,never_grasped,0,False,26,,,,,0,0,False,0,0,False,False,0.6991069316864014,-0.22015783190727234,0.840575635433197,0,0,0.0,0,False,False,,False,80
pick_coke_can,pick_coke_can/condition_0004,4,26,False,80,0.7329529131411413,0,0,1,never_grasped,0,False,27,,,,,0,0,False,0,0,False,False,0.6991069316864014,-0.22015783190727234,0.840575635433197,0,0,0.0,0,False,False,,False,80
pick_coke_can,pick_coke_can/condition_0004,4,27,False,80,0.7329529131411413,0,0,1,never_grasped,0,False,28,,,,,0,0,False,0,0,False,False,0.6991069316864014,-0.22015783190727234,0.840575635433197,0,0,0.0,0,False,False,,False,80
pick_coke_can,pick_coke_can/condition_0004,4,28,False,80,0.7329529131411413,0,0,1,never_grasped,0,False,29,,,,,0,0,False,0,0,False,False,0.6991069316864014,-0.22015783190727234,0.840575635433197,0,0,0.0,0,False,False,,False,80
pick_coke_can,pick_coke_can/condition_0004,4,29,False,80,0.7329529131411413,0,0,1,never_grasped,0,False,30,,,,,0,0,False,0,0,False,False,0.6991069316864014,-0.22015783190727234,0.840575635433197,0,0,0.0,0,False,False,,False,80
pick_coke_can,pick_coke_can/condition_0004,4,30,False,80,0.7329529131411413,0,0,1,never_grasped,0,False,31,,,,,0,0,False,0,0,False,False,0.6991069316864014,-0.22015783190727234,0.840575635433197,0,0,0.0,0,False,False,,False,80
pick_coke_can,pick_coke_can/condition_0004,4,31,False,80,0.7329529131411413,0,0,1,never_grasped,0,False,32,,,,,0,0,False,0,0,False,False,0.6991069316864014,-0.22015783190727234,0.840575635433197,0,0,0.0,0,False,False,,False,80
pick_coke_can,pick_coke_can/condition_0004,4,32,False,80,0.7329529131411413,0,0,1,never_grasped,0,False,33,,,,,0,0,False,0,0,False,False,0.6991069316864014,-0.22015783190727234,0.840575635433197,0,0,0.0,0,False,False,,False,80
pick_coke_can,pick_coke_can/condition_0004,4,33,False,80,0.7329529131411413,0,0,1,never_grasped,0,False,34,,,,,0,0,False,0,0,False,False,0.6991069316864014,-0.22015783190727234,0.840575635433197,0,0,0.0,0,False,False,,False,80
pick_coke_can,pick_coke_can/condition_0004,4,34,False,80,0.7329529131411413,0,0,1,never_grasped,0,False,35,,,,,0,0,False,0,0,False,False,0.6991069316864014,-0.22015783190727234,0.840575635433197,0,0,0.0,0,False,False,,False,80
pick_coke_can,pick_coke_can/condition_0004,4,35,False,80,0.7329529131411413,0,0,1,never_grasped,0,False,36,,,,,0,0,False,0,0,False,False,0.6991069316864014,-0.22015783190727234,0.840575635433197,0,0,0.0,0,False,False,,False,80
pick_coke_can,pick_coke_can/condition_0004,4,36,False,80,0.7329529131411413,0,0,1,never_grasped,0,False,37,,,,,0,0,False,0,0,False,False,0.6991069316864014,-0.22015783190727234,0.840575635433197,0,0,0.0,0,False,False,,False,80
pick_coke_can,pick_coke_can/condition_0004,4,37,False,80,0.7329529131411413,0,0,1,never_grasped,0,False,38,,,,,0,0,False,0,0,False,False,0.6991069316864014,-0.22015783190727234,0.840575635433197,0,0,0.0,0,False,False,,False,80
pick_coke_can,pick_coke_can/condition_0004,4,38,False,80,0.7329529131411413,0,0,1,never_grasped,0,False,39,,,,,0,0,False,0,0,False,False,0.6991069316864014,-0.22015783190727234,0.840575635433197,0,0,0.0,0,False,False,,False,80
pick_coke_can,pick_coke_can/condition_0004,4,39,False,80,0.7329529131411413,0,0,1,never_grasped,0,False,40,,,,,0,0,False,0,0,False,False,0.6991069316864014,-0.22015783190727234,0.840575635433197,0,0,0.0,0,False,False,,False,80
pick_coke_can,pick_coke_can/condition_0004,4,40,False,80,0.7329529131411413,0,0,1,never_grasped,0,False,41,,,,,0,0,False,0,0,False,False,0.6991069316864014,-0.22015783190727234,0.840575635433197,0,0,0.0,0,False,False,,False,80
pick_coke_can,pick_coke_can/condition_0004,4,41,False,80,0.7329529131411413,0,0,1,never_grasped,0,False,42,,,,,0,0,False,0,0,False,False,0.6991069316864014,-0.22015783190727234,0.840575635433197,0,0,0.0,0,False,False,,False,80
pick_coke_can,pick_coke_can/condition_0004,4,42,False,80,0.7329529131411413,0,0,1,never_grasped,0,False,43,,,,,0,0,False,0,0,False,False,0.6991069316864014,-0.22015783190727234,0.840575635433197,0,0,0.0,0,False,False,,False,80
pick_coke_can,pick_coke_can/condition_0004,4,43,False,80,0.7329529131411413,0,0,1,never_grasped,0,False,44,,,,,0,0,False,0,0,False,False,0.6991069316864014,-0.22015783190727234,0.840575635433197,0,0,0.0,0,False,False,,False,80
pick_coke_can,pick_coke_can/condition_0004,4,44,False,80,0.7329529131411413,0,0,1,never_grasped,0,False,45,,,,,0,0,False,0,0,False,False,0.6991069316864014,-0.22015783190727234,0.840575635433197,0,0,0.0,0,False,False,,False,80
pick_coke_can,pick_coke_can/condition_0004,4,45,False,80,0.7329529131411413,0,0,1,never_grasped,0,False,46,,,,,0,0,False,0,0,False,False,0.6991069316864014,-0.22015783190727234,0.840575635433197,0,0,0.0,0,False,False,,False,80
pick_coke_can,pick_coke_can/condition_0004,4,46,False,80,0.7329529131411413,0,0,1,never_grasped,0,False,47,,,,,0,0,False,0,0,False,False,0.6991069316864014,-0.22015783190727234,0.840575635433197,0,0,0.0,0,False,False,,False,80
pick_coke_can,pick_coke_can/condition_0004,4,47,False,80,0.7329529131411413,0,0,1,never_grasped,0,False,48,,,,,0,0,False,0,0,False,False,0.6991069316864014,-0.22015783190727234,0.840575635433197,0,0,0.0,0,False,False,,False,80
pick_coke_can,pick_coke_can/condition_0004,4,48,False,80,0.7329529131411413,0,0,1,never_grasped,0,False,49,,,,,0,0,False,0,0,False,False,0.6991069316864014,-0.22015783190727234,0.840575635433197,0,0,0.0,0,False,False,,False,80
pick_coke_can,pick_coke_can/condition_0004,4,49,False,80,0.7329529131411413,0,0,1,never_grasped,0,False,50,,,,,0,0,False,0,0,False,False,0.6991069316864014,-0.22015783190727234,0.840575635433197,0,0,0.0,0,False,False,,False,80
pick_coke_can,pick_coke_can/condition_0004,4,50,False,80,0.7329529131411413,0,0,1,never_grasped,0,False,51,,,,,0,0,False,0,0,False,False,0.6991069316864014,-0.22015783190727234,0.840575635433197,0,0,0.0,0,False,False,,False,80
pick_coke_can,pick_coke_can/condition_0004,4,51,False,80,0.7329529131411413,0,0,1,never_grasped,0,False,52,,,,,0,0,False,0,0,False,False,0.6991069316864014,-0.22015783190727234,0.840575635433197,0,0,0.0,0,False,False,,False,80
pick_coke_can,pick_coke_can/condition_0004,4,52,False,80,0.7329529131411413,0,0,1,never_grasped,0,False,53,,,,,0,0,False,0,0,False,False,0.6991069316864014,-0.22015783190727234,0.840575635433197,0,0,0.0,0,False,False,,False,80
pick_coke_can,pick_coke_can/condition_0004,4,53,False,80,0.7329529131411413,0,0,1,never_grasped,0,False,54,,,,,0,0,False,0,0,False,False,0.6991069316864014,-0.22015783190727234,0.840575635433197,0,0,0.0,0,False,False,,False,80
pick_coke_can,pick_coke_can/condition_0004,4,54,False,80,0.7329529131411413,0,0,1,never_grasped,0,False,55,,,,,0,0,False,0,0,False,False,0.6991069316864014,-0.22015783190727234,0.840575635433197,0,0,0.0,0,False,False,,False,80
pick_coke_can,pick_coke_can/condition_0004,4,55,False,80,0.7329529131411413,0,0,1,never_grasped,0,False,56,,,,,0,0,False,0,0,False,False,0.6991069316864014,-0.22015783190727234,0.840575635433197,0,0,0.0,0,False,False,,False,80
pick_coke_can,pick_coke_can/condition_0004,4,56,False,80,0.7329529131411413,0,0,1,never_grasped,0,False,57,,,,,0,0,False,0,0,False,False,0.6991069316864014,-0.22015783190727234,0.840575635433197,0,0,0.0,0,False,False,,False,80
pick_coke_can,pick_coke_can/condition_0004,4,57,False,80,0.7329529131411413,0,0,1,never_grasped,0,False,58,,,,,0,0,False,0,0,False,False,0.6991069316864014,-0.22015783190727234,0.840575635433197,0,0,0.0,0,False,False,,False,80
pick_coke_can,pick_coke_can/condition_0004,4,58,False,80,0.7329529131411413,0,0,1,never_grasped,0,False,59,,,,,0,0,False,0,0,False,False,0.6991069316864014,-0.22015783190727234,0.840575635433197,0,0,0.0,0,False,False,,False,80
pick_coke_can,pick_coke_can/condition_0004,4,59,False,80,0.7329529131411413,0,0,1,never_grasped,0,False,60,,,,,0,0,False,0,0,False,False,0.6991069316864014,-0.22015783190727234,0.840575635433197,0,0,0.0,0,False,False,,False,80
pick_coke_can,pick_coke_can/condition_0004,4,60,False,80,0.7329529131411413,0,0,1,never_grasped,0,False,61,,,,,0,0,False,0,0,False,False,0.6991069316864014,-0.22015783190727234,0.840575635433197,0,0,0.0,0,False,False,,False,80
pick_coke_can,pick_coke_can/condition_0004,4,61,False,80,0.7329529131411413,0,0,1,never_grasped,0,False,62,,,,,0,0,False,0,0,False,False,0.6991069316864014,-0.22015783190727234,0.840575635433197,0,0,0.0,0,False,False,,False,80
pick_coke_can,pick_coke_can/condition_0004,4,62,False,80,0.7329529131411413,0,0,1,never_grasped,0,False,63,,,,,0,0,False,0,0,False,False,0.6991069316864014,-0.22015783190727234,0.840575635433197,0,0,0.0,0,False,False,,False,80
pick_coke_can,pick_coke_can/condition_0004,4,63,False,80,0.7329529131411413,0,0,1,never_grasped,0,False,64,,,,,0,0,False,0,0,False,False,0.6991069316864014,-0.22015783190727234,0.840575635433197,0,0,0.0,0,False,False,,False,80
pick_coke_can,pick_coke_can/condition_0004,4,64,False,80,0.7329529131411413,0,0,1,never_grasped,0,False,65,,,,,0,0,False,0,0,False,False,0.6991069316864014,-0.22015783190727234,0.840575635433197,0,0,0.0,0,False,False,,False,80
pick_coke_can,pick_coke_can/condition_0004,4,65,False,80,0.7329529131411413,0,0,1,never_grasped,0,False,66,,,,,0,0,False,0,0,False,False,0.6991069316864014,-0.22015783190727234,0.840575635433197,0,0,0.0,0,False,False,,False,80
pick_coke_can,pick_coke_can/condition_0004,4,66,False,80,0.7329529131411413,0,0,1,never_grasped,0,False,67,,,,,0,0,False,0,0,False,False,0.6991069316864014,-0.22015783190727234,0.840575635433197,0,0,0.0,0,False,False,,False,80
pick_coke_can,pick_coke_can/condition_0004,4,67,False,80,0.7329529131411413,0,0,1,never_grasped,0,False,68,,,,,0,0,False,0,0,False,False,0.6991069316864014,-0.22015783190727234,0.840575635433197,0,0,0.0,0,False,False,,False,80
pick_coke_can,pick_coke_can/condition_0004,4,68,False,80,0.7329529131411413,0,0,1,never_grasped,0,False,69,,,,,0,0,False,0,0,False,False,0.6991069316864014,-0.22015783190727234,0.840575635433197,0,0,0.0,0,False,False,,False,80
pick_coke_can,pick_coke_can/condition_0004,4,69,False,80,0.7329529131411413,0,0,1,never_grasped,0,False,70,,,,,0,0,False,0,0,False,False,0.6991069316864014,-0.22015783190727234,0.840575635433197,0,0,0.0,0,False,False,,False,80
pick_coke_can,pick_coke_can/condition_0004,4,70,False,80,0.7329529131411413,0,0,1,never_grasped,0,False,71,,,,,0,0,False,0,0,False,False,0.6991069316864014,-0.22015783190727234,0.840575635433197,0,0,0.0,0,False,False,,False,80
pick_coke_can,pick_coke_can/condition_0004,4,71,False,80,0.7329529131411413,0,0,1,never_grasped,0,False,72,,,,,0,0,False,0,0,False,False,0.6991069316864014,-0.22015783190727234,0.840575635433197,0,0,0.0,0,False,False,,False,80
pick_coke_can,pick_coke_can/condition_0004,4,72,False,80,0.7329529131411413,0,0,1,never_grasped,0,False,73,,,,,0,0,False,0,0,False,False,0.6991069316864014,-0.22015783190727234,0.840575635433197,0,0,0.0,0,False,False,,False,80
pick_coke_can,pick_coke_can/condition_0004,4,73,False,80,0.7329529131411413,0,0,1,never_grasped,0,False,74,,,,,0,0,False,0,0,False,False,0.6991069316864014,-0.22015783190727234,0.840575635433197,0,0,0.0,0,False,False,,False,80
pick_coke_can,pick_coke_can/condition_0004,4,74,False,80,0.7329529131411413,0,0,1,never_grasped,0,False,75,,,,,0,0,False,0,0,False,False,0.6991069316864014,-0.22015783190727234,0.840575635433197,0,0,0.0,0,False,False,,False,80
pick_coke_can,pick_coke_can/condition_0004,4,75,False,80,0.7329529131411413,0,0,1,never_grasped,0,False,76,,,,,0,0,False,0,0,False,False,0.6991069316864014,-0.22015783190727234,0.840575635433197,0,0,0.0,0,False,False,,False,80
pick_coke_can,pick_coke_can/condition_0004,4,76,False,80,0.7329529131411413,0,0,1,never_grasped,0,False,77,,,,,0,0,False,0,0,False,False,0.6991069316864014,-0.22015783190727234,0.840575635433197,0,0,0.0,0,False,False,,False,80
pick_coke_can,pick_coke_can/condition_0004,4,77,False,80,0.7329529131411413,0,0,1,never_grasped,0,False,78,,,,,0,0,False,0,0,False,False,0.6991069316864014,-0.22015783190727234,0.840575635433197,0,0,0.0,0,False,False,,False,80
pick_coke_can,pick_coke_can/condition_0004,4,78,False,80,0.7329529131411413,0,0,1,never_grasped,0,False,79,,,,,0,0,False,0,0,False,False,0.6991069316864014,-0.22015783190727234,0.840575635433197,0,0,0.0,0,False,False,,False,80
pick_coke_can,pick_coke_can/condition_0004,4,79,False,80,0.7329529131411413,0,0,1,never_grasped,0,False,80,,,,,0,0,False,0,0,False,False,0.6991069316864014,-0.22015783190727234,0.840575635433197,0,0,0.0,0,False,False,,True,80
pick_coke_can,pick_coke_can/condition_0005,5,0,False,80,0.6782248452718488,0,0,1,never_grasped,0,False,1,,,,,0,0,False,0,0,False,False,0.6416065096855164,0.2198409140110016,0.8405755162239075,0,0,0.0,0,False,False,,False,80
pick_coke_can,pick_coke_can/condition_0005,5,1,False,80,0.6782248452718488,0,0,1,never_grasped,0,False,2,,,,,0,0,False,0,0,False,False,0.6416065096855164,0.2198409140110016,0.8405755162239075,0,0,0.0,0,False,False,,False,80
pick_coke_can,pick_coke_can/condition_0005,5,2,False,80,0.6782248452718488,0,0,1,never_grasped,0,False,3,,,,,0,0,False,0,0,False,False,0.6416065096855164,0.2198409140110016,0.8405755162239075,0,0,0.0,0,False,False,,False,80
pick_coke_can,pick_coke_can/condition_0005,5,3,False,80,0.6782248452718488,0,0,1,never_grasped,0,False,4,,,,,0,0,False,0,0,False,False,0.6416065096855164,0.2198409140110016,0.8405755162239075,0,0,0.0,0,False,False,,False,80
pick_coke_can,pick_coke_can/condition_0005,5,4,False,80,0.6782248452718488,0,0,1,never_grasped,0,False,5,,,,,0,0,False,0,0,False,False,0.6416065096855164,0.2198409140110016,0.8405755162239075,0,0,0.0,0,False,False,,False,80
pick_coke_can,pick_coke_can/condition_0005,5,5,False,80,0.6782248452718488,0,0,1,never_grasped,0,False,6,,,,,0,0,False,0,0,False,False,0.6416065096855164,0.2198409140110016,0.8405755162239075,0,0,0.0,0,False,False,,False,80
pick_coke_can,pick_coke_can/condition_0005,5,6,False,80,0.6782248452718488,0,0,1,never_grasped,0,False,7,,,,,0,0,False,0,0,False,False,0.6416065096855164,0.2198409140110016,0.8405755162239075,0,0,0.0,0,False,False,,False,80
pick_coke_can,pick_coke_can/condition_0005,5,7,False,80,0.6782248452718488,0,0,1,never_grasped,0,False,8,,,,,0,0,False,0,0,False,False,0.6416065096855164,0.2198409140110016,0.8405755162239075,0,0,0.0,0,False,False,,False,80
pick_coke_can,pick_coke_can/condition_0005,5,8,False,80,0.6782248452718488,0,0,1,never_grasped,0,False,9,,,,,0,0,False,0,0,False,False,0.6416065096855164,0.2198409140110016,0.8405755162239075,0,0,0.0,0,False,False,,False,80
pick_coke_can,pick_coke_can/condition_0005,5,9,False,80,0.6782248452718488,0,0,1,never_grasped,0,False,10,,,,,0,0,False,0,0,False,False,0.6416065096855164,0.2198409140110016,0.8405755162239075,0,0,0.0,0,False,False,,False,80
pick_coke_can,pick_coke_can/condition_0005,5,10,False,80,0.6782248452718488,0,0,1,never_grasped,0,False,11,,,,,0,0,False,0,0,False,False,0.6416065096855164,0.2198409140110016,0.8405755162239075,0,0,0.0,0,False,False,,False,80
pick_coke_can,pick_coke_can/condition_0005,5,11,False,80,0.6782248452718488,0,0,1,never_grasped,0,False,12,,,,,0,0,False,0,0,False,False,0.6416065096855164,0.2198409140110016,0.8405755162239075,0,0,0.0,0,False,False,,False,80
pick_coke_can,pick_coke_can/condition_0005,5,12,False,80,0.6782248452718488,0,0,1,never_grasped,0,False,13,,,,,0,0,False,0,0,False,False,0.6416065096855164,0.2198409140110016,0.8405755162239075,0,0,0.0,0,False,False,,False,80
pick_coke_can,pick_coke_can/condition_0005,5,13,False,80,0.6782248452718488,0,0,1,never_grasped,0,False,14,,,,,0,0,False,0,0,False,False,0.6416065096855164,0.2198409140110016,0.8405755162239075,0,0,0.0,0,False,False,,False,80
pick_coke_can,pick_coke_can/condition_0005,5,14,False,80,0.6782248452718488,0,0,1,never_grasped,0,False,15,,,,,0,0,False,0,0,False,False,0.6416065096855164,0.2198409140110016,0.8405755162239075,0,0,0.0,0,False,False,,False,80
pick_coke_can,pick_coke_can/condition_0005,5,15,False,80,0.6782248452718488,0,0,1,never_grasped,0,False,16,,,,,0,0,False,0,0,False,False,0.6416065096855164,0.2198409140110016,0.8405755162239075,0,0,0.0,0,False,False,,False,80
pick_coke_can,pick_coke_can/condition_0005,5,16,False,80,0.6782248452718488,0,0,1,never_grasped,0,False,17,,,,,0,0,False,0,0,False,False,0.6416065096855164,0.2198409140110016,0.8405755162239075,0,0,0.0,0,False,False,,False,80
pick_coke_can,pick_coke_can/condition_0005,5,17,False,80,0.6782248452718488,0,0,1,never_grasped,0,False,18,,,,,0,0,False,0,0,False,False,0.6416065096855164,0.2198409140110016,0.8405755162239075,0,0,0.0,0,False,False,,False,80
pick_coke_can,pick_coke_can/condition_0005,5,18,False,80,0.6782248452718488,0,0,1,never_grasped,0,False,19,,,,,0,0,False,0,0,False,False,0.6416065096855164,0.2198409140110016,0.8405755162239075,0,0,0.0,0,False,False,,False,80
pick_coke_can,pick_coke_can/condition_0005,5,19,False,80,0.6782248452718488,0,0,1,never_grasped,0,False,20,,,,,0,0,False,0,0,False,False,0.6416065096855164,0.2198409140110016,0.8405755162239075,0,0,0.0,0,False,False,,False,80
pick_coke_can,pick_coke_can/condition_0005,5,20,False,80,0.6782248452718488,0,0,1,never_grasped,0,False,21,,,,,0,0,False,0,0,False,False,0.6416065096855164,0.2198409140110016,0.8405755162239075,0,0,0.0,0,False,False,,False,80
pick_coke_can,pick_coke_can/condition_0005,5,21,False,80,0.6782248452718488,0,0,1,never_grasped,0,False,22,,,,,0,0,False,0,0,False,False,0.6416065096855164,0.2198409140110016,0.8405755162239075,0,0,0.0,0,False,False,,False,80
pick_coke_can,pick_coke_can/condition_0005,5,22,False,80,0.6782248452718488,0,0,1,never_grasped,0,False,23,,,,,0,0,False,0,0,False,False,0.6416065096855164,0.2198409140110016,0.8405755162239075,0,0,0.0,0,False,False,,False,80
pick_coke_can,pick_coke_can/condition_0005,5,23,False,80,0.6782248452718488,0,0,1,never_grasped,0,False,24,,,,,0,0,False,0,0,False,False,0.6416065096855164,0.2198409140110016,0.8405755162239075,0,0,0.0,0,False,False,,False,80
pick_coke_can,pick_coke_can/condition_0005,5,24,False,80,0.6782248452718488,0,0,1,never_grasped,0,False,25,,,,,0,0,False,0,0,False,False,0.6416065096855164,0.2198409140110016,0.8405755162239075,0,0,0.0,0,False,False,,False,80
pick_coke_can,pick_coke_can/condition_0005,5,25,False,80,0.6782248452718488,0,0,1,never_grasped,0,False,26,,,,,0,0,False,0,0,False,False,0.6416065096855164,0.2198409140110016,0.8405755162239075,0,0,0.0,0,False,False,,False,80
pick_coke_can,pick_coke_can/condition_0005,5,26,False,80,0.6782248452718488,0,0,1,never_grasped,0,False,27,,,,,0,0,False,0,0,False,False,0.6416065096855164,0.2198409140110016,0.8405755162239075,0,0,0.0,0,False,False,,False,80
pick_coke_can,pick_coke_can/condition_0005,5,27,False,80,0.6782248452718488,0,0,1,never_grasped,0,False,28,,,,,0,0,False,0,0,False,False,0.6416065096855164,0.2198409140110016,0.8405755162239075,0,0,0.0,0,False,False,,False,80
pick_coke_can,pick_coke_can/condition_0005,5,28,False,80,0.6782248452718488,0,0,1,never_grasped,0,False,29,,,,,0,0,False,0,0,False,False,0.6416065096855164,0.2198409140110016,0.8405755162239075,0,0,0.0,0,False,False,,False,80
pick_coke_can,pick_coke_can/condition_0005,5,29,False,80,0.6782248452718488,0,0,1,never_grasped,0,False,30,,,,,0,0,False,0,0,False,False,0.6416065096855164,0.2198409140110016,0.8405755162239075,0,0,0.0,0,False,False,,False,80
pick_coke_can,pick_coke_can/condition_0005,5,30,False,80,0.6782248452718488,0,0,1,never_grasped,0,False,31,,,,,0,0,False,0,0,False,False,0.6416065096855164,0.2198409140110016,0.8405755162239075,0,0,0.0,0,False,False,,False,80
pick_coke_can,pick_coke_can/condition_0005,5,31,False,80,0.6782248452718488,0,0,1,never_grasped,0,False,32,,,,,0,0,False,0,0,False,False,0.6416065096855164,0.2198409140110016,0.8405755162239075,0,0,0.0,0,False,False,,False,80
pick_coke_can,pick_coke_can/condition_0005,5,32,False,80,0.6782248452718488,0,0,1,never_grasped,0,False,33,,,,,0,0,False,0,0,False,False,0.6416065096855164,0.2198409140110016,0.8405755162239075,0,0,0.0,0,False,False,,False,80
pick_coke_can,pick_coke_can/condition_0005,5,33,False,80,0.6782248452718488,0,0,1,never_grasped,0,False,34,,,,,0,0,False,0,0,False,False,0.6416065096855164,0.2198409140110016,0.8405755162239075,0,0,0.0,0,False,False,,False,80
pick_coke_can,pick_coke_can/condition_0005,5,34,False,80,0.6782248452718488,0,0,1,never_grasped,0,False,35,,,,,0,0,False,0,0,False,False,0.6416065096855164,0.2198409140110016,0.8405755162239075,0,0,0.0,0,False,False,,False,80
pick_coke_can,pick_coke_can/condition_0005,5,35,False,80,0.6782248452718488,0,0,1,never_grasped,0,False,36,,,,,0,0,False,0,0,False,False,0.6416065096855164,0.2198409140110016,0.8405755162239075,0,0,0.0,0,False,False,,False,80
pick_coke_can,pick_coke_can/condition_0005,5,36,False,80,0.6782248452718488,0,0,1,never_grasped,0,False,37,,,,,0,0,False,0,0,False,False,0.6416065096855164,0.2198409140110016,0.8405755162239075,0,0,0.0,0,False,False,,False,80
pick_coke_can,pick_coke_can/condition_0005,5,37,False,80,0.6782248452718488,0,0,1,never_grasped,0,False,38,,,,,0,0,False,0,0,False,False,0.6416065096855164,0.2198409140110016,0.8405755162239075,0,0,0.0,0,False,False,,False,80
pick_coke_can,pick_coke_can/condition_0005,5,38,False,80,0.6782248452718488,0,0,1,never_grasped,0,False,39,,,,,0,0,False,0,0,False,False,0.6416065096855164,0.2198409140110016,0.8405755162239075,0,0,0.0,0,False,False,,False,80
pick_coke_can,pick_coke_can/condition_0005,5,39,False,80,0.6782248452718488,0,0,1,never_grasped,0,False,40,,,,,0,0,False,0,0,False,False,0.6416065096855164,0.2198409140110016,0.8405755162239075,0,0,0.0,0,False,False,,False,80
pick_coke_can,pick_coke_can/condition_0005,5,40,False,80,0.6782248452718488,0,0,1,never_grasped,0,False,41,,,,,0,0,False,0,0,False,False,0.6416065096855164,0.2198409140110016,0.8405755162239075,0,0,0.0,0,False,False,,False,80
pick_coke_can,pick_coke_can/condition_0005,5,41,False,80,0.6782248452718488,0,0,1,never_grasped,0,False,42,,,,,0,0,False,0,0,False,False,0.6416065096855164,0.2198409140110016,0.8405755162239075,0,0,0.0,0,False,False,,False,80
pick_coke_can,pick_coke_can/condition_0005,5,42,False,80,0.6782248452718488,0,0,1,never_grasped,0,False,43,,,,,0,0,False,0,0,False,False,0.6416065096855164,0.2198409140110016,0.8405755162239075,0,0,0.0,0,False,False,,False,80
pick_coke_can,pick_coke_can/condition_0005,5,43,False,80,0.6782248452718488,0,0,1,never_grasped,0,False,44,,,,,0,0,False,0,0,False,False,0.6416065096855164,0.2198409140110016,0.8405755162239075,0,0,0.0,0,False,False,,False,80
pick_coke_can,pick_coke_can/condition_0005,5,44,False,80,0.6782248452718488,0,0,1,never_grasped,0,False,45,,,,,0,0,False,0,0,False,False,0.6416065096855164,0.2198409140110016,0.8405755162239075,0,0,0.0,0,False,False,,False,80
pick_coke_can,pick_coke_can/condition_0005,5,45,False,80,0.6782248452718488,0,0,1,never_grasped,0,False,46,,,,,0,0,False,0,0,False,False,0.6416065096855164,0.2198409140110016,0.8405755162239075,0,0,0.0,0,False,False,,False,80
pick_coke_can,pick_coke_can/condition_0005,5,46,False,80,0.6782248452718488,0,0,1,never_grasped,0,False,47,,,,,0,0,False,0,0,False,False,0.6416065096855164,0.2198409140110016,0.8405755162239075,0,0,0.0,0,False,False,,False,80
pick_coke_can,pick_coke_can/condition_0005,5,47,False,80,0.6782248452718488,0,0,1,never_grasped,0,False,48,,,,,0,0,False,0,0,False,False,0.6416065096855164,0.2198409140110016,0.8405755162239075,0,0,0.0,0,False,False,,False,80
pick_coke_can,pick_coke_can/condition_0005,5,48,False,80,0.6782248452718488,0,0,1,never_grasped,0,False,49,,,,,0,0,False,0,0,False,False,0.6416065096855164,0.2198409140110016,0.8405755162239075,0,0,0.0,0,False,False,,False,80
pick_coke_can,pick_coke_can/condition_0005,5,49,False,80,0.6782248452718488,0,0,1,never_grasped,0,False,50,,,,,0,0,False,0,0,False,False,0.6416065096855164,0.2198409140110016,0.8405755162239075,0,0,0.0,0,False,False,,False,80
pick_coke_can,pick_coke_can/condition_0005,5,50,False,80,0.6782248452718488,0,0,1,never_grasped,0,False,51,,,,,0,0,False,0,0,False,False,0.6416065096855164,0.2198409140110016,0.8405755162239075,0,0,0.0,0,False,False,,False,80
pick_coke_can,pick_coke_can/condition_0005,5,51,False,80,0.6782248452718488,0,0,1,never_grasped,0,False,52,,,,,0,0,False,0,0,False,False,0.6416065096855164,0.2198409140110016,0.8405755162239075,0,0,0.0,0,False,False,,False,80
pick_coke_can,pick_coke_can/condition_0005,5,52,False,80,0.6782248452718488,0,0,1,never_grasped,0,False,53,,,,,0,0,False,0,0,False,False,0.6416065096855164,0.2198409140110016,0.8405755162239075,0,0,0.0,0,False,False,,False,80
pick_coke_can,pick_coke_can/condition_0005,5,53,False,80,0.6782248452718488,0,0,1,never_grasped,0,False,54,,,,,0,0,False,0,0,False,False,0.6416065096855164,0.2198409140110016,0.8405755162239075,0,0,0.0,0,False,False,,False,80
pick_coke_can,pick_coke_can/condition_0005,5,54,False,80,0.6782248452718488,0,0,1,never_grasped,0,False,55,,,,,0,0,False,0,0,False,False,0.6416065096855164,0.2198409140110016,0.8405755162239075,0,0,0.0,0,False,False,,False,80
pick_coke_can,pick_coke_can/condition_0005,5,55,False,80,0.6782248452718488,0,0,1,never_grasped,0,False,56,,,,,0,0,False,0,0,False,False,0.6416065096855164,0.2198409140110016,0.8405755162239075,0,0,0.0,0,False,False,,False,80
pick_coke_can,pick_coke_can/condition_0005,5,56,False,80,0.6782248452718488,0,0,1,never_grasped,0,False,57,,,,,0,0,False,0,0,False,False,0.6416065096855164,0.2198409140110016,0.8405755162239075,0,0,0.0,0,False,False,,False,80
pick_coke_can,pick_coke_can/condition_0005,5,57,False,80,0.6782248452718488,0,0,1,never_grasped,0,False,58,,,,,0,0,False,0,0,False,False,0.6416065096855164,0.2198409140110016,0.8405755162239075,0,0,0.0,0,False,False,,False,80
pick_coke_can,pick_coke_can/condition_0005,5,58,False,80,0.6782248452718488,0,0,1,never_grasped,0,False,59,,,,,0,0,False,0,0,False,False,0.6416065096855164,0.2198409140110016,0.8405755162239075,0,0,0.0,0,False,False,,False,80
pick_coke_can,pick_coke_can/condition_0005,5,59,False,80,0.6782248452718488,0,0,1,never_grasped,0,False,60,,,,,0,0,False,0,0,False,False,0.6416065096855164,0.2198409140110016,0.8405755162239075,0,0,0.0,0,False,False,,False,80
pick_coke_can,pick_coke_can/condition_0005,5,60,False,80,0.6782248452718488,0,0,1,never_grasped,0,False,61,,,,,0,0,False,0,0,False,False,0.6416065096855164,0.2198409140110016,0.8405755162239075,0,0,0.0,0,False,False,,False,80
pick_coke_can,pick_coke_can/condition_0005,5,61,False,80,0.6782248452718488,0,0,1,never_grasped,0,False,62,,,,,0,0,False,0,0,False,False,0.6416065096855164,0.2198409140110016,0.8405755162239075,0,0,0.0,0,False,False,,False,80
pick_coke_can,pick_coke_can/condition_0005,5,62,False,80,0.6782248452718488,0,0,1,never_grasped,0,False,63,,,,,0,0,False,0,0,False,False,0.6416065096855164,0.2198409140110016,0.8405755162239075,0,0,0.0,0,False,False,,False,80
pick_coke_can,pick_coke_can/condition_0005,5,63,False,80,0.6782248452718488,0,0,1,never_grasped,0,False,64,,,,,0,0,False,0,0,False,False,0.6416065096855164,0.2198409140110016,0.8405755162239075,0,0,0.0,0,False,False,,False,80
pick_coke_can,pick_coke_can/condition_0005,5,64,False,80,0.6782248452718488,0,0,1,never_grasped,0,False,65,,,,,0,0,False,0,0,False,False,0.6416065096855164,0.2198409140110016,0.8405755162239075,0,0,0.0,0,False,False,,False,80
pick_coke_can,pick_coke_can/condition_0005,5,65,False,80,0.6782248452718488,0,0,1,never_grasped,0,False,66,,,,,0,0,False,0,0,False,False,0.6416065096855164,0.2198409140110016,0.8405755162239075,0,0,0.0,0,False,False,,False,80
pick_coke_can,pick_coke_can/condition_0005,5,66,False,80,0.6782248452718488,0,0,1,never_grasped,0,False,67,,,,,0,0,False,0,0,False,False,0.6416065096855164,0.2198409140110016,0.8405755162239075,0,0,0.0,0,False,False,,False,80
pick_coke_can,pick_coke_can/condition_0005,5,67,False,80,0.6782248452718488,0,0,1,never_grasped,0,False,68,,,,,0,0,False,0,0,False,False,0.6416065096855164,0.2198409140110016,0.8405755162239075,0,0,0.0,0,False,False,,False,80
pick_coke_can,pick_coke_can/condition_0005,5,68,False,80,0.6782248452718488,0,0,1,never_grasped,0,False,69,,,,,0,0,False,0,0,False,False,0.6416065096855164,0.2198409140110016,0.8405755162239075,0,0,0.0,0,False,False,,False,80
pick_coke_can,pick_coke_can/condition_0005,5,69,False,80,0.6782248452718488,0,0,1,never_grasped,0,False,70,,,,,0,0,False,0,0,False,False,0.6416065096855164,0.2198409140110016,0.8405755162239075,0,0,0.0,0,False,False,,False,80
pick_coke_can,pick_coke_can/condition_0005,5,70,False,80,0.6782248452718488,0,0,1,never_grasped,0,False,71,,,,,0,0,False,0,0,False,False,0.6416065096855164,0.2198409140110016,0.8405755162239075,0,0,0.0,0,False,False,,False,80
pick_coke_can,pick_coke_can/condition_0005,5,71,False,80,0.6782248452718488,0,0,1,never_grasped,0,False,72,,,,,0,0,False,0,0,False,False,0.6416065096855164,0.2198409140110016,0.8405755162239075,0,0,0.0,0,False,False,,False,80
pick_coke_can,pick_coke_can/condition_0005,5,72,False,80,0.6782248452718488,0,0,1,never_grasped,0,False,73,,,,,0,0,False,0,0,False,False,0.6416065096855164,0.2198409140110016,0.8405755162239075,0,0,0.0,0,False,False,,False,80
pick_coke_can,pick_coke_can/condition_0005,5,73,False,80,0.6782248452718488,0,0,1,never_grasped,0,False,74,,,,,0,0,False,0,0,False,False,0.6416065096855164,0.2198409140110016,0.8405755162239075,0,0,0.0,0,False,False,,False,80
pick_coke_can,pick_coke_can/condition_0005,5,74,False,80,0.6782248452718488,0,0,1,never_grasped,0,False,75,,,,,0,0,False,0,0,False,False,0.6416065096855164,0.2198409140110016,0.8405755162239075,0,0,0.0,0,False,False,,False,80
pick_coke_can,pick_coke_can/condition_0005,5,75,False,80,0.6782248452718488,0,0,1,never_grasped,0,False,76,,,,,0,0,False,0,0,False,False,0.6416065096855164,0.2198409140110016,0.8405755162239075,0,0,0.0,0,False,False,,False,80
pick_coke_can,pick_coke_can/condition_0005,5,76,False,80,0.6782248452718488,0,0,1,never_grasped,0,False,77,,,,,0,0,False,0,0,False,False,0.6416065096855164,0.2198409140110016,0.8405755162239075,0,0,0.0,0,False,False,,False,80
pick_coke_can,pick_coke_can/condition_0005,5,77,False,80,0.6782248452718488,0,0,1,never_grasped,0,False,78,,,,,0,0,False,0,0,False,False,0.6416065096855164,0.2198409140110016,0.8405755162239075,0,0,0.0,0,False,False,,False,80
pick_coke_can,pick_coke_can/condition_0005,5,78,False,80,0.6782248452718488,0,0,1,never_grasped,0,False,79,,,,,0,0,False,0,0,False,False,0.6416065096855164,0.2198409140110016,0.8405755162239075,0,0,0.0,0,False,False,,False,80
pick_coke_can,pick_coke_can/condition_0005,5,79,False,80,0.6782248452718488,0,0,1,never_grasped,0,False,80,,,,,0,0,False,0,0,False,False,0.6416065096855164,0.2198409140110016,0.8405755162239075,0,0,0.0,0,False,False,,True,80
pick_coke_can,pick_coke_can/condition_0006,6,0,True,47,0.650939724039355,0,0,0,success,0,False,1,43,46,,46,4,0,False,1,0,False,False,0.641604483127594,0.10984630882740021,0.840575635433197,0,0,0.0,0,False,False,,False,80
pick_coke_can,pick_coke_can/condition_0006,6,1,True,47,0.650939724039355,0,0,0,success,0,False,2,43,46,,46,4,0,False,1,0,False,False,0.641604483127594,0.10984630882740021,0.840575635433197,0,0,0.0,0,False,False,,False,80
pick_coke_can,pick_coke_can/condition_0006,6,2,True,47,0.650939724039355,0,0,0,success,0,False,3,43,46,,46,4,0,False,1,0,False,False,0.641604483127594,0.10984630882740021,0.840575635433197,0,0,0.0,0,False,False,,False,80
pick_coke_can,pick_coke_can/condition_0006,6,3,True,47,0.650939724039355,0,0,0,success,0,False,4,43,46,,46,4,0,False,1,0,False,False,0.641604483127594,0.10984630882740021,0.840575635433197,0,0,0.0,0,False,False,,False,80
pick_coke_can,pick_coke_can/condition_0006,6,4,True,47,0.650939724039355,0,0,0,success,0,False,5,43,46,,46,4,0,False,1,0,False,False,0.641604483127594,0.10984630882740021,0.840575635433197,0,0,0.0,0,False,False,,False,80
pick_coke_can,pick_coke_can/condition_0006,6,5,True,47,0.650939724039355,0,0,0,success,0,False,6,43,46,,46,4,0,False,1,0,False,False,0.641604483127594,0.10984630882740021,0.840575635433197,0,0,0.0,0,False,False,,False,80
pick_coke_can,pick_coke_can/condition_0006,6,6,True,47,0.650939724039355,0,0,0,success,0,False,7,43,46,,46,4,0,False,1,0,False,False,0.641604483127594,0.10984630882740021,0.840575635433197,0,0,0.0,0,False,False,,False,80
pick_coke_can,pick_coke_can/condition_0006,6,7,True,47,0.650939724039355,0,0,0,success,0,False,8,43,46,,46,4,0,False,1,0,False,False,0.641604483127594,0.10984630882740021,0.840575635433197,0,0,0.0,0,False,False,,False,80
pick_coke_can,pick_coke_can/condition_0006,6,8,True,47,0.650939724039355,0,0,0,success,0,False,9,43,46,,46,4,0,False,1,0,False,False,0.641604483127594,0.10984630882740021,0.840575635433197,0,0,0.0,0,False,False,,False,80
pick_coke_can,pick_coke_can/condition_0006,6,9,True,47,0.650939724039355,0,0,0,success,0,False,10,43,46,,46,4,0,False,1,0,False,False,0.641604483127594,0.10984630882740021,0.840575635433197,0,0,0.0,0,False,False,,False,80
pick_coke_can,pick_coke_can/condition_0006,6,10,True,47,0.650939724039355,0,0,0,success,0,False,11,43,46,,46,4,0,False,1,0,False,False,0.641604483127594,0.10984630882740021,0.840575635433197,0,0,0.0,0,False,False,,False,80
pick_coke_can,pick_coke_can/condition_0006,6,11,True,47,0.650939724039355,0,0,0,success,0,False,12,43,46,,46,4,0,False,1,0,False,False,0.641604483127594,0.10984630882740021,0.840575635433197,0,0,0.0,0,False,False,,False,80
pick_coke_can,pick_coke_can/condition_0006,6,12,True,47,0.650939724039355,0,0,0,success,0,False,13,43,46,,46,4,0,False,1,0,False,False,0.641604483127594,0.10984630882740021,0.840575635433197,0,0,0.0,0,False,False,,False,80
pick_coke_can,pick_coke_can/condition_0006,6,13,True,47,0.650939724039355,0,0,0,success,0,False,14,43,46,,46,4,0,False,1,0,False,False,0.641604483127594,0.10984630882740021,0.840575635433197,0,0,0.0,0,False,False,,False,80
pick_coke_can,pick_coke_can/condition_0006,6,14,True,47,0.650939724039355,0,0,0,success,0,False,15,43,46,,46,4,0,False,1,0,False,False,0.641604483127594,0.10984630882740021,0.840575635433197,0,0,0.0,0,False,False,,False,80
pick_coke_can,pick_coke_can/condition_0006,6,15,True,47,0.650939724039355,0,0,0,success,0,False,16,43,46,,46,4,0,False,1,0,False,False,0.641604483127594,0.10984630882740021,0.840575635433197,0,0,0.0,0,False,False,,False,80
pick_coke_can,pick_coke_can/condition_0006,6,16,True,47,0.650939724039355,0,0,0,success,0,False,17,43,46,,46,4,0,False,1,0,False,False,0.641604483127594,0.10984630882740021,0.840575635433197,0,0,0.0,0,False,False,,False,80
pick_coke_can,pick_coke_can/condition_0006,6,17,True,47,0.650939724039355,0,0,0,success,0,False,18,43,46,,46,4,0,False,1,0,False,False,0.641604483127594,0.10984630882740021,0.840575635433197,0,0,0.0,0,False,False,,False,80
pick_coke_can,pick_coke_can/condition_0006,6,18,True,47,0.650939724039355,0,0,0,success,0,False,19,43,46,,46,4,0,False,1,0,False,False,0.641604483127594,0.10984630882740021,0.840575635433197,0,0,0.0,0,False,False,,False,80
pick_coke_can,pick_coke_can/condition_0006,6,19,True,47,0.650939724039355,0,0,0,success,0,False,20,43,46,,46,4,0,False,1,0,False,False,0.641604483127594,0.10984630882740021,0.840575635433197,0,0,0.0,0,False,False,,False,80
pick_coke_can,pick_coke_can/condition_0006,6,20,True,47,0.650939724039355,0,0,0,success,0,False,21,43,46,,46,4,0,False,1,0,False,False,0.641604483127594,0.10984630882740021,0.840575635433197,0,0,0.0,0,False,False,,False,80
pick_coke_can,pick_coke_can/condition_0006,6,21,True,47,0.650939724039355,0,0,0,success,0,False,22,43,46,,46,4,0,False,1,0,False,False,0.641604483127594,0.10984630882740021,0.840575635433197,0,0,0.0,0,False,False,,False,80
pick_coke_can,pick_coke_can/condition_0006,6,22,True,47,0.650939724039355,0,0,0,success,0,False,23,43,46,,46,4,0,False,1,0,False,False,0.641604483127594,0.10984630882740021,0.840575635433197,0,0,0.0,0,False,False,,False,80
pick_coke_can,pick_coke_can/condition_0006,6,23,True,47,0.650939724039355,0,0,0,success,0,False,24,43,46,,46,4,0,False,1,0,False,False,0.641604483127594,0.10984630882740021,0.840575635433197,0,0,0.0,0,False,False,,False,80
pick_coke_can,pick_coke_can/condition_0006,6,24,True,47,0.650939724039355,0,0,0,success,0,False,25,43,46,,46,4,0,False,1,0,False,False,0.641604483127594,0.10984630882740021,0.840575635433197,0,0,0.0,0,False,False,,False,80
pick_coke_can,pick_coke_can/condition_0006,6,25,True,47,0.650939724039355,0,0,0,success,0,False,26,43,46,,46,4,0,False,1,0,False,False,0.641604483127594,0.10984630882740021,0.840575635433197,0,0,0.0,0,False,False,,False,80
pick_coke_can,pick_coke_can/condition_0006,6,26,True,47,0.650939724039355,0,0,0,success,0,False,27,43,46,,46,4,0,False,1,0,False,False,0.641604483127594,0.10984630882740021,0.840575635433197,0,0,0.0,0,False,False,,False,80
pick_coke_can,pick_coke_can/condition_0006,6,27,True,47,0.650939724039355,0,0,0,success,0,False,28,43,46,,46,4,0,False,1,0,False,False,0.641604483127594,0.10984630882740021,0.840575635433197,0,0,0.0,0,False,False,,False,80
pick_coke_can,pick_coke_can/condition_0006,6,28,True,47,0.650939724039355,0,0,0,success,0,False,29,43,46,,46,4,0,False,1,0,False,False,0.641604483127594,0.10984630882740021,0.840575635433197,0,0,0.0,0,False,False,,False,80
pick_coke_can,pick_coke_can/condition_0006,6,29,True,47,0.650939724039355,0,0,0,success,0,False,30,43,46,,46,4,0,False,1,0,False,False,0.641604483127594,0.10984630882740021,0.840575635433197,0,0,0.0,0,False,False,,False,80
pick_coke_can,pick_coke_can/condition_0006,6,30,True,47,0.650939724039355,0,0,0,success,0,False,31,43,46,,46,4,0,False,1,0,False,False,0.641604483127594,0.10984630882740021,0.840575635433197,0,0,0.0,0,False,False,,False,80
pick_coke_can,pick_coke_can/condition_0006,6,31,True,47,0.650939724039355,0,0,0,success,0,False,32,43,46,,46,4,0,False,1,0,False,False,0.641604483127594,0.10984630882740021,0.840575635433197,0,0,0.0,0,False,False,,False,80
pick_coke_can,pick_coke_can/condition_0006,6,32,True,47,0.650939724039355,0,0,0,success,0,False,33,43,46,,46,4,0,False,1,0,False,False,0.641604483127594,0.10984630882740021,0.840575635433197,0,0,0.0,0,False,False,,False,80
pick_coke_can,pick_coke_can/condition_0006,6,33,True,47,0.650939724039355,0,0,0,success,0,False,34,43,46,,46,4,0,False,1,0,False,False,0.641604483127594,0.10984630882740021,0.840575635433197,0,0,0.0,0,False,False,,False,80
pick_coke_can,pick_coke_can/condition_0006,6,34,True,47,0.650939724039355,0,0,0,success,0,False,35,43,46,,46,4,0,False,1,0,False,False,0.641604483127594,0.10984630882740021,0.840575635433197,0,0,0.0,0,False,False,,False,80
pick_coke_can,pick_coke_can/condition_0006,6,35,True,47,0.650939724039355,0,0,0,success,0,False,36,43,46,,46,4,0,False,1,0,False,False,0.641604483127594,0.10984630882740021,0.840575635433197,0,0,0.0,0,False,False,,False,80
pick_coke_can,pick_coke_can/condition_0006,6,36,True,47,0.650939724039355,0,0,0,success,0,False,37,43,46,,46,4,0,False,1,0,False,False,0.641604483127594,0.10984630882740021,0.840575635433197,0,0,0.0,0,False,False,,False,80
pick_coke_can,pick_coke_can/condition_0006,6,37,True,47,0.650939724039355,0,0,0,success,0,False,38,43,46,,46,4,0,False,1,0,False,False,0.641604483127594,0.10984630882740021,0.840575635433197,0,0,0.0,0,False,False,,False,80
pick_coke_can,pick_coke_can/condition_0006,6,38,True,47,0.650939724039355,0,0,0,success,0,False,39,43,46,,46,4,0,False,1,0,False,False,0.641604483127594,0.10984630882740021,0.840575635433197,0,0,0.0,0,False,False,,False,80
pick_coke_can,pick_coke_can/condition_0006,6,39,True,47,0.650939724039355,0,0,0,success,0,False,40,43,46,,46,4,0,False,1,0,False,False,0.641604483127594,0.10984630882740021,0.840575635433197,0,0,0.0,0,False,False,,False,80
pick_coke_can,pick_coke_can/condition_0006,6,40,True,47,0.650939724039355,0,0,0,success,0,False,41,43,46,,46,4,0,False,1,0,False,False,0.641604483127594,0.10984630882740021,0.840575635433197,0,0,0.0,0,False,False,,False,80
pick_coke_can,pick_coke_can/condition_0006,6,41,True,47,0.650939724039355,0,0,0,success,0,False,42,43,46,,46,4,0,False,1,0,False,False,0.641604483127594,0.10984630882740021,0.840575635433197,0,0,0.0,0,False,False,,False,80
pick_coke_can,pick_coke_can/condition_0006,6,42,True,47,0.650939724039355,0,0,0,success,0,False,43,43,46,,46,4,0,False,1,0,False,False,0.641604483127594,0.10984630882740021,0.840575635433197,0,0,0.0,0,False,False,,False,80
pick_coke_can,pick_coke_can/condition_0006,6,43,True,47,0.650939724039355,0,0,0,success,0,False,44,43,46,,46,4,1,True,1,0,False,False,0.641604483127594,0.10984630882740021,0.840575635433197,1,1,0.0,0,False,False,0,False,80
pick_coke_can,pick_coke_can/condition_0006,6,44,True,47,0.650939724039355,0,0,0,success,0,False,45,43,46,,46,4,2,True,1,0,False,False,0.641604483127594,0.10984630882740021,0.840575635433197,1,0,0.0,0,False,False,1,False,80
pick_coke_can,pick_coke_can/condition_0006,6,45,True,47,0.650939724039355,0,0,0,success,0,False,46,43,46,,46,4,3,True,1,0,False,False,0.641604483127594,0.10984630882740021,0.840575635433197,1,0,0.0,0,False,False,2,False,80
pick_coke_can,pick_coke_can/condition_0006,6,46,True,47,0.650939724039355,0,0,0,success,0,False,47,43,46,,46,4,4,True,1,1,True,False,0.641604483127594,0.10984630882740021,0.840575635433197,4,1,1.0,0,True,True,3,False,80
pick_coke_can,pick_coke_can/condition_0007,7,0,False,80,0.6416065293635516,0,0,1,never_grasped,0,False,1,,,,,0,0,False,0,0,False,False,0.6416065096855164,-0.0001589059829711914,0.840575635433197,0,0,0.0,0,False,False,,False,80
pick_coke_can,pick_coke_can/condition_0007,7,1,False,80,0.6416065293635516,0,0,1,never_grasped,0,False,2,,,,,0,0,False,0,0,False,False,0.6416065096855164,-0.0001589059829711914,0.840575635433197,0,0,0.0,0,False,False,,False,80
pick_coke_can,pick_coke_can/condition_0007,7,2,False,80,0.6416065293635516,0,0,1,never_grasped,0,False,3,,,,,0,0,False,0,0,False,False,0.6416065096855164,-0.0001589059829711914,0.840575635433197,0,0,0.0,0,False,False,,False,80
pick_coke_can,pick_coke_can/condition_0007,7,3,False,80,0.6416065293635516,0,0,1,never_grasped,0,False,4,,,,,0,0,False,0,0,False,False,0.6416065096855164,-0.0001589059829711914,0.840575635433197,0,0,0.0,0,False,False,,False,80
pick_coke_can,pick_coke_can/condition_0007,7,4,False,80,0.6416065293635516,0,0,1,never_grasped,0,False,5,,,,,0,0,False,0,0,False,False,0.6416065096855164,-0.0001589059829711914,0.840575635433197,0,0,0.0,0,False,False,,False,80
pick_coke_can,pick_coke_can/condition_0007,7,5,False,80,0.6416065293635516,0,0,1,never_grasped,0,False,6,,,,,0,0,False,0,0,False,False,0.6416065096855164,-0.0001589059829711914,0.840575635433197,0,0,0.0,0,False,False,,False,80
pick_coke_can,pick_coke_can/condition_0007,7,6,False,80,0.6416065293635516,0,0,1,never_grasped,0,False,7,,,,,0,0,False,0,0,False,False,0.6416065096855164,-0.0001589059829711914,0.840575635433197,0,0,0.0,0,False,False,,False,80
pick_coke_can,pick_coke_can/condition_0007,7,7,False,80,0.6416065293635516,0,0,1,never_grasped,0,False,8,,,,,0,0,False,0,0,False,False,0.6416065096855164,-0.0001589059829711914,0.840575635433197,0,0,0.0,0,False,False,,False,80
pick_coke_can,pick_coke_can/condition_0007,7,8,False,80,0.6416065293635516,0,0,1,never_grasped,0,False,9,,,,,0,0,False,0,0,False,False,0.6416065096855164,-0.0001589059829711914,0.840575635433197,0,0,0.0,0,False,False,,False,80
pick_coke_can,pick_coke_can/condition_0007,7,9,False,80,0.6416065293635516,0,0,1,never_grasped,0,False,10,,,,,0,0,False,0,0,False,False,0.6416065096855164,-0.0001589059829711914,0.840575635433197,0,0,0.0,0,False,False,,False,80
pick_coke_can,pick_coke_can/condition_0007,7,10,False,80,0.6416065293635516,0,0,1,never_grasped,0,False,11,,,,,0,0,False,0,0,False,False,0.6416065096855164,-0.0001589059829711914,0.840575635433197,0,0,0.0,0,False,False,,False,80
pick_coke_can,pick_coke_can/condition_0007,7,11,False,80,0.6416065293635516,0,0,1,never_grasped,0,False,12,,,,,0,0,False,0,0,False,False,0.6416065096855164,-0.0001589059829711914,0.840575635433197,0,0,0.0,0,False,False,,False,80
pick_coke_can,pick_coke_can/condition_0007,7,12,False,80,0.6416065293635516,0,0,1,never_grasped,0,False,13,,,,,0,0,False,0,0,False,False,0.6416065096855164,-0.0001589059829711914,0.840575635433197,0,0,0.0,0,False,False,,False,80
pick_coke_can,pick_coke_can/condition_0007,7,13,False,80,0.6416065293635516,0,0,1,never_grasped,0,False,14,,,,,0,0,False,0,0,False,False,0.6416065096855164,-0.0001589059829711914,0.840575635433197,0,0,0.0,0,False,False,,False,80
pick_coke_can,pick_coke_can/condition_0007,7,14,False,80,0.6416065293635516,0,0,1,never_grasped,0,False,15,,,,,0,0,False,0,0,False,False,0.6416065096855164,-0.0001589059829711914,0.840575635433197,0,0,0.0,0,False,False,,False,80
pick_coke_can,pick_coke_can/condition_0007,7,15,False,80,0.6416065293635516,0,0,1,never_grasped,0,False,16,,,,,0,0,False,0,0,False,False,0.6416065096855164,-0.0001589059829711914,0.840575635433197,0,0,0.0,0,False,False,,False,80
pick_coke_can,pick_coke_can/condition_0007,7,16,False,80,0.6416065293635516,0,0,1,never_grasped,0,False,17,,,,,0,0,False,0,0,False,False,0.6416065096855164,-0.0001589059829711914,0.840575635433197,0,0,0.0,0,False,False,,False,80
pick_coke_can,pick_coke_can/condition_0007,7,17,False,80,0.6416065293635516,0,0,1,never_grasped,0,False,18,,,,,0,0,False,0,0,False,False,0.6416065096855164,-0.0001589059829711914,0.840575635433197,0,0,0.0,0,False,False,,False,80
pick_coke_can,pick_coke_can/condition_0007,7,18,False,80,0.6416065293635516,0,0,1,never_grasped,0,False,19,,,,,0,0,False,0,0,False,False,0.6416065096855164,-0.0001589059829711914,0.840575635433197,0,0,0.0,0,False,False,,False,80
pick_coke_can,pick_coke_can/condition_0007,7,19,False,80,0.6416065293635516,0,0,1,never_grasped,0,False,20,,,,,0,0,False,0,0,False,False,0.6416065096855164,-0.0001589059829711914,0.840575635433197,0,0,0.0,0,False,False,,False,80
pick_coke_can,pick_coke_can/condition_0007,7,20,False,80,0.6416065293635516,0,0,1,never_grasped,0,False,21,,,,,0,0,False,0,0,False,False,0.6416065096855164,-0.0001589059829711914,0.840575635433197,0,0,0.0,0,False,False,,False,80
pick_coke_can,pick_coke_can/condition_0007,7,21,False,80,0.6416065293635516,0,0,1,never_grasped,0,False,22,,,,,0,0,False,0,0,False,False,0.6416065096855164,-0.0001589059829711914,0.840575635433197,0,0,0.0,0,False,False,,False,80
pick_coke_can,pick_coke_can/condition_0007,7,22,False,80,0.6416065293635516,0,0,1,never_grasped,0,False,23,,,,,0,0,False,0,0,False,False,0.6416065096855164,-0.0001589059829711914,0.840575635433197,0,0,0.0,0,False,False,,False,80
pick_coke_can,pick_coke_can/condition_0007,7,23,False,80,0.6416065293635516,0,0,1,never_grasped,0,False,24,,,,,0,0,False,0,0,False,False,0.6416065096855164,-0.0001589059829711914,0.840575635433197,0,0,0.0,0,False,False,,False,80
pick_coke_can,pick_coke_can/condition_0007,7,24,False,80,0.6416065293635516,0,0,1,never_grasped,0,False,25,,,,,0,0,False,0,0,False,False,0.6416065096855164,-0.0001589059829711914,0.840575635433197,0,0,0.0,0,False,False,,False,80
pick_coke_can,pick_coke_can/condition_0007,7,25,False,80,0.6416065293635516,0,0,1,never_grasped,0,False,26,,,,,0,0,False,0,0,False,False,0.6416065096855164,-0.0001589059829711914,0.840575635433197,0,0,0.0,0,False,False,,False,80
pick_coke_can,pick_coke_can/condition_0007,7,26,False,80,0.6416065293635516,0,0,1,never_grasped,0,False,27,,,,,0,0,False,0,0,False,False,0.6416065096855164,-0.0001589059829711914,0.840575635433197,0,0,0.0,0,False,False,,False,80
pick_coke_can,pick_coke_can/condition_0007,7,27,False,80,0.6416065293635516,0,0,1,never_grasped,0,False,28,,,,,0,0,False,0,0,False,False,0.6416065096855164,-0.0001589059829711914,0.840575635433197,0,0,0.0,0,False,False,,False,80
pick_coke_can,pick_coke_can/condition_0007,7,28,False,80,0.6416065293635516,0,0,1,never_grasped,0,False,29,,,,,0,0,False,0,0,False,False,0.6416065096855164,-0.0001589059829711914,0.840575635433197,0,0,0.0,0,False,False,,False,80
pick_coke_can,pick_coke_can/condition_0007,7,29,False,80,0.6416065293635516,0,0,1,never_grasped,0,False,30,,,,,0,0,False,0,0,False,False,0.6416065096855164,-0.0001589059829711914,0.840575635433197,0,0,0.0,0,False,False,,False,80
pick_coke_can,pick_coke_can/condition_0007,7,30,False,80,0.6416065293635516,0,0,1,never_grasped,0,False,31,,,,,0,0,False,0,0,False,False,0.6416065096855164,-0.0001589059829711914,0.840575635433197,0,0,0.0,0,False,False,,False,80
pick_coke_can,pick_coke_can/condition_0007,7,31,False,80,0.6416065293635516,0,0,1,never_grasped,0,False,32,,,,,0,0,False,0,0,False,False,0.6416065096855164,-0.0001589059829711914,0.840575635433197,0,0,0.0,0,False,False,,False,80
pick_coke_can,pick_coke_can/condition_0007,7,32,False,80,0.6416065293635516,0,0,1,never_grasped,0,False,33,,,,,0,0,False,0,0,False,False,0.6416065096855164,-0.0001589059829711914,0.840575635433197,0,0,0.0,0,False,False,,False,80
pick_coke_can,pick_coke_can/condition_0007,7,33,False,80,0.6416065293635516,0,0,1,never_grasped,0,False,34,,,,,0,0,False,0,0,False,False,0.6416065096855164,-0.0001589059829711914,0.840575635433197,0,0,0.0,0,False,False,,False,80
pick_coke_can,pick_coke_can/condition_0007,7,34,False,80,0.6416065293635516,0,0,1,never_grasped,0,False,35,,,,,0,0,False,0,0,False,False,0.6416065096855164,-0.0001589059829711914,0.840575635433197,0,0,0.0,0,False,False,,False,80
pick_coke_can,pick_coke_can/condition_0007,7,35,False,80,0.6416065293635516,0,0,1,never_grasped,0,False,36,,,,,0,0,False,0,0,False,False,0.6416065096855164,-0.0001589059829711914,0.840575635433197,0,0,0.0,0,False,False,,False,80
pick_coke_can,pick_coke_can/condition_0007,7,36,False,80,0.6416065293635516,0,0,1,never_grasped,0,False,37,,,,,0,0,False,0,0,False,False,0.6416065096855164,-0.0001589059829711914,0.840575635433197,0,0,0.0,0,False,False,,False,80
pick_coke_can,pick_coke_can/condition_0007,7,37,False,80,0.6416065293635516,0,0,1,never_grasped,0,False,38,,,,,0,0,False,0,0,False,False,0.6416065096855164,-0.0001589059829711914,0.840575635433197,0,0,0.0,0,False,False,,False,80
pick_coke_can,pick_coke_can/condition_0007,7,38,False,80,0.6416065293635516,0,0,1,never_grasped,0,False,39,,,,,0,0,False,0,0,False,False,0.6416065096855164,-0.0001589059829711914,0.840575635433197,0,0,0.0,0,False,False,,False,80
pick_coke_can,pick_coke_can/condition_0007,7,39,False,80,0.6416065293635516,0,0,1,never_grasped,0,False,40,,,,,0,0,False,0,0,False,False,0.6416065096855164,-0.0001589059829711914,0.840575635433197,0,0,0.0,0,False,False,,False,80
pick_coke_can,pick_coke_can/condition_0007,7,40,False,80,0.6416065293635516,0,0,1,never_grasped,0,False,41,,,,,0,0,False,0,0,False,False,0.6416065096855164,-0.0001589059829711914,0.840575635433197,0,0,0.0,0,False,False,,False,80
pick_coke_can,pick_coke_can/condition_0007,7,41,False,80,0.6416065293635516,0,0,1,never_grasped,0,False,42,,,,,0,0,False,0,0,False,False,0.6416065096855164,-0.0001589059829711914,0.840575635433197,0,0,0.0,0,False,False,,False,80
pick_coke_can,pick_coke_can/condition_0007,7,42,False,80,0.6416065293635516,0,0,1,never_grasped,0,False,43,,,,,0,0,False,0,0,False,False,0.6416065096855164,-0.0001589059829711914,0.840575635433197,0,0,0.0,0,False,False,,False,80
pick_coke_can,pick_coke_can/condition_0007,7,43,False,80,0.6416065293635516,0,0,1,never_grasped,0,False,44,,,,,0,0,False,0,0,False,False,0.6416065096855164,-0.0001589059829711914,0.840575635433197,0,0,0.0,0,False,False,,False,80
pick_coke_can,pick_coke_can/condition_0007,7,44,False,80,0.6416065293635516,0,0,1,never_grasped,0,False,45,,,,,0,0,False,0,0,False,False,0.6416065096855164,-0.0001589059829711914,0.840575635433197,0,0,0.0,0,False,False,,False,80
pick_coke_can,pick_coke_can/condition_0007,7,45,False,80,0.6416065293635516,0,0,1,never_grasped,0,False,46,,,,,0,0,False,0,0,False,False,0.6416065096855164,-0.0001589059829711914,0.840575635433197,0,0,0.0,0,False,False,,False,80
pick_coke_can,pick_coke_can/condition_0007,7,46,False,80,0.6416065293635516,0,0,1,never_grasped,0,False,47,,,,,0,0,False,0,0,False,False,0.6416065096855164,-0.0001589059829711914,0.840575635433197,0,0,0.0,0,False,False,,False,80
pick_coke_can,pick_coke_can/condition_0007,7,47,False,80,0.6416065293635516,0,0,1,never_grasped,0,False,48,,,,,0,0,False,0,0,False,False,0.6416065096855164,-0.0001589059829711914,0.840575635433197,0,0,0.0,0,False,False,,False,80
pick_coke_can,pick_coke_can/condition_0007,7,48,False,80,0.6416065293635516,0,0,1,never_grasped,0,False,49,,,,,0,0,False,0,0,False,False,0.6416065096855164,-0.0001589059829711914,0.840575635433197,0,0,0.0,0,False,False,,False,80
pick_coke_can,pick_coke_can/condition_0007,7,49,False,80,0.6416065293635516,0,0,1,never_grasped,0,False,50,,,,,0,0,False,0,0,False,False,0.6416065096855164,-0.0001589059829711914,0.840575635433197,0,0,0.0,0,False,False,,False,80
pick_coke_can,pick_coke_can/condition_0007,7,50,False,80,0.6416065293635516,0,0,1,never_grasped,0,False,51,,,,,0,0,False,0,0,False,False,0.6416065096855164,-0.0001589059829711914,0.840575635433197,0,0,0.0,0,False,False,,False,80
pick_coke_can,pick_coke_can/condition_0007,7,51,False,80,0.6416065293635516,0,0,1,never_grasped,0,False,52,,,,,0,0,False,0,0,False,False,0.6416065096855164,-0.0001589059829711914,0.840575635433197,0,0,0.0,0,False,False,,False,80
pick_coke_can,pick_coke_can/condition_0007,7,52,False,80,0.6416065293635516,0,0,1,never_grasped,0,False,53,,,,,0,0,False,0,0,False,False,0.6416065096855164,-0.0001589059829711914,0.840575635433197,0,0,0.0,0,False,False,,False,80
pick_coke_can,pick_coke_can/condition_0007,7,53,False,80,0.6416065293635516,0,0,1,never_grasped,0,False,54,,,,,0,0,False,0,0,False,False,0.6416065096855164,-0.0001589059829711914,0.840575635433197,0,0,0.0,0,False,False,,False,80
pick_coke_can,pick_coke_can/condition_0007,7,54,False,80,0.6416065293635516,0,0,1,never_grasped,0,False,55,,,,,0,0,False,0,0,False,False,0.6416065096855164,-0.0001589059829711914,0.840575635433197,0,0,0.0,0,False,False,,False,80
pick_coke_can,pick_coke_can/condition_0007,7,55,False,80,0.6416065293635516,0,0,1,never_grasped,0,False,56,,,,,0,0,False,0,0,False,False,0.6416065096855164,-0.0001589059829711914,0.840575635433197,0,0,0.0,0,False,False,,False,80
pick_coke_can,pick_coke_can/condition_0007,7,56,False,80,0.6416065293635516,0,0,1,never_grasped,0,False,57,,,,,0,0,False,0,0,False,False,0.6416065096855164,-0.0001589059829711914,0.840575635433197,0,0,0.0,0,False,False,,False,80
pick_coke_can,pick_coke_can/condition_0007,7,57,False,80,0.6416065293635516,0,0,1,never_grasped,0,False,58,,,,,0,0,False,0,0,False,False,0.6416065096855164,-0.0001589059829711914,0.840575635433197,0,0,0.0,0,False,False,,False,80
pick_coke_can,pick_coke_can/condition_0007,7,58,False,80,0.6416065293635516,0,0,1,never_grasped,0,False,59,,,,,0,0,False,0,0,False,False,0.6416065096855164,-0.0001589059829711914,0.840575635433197,0,0,0.0,0,False,False,,False,80
pick_coke_can,pick_coke_can/condition_0007,7,59,False,80,0.6416065293635516,0,0,1,never_grasped,0,False,60,,,,,0,0,False,0,0,False,False,0.6416065096855164,-0.0001589059829711914,0.840575635433197,0,0,0.0,0,False,False,,False,80
pick_coke_can,pick_coke_can/condition_0007,7,60,False,80,0.6416065293635516,0,0,1,never_grasped,0,False,61,,,,,0,0,False,0,0,False,False,0.6416065096855164,-0.0001589059829711914,0.840575635433197,0,0,0.0,0,False,False,,False,80
pick_coke_can,pick_coke_can/condition_0007,7,61,False,80,0.6416065293635516,0,0,1,never_grasped,0,False,62,,,,,0,0,False,0,0,False,False,0.6416065096855164,-0.0001589059829711914,0.840575635433197,0,0,0.0,0,False,False,,False,80
pick_coke_can,pick_coke_can/condition_0007,7,62,False,80,0.6416065293635516,0,0,1,never_grasped,0,False,63,,,,,0,0,False,0,0,False,False,0.6416065096855164,-0.0001589059829711914,0.840575635433197,0,0,0.0,0,False,False,,False,80
pick_coke_can,pick_coke_can/condition_0007,7,63,False,80,0.6416065293635516,0,0,1,never_grasped,0,False,64,,,,,0,0,False,0,0,False,False,0.6416065096855164,-0.0001589059829711914,0.840575635433197,0,0,0.0,0,False,False,,False,80
pick_coke_can,pick_coke_can/condition_0007,7,64,False,80,0.6416065293635516,0,0,1,never_grasped,0,False,65,,,,,0,0,False,0,0,False,False,0.6416065096855164,-0.0001589059829711914,0.840575635433197,0,0,0.0,0,False,False,,False,80
pick_coke_can,pick_coke_can/condition_0007,7,65,False,80,0.6416065293635516,0,0,1,never_grasped,0,False,66,,,,,0,0,False,0,0,False,False,0.6416065096855164,-0.0001589059829711914,0.840575635433197,0,0,0.0,0,False,False,,False,80
pick_coke_can,pick_coke_can/condition_0007,7,66,False,80,0.6416065293635516,0,0,1,never_grasped,0,False,67,,,,,0,0,False,0,0,False,False,0.6416065096855164,-0.0001589059829711914,0.840575635433197,0,0,0.0,0,False,False,,False,80
pick_coke_can,pick_coke_can/condition_0007,7,67,False,80,0.6416065293635516,0,0,1,never_grasped,0,False,68,,,,,0,0,False,0,0,False,False,0.6416065096855164,-0.0001589059829711914,0.840575635433197,0,0,0.0,0,False,False,,False,80
pick_coke_can,pick_coke_can/condition_0007,7,68,False,80,0.6416065293635516,0,0,1,never_grasped,0,False,69,,,,,0,0,False,0,0,False,False,0.6416065096855164,-0.0001589059829711914,0.840575635433197,0,0,0.0,0,False,False,,False,80
pick_coke_can,pick_coke_can/condition_0007,7,69,False,80,0.6416065293635516,0,0,1,never_grasped,0,False,70,,,,,0,0,False,0,0,False,False,0.6416065096855164,-0.0001589059829711914,0.840575635433197,0,0,0.0,0,False,False,,False,80
pick_coke_can,pick_coke_can/condition_0007,7,70,False,80,0.6416065293635516,0,0,1,never_grasped,0,False,71,,,,,0,0,False,0,0,False,False,0.6416065096855164,-0.0001589059829711914,0.840575635433197,0,0,0.0,0,False,False,,False,80
pick_coke_can,pick_coke_can/condition_0007,7,71,False,80,0.6416065293635516,0,0,1,never_grasped,0,False,72,,,,,0,0,False,0,0,False,False,0.6416065096855164,-0.0001589059829711914,0.840575635433197,0,0,0.0,0,False,False,,False,80
pick_coke_can,pick_coke_can/condition_0007,7,72,False,80,0.6416065293635516,0,0,1,never_grasped,0,False,73,,,,,0,0,False,0,0,False,False,0.6416065096855164,-0.0001589059829711914,0.840575635433197,0,0,0.0,0,False,False,,False,80
pick_coke_can,pick_coke_can/condition_0007,7,73,False,80,0.6416065293635516,0,0,1,never_grasped,0,False,74,,,,,0,0,False,0,0,False,False,0.6416065096855164,-0.0001589059829711914,0.840575635433197,0,0,0.0,0,False,False,,False,80
pick_coke_can,pick_coke_can/condition_0007,7,74,False,80,0.6416065293635516,0,0,1,never_grasped,0,False,75,,,,,0,0,False,0,0,False,False,0.6416065096855164,-0.0001589059829711914,0.840575635433197,0,0,0.0,0,False,False,,False,80
pick_coke_can,pick_coke_can/condition_0007,7,75,False,80,0.6416065293635516,0,0,1,never_grasped,0,False,76,,,,,0,0,False,0,0,False,False,0.6416065096855164,-0.0001589059829711914,0.840575635433197,0,0,0.0,0,False,False,,False,80
pick_coke_can,pick_coke_can/condition_0007,7,76,False,80,0.6416065293635516,0,0,1,never_grasped,0,False,77,,,,,0,0,False,0,0,False,False,0.6416065096855164,-0.0001589059829711914,0.840575635433197,0,0,0.0,0,False,False,,False,80
pick_coke_can,pick_coke_can/condition_0007,7,77,False,80,0.6416065293635516,0,0,1,never_grasped,0,False,78,,,,,0,0,False,0,0,False,False,0.6416065096855164,-0.0001589059829711914,0.840575635433197,0,0,0.0,0,False,False,,False,80
pick_coke_can,pick_coke_can/condition_0007,7,78,False,80,0.6416065293635516,0,0,1,never_grasped,0,False,79,,,,,0,0,False,0,0,False,False,0.6416065096855164,-0.0001589059829711914,0.840575635433197,0,0,0.0,0,False,False,,False,80
pick_coke_can,pick_coke_can/condition_0007,7,79,False,80,0.6416065293635516,0,0,1,never_grasped,0,False,80,,,,,0,0,False,0,0,False,False,0.6416065096855164,-0.0001589059829711914,0.840575635433197,0,0,0.0,0,False,False,,True,80
pick_coke_can,pick_coke_can/condition_0008,8,0,True,26,0.6509962496956957,0,0,0,success,0,False,1,24,25,,25,2,0,False,1,0,False,False,0.6416081190109253,-0.11015960574150085,0.8405757546424866,0,0,0.0,0,False,False,,False,80
pick_coke_can,pick_coke_can/condition_0008,8,1,True,26,0.6509962496956957,0,0,0,success,0,False,2,24,25,,25,2,0,False,1,0,False,False,0.6416081190109253,-0.11015960574150085,0.8405757546424866,0,0,0.0,0,False,False,,False,80
pick_coke_can,pick_coke_can/condition_0008,8,2,True,26,0.6509962496956957,0,0,0,success,0,False,3,24,25,,25,2,0,False,1,0,False,False,0.6416081190109253,-0.11015960574150085,0.8405757546424866,0,0,0.0,0,False,False,,False,80
pick_coke_can,pick_coke_can/condition_0008,8,3,True,26,0.6509962496956957,0,0,0,success,0,False,4,24,25,,25,2,0,False,1,0,False,False,0.6416081190109253,-0.11015960574150085,0.8405757546424866,0,0,0.0,0,False,False,,False,80
pick_coke_can,pick_coke_can/condition_0008,8,4,True,26,0.6509962496956957,0,0,0,success,0,False,5,24,25,,25,2,0,False,1,0,False,False,0.6416081190109253,-0.11015960574150085,0.8405757546424866,0,0,0.0,0,False,False,,False,80
pick_coke_can,pick_coke_can/condition_0008,8,5,True,26,0.6509962496956957,0,0,0,success,0,False,6,24,25,,25,2,0,False,1,0,False,False,0.6416081190109253,-0.11015960574150085,0.8405757546424866,0,0,0.0,0,False,False,,False,80
pick_coke_can,pick_coke_can/condition_0008,8,6,True,26,0.6509962496956957,0,0,0,success,0,False,7,24,25,,25,2,0,False,1,0,False,False,0.6416081190109253,-0.11015960574150085,0.8405757546424866,0,0,0.0,0,False,False,,False,80
pick_coke_can,pick_coke_can/condition_0008,8,7,True,26,0.6509962496956957,0,0,0,success,0,False,8,24,25,,25,2,0,False,1,0,False,False,0.6416081190109253,-0.11015960574150085,0.8405757546424866,0,0,0.0,0,False,False,,False,80
pick_coke_can,pick_coke_can/condition_0008,8,8,True,26,0.6509962496956957,0,0,0,success,0,False,9,24,25,,25,2,0,False,1,0,False,False,0.6416081190109253,-0.11015960574150085,0.8405757546424866,0,0,0.0,0,False,False,,False,80
pick_coke_can,pick_coke_can/condition_0008,8,9,True,26,0.6509962496956957,0,0,0,success,0,False,10,24,25,,25,2,0,False,1,0,False,False,0.6416081190109253,-0.11015960574150085,0.8405757546424866,0,0,0.0,0,False,False,,False,80
pick_coke_can,pick_coke_can/condition_0008,8,10,True,26,0.6509962496956957,0,0,0,success,0,False,11,24,25,,25,2,0,False,1,0,False,False,0.6416081190109253,-0.11015960574150085,0.8405757546424866,0,0,0.0,0,False,False,,False,80
pick_coke_can,pick_coke_can/condition_0008,8,11,True,26,0.6509962496956957,0,0,0,success,0,False,12,24,25,,25,2,0,False,1,0,False,False,0.6416081190109253,-0.11015960574150085,0.8405757546424866,0,0,0.0,0,False,False,,False,80
pick_coke_can,pick_coke_can/condition_0008,8,12,True,26,0.6509962496956957,0,0,0,success,0,False,13,24,25,,25,2,0,False,1,0,False,False,0.6416081190109253,-0.11015960574150085,0.8405757546424866,0,0,0.0,0,False,False,,False,80
pick_coke_can,pick_coke_can/condition_0008,8,13,True,26,0.6509962496956957,0,0,0,success,0,False,14,24,25,,25,2,0,False,1,0,False,False,0.6416081190109253,-0.11015960574150085,0.8405757546424866,0,0,0.0,0,False,False,,False,80
pick_coke_can,pick_coke_can/condition_0008,8,14,True,26,0.6509962496956957,0,0,0,success,0,False,15,24,25,,25,2,0,False,1,0,False,False,0.6416081190109253,-0.11015960574150085,0.8405757546424866,0,0,0.0,0,False,False,,False,80
pick_coke_can,pick_coke_can/condition_0008,8,15,True,26,0.6509962496956957,0,0,0,success,0,False,16,24,25,,25,2,0,False,1,0,False,False,0.6416081190109253,-0.11015960574150085,0.8405757546424866,0,0,0.0,0,False,False,,False,80
pick_coke_can,pick_coke_can/condition_0008,8,16,True,26,0.6509962496956957,0,0,0,success,0,False,17,24,25,,25,2,0,False,1,0,False,False,0.6416081190109253,-0.11015960574150085,0.8405757546424866,0,0,0.0,0,False,False,,False,80
pick_coke_can,pick_coke_can/condition_0008,8,17,True,26,0.6509962496956957,0,0,0,success,0,False,18,24,25,,25,2,0,False,1,0,False,False,0.6416081190109253,-0.11015960574150085,0.8405757546424866,0,0,0.0,0,False,False,,False,80
pick_coke_can,pick_coke_can/condition_0008,8,18,True,26,0.6509962496956957,0,0,0,success,0,False,19,24,25,,25,2,0,False,1,0,False,False,0.6416081190109253,-0.11015960574150085,0.8405757546424866,0,0,0.0,0,False,False,,False,80
pick_coke_can,pick_coke_can/condition_0008,8,19,True,26,0.6509962496956957,0,0,0,success,0,False,20,24,25,,25,2,0,False,1,0,False,False,0.6416081190109253,-0.11015960574150085,0.8405757546424866,0,0,0.0,0,False,False,,False,80
pick_coke_can,pick_coke_can/condition_0008,8,20,True,26,0.6509962496956957,0,0,0,success,0,False,21,24,25,,25,2,0,False,1,0,False,False,0.6416081190109253,-0.11015960574150085,0.8405757546424866,0,0,0.0,0,False,False,,False,80
pick_coke_can,pick_coke_can/condition_0008,8,21,True,26,0.6509962496956957,0,0,0,success,0,False,22,24,25,,25,2,0,False,1,0,False,False,0.6416081190109253,-0.11015960574150085,0.8405757546424866,0,0,0.0,0,False,False,,False,80
pick_coke_can,pick_coke_can/condition_0008,8,22,True,26,0.6509962496956957,0,0,0,success,0,False,23,24,25,,25,2,0,False,1,0,False,False,0.6416081190109253,-0.11015960574150085,0.8405757546424866,0,0,0.0,0,False,False,,False,80
pick_coke_can,pick_coke_can/condition_0008,8,23,True,26,0.6509962496956957,0,0,0,success,0,False,24,24,25,,25,2,0,False,1,0,False,False,0.6416081190109253,-0.11015960574150085,0.8405757546424866,0,0,0.0,0,False,False,,False,80
pick_coke_can,pick_coke_can/condition_0008,8,24,True,26,0.6509962496956957,0,0,0,success,0,False,25,24,25,,25,2,1,True,1,0,False,False,0.6416081190109253,-0.11015960574150085,0.8405757546424866,1,1,0.0,0,False,False,0,False,80
pick_coke_can,pick_coke_can/condition_0008,8,25,True,26,0.6509962496956957,0,0,0,success,0,False,26,24,25,,25,2,2,True,1,1,True,False,0.6416081190109253,-0.11015960574150085,0.8405757546424866,4,1,1.0,0,True,True,1,False,80
pick_coke_can,pick_coke_can/condition_0009,9,0,False,80,0.6783334560756121,0,0,1,never_grasped,0,False,1,,,,,0,0,False,0,0,False,False,0.6416125893592834,-0.22015804052352905,0.8405761122703552,0,0,0.0,0,False,False,,False,80
pick_coke_can,pick_coke_can/condition_0009,9,1,False,80,0.6783334560756121,0,0,1,never_grasped,0,False,2,,,,,0,0,False,0,0,False,False,0.6416125893592834,-0.22015804052352905,0.8405761122703552,0,0,0.0,0,False,False,,False,80
pick_coke_can,pick_coke_can/condition_0009,9,2,False,80,0.6783334560756121,0,0,1,never_grasped,0,False,3,,,,,0,0,False,0,0,False,False,0.6416125893592834,-0.22015804052352905,0.8405761122703552,0,0,0.0,0,False,False,,False,80
pick_coke_can,pick_coke_can/condition_0009,9,3,False,80,0.6783334560756121,0,0,1,never_grasped,0,False,4,,,,,0,0,False,0,0,False,False,0.6416125893592834,-0.22015804052352905,0.8405761122703552,0,0,0.0,0,False,False,,False,80
pick_coke_can,pick_coke_can/condition_0009,9,4,False,80,0.6783334560756121,0,0,1,never_grasped,0,False,5,,,,,0,0,False,0,0,False,False,0.6416125893592834,-0.22015804052352905,0.8405761122703552,0,0,0.0,0,False,False,,False,80
pick_coke_can,pick_coke_can/condition_0009,9,5,False,80,0.6783334560756121,0,0,1,never_grasped,0,False,6,,,,,0,0,False,0,0,False,False,0.6416125893592834,-0.22015804052352905,0.8405761122703552,0,0,0.0,0,False,False,,False,80
pick_coke_can,pick_coke_can/condition_0009,9,6,False,80,0.6783334560756121,0,0,1,never_grasped,0,False,7,,,,,0,0,False,0,0,False,False,0.6416125893592834,-0.22015804052352905,0.8405761122703552,0,0,0.0,0,False,False,,False,80
pick_coke_can,pick_coke_can/condition_0009,9,7,False,80,0.6783334560756121,0,0,1,never_grasped,0,False,8,,,,,0,0,False,0,0,False,False,0.6416125893592834,-0.22015804052352905,0.8405761122703552,0,0,0.0,0,False,False,,False,80
pick_coke_can,pick_coke_can/condition_0009,9,8,False,80,0.6783334560756121,0,0,1,never_grasped,0,False,9,,,,,0,0,False,0,0,False,False,0.6416125893592834,-0.22015804052352905,0.8405761122703552,0,0,0.0,0,False,False,,False,80
pick_coke_can,pick_coke_can/condition_0009,9,9,False,80,0.6783334560756121,0,0,1,never_grasped,0,False,10,,,,,0,0,False,0,0,False,False,0.6416125893592834,-0.22015804052352905,0.8405761122703552,0,0,0.0,0,False,False,,False,80
pick_coke_can,pick_coke_can/condition_0009,9,10,False,80,0.6783334560756121,0,0,1,never_grasped,0,False,11,,,,,0,0,False,0,0,False,False,0.6416125893592834,-0.22015804052352905,0.8405761122703552,0,0,0.0,0,False,False,,False,80
pick_coke_can,pick_coke_can/condition_0009,9,11,False,80,0.6783334560756121,0,0,1,never_grasped,0,False,12,,,,,0,0,False,0,0,False,False,0.6416125893592834,-0.22015804052352905,0.8405761122703552,0,0,0.0,0,False,False,,False,80
pick_coke_can,pick_coke_can/condition_0009,9,12,False,80,0.6783334560756121,0,0,1,never_grasped,0,False,13,,,,,0,0,False,0,0,False,False,0.6416125893592834,-0.22015804052352905,0.8405761122703552,0,0,0.0,0,False,False,,False,80
pick_coke_can,pick_coke_can/condition_0009,9,13,False,80,0.6783334560756121,0,0,1,never_grasped,0,False,14,,,,,0,0,False,0,0,False,False,0.6416125893592834,-0.22015804052352905,0.8405761122703552,0,0,0.0,0,False,False,,False,80
pick_coke_can,pick_coke_can/condition_0009,9,14,False,80,0.6783334560756121,0,0,1,never_grasped,0,False,15,,,,,0,0,False,0,0,False,False,0.6416125893592834,-0.22015804052352905,0.8405761122703552,0,0,0.0,0,False,False,,False,80
pick_coke_can,pick_coke_can/condition_0009,9,15,False,80,0.6783334560756121,0,0,1,never_grasped,0,False,16,,,,,0,0,False,0,0,False,False,0.6416125893592834,-0.22015804052352905,0.8405761122703552,0,0,0.0,0,False,False,,False,80
pick_coke_can,pick_coke_can/condition_0009,9,16,False,80,0.6783334560756121,0,0,1,never_grasped,0,False,17,,,,,0,0,False,0,0,False,False,0.6416125893592834,-0.22015804052352905,0.8405761122703552,0,0,0.0,0,False,False,,False,80
pick_coke_can,pick_coke_can/condition_0009,9,17,False,80,0.6783334560756121,0,0,1,never_grasped,0,False,18,,,,,0,0,False,0,0,False,False,0.6416125893592834,-0.22015804052352905,0.8405761122703552,0,0,0.0,0,False,False,,False,80
pick_coke_can,pick_coke_can/condition_0009,9,18,False,80,0.6783334560756121,0,0,1,never_grasped,0,False,19,,,,,0,0,False,0,0,False,False,0.6416125893592834,-0.22015804052352905,0.8405761122703552,0,0,0.0,0,False,False,,False,80
pick_coke_can,pick_coke_can/condition_0009,9,19,False,80,0.6783334560756121,0,0,1,never_grasped,0,False,20,,,,,0,0,False,0,0,False,False,0.6416125893592834,-0.22015804052352905,0.8405761122703552,0,0,0.0,0,False,False,,False,80
pick_coke_can,pick_coke_can/condition_0009,9,20,False,80,0.6783334560756121,0,0,1,never_grasped,0,False,21,,,,,0,0,False,0,0,False,False,0.6416125893592834,-0.22015804052352905,0.8405761122703552,0,0,0.0,0,False,False,,False,80
pick_coke_can,pick_coke_can/condition_0009,9,21,False,80,0.6783334560756121,0,0,1,never_grasped,0,False,22,,,,,0,0,False,0,0,False,False,0.6416125893592834,-0.22015804052352905,0.8405761122703552,0,0,0.0,0,False,False,,False,80
pick_coke_can,pick_coke_can/condition_0009,9,22,False,80,0.6783334560756121,0,0,1,never_grasped,0,False,23,,,,,0,0,False,0,0,False,False,0.6416125893592834,-0.22015804052352905,0.8405761122703552,0,0,0.0,0,False,False,,False,80
pick_coke_can,pick_coke_can/condition_0009,9,23,False,80,0.6783334560756121,0,0,1,never_grasped,0,False,24,,,,,0,0,False,0,0,False,False,0.6416125893592834,-0.22015804052352905,0.8405761122703552,0,0,0.0,0,False,False,,False,80
pick_coke_can,pick_coke_can/condition_0009,9,24,False,80,0.6783334560756121,0,0,1,never_grasped,0,False,25,,,,,0,0,False,0,0,False,False,0.6416125893592834,-0.22015804052352905,0.8405761122703552,0,0,0.0,0,False,False,,False,80
pick_coke_can,pick_coke_can/condition_0009,9,25,False,80,0.6783334560756121,0,0,1,never_grasped,0,False,26,,,,,0,0,False,0,0,False,False,0.6416125893592834,-0.22015804052352905,0.8405761122703552,0,0,0.0,0,False,False,,False,80
pick_coke_can,pick_coke_can/condition_0009,9,26,False,80,0.6783334560756121,0,0,1,never_grasped,0,False,27,,,,,0,0,False,0,0,False,False,0.6416125893592834,-0.22015804052352905,0.8405761122703552,0,0,0.0,0,False,False,,False,80
pick_coke_can,pick_coke_can/condition_0009,9,27,False,80,0.6783334560756121,0,0,1,never_grasped,0,False,28,,,,,0,0,False,0,0,False,False,0.6416125893592834,-0.22015804052352905,0.8405761122703552,0,0,0.0,0,False,False,,False,80
pick_coke_can,pick_coke_can/condition_0009,9,28,False,80,0.6783334560756121,0,0,1,never_grasped,0,False,29,,,,,0,0,False,0,0,False,False,0.6416125893592834,-0.22015804052352905,0.8405761122703552,0,0,0.0,0,False,False,,False,80
pick_coke_can,pick_coke_can/condition_0009,9,29,False,80,0.6783334560756121,0,0,1,never_grasped,0,False,30,,,,,0,0,False,0,0,False,False,0.6416125893592834,-0.22015804052352905,0.8405761122703552,0,0,0.0,0,False,False,,False,80
pick_coke_can,pick_coke_can/condition_0009,9,30,False,80,0.6783334560756121,0,0,1,never_grasped,0,False,31,,,,,0,0,False,0,0,False,False,0.6416125893592834,-0.22015804052352905,0.8405761122703552,0,0,0.0,0,False,False,,False,80
pick_coke_can,pick_coke_can/condition_0009,9,31,False,80,0.6783334560756121,0,0,1,never_grasped,0,False,32,,,,,0,0,False,0,0,False,False,0.6416125893592834,-0.22015804052352905,0.8405761122703552,0,0,0.0,0,False,False,,False,80
pick_coke_can,pick_coke_can/condition_0009,9,32,False,80,0.6783334560756121,0,0,1,never_grasped,0,False,33,,,,,0,0,False,0,0,False,False,0.6416125893592834,-0.22015804052352905,0.8405761122703552,0,0,0.0,0,False,False,,False,80
pick_coke_can,pick_coke_can/condition_0009,9,33,False,80,0.6783334560756121,0,0,1,never_grasped,0,False,34,,,,,0,0,False,0,0,False,False,0.6416125893592834,-0.22015804052352905,0.8405761122703552,0,0,0.0,0,False,False,,False,80
pick_coke_can,pick_coke_can/condition_0009,9,34,False,80,0.6783334560756121,0,0,1,never_grasped,0,False,35,,,,,0,0,False,0,0,False,False,0.6416125893592834,-0.22015804052352905,0.8405761122703552,0,0,0.0,0,False,False,,False,80
pick_coke_can,pick_coke_can/condition_0009,9,35,False,80,0.6783334560756121,0,0,1,never_grasped,0,False,36,,,,,0,0,False,0,0,False,False,0.6416125893592834,-0.22015804052352905,0.8405761122703552,0,0,0.0,0,False,False,,False,80
pick_coke_can,pick_coke_can/condition_0009,9,36,False,80,0.6783334560756121,0,0,1,never_grasped,0,False,37,,,,,0,0,False,0,0,False,False,0.6416125893592834,-0.22015804052352905,0.8405761122703552,0,0,0.0,0,False,False,,False,80
pick_coke_can,pick_coke_can/condition_0009,9,37,False,80,0.6783334560756121,0,0,1,never_grasped,0,False,38,,,,,0,0,False,0,0,False,False,0.6416125893592834,-0.22015804052352905,0.8405761122703552,0,0,0.0,0,False,False,,False,80
pick_coke_can,pick_coke_can/condition_0009,9,38,False,80,0.6783334560756121,0,0,1,never_grasped,0,False,39,,,,,0,0,False,0,0,False,False,0.6416125893592834,-0.22015804052352905,0.8405761122703552,0,0,0.0,0,False,False,,False,80
pick_coke_can,pick_coke_can/condition_0009,9,39,False,80,0.6783334560756121,0,0,1,never_grasped,0,False,40,,,,,0,0,False,0,0,False,False,0.6416125893592834,-0.22015804052352905,0.8405761122703552,0,0,0.0,0,False,False,,False,80
pick_coke_can,pick_coke_can/condition_0009,9,40,False,80,0.6783334560756121,0,0,1,never_grasped,0,False,41,,,,,0,0,False,0,0,False,False,0.6416125893592834,-0.22015804052352905,0.8405761122703552,0,0,0.0,0,False,False,,False,80
pick_coke_can,pick_coke_can/condition_0009,9,41,False,80,0.6783334560756121,0,0,1,never_grasped,0,False,42,,,,,0,0,False,0,0,False,False,0.6416125893592834,-0.22015804052352905,0.8405761122703552,0,0,0.0,0,False,False,,False,80
pick_coke_can,pick_coke_can/condition_0009,9,42,False,80,0.6783334560756121,0,0,1,never_grasped,0,False,43,,,,,0,0,False,0,0,False,False,0.6416125893592834,-0.22015804052352905,0.8405761122703552,0,0,0.0,0,False,False,,False,80
pick_coke_can,pick_coke_can/condition_0009,9,43,False,80,0.6783334560756121,0,0,1,never_grasped,0,False,44,,,,,0,0,False,0,0,False,False,0.6416125893592834,-0.22015804052352905,0.8405761122703552,0,0,0.0,0,False,False,,False,80
pick_coke_can,pick_coke_can/condition_0009,9,44,False,80,0.6783334560756121,0,0,1,never_grasped,0,False,45,,,,,0,0,False,0,0,False,False,0.6416125893592834,-0.22015804052352905,0.8405761122703552,0,0,0.0,0,False,False,,False,80
pick_coke_can,pick_coke_can/condition_0009,9,45,False,80,0.6783334560756121,0,0,1,never_grasped,0,False,46,,,,,0,0,False,0,0,False,False,0.6416125893592834,-0.22015804052352905,0.8405761122703552,0,0,0.0,0,False,False,,False,80
pick_coke_can,pick_coke_can/condition_0009,9,46,False,80,0.6783334560756121,0,0,1,never_grasped,0,False,47,,,,,0,0,False,0,0,False,False,0.6416125893592834,-0.22015804052352905,0.8405761122703552,0,0,0.0,0,False,False,,False,80
pick_coke_can,pick_coke_can/condition_0009,9,47,False,80,0.6783334560756121,0,0,1,never_grasped,0,False,48,,,,,0,0,False,0,0,False,False,0.6416125893592834,-0.22015804052352905,0.8405761122703552,0,0,0.0,0,False,False,,False,80
pick_coke_can,pick_coke_can/condition_0009,9,48,False,80,0.6783334560756121,0,0,1,never_grasped,0,False,49,,,,,0,0,False,0,0,False,False,0.6416125893592834,-0.22015804052352905,0.8405761122703552,0,0,0.0,0,False,False,,False,80
pick_coke_can,pick_coke_can/condition_0009,9,49,False,80,0.6783334560756121,0,0,1,never_grasped,0,False,50,,,,,0,0,False,0,0,False,False,0.6416125893592834,-0.22015804052352905,0.8405761122703552,0,0,0.0,0,False,False,,False,80
pick_coke_can,pick_coke_can/condition_0009,9,50,False,80,0.6783334560756121,0,0,1,never_grasped,0,False,51,,,,,0,0,False,0,0,False,False,0.6416125893592834,-0.22015804052352905,0.8405761122703552,0,0,0.0,0,False,False,,False,80
pick_coke_can,pick_coke_can/condition_0009,9,51,False,80,0.6783334560756121,0,0,1,never_grasped,0,False,52,,,,,0,0,False,0,0,False,False,0.6416125893592834,-0.22015804052352905,0.8405761122703552,0,0,0.0,0,False,False,,False,80
pick_coke_can,pick_coke_can/condition_0009,9,52,False,80,0.6783334560756121,0,0,1,never_grasped,0,False,53,,,,,0,0,False,0,0,False,False,0.6416125893592834,-0.22015804052352905,0.8405761122703552,0,0,0.0,0,False,False,,False,80
pick_coke_can,pick_coke_can/condition_0009,9,53,False,80,0.6783334560756121,0,0,1,never_grasped,0,False,54,,,,,0,0,False,0,0,False,False,0.6416125893592834,-0.22015804052352905,0.8405761122703552,0,0,0.0,0,False,False,,False,80
pick_coke_can,pick_coke_can/condition_0009,9,54,False,80,0.6783334560756121,0,0,1,never_grasped,0,False,55,,,,,0,0,False,0,0,False,False,0.6416125893592834,-0.22015804052352905,0.8405761122703552,0,0,0.0,0,False,False,,False,80
pick_coke_can,pick_coke_can/condition_0009,9,55,False,80,0.6783334560756121,0,0,1,never_grasped,0,False,56,,,,,0,0,False,0,0,False,False,0.6416125893592834,-0.22015804052352905,0.8405761122703552,0,0,0.0,0,False,False,,False,80
pick_coke_can,pick_coke_can/condition_0009,9,56,False,80,0.6783334560756121,0,0,1,never_grasped,0,False,57,,,,,0,0,False,0,0,False,False,0.6416125893592834,-0.22015804052352905,0.8405761122703552,0,0,0.0,0,False,False,,False,80
pick_coke_can,pick_coke_can/condition_0009,9,57,False,80,0.6783334560756121,0,0,1,never_grasped,0,False,58,,,,,0,0,False,0,0,False,False,0.6416125893592834,-0.22015804052352905,0.8405761122703552,0,0,0.0,0,False,False,,False,80
pick_coke_can,pick_coke_can/condition_0009,9,58,False,80,0.6783334560756121,0,0,1,never_grasped,0,False,59,,,,,0,0,False,0,0,False,False,0.6416125893592834,-0.22015804052352905,0.8405761122703552,0,0,0.0,0,False,False,,False,80
pick_coke_can,pick_coke_can/condition_0009,9,59,False,80,0.6783334560756121,0,0,1,never_grasped,0,False,60,,,,,0,0,False,0,0,False,False,0.6416125893592834,-0.22015804052352905,0.8405761122703552,0,0,0.0,0,False,False,,False,80
pick_coke_can,pick_coke_can/condition_0009,9,60,False,80,0.6783334560756121,0,0,1,never_grasped,0,False,61,,,,,0,0,False,0,0,False,False,0.6416125893592834,-0.22015804052352905,0.8405761122703552,0,0,0.0,0,False,False,,False,80
pick_coke_can,pick_coke_can/condition_0009,9,61,False,80,0.6783334560756121,0,0,1,never_grasped,0,False,62,,,,,0,0,False,0,0,False,False,0.6416125893592834,-0.22015804052352905,0.8405761122703552,0,0,0.0,0,False,False,,False,80
pick_coke_can,pick_coke_can/condition_0009,9,62,False,80,0.6783334560756121,0,0,1,never_grasped,0,False,63,,,,,0,0,False,0,0,False,False,0.6416125893592834,-0.22015804052352905,0.8405761122703552,0,0,0.0,0,False,False,,False,80
pick_coke_can,pick_coke_can/condition_0009,9,63,False,80,0.6783334560756121,0,0,1,never_grasped,0,False,64,,,,,0,0,False,0,0,False,False,0.6416125893592834,-0.22015804052352905,0.8405761122703552,0,0,0.0,0,False,False,,False,80
pick_coke_can,pick_coke_can/condition_0009,9,64,False,80,0.6783334560756121,0,0,1,never_grasped,0,False,65,,,,,0,0,False,0,0,False,False,0.6416125893592834,-0.22015804052352905,0.8405761122703552,0,0,0.0,0,False,False,,False,80
pick_coke_can,pick_coke_can/condition_0009,9,65,False,80,0.6783334560756121,0,0,1,never_grasped,0,False,66,,,,,0,0,False,0,0,False,False,0.6416125893592834,-0.22015804052352905,0.8405761122703552,0,0,0.0,0,False,False,,False,80
pick_coke_can,pick_coke_can/condition_0009,9,66,False,80,0.6783334560756121,0,0,1,never_grasped,0,False,67,,,,,0,0,False,0,0,False,False,0.6416125893592834,-0.22015804052352905,0.8405761122703552,0,0,0.0,0,False,False,,False,80
pick_coke_can,pick_coke_can/condition_0009,9,67,False,80,0.6783334560756121,0,0,1,never_grasped,0,False,68,,,,,0,0,False,0,0,False,False,0.6416125893592834,-0.22015804052352905,0.8405761122703552,0,0,0.0,0,False,False,,False,80
pick_coke_can,pick_coke_can/condition_0009,9,68,False,80,0.6783334560756121,0,0,1,never_grasped,0,False,69,,,,,0,0,False,0,0,False,False,0.6416125893592834,-0.22015804052352905,0.8405761122703552,0,0,0.0,0,False,False,,False,80
pick_coke_can,pick_coke_can/condition_0009,9,69,False,80,0.6783334560756121,0,0,1,never_grasped,0,False,70,,,,,0,0,False,0,0,False,False,0.6416125893592834,-0.22015804052352905,0.8405761122703552,0,0,0.0,0,False,False,,False,80
pick_coke_can,pick_coke_can/condition_0009,9,70,False,80,0.6783334560756121,0,0,1,never_grasped,0,False,71,,,,,0,0,False,0,0,False,False,0.6416125893592834,-0.22015804052352905,0.8405761122703552,0,0,0.0,0,False,False,,False,80
pick_coke_can,pick_coke_can/condition_0009,9,71,False,80,0.6783334560756121,0,0,1,never_grasped,0,False,72,,,,,0,0,False,0,0,False,False,0.6416125893592834,-0.22015804052352905,0.8405761122703552,0,0,0.0,0,False,False,,False,80
pick_coke_can,pick_coke_can/condition_0009,9,72,False,80,0.6783334560756121,0,0,1,never_grasped,0,False,73,,,,,0,0,False,0,0,False,False,0.6416125893592834,-0.22015804052352905,0.8405761122703552,0,0,0.0,0,False,False,,False,80
pick_coke_can,pick_coke_can/condition_0009,9,73,False,80,0.6783334560756121,0,0,1,never_grasped,0,False,74,,,,,0,0,False,0,0,False,False,0.6416125893592834,-0.22015804052352905,0.8405761122703552,0,0,0.0,0,False,False,,False,80
pick_coke_can,pick_coke_can/condition_0009,9,74,False,80,0.6783334560756121,0,0,1,never_grasped,0,False,75,,,,,0,0,False,0,0,False,False,0.6416125893592834,-0.22015804052352905,0.8405761122703552,0,0,0.0,0,False,False,,False,80
pick_coke_can,pick_coke_can/condition_0009,9,75,False,80,0.6783334560756121,0,0,1,never_grasped,0,False,76,,,,,0,0,False,0,0,False,False,0.6416125893592834,-0.22015804052352905,0.8405761122703552,0,0,0.0,0,False,False,,False,80
pick_coke_can,pick_coke_can/condition_0009,9,76,False,80,0.6783334560756121,0,0,1,never_grasped,0,False,77,,,,,0,0,False,0,0,False,False,0.6416125893592834,-0.22015804052352905,0.8405761122703552,0,0,0.0,0,False,False,,False,80
pick_coke_can,pick_coke_can/condition_0009,9,77,False,80,0.6783334560756121,0,0,1,never_grasped,0,False,78,,,,,0,0,False,0,0,False,False,0.6416125893592834,-0.22015804052352905,0.8405761122703552,0,0,0.0,0,False,False,,False,80
pick_coke_can,pick_coke_can/condition_0009,9,78,False,80,0.6783334560756121,0,0,1,never_grasped,0,False,79,,,,,0,0,False,0,0,False,False,0.6416125893592834,-0.22015804052352905,0.8405761122703552,0,0,0.0,0,False,False,,False,80
pick_coke_can,pick_coke_can/condition_0009,9,79,False,80,0.6783334560756121,0,0,1,never_grasped,0,False,80,,,,,0,0,False,0,0,False,False,0.6416125893592834,-0.22015804052352905,0.8405761122703552,0,0,0.0,0,False,False,,True,80
pick_coke_can,pick_coke_can/condition_0010,10,0,True,49,0.6241079792725428,0,0,0,success,0,False,1,48,48,48,48,1,0,False,1,0,False,False,0.5841062068939209,0.21984246373176575,0.840575635433197,0,0,0.0,1,False,False,,False,80
pick_coke_can,pick_coke_can/condition_0010,10,1,True,49,0.6241079792725428,0,0,0,success,0,False,2,48,48,48,48,1,0,False,1,0,False,False,0.5841062068939209,0.21984246373176575,0.840575635433197,0,0,0.0,1,False,False,,False,80
pick_coke_can,pick_coke_can/condition_0010,10,2,True,49,0.6241079792725428,0,0,0,success,0,False,3,48,48,48,48,1,0,False,1,0,False,False,0.5841062068939209,0.21984246373176575,0.840575635433197,0,0,0.0,1,False,False,,False,80
pick_coke_can,pick_coke_can/condition_0010,10,3,True,49,0.6241079792725428,0,0,0,success,0,False,4,48,48,48,48,1,0,False,1,0,False,False,0.5841062068939209,0.21984246373176575,0.840575635433197,0,0,0.0,1,False,False,,False,80
pick_coke_can,pick_coke_can/condition_0010,10,4,True,49,0.6241079792725428,0,0,0,success,0,False,5,48,48,48,48,1,0,False,1,0,False,False,0.5841062068939209,0.21984246373176575,0.840575635433197,0,0,0.0,1,False,False,,False,80
pick_coke_can,pick_coke_can/condition_0010,10,5,True,49,0.6241079792725428,0,0,0,success,0,False,6,48,48,48,48,1,0,False,1,0,False,False,0.5841062068939209,0.21984246373176575,0.840575635433197,0,0,0.0,1,False,False,,False,80
pick_coke_can,pick_coke_can/condition_0010,10,6,True,49,0.6241079792725428,0,0,0,success,0,False,7,48,48,48,48,1,0,False,1,0,False,False,0.5841062068939209,0.21984246373176575,0.840575635433197,0,0,0.0,1,False,False,,False,80
pick_coke_can,pick_coke_can/condition_0010,10,7,True,49,0.6241079792725428,0,0,0,success,0,False,8,48,48,48,48,1,0,False,1,0,False,False,0.5841062068939209,0.21984246373176575,0.840575635433197,0,0,0.0,1,False,False,,False,80
pick_coke_can,pick_coke_can/condition_0010,10,8,True,49,0.6241079792725428,0,0,0,success,0,False,9,48,48,48,48,1,0,False,1,0,False,False,0.5841062068939209,0.21984246373176575,0.840575635433197,0,0,0.0,1,False,False,,False,80
pick_coke_can,pick_coke_can/condition_0010,10,9,True,49,0.6241079792725428,0,0,0,success,0,False,10,48,48,48,48,1,0,False,1,0,False,False,0.5841062068939209,0.21984246373176575,0.840575635433197,0,0,0.0,1,False,False,,False,80
pick_coke_can,pick_coke_can/condition_0010,10,10,True,49,0.6241079792725428,0,0,0,success,0,False,11,48,48,48,48,1,0,False,1,0,False,False,0.5841062068939209,0.21984246373176575,0.840575635433197,0,0,0.0,1,False,False,,False,80
pick_coke_can,pick_coke_can/condition_0010,10,11,True,49,0.6241079792725428,0,0,0,success,0,False,12,48,48,48,48,1,0,False,1,0,False,False,0.5841062068939209,0.21984246373176575,0.840575635433197,0,0,0.0,1,False,False,,False,80
pick_coke_can,pick_coke_can/condition_0010,10,12,True,49,0.6241079792725428,0,0,0,success,0,False,13,48,48,48,48,1,0,False,1,0,False,False,0.5841062068939209,0.21984246373176575,0.840575635433197,0,0,0.0,1,False,False,,False,80
pick_coke_can,pick_coke_can/condition_0010,10,13,True,49,0.6241079792725428,0,0,0,success,0,False,14,48,48,48,48,1,0,False,1,0,False,False,0.5841062068939209,0.21984246373176575,0.840575635433197,0,0,0.0,1,False,False,,False,80
pick_coke_can,pick_coke_can/condition_0010,10,14,True,49,0.6241079792725428,0,0,0,success,0,False,15,48,48,48,48,1,0,False,1,0,False,False,0.5841062068939209,0.21984246373176575,0.840575635433197,0,0,0.0,1,False,False,,False,80
pick_coke_can,pick_coke_can/condition_0010,10,15,True,49,0.6241079792725428,0,0,0,success,0,False,16,48,48,48,48,1,0,False,1,0,False,False,0.5841062068939209,0.21984246373176575,0.840575635433197,0,0,0.0,1,False,False,,False,80
pick_coke_can,pick_coke_can/condition_0010,10,16,True,49,0.6241079792725428,0,0,0,success,0,False,17,48,48,48,48,1,0,False,1,0,False,False,0.5841062068939209,0.21984246373176575,0.840575635433197,0,0,0.0,1,False,False,,False,80
pick_coke_can,pick_coke_can/condition_0010,10,17,True,49,0.6241079792725428,0,0,0,success,0,False,18,48,48,48,48,1,0,False,1,0,False,False,0.5841062068939209,0.21984246373176575,0.840575635433197,0,0,0.0,1,False,False,,False,80
pick_coke_can,pick_coke_can/condition_0010,10,18,True,49,0.6241079792725428,0,0,0,success,0,False,19,48,48,48,48,1,0,False,1,0,False,False,0.5841062068939209,0.21984246373176575,0.840575635433197,0,0,0.0,1,False,False,,False,80
pick_coke_can,pick_coke_can/condition_0010,10,19,True,49,0.6241079792725428,0,0,0,success,0,False,20,48,48,48,48,1,0,False,1,0,False,False,0.5841062068939209,0.21984246373176575,0.840575635433197,0,0,0.0,1,False,False,,False,80
pick_coke_can,pick_coke_can/condition_0010,10,20,True,49,0.6241079792725428,0,0,0,success,0,False,21,48,48,48,48,1,0,False,1,0,False,False,0.5841062068939209,0.21984246373176575,0.840575635433197,0,0,0.0,1,False,False,,False,80
pick_coke_can,pick_coke_can/condition_0010,10,21,True,49,0.6241079792725428,0,0,0,success,0,False,22,48,48,48,48,1,0,False,1,0,False,False,0.5841062068939209,0.21984246373176575,0.840575635433197,0,0,0.0,1,False,False,,False,80
pick_coke_can,pick_coke_can/condition_0010,10,22,True,49,0.6241079792725428,0,0,0,success,0,False,23,48,48,48,48,1,0,False,1,0,False,False,0.5841062068939209,0.21984246373176575,0.840575635433197,0,0,0.0,1,False,False,,False,80
pick_coke_can,pick_coke_can/condition_0010,10,23,True,49,0.6241079792725428,0,0,0,success,0,False,24,48,48,48,48,1,0,False,1,0,False,False,0.5841062068939209,0.21984246373176575,0.840575635433197,0,0,0.0,1,False,False,,False,80
pick_coke_can,pick_coke_can/condition_0010,10,24,True,49,0.6241079792725428,0,0,0,success,0,False,25,48,48,48,48,1,0,False,1,0,False,False,0.5841062068939209,0.21984246373176575,0.840575635433197,0,0,0.0,1,False,False,,False,80
pick_coke_can,pick_coke_can/condition_0010,10,25,True,49,0.6241079792725428,0,0,0,success,0,False,26,48,48,48,48,1,0,False,1,0,False,False,0.5841062068939209,0.21984246373176575,0.840575635433197,0,0,0.0,1,False,False,,False,80
pick_coke_can,pick_coke_can/condition_0010,10,26,True,49,0.6241079792725428,0,0,0,success,0,False,27,48,48,48,48,1,0,False,1,0,False,False,0.5841062068939209,0.21984246373176575,0.840575635433197,0,0,0.0,1,False,False,,False,80
pick_coke_can,pick_coke_can/condition_0010,10,27,True,49,0.6241079792725428,0,0,0,success,0,False,28,48,48,48,48,1,0,False,1,0,False,False,0.5841062068939209,0.21984246373176575,0.840575635433197,0,0,0.0,1,False,False,,False,80
pick_coke_can,pick_coke_can/condition_0010,10,28,True,49,0.6241079792725428,0,0,0,success,0,False,29,48,48,48,48,1,0,False,1,0,False,False,0.5841062068939209,0.21984246373176575,0.840575635433197,0,0,0.0,1,False,False,,False,80
pick_coke_can,pick_coke_can/condition_0010,10,29,True,49,0.6241079792725428,0,0,0,success,0,False,30,48,48,48,48,1,0,False,1,0,False,False,0.5841062068939209,0.21984246373176575,0.840575635433197,0,0,0.0,1,False,False,,False,80
pick_coke_can,pick_coke_can/condition_0010,10,30,True,49,0.6241079792725428,0,0,0,success,0,False,31,48,48,48,48,1,0,False,1,0,False,False,0.5841062068939209,0.21984246373176575,0.840575635433197,0,0,0.0,1,False,False,,False,80
pick_coke_can,pick_coke_can/condition_0010,10,31,True,49,0.6241079792725428,0,0,0,success,0,False,32,48,48,48,48,1,0,False,1,0,False,False,0.5841062068939209,0.21984246373176575,0.840575635433197,0,0,0.0,1,False,False,,False,80
pick_coke_can,pick_coke_can/condition_0010,10,32,True,49,0.6241079792725428,0,0,0,success,0,False,33,48,48,48,48,1,0,False,1,0,False,False,0.5841062068939209,0.21984246373176575,0.840575635433197,0,0,0.0,1,False,False,,False,80
pick_coke_can,pick_coke_can/condition_0010,10,33,True,49,0.6241079792725428,0,0,0,success,0,False,34,48,48,48,48,1,0,False,1,0,False,False,0.5841062068939209,0.21984246373176575,0.840575635433197,0,0,0.0,1,False,False,,False,80
pick_coke_can,pick_coke_can/condition_0010,10,34,True,49,0.6241079792725428,0,0,0,success,0,False,35,48,48,48,48,1,0,False,1,0,False,False,0.5841062068939209,0.21984246373176575,0.840575635433197,0,0,0.0,1,False,False,,False,80
pick_coke_can,pick_coke_can/condition_0010,10,35,True,49,0.6241079792725428,0,0,0,success,0,False,36,48,48,48,48,1,0,False,1,0,False,False,0.5841062068939209,0.21984246373176575,0.840575635433197,0,0,0.0,1,False,False,,False,80
pick_coke_can,pick_coke_can/condition_0010,10,36,True,49,0.6241079792725428,0,0,0,success,0,False,37,48,48,48,48,1,0,False,1,0,False,False,0.5841062068939209,0.21984246373176575,0.840575635433197,0,0,0.0,1,False,False,,False,80
pick_coke_can,pick_coke_can/condition_0010,10,37,True,49,0.6241079792725428,0,0,0,success,0,False,38,48,48,48,48,1,0,False,1,0,False,False,0.5841062068939209,0.21984246373176575,0.840575635433197,0,0,0.0,1,False,False,,False,80
pick_coke_can,pick_coke_can/condition_0010,10,38,True,49,0.6241079792725428,0,0,0,success,0,False,39,48,48,48,48,1,0,False,1,0,False,False,0.5841062068939209,0.21984246373176575,0.840575635433197,0,0,0.0,1,False,False,,False,80
pick_coke_can,pick_coke_can/condition_0010,10,39,True,49,0.6241079792725428,0,0,0,success,0,False,40,48,48,48,48,1,0,False,1,0,False,False,0.5841062068939209,0.21984246373176575,0.840575635433197,0,0,0.0,1,False,False,,False,80
pick_coke_can,pick_coke_can/condition_0010,10,40,True,49,0.6241079792725428,0,0,0,success,0,False,41,48,48,48,48,1,0,False,1,0,False,False,0.5841062068939209,0.21984246373176575,0.840575635433197,0,0,0.0,1,False,False,,False,80
pick_coke_can,pick_coke_can/condition_0010,10,41,True,49,0.6241079792725428,0,0,0,success,0,False,42,48,48,48,48,1,0,False,1,0,False,False,0.5841062068939209,0.21984246373176575,0.840575635433197,0,0,0.0,1,False,False,,False,80
pick_coke_can,pick_coke_can/condition_0010,10,42,True,49,0.6241079792725428,0,0,0,success,0,False,43,48,48,48,48,1,0,False,1,0,False,False,0.5841062068939209,0.21984246373176575,0.840575635433197,0,0,0.0,1,False,False,,False,80
pick_coke_can,pick_coke_can/condition_0010,10,43,True,49,0.6241079792725428,0,0,0,success,0,False,44,48,48,48,48,1,0,False,1,0,False,False,0.5841062068939209,0.21984246373176575,0.840575635433197,0,0,0.0,1,False,False,,False,80
pick_coke_can,pick_coke_can/condition_0010,10,44,True,49,0.6241079792725428,0,0,0,success,0,False,45,48,48,48,48,1,0,False,1,0,False,False,0.5841062068939209,0.21984246373176575,0.840575635433197,0,0,0.0,1,False,False,,False,80
pick_coke_can,pick_coke_can/condition_0010,10,45,True,49,0.6241079792725428,0,0,0,success,0,False,46,48,48,48,48,1,0,False,1,0,False,False,0.5841062068939209,0.21984246373176575,0.840575635433197,0,0,0.0,1,False,False,,False,80
pick_coke_can,pick_coke_can/condition_0010,10,46,True,49,0.6241079792725428,0,0,0,success,0,False,47,48,48,48,48,1,0,False,1,0,False,False,0.5841062068939209,0.21984246373176575,0.840575635433197,0,0,0.0,1,False,False,,False,80
pick_coke_can,pick_coke_can/condition_0010,10,47,True,49,0.6241079792725428,0,0,0,success,0,False,48,48,48,48,48,1,0,False,1,0,False,False,0.5841062068939209,0.21984246373176575,0.840575635433197,0,0,0.0,1,False,False,,False,80
pick_coke_can,pick_coke_can/condition_0010,10,48,True,49,0.6241079792725428,0,0,0,success,0,False,49,48,48,48,48,1,1,True,1,1,True,True,0.5841062068939209,0.21984246373176575,0.840575635433197,4,1,1.0,1,True,True,0,False,80
pick_coke_can,pick_coke_can/condition_0011,11,0,True,57,0.594344645140846,0,0,0,success,0,False,1,55,56,56,56,2,0,False,1,0,False,False,0.5841062068939209,0.10984305292367935,0.8405756950378418,0,0,0.0,1,False,False,,False,80
pick_coke_can,pick_coke_can/condition_0011,11,1,True,57,0.594344645140846,0,0,0,success,0,False,2,55,56,56,56,2,0,False,1,0,False,False,0.5841062068939209,0.10984305292367935,0.8405756950378418,0,0,0.0,1,False,False,,False,80
pick_coke_can,pick_coke_can/condition_0011,11,2,True,57,0.594344645140846,0,0,0,success,0,False,3,55,56,56,56,2,0,False,1,0,False,False,0.5841062068939209,0.10984305292367935,0.8405756950378418,0,0,0.0,1,False,False,,False,80
pick_coke_can,pick_coke_can/condition_0011,11,3,True,57,0.594344645140846,0,0,0,success,0,False,4,55,56,56,56,2,0,False,1,0,False,False,0.5841062068939209,0.10984305292367935,0.8405756950378418,0,0,0.0,1,False,False,,False,80
pick_coke_can,pick_coke_can/condition_0011,11,4,True,57,0.594344645140846,0,0,0,success,0,False,5,55,56,56,56,2,0,False,1,0,False,False,0.5841062068939209,0.10984305292367935,0.8405756950378418,0,0,0.0,1,False,False,,False,80
pick_coke_can,pick_coke_can/condition_0011,11,5,True,57,0.594344645140846,0,0,0,success,0,False,6,55,56,56,56,2,0,False,1,0,False,False,0.5841062068939209,0.10984305292367935,0.8405756950378418,0,0,0.0,1,False,False,,False,80
pick_coke_can,pick_coke_can/condition_0011,11,6,True,57,0.594344645140846,0,0,0,success,0,False,7,55,56,56,56,2,0,False,1,0,False,False,0.5841062068939209,0.10984305292367935,0.8405756950378418,0,0,0.0,1,False,False,,False,80
pick_coke_can,pick_coke_can/condition_0011,11,7,True,57,0.594344645140846,0,0,0,success,0,False,8,55,56,56,56,2,0,False,1,0,False,False,0.5841062068939209,0.10984305292367935,0.8405756950378418,0,0,0.0,1,False,False,,False,80
pick_coke_can,pick_coke_can/condition_0011,11,8,True,57,0.594344645140846,0,0,0,success,0,False,9,55,56,56,56,2,0,False,1,0,False,False,0.5841062068939209,0.10984305292367935,0.8405756950378418,0,0,0.0,1,False,False,,False,80
pick_coke_can,pick_coke_can/condition_0011,11,9,True,57,0.594344645140846,0,0,0,success,0,False,10,55,56,56,56,2,0,False,1,0,False,False,0.5841062068939209,0.10984305292367935,0.8405756950378418,0,0,0.0,1,False,False,,False,80
pick_coke_can,pick_coke_can/condition_0011,11,10,True,57,0.594344645140846,0,0,0,success,0,False,11,55,56,56,56,2,0,False,1,0,False,False,0.5841062068939209,0.10984305292367935,0.8405756950378418,0,0,0.0,1,False,False,,False,80
pick_coke_can,pick_coke_can/condition_0011,11,11,True,57,0.594344645140846,0,0,0,success,0,False,12,55,56,56,56,2,0,False,1,0,False,False,0.5841062068939209,0.10984305292367935,0.8405756950378418,0,0,0.0,1,False,False,,False,80
pick_coke_can,pick_coke_can/condition_0011,11,12,True,57,0.594344645140846,0,0,0,success,0,False,13,55,56,56,56,2,0,False,1,0,False,False,0.5841062068939209,0.10984305292367935,0.8405756950378418,0,0,0.0,1,False,False,,False,80
pick_coke_can,pick_coke_can/condition_0011,11,13,True,57,0.594344645140846,0,0,0,success,0,False,14,55,56,56,56,2,0,False,1,0,False,False,0.5841062068939209,0.10984305292367935,0.8405756950378418,0,0,0.0,1,False,False,,False,80
pick_coke_can,pick_coke_can/condition_0011,11,14,True,57,0.594344645140846,0,0,0,success,0,False,15,55,56,56,56,2,0,False,1,0,False,False,0.5841062068939209,0.10984305292367935,0.8405756950378418,0,0,0.0,1,False,False,,False,80
pick_coke_can,pick_coke_can/condition_0011,11,15,True,57,0.594344645140846,0,0,0,success,0,False,16,55,56,56,56,2,0,False,1,0,False,False,0.5841062068939209,0.10984305292367935,0.8405756950378418,0,0,0.0,1,False,False,,False,80
pick_coke_can,pick_coke_can/condition_0011,11,16,True,57,0.594344645140846,0,0,0,success,0,False,17,55,56,56,56,2,0,False,1,0,False,False,0.5841062068939209,0.10984305292367935,0.8405756950378418,0,0,0.0,1,False,False,,False,80
pick_coke_can,pick_coke_can/condition_0011,11,17,True,57,0.594344645140846,0,0,0,success,0,False,18,55,56,56,56,2,0,False,1,0,False,False,0.5841062068939209,0.10984305292367935,0.8405756950378418,0,0,0.0,1,False,False,,False,80
pick_coke_can,pick_coke_can/condition_0011,11,18,True,57,0.594344645140846,0,0,0,success,0,False,19,55,56,56,56,2,0,False,1,0,False,False,0.5841062068939209,0.10984305292367935,0.8405756950378418,0,0,0.0,1,False,False,,False,80
pick_coke_can,pick_coke_can/condition_0011,11,19,True,57,0.594344645140846,0,0,0,success,0,False,20,55,56,56,56,2,0,False,1,0,False,False,0.5841062068939209,0.10984305292367935,0.8405756950378418,0,0,0.0,1,False,False,,False,80
pick_coke_can,pick_coke_can/condition_0011,11,20,True,57,0.594344645140846,0,0,0,success,0,False,21,55,56,56,56,2,0,False,1,0,False,False,0.5841062068939209,0.10984305292367935,0.8405756950378418,0,0,0.0,1,False,False,,False,80
pick_coke_can,pick_coke_can/condition_0011,11,21,True,57,0.594344645140846,0,0,0,success,0,False,22,55,56,56,56,2,0,False,1,0,False,False,0.5841062068939209,0.10984305292367935,0.8405756950378418,0,0,0.0,1,False,False,,False,80
pick_coke_can,pick_coke_can/condition_0011,11,22,True,57,0.594344645140846,0,0,0,success,0,False,23,55,56,56,56,2,0,False,1,0,False,False,0.5841062068939209,0.10984305292367935,0.8405756950378418,0,0,0.0,1,False,False,,False,80
pick_coke_can,pick_coke_can/condition_0011,11,23,True,57,0.594344645140846,0,0,0,success,0,False,24,55,56,56,56,2,0,False,1,0,False,False,0.5841062068939209,0.10984305292367935,0.8405756950378418,0,0,0.0,1,False,False,,False,80
pick_coke_can,pick_coke_can/condition_0011,11,24,True,57,0.594344645140846,0,0,0,success,0,False,25,55,56,56,56,2,0,False,1,0,False,False,0.5841062068939209,0.10984305292367935,0.8405756950378418,0,0,0.0,1,False,False,,False,80
pick_coke_can,pick_coke_can/condition_0011,11,25,True,57,0.594344645140846,0,0,0,success,0,False,26,55,56,56,56,2,0,False,1,0,False,False,0.5841062068939209,0.10984305292367935,0.8405756950378418,0,0,0.0,1,False,False,,False,80
pick_coke_can,pick_coke_can/condition_0011,11,26,True,57,0.594344645140846,0,0,0,success,0,False,27,55,56,56,56,2,0,False,1,0,False,False,0.5841062068939209,0.10984305292367935,0.8405756950378418,0,0,0.0,1,False,False,,False,80
pick_coke_can,pick_coke_can/condition_0011,11,27,True,57,0.594344645140846,0,0,0,success,0,False,28,55,56,56,56,2,0,False,1,0,False,False,0.5841062068939209,0.10984305292367935,0.8405756950378418,0,0,0.0,1,False,False,,False,80
pick_coke_can,pick_coke_can/condition_0011,11,28,True,57,0.594344645140846,0,0,0,success,0,False,29,55,56,56,56,2,0,False,1,0,False,False,0.5841062068939209,0.10984305292367935,0.8405756950378418,0,0,0.0,1,False,False,,False,80
pick_coke_can,pick_coke_can/condition_0011,11,29,True,57,0.594344645140846,0,0,0,success,0,False,30,55,56,56,56,2,0,False,1,0,False,False,0.5841062068939209,0.10984305292367935,0.8405756950378418,0,0,0.0,1,False,False,,False,80
pick_coke_can,pick_coke_can/condition_0011,11,30,True,57,0.594344645140846,0,0,0,success,0,False,31,55,56,56,56,2,0,False,1,0,False,False,0.5841062068939209,0.10984305292367935,0.8405756950378418,0,0,0.0,1,False,False,,False,80
pick_coke_can,pick_coke_can/condition_0011,11,31,True,57,0.594344645140846,0,0,0,success,0,False,32,55,56,56,56,2,0,False,1,0,False,False,0.5841062068939209,0.10984305292367935,0.8405756950378418,0,0,0.0,1,False,False,,False,80
pick_coke_can,pick_coke_can/condition_0011,11,32,True,57,0.594344645140846,0,0,0,success,0,False,33,55,56,56,56,2,0,False,1,0,False,False,0.5841062068939209,0.10984305292367935,0.8405756950378418,0,0,0.0,1,False,False,,False,80
pick_coke_can,pick_coke_can/condition_0011,11,33,True,57,0.594344645140846,0,0,0,success,0,False,34,55,56,56,56,2,0,False,1,0,False,False,0.5841062068939209,0.10984305292367935,0.8405756950378418,0,0,0.0,1,False,False,,False,80
pick_coke_can,pick_coke_can/condition_0011,11,34,True,57,0.594344645140846,0,0,0,success,0,False,35,55,56,56,56,2,0,False,1,0,False,False,0.5841062068939209,0.10984305292367935,0.8405756950378418,0,0,0.0,1,False,False,,False,80
pick_coke_can,pick_coke_can/condition_0011,11,35,True,57,0.594344645140846,0,0,0,success,0,False,36,55,56,56,56,2,0,False,1,0,False,False,0.5841062068939209,0.10984305292367935,0.8405756950378418,0,0,0.0,1,False,False,,False,80
pick_coke_can,pick_coke_can/condition_0011,11,36,True,57,0.594344645140846,0,0,0,success,0,False,37,55,56,56,56,2,0,False,1,0,False,False,0.5841062068939209,0.10984305292367935,0.8405756950378418,0,0,0.0,1,False,False,,False,80
pick_coke_can,pick_coke_can/condition_0011,11,37,True,57,0.594344645140846,0,0,0,success,0,False,38,55,56,56,56,2,0,False,1,0,False,False,0.5841062068939209,0.10984305292367935,0.8405756950378418,0,0,0.0,1,False,False,,False,80
pick_coke_can,pick_coke_can/condition_0011,11,38,True,57,0.594344645140846,0,0,0,success,0,False,39,55,56,56,56,2,0,False,1,0,False,False,0.5841062068939209,0.10984305292367935,0.8405756950378418,0,0,0.0,1,False,False,,False,80
pick_coke_can,pick_coke_can/condition_0011,11,39,True,57,0.594344645140846,0,0,0,success,0,False,40,55,56,56,56,2,0,False,1,0,False,False,0.5841062068939209,0.10984305292367935,0.8405756950378418,0,0,0.0,1,False,False,,False,80
pick_coke_can,pick_coke_can/condition_0011,11,40,True,57,0.594344645140846,0,0,0,success,0,False,41,55,56,56,56,2,0,False,1,0,False,False,0.5841062068939209,0.10984305292367935,0.8405756950378418,0,0,0.0,1,False,False,,False,80
pick_coke_can,pick_coke_can/condition_0011,11,41,True,57,0.594344645140846,0,0,0,success,0,False,42,55,56,56,56,2,0,False,1,0,False,False,0.5841062068939209,0.10984305292367935,0.8405756950378418,0,0,0.0,1,False,False,,False,80
pick_coke_can,pick_coke_can/condition_0011,11,42,True,57,0.594344645140846,0,0,0,success,0,False,43,55,56,56,56,2,0,False,1,0,False,False,0.5841062068939209,0.10984305292367935,0.8405756950378418,0,0,0.0,1,False,False,,False,80
pick_coke_can,pick_coke_can/condition_0011,11,43,True,57,0.594344645140846,0,0,0,success,0,False,44,55,56,56,56,2,0,False,1,0,False,False,0.5841062068939209,0.10984305292367935,0.8405756950378418,0,0,0.0,1,False,False,,False,80
pick_coke_can,pick_coke_can/condition_0011,11,44,True,57,0.594344645140846,0,0,0,success,0,False,45,55,56,56,56,2,0,False,1,0,False,False,0.5841062068939209,0.10984305292367935,0.8405756950378418,0,0,0.0,1,False,False,,False,80
pick_coke_can,pick_coke_can/condition_0011,11,45,True,57,0.594344645140846,0,0,0,success,0,False,46,55,56,56,56,2,0,False,1,0,False,False,0.5841062068939209,0.10984305292367935,0.8405756950378418,0,0,0.0,1,False,False,,False,80
pick_coke_can,pick_coke_can/condition_0011,11,46,True,57,0.594344645140846,0,0,0,success,0,False,47,55,56,56,56,2,0,False,1,0,False,False,0.5841062068939209,0.10984305292367935,0.8405756950378418,0,0,0.0,1,False,False,,False,80
pick_coke_can,pick_coke_can/condition_0011,11,47,True,57,0.594344645140846,0,0,0,success,0,False,48,55,56,56,56,2,0,False,1,0,False,False,0.5841062068939209,0.10984305292367935,0.8405756950378418,0,0,0.0,1,False,False,,False,80
pick_coke_can,pick_coke_can/condition_0011,11,48,True,57,0.594344645140846,0,0,0,success,0,False,49,55,56,56,56,2,0,False,1,0,False,False,0.5841062068939209,0.10984305292367935,0.8405756950378418,0,0,0.0,1,False,False,,False,80
pick_coke_can,pick_coke_can/condition_0011,11,49,True,57,0.594344645140846,0,0,0,success,0,False,50,55,56,56,56,2,0,False,1,0,False,False,0.5841062068939209,0.10984305292367935,0.8405756950378418,0,0,0.0,1,False,False,,False,80
pick_coke_can,pick_coke_can/condition_0011,11,50,True,57,0.594344645140846,0,0,0,success,0,False,51,55,56,56,56,2,0,False,1,0,False,False,0.5841062068939209,0.10984305292367935,0.8405756950378418,0,0,0.0,1,False,False,,False,80
pick_coke_can,pick_coke_can/condition_0011,11,51,True,57,0.594344645140846,0,0,0,success,0,False,52,55,56,56,56,2,0,False,1,0,False,False,0.5841062068939209,0.10984305292367935,0.8405756950378418,0,0,0.0,1,False,False,,False,80
pick_coke_can,pick_coke_can/condition_0011,11,52,True,57,0.594344645140846,0,0,0,success,0,False,53,55,56,56,56,2,0,False,1,0,False,False,0.5841062068939209,0.10984305292367935,0.8405756950378418,0,0,0.0,1,False,False,,False,80
pick_coke_can,pick_coke_can/condition_0011,11,53,True,57,0.594344645140846,0,0,0,success,0,False,54,55,56,56,56,2,0,False,1,0,False,False,0.5841062068939209,0.10984305292367935,0.8405756950378418,0,0,0.0,1,False,False,,False,80
pick_coke_can,pick_coke_can/condition_0011,11,54,True,57,0.594344645140846,0,0,0,success,0,False,55,55,56,56,56,2,0,False,1,0,False,False,0.5841062068939209,0.10984305292367935,0.8405756950378418,0,0,0.0,1,False,False,,False,80
pick_coke_can,pick_coke_can/condition_0011,11,55,True,57,0.594344645140846,0,0,0,success,0,False,56,55,56,56,56,2,1,True,1,0,False,False,0.5841062068939209,0.10984305292367935,0.8405756950378418,1,1,0.0,1,False,False,0,False,80
pick_coke_can,pick_coke_can/condition_0011,11,56,True,57,0.594344645140846,0,0,0,success,0,False,57,55,56,56,56,2,2,True,1,1,True,True,0.5841062068939209,0.10984305292367935,0.8405756950378418,4,1,1.0,1,True,True,1,False,80
pick_coke_can,pick_coke_can/condition_0012,12,0,True,34,0.584142466755902,0,0,0,success,0,False,1,33,33,33,33,1,0,False,1,0,False,False,0.5841424465179443,-0.00015376508235931396,0.8405779004096985,0,0,0.0,1,False,False,,False,80
pick_coke_can,pick_coke_can/condition_0012,12,1,True,34,0.584142466755902,0,0,0,success,0,False,2,33,33,33,33,1,0,False,1,0,False,False,0.5841424465179443,-0.00015376508235931396,0.8405779004096985,0,0,0.0,1,False,False,,False,80
pick_coke_can,pick_coke_can/condition_0012,12,2,True,34,0.584142466755902,0,0,0,success,0,False,3,33,33,33,33,1,0,False,1,0,False,False,0.5841424465179443,-0.00015376508235931396,0.8405779004096985,0,0,0.0,1,False,False,,False,80
pick_coke_can,pick_coke_can/condition_0012,12,3,True,34,0.584142466755902,0,0,0,success,0,False,4,33,33,33,33,1,0,False,1,0,False,False,0.5841424465179443,-0.00015376508235931396,0.8405779004096985,0,0,0.0,1,False,False,,False,80
pick_coke_can,pick_coke_can/condition_0012,12,4,True,34,0.584142466755902,0,0,0,success,0,False,5,33,33,33,33,1,0,False,1,0,False,False,0.5841424465179443,-0.00015376508235931396,0.8405779004096985,0,0,0.0,1,False,False,,False,80
pick_coke_can,pick_coke_can/condition_0012,12,5,True,34,0.584142466755902,0,0,0,success,0,False,6,33,33,33,33,1,0,False,1,0,False,False,0.5841424465179443,-0.00015376508235931396,0.8405779004096985,0,0,0.0,1,False,False,,False,80
pick_coke_can,pick_coke_can/condition_0012,12,6,True,34,0.584142466755902,0,0,0,success,0,False,7,33,33,33,33,1,0,False,1,0,False,False,0.5841424465179443,-0.00015376508235931396,0.8405779004096985,0,0,0.0,1,False,False,,False,80
pick_coke_can,pick_coke_can/condition_0012,12,7,True,34,0.584142466755902,0,0,0,success,0,False,8,33,33,33,33,1,0,False,1,0,False,False,0.5841424465179443,-0.00015376508235931396,0.8405779004096985,0,0,0.0,1,False,False,,False,80
pick_coke_can,pick_coke_can/condition_0012,12,8,True,34,0.584142466755902,0,0,0,success,0,False,9,33,33,33,33,1,0,False,1,0,False,False,0.5841424465179443,-0.00015376508235931396,0.8405779004096985,0,0,0.0,1,False,False,,False,80
pick_coke_can,pick_coke_can/condition_0012,12,9,True,34,0.584142466755902,0,0,0,success,0,False,10,33,33,33,33,1,0,False,1,0,False,False,0.5841424465179443,-0.00015376508235931396,0.8405779004096985,0,0,0.0,1,False,False,,False,80
pick_coke_can,pick_coke_can/condition_0012,12,10,True,34,0.584142466755902,0,0,0,success,0,False,11,33,33,33,33,1,0,False,1,0,False,False,0.5841424465179443,-0.00015376508235931396,0.8405779004096985,0,0,0.0,1,False,False,,False,80
pick_coke_can,pick_coke_can/condition_0012,12,11,True,34,0.584142466755902,0,0,0,success,0,False,12,33,33,33,33,1,0,False,1,0,False,False,0.5841424465179443,-0.00015376508235931396,0.8405779004096985,0,0,0.0,1,False,False,,False,80
pick_coke_can,pick_coke_can/condition_0012,12,12,True,34,0.584142466755902,0,0,0,success,0,False,13,33,33,33,33,1,0,False,1,0,False,False,0.5841424465179443,-0.00015376508235931396,0.8405779004096985,0,0,0.0,1,False,False,,False,80
pick_coke_can,pick_coke_can/condition_0012,12,13,True,34,0.584142466755902,0,0,0,success,0,False,14,33,33,33,33,1,0,False,1,0,False,False,0.5841424465179443,-0.00015376508235931396,0.8405779004096985,0,0,0.0,1,False,False,,False,80
pick_coke_can,pick_coke_can/condition_0012,12,14,True,34,0.584142466755902,0,0,0,success,0,False,15,33,33,33,33,1,0,False,1,0,False,False,0.5841424465179443,-0.00015376508235931396,0.8405779004096985,0,0,0.0,1,False,False,,False,80
pick_coke_can,pick_coke_can/condition_0012,12,15,True,34,0.584142466755902,0,0,0,success,0,False,16,33,33,33,33,1,0,False,1,0,False,False,0.5841424465179443,-0.00015376508235931396,0.8405779004096985,0,0,0.0,1,False,False,,False,80
pick_coke_can,pick_coke_can/condition_0012,12,16,True,34,0.584142466755902,0,0,0,success,0,False,17,33,33,33,33,1,0,False,1,0,False,False,0.5841424465179443,-0.00015376508235931396,0.8405779004096985,0,0,0.0,1,False,False,,False,80
pick_coke_can,pick_coke_can/condition_0012,12,17,True,34,0.584142466755902,0,0,0,success,0,False,18,33,33,33,33,1,0,False,1,0,False,False,0.5841424465179443,-0.00015376508235931396,0.8405779004096985,0,0,0.0,1,False,False,,False,80
pick_coke_can,pick_coke_can/condition_0012,12,18,True,34,0.584142466755902,0,0,0,success,0,False,19,33,33,33,33,1,0,False,1,0,False,False,0.5841424465179443,-0.00015376508235931396,0.8405779004096985,0,0,0.0,1,False,False,,False,80
pick_coke_can,pick_coke_can/condition_0012,12,19,True,34,0.584142466755902,0,0,0,success,0,False,20,33,33,33,33,1,0,False,1,0,False,False,0.5841424465179443,-0.00015376508235931396,0.8405779004096985,0,0,0.0,1,False,False,,False,80
pick_coke_can,pick_coke_can/condition_0012,12,20,True,34,0.584142466755902,0,0,0,success,0,False,21,33,33,33,33,1,0,False,1,0,False,False,0.5841424465179443,-0.00015376508235931396,0.8405779004096985,0,0,0.0,1,False,False,,False,80
pick_coke_can,pick_coke_can/condition_0012,12,21,True,34,0.584142466755902,0,0,0,success,0,False,22,33,33,33,33,1,0,False,1,0,False,False,0.5841424465179443,-0.00015376508235931396,0.8405779004096985,0,0,0.0,1,False,False,,False,80
pick_coke_can,pick_coke_can/condition_0012,12,22,True,34,0.584142466755902,0,0,0,success,0,False,23,33,33,33,33,1,0,False,1,0,False,False,0.5841424465179443,-0.00015376508235931396,0.8405779004096985,0,0,0.0,1,False,False,,False,80
pick_coke_can,pick_coke_can/condition_0012,12,23,True,34,0.584142466755902,0,0,0,success,0,False,24,33,33,33,33,1,0,False,1,0,False,False,0.5841424465179443,-0.00015376508235931396,0.8405779004096985,0,0,0.0,1,False,False,,False,80
pick_coke_can,pick_coke_can/condition_0012,12,24,True,34,0.584142466755902,0,0,0,success,0,False,25,33,33,33,33,1,0,False,1,0,False,False,0.5841424465179443,-0.00015376508235931396,0.8405779004096985,0,0,0.0,1,False,False,,False,80
pick_coke_can,pick_coke_can/condition_0012,12,25,True,34,0.584142466755902,0,0,0,success,0,False,26,33,33,33,33,1,0,False,1,0,False,False,0.5841424465179443,-0.00015376508235931396,0.8405779004096985,0,0,0.0,1,False,False,,False,80
pick_coke_can,pick_coke_can/condition_0012,12,26,True,34,0.584142466755902,0,0,0,success,0,False,27,33,33,33,33,1,0,False,1,0,False,False,0.5841424465179443,-0.00015376508235931396,0.8405779004096985,0,0,0.0,1,False,False,,False,80
pick_coke_can,pick_coke_can/condition_0012,12,27,True,34,0.584142466755902,0,0,0,success,0,False,28,33,33,33,33,1,0,False,1,0,False,False,0.5841424465179443,-0.00015376508235931396,0.8405779004096985,0,0,0.0,1,False,False,,False,80
pick_coke_can,pick_coke_can/condition_0012,12,28,True,34,0.584142466755902,0,0,0,success,0,False,29,33,33,33,33,1,0,False,1,0,False,False,0.5841424465179443,-0.00015376508235931396,0.8405779004096985,0,0,0.0,1,False,False,,False,80
pick_coke_can,pick_coke_can/condition_0012,12,29,True,34,0.584142466755902,0,0,0,success,0,False,30,33,33,33,33,1,0,False,1,0,False,False,0.5841424465179443,-0.00015376508235931396,0.8405779004096985,0,0,0.0,1,False,False,,False,80
pick_coke_can,pick_coke_can/condition_0012,12,30,True,34,0.584142466755902,0,0,0,success,0,False,31,33,33,33,33,1,0,False,1,0,False,False,0.5841424465179443,-0.00015376508235931396,0.8405779004096985,0,0,0.0,1,False,False,,False,80
pick_coke_can,pick_coke_can/condition_0012,12,31,True,34,0.584142466755902,0,0,0,success,0,False,32,33,33,33,33,1,0,False,1,0,False,False,0.5841424465179443,-0.00015376508235931396,0.8405779004096985,0,0,0.0,1,False,False,,False,80
pick_coke_can,pick_coke_can/condition_0012,12,32,True,34,0.584142466755902,0,0,0,success,0,False,33,33,33,33,33,1,0,False,1,0,False,False,0.5841424465179443,-0.00015376508235931396,0.8405779004096985,0,0,0.0,1,False,False,,False,80
pick_coke_can,pick_coke_can/condition_0012,12,33,True,34,0.584142466755902,0,0,0,success,0,False,34,33,33,33,33,1,1,True,1,1,True,True,0.5841424465179443,-0.00015376508235931396,0.8405779004096985,4,1,1.0,1,True,True,0,False,80
pick_coke_can,pick_coke_can/condition_0013,13,0,False,80,0.5943980150152999,0,0,1,never_grasped,0,False,1,,,,,0,0,False,0,0,False,False,0.5841189622879028,-0.11006379127502441,0.8405757546424866,0,0,0.0,0,False,False,,False,80
pick_coke_can,pick_coke_can/condition_0013,13,1,False,80,0.5943980150152999,0,0,1,never_grasped,0,False,2,,,,,0,0,False,0,0,False,False,0.5841189622879028,-0.11006379127502441,0.8405757546424866,0,0,0.0,0,False,False,,False,80
pick_coke_can,pick_coke_can/condition_0013,13,2,False,80,0.5943980150152999,0,0,1,never_grasped,0,False,3,,,,,0,0,False,0,0,False,False,0.5841189622879028,-0.11006379127502441,0.8405757546424866,0,0,0.0,0,False,False,,False,80
pick_coke_can,pick_coke_can/condition_0013,13,3,False,80,0.5943980150152999,0,0,1,never_grasped,0,False,4,,,,,0,0,False,0,0,False,False,0.5841189622879028,-0.11006379127502441,0.8405757546424866,0,0,0.0,0,False,False,,False,80
pick_coke_can,pick_coke_can/condition_0013,13,4,False,80,0.5943980150152999,0,0,1,never_grasped,0,False,5,,,,,0,0,False,0,0,False,False,0.5841189622879028,-0.11006379127502441,0.8405757546424866,0,0,0.0,0,False,False,,False,80
pick_coke_can,pick_coke_can/condition_0013,13,5,False,80,0.5943980150152999,0,0,1,never_grasped,0,False,6,,,,,0,0,False,0,0,False,False,0.5841189622879028,-0.11006379127502441,0.8405757546424866,0,0,0.0,0,False,False,,False,80
pick_coke_can,pick_coke_can/condition_0013,13,6,False,80,0.5943980150152999,0,0,1,never_grasped,0,False,7,,,,,0,0,False,0,0,False,False,0.5841189622879028,-0.11006379127502441,0.8405757546424866,0,0,0.0,0,False,False,,False,80
pick_coke_can,pick_coke_can/condition_0013,13,7,False,80,0.5943980150152999,0,0,1,never_grasped,0,False,8,,,,,0,0,False,0,0,False,False,0.5841189622879028,-0.11006379127502441,0.8405757546424866,0,0,0.0,0,False,False,,False,80
pick_coke_can,pick_coke_can/condition_0013,13,8,False,80,0.5943980150152999,0,0,1,never_grasped,0,False,9,,,,,0,0,False,0,0,False,False,0.5841189622879028,-0.11006379127502441,0.8405757546424866,0,0,0.0,0,False,False,,False,80
pick_coke_can,pick_coke_can/condition_0013,13,9,False,80,0.5943980150152999,0,0,1,never_grasped,0,False,10,,,,,0,0,False,0,0,False,False,0.5841189622879028,-0.11006379127502441,0.8405757546424866,0,0,0.0,0,False,False,,False,80
pick_coke_can,pick_coke_can/condition_0013,13,10,False,80,0.5943980150152999,0,0,1,never_grasped,0,False,11,,,,,0,0,False,0,0,False,False,0.5841189622879028,-0.11006379127502441,0.8405757546424866,0,0,0.0,0,False,False,,False,80
pick_coke_can,pick_coke_can/condition_0013,13,11,False,80,0.5943980150152999,0,0,1,never_grasped,0,False,12,,,,,0,0,False,0,0,False,False,0.5841189622879028,-0.11006379127502441,0.8405757546424866,0,0,0.0,0,False,False,,False,80
pick_coke_can,pick_coke_can/condition_0013,13,12,False,80,0.5943980150152999,0,0,1,never_grasped,0,False,13,,,,,0,0,False,0,0,False,False,0.5841189622879028,-0.11006379127502441,0.8405757546424866,0,0,0.0,0,False,False,,False,80
pick_coke_can,pick_coke_can/condition_0013,13,13,False,80,0.5943980150152999,0,0,1,never_grasped,0,False,14,,,,,0,0,False,0,0,False,False,0.5841189622879028,-0.11006379127502441,0.8405757546424866,0,0,0.0,0,False,False,,False,80
pick_coke_can,pick_coke_can/condition_0013,13,14,False,80,0.5943980150152999,0,0,1,never_grasped,0,False,15,,,,,0,0,False,0,0,False,False,0.5841189622879028,-0.11006379127502441,0.8405757546424866,0,0,0.0,0,False,False,,False,80
pick_coke_can,pick_coke_can/condition_0013,13,15,False,80,0.5943980150152999,0,0,1,never_grasped,0,False,16,,,,,0,0,False,0,0,False,False,0.5841189622879028,-0.11006379127502441,0.8405757546424866,0,0,0.0,0,False,False,,False,80
pick_coke_can,pick_coke_can/condition_0013,13,16,False,80,0.5943980150152999,0,0,1,never_grasped,0,False,17,,,,,0,0,False,0,0,False,False,0.5841189622879028,-0.11006379127502441,0.8405757546424866,0,0,0.0,0,False,False,,False,80
pick_coke_can,pick_coke_can/condition_0013,13,17,False,80,0.5943980150152999,0,0,1,never_grasped,0,False,18,,,,,0,0,False,0,0,False,False,0.5841189622879028,-0.11006379127502441,0.8405757546424866,0,0,0.0,0,False,False,,False,80
pick_coke_can,pick_coke_can/condition_0013,13,18,False,80,0.5943980150152999,0,0,1,never_grasped,0,False,19,,,,,0,0,False,0,0,False,False,0.5841189622879028,-0.11006379127502441,0.8405757546424866,0,0,0.0,0,False,False,,False,80
pick_coke_can,pick_coke_can/condition_0013,13,19,False,80,0.5943980150152999,0,0,1,never_grasped,0,False,20,,,,,0,0,False,0,0,False,False,0.5841189622879028,-0.11006379127502441,0.8405757546424866,0,0,0.0,0,False,False,,False,80
pick_coke_can,pick_coke_can/condition_0013,13,20,False,80,0.5943980150152999,0,0,1,never_grasped,0,False,21,,,,,0,0,False,0,0,False,False,0.5841189622879028,-0.11006379127502441,0.8405757546424866,0,0,0.0,0,False,False,,False,80
pick_coke_can,pick_coke_can/condition_0013,13,21,False,80,0.5943980150152999,0,0,1,never_grasped,0,False,22,,,,,0,0,False,0,0,False,False,0.5841189622879028,-0.11006379127502441,0.8405757546424866,0,0,0.0,0,False,False,,False,80
pick_coke_can,pick_coke_can/condition_0013,13,22,False,80,0.5943980150152999,0,0,1,never_grasped,0,False,23,,,,,0,0,False,0,0,False,False,0.5841189622879028,-0.11006379127502441,0.8405757546424866,0,0,0.0,0,False,False,,False,80
pick_coke_can,pick_coke_can/condition_0013,13,23,False,80,0.5943980150152999,0,0,1,never_grasped,0,False,24,,,,,0,0,False,0,0,False,False,0.5841189622879028,-0.11006379127502441,0.8405757546424866,0,0,0.0,0,False,False,,False,80
pick_coke_can,pick_coke_can/condition_0013,13,24,False,80,0.5943980150152999,0,0,1,never_grasped,0,False,25,,,,,0,0,False,0,0,False,False,0.5841189622879028,-0.11006379127502441,0.8405757546424866,0,0,0.0,0,False,False,,False,80
pick_coke_can,pick_coke_can/condition_0013,13,25,False,80,0.5943980150152999,0,0,1,never_grasped,0,False,26,,,,,0,0,False,0,0,False,False,0.5841189622879028,-0.11006379127502441,0.8405757546424866,0,0,0.0,0,False,False,,False,80
pick_coke_can,pick_coke_can/condition_0013,13,26,False,80,0.5943980150152999,0,0,1,never_grasped,0,False,27,,,,,0,0,False,0,0,False,False,0.5841189622879028,-0.11006379127502441,0.8405757546424866,0,0,0.0,0,False,False,,False,80
pick_coke_can,pick_coke_can/condition_0013,13,27,False,80,0.5943980150152999,0,0,1,never_grasped,0,False,28,,,,,0,0,False,0,0,False,False,0.5841189622879028,-0.11006379127502441,0.8405757546424866,0,0,0.0,0,False,False,,False,80
pick_coke_can,pick_coke_can/condition_0013,13,28,False,80,0.5943980150152999,0,0,1,never_grasped,0,False,29,,,,,0,0,False,0,0,False,False,0.5841189622879028,-0.11006379127502441,0.8405757546424866,0,0,0.0,0,False,False,,False,80
pick_coke_can,pick_coke_can/condition_0013,13,29,False,80,0.5943980150152999,0,0,1,never_grasped,0,False,30,,,,,0,0,False,0,0,False,False,0.5841189622879028,-0.11006379127502441,0.8405757546424866,0,0,0.0,0,False,False,,False,80
pick_coke_can,pick_coke_can/condition_0013,13,30,False,80,0.5943980150152999,0,0,1,never_grasped,0,False,31,,,,,0,0,False,0,0,False,False,0.5841189622879028,-0.11006379127502441,0.8405757546424866,0,0,0.0,0,False,False,,False,80
pick_coke_can,pick_coke_can/condition_0013,13,31,False,80,0.5943980150152999,0,0,1,never_grasped,0,False,32,,,,,0,0,False,0,0,False,False,0.5841189622879028,-0.11006379127502441,0.8405757546424866,0,0,0.0,0,False,False,,False,80
pick_coke_can,pick_coke_can/condition_0013,13,32,False,80,0.5943980150152999,0,0,1,never_grasped,0,False,33,,,,,0,0,False,0,0,False,False,0.5841189622879028,-0.11006379127502441,0.8405757546424866,0,0,0.0,0,False,False,,False,80
pick_coke_can,pick_coke_can/condition_0013,13,33,False,80,0.5943980150152999,0,0,1,never_grasped,0,False,34,,,,,0,0,False,0,0,False,False,0.5841189622879028,-0.11006379127502441,0.8405757546424866,0,0,0.0,0,False,False,,False,80
pick_coke_can,pick_coke_can/condition_0013,13,34,False,80,0.5943980150152999,0,0,1,never_grasped,0,False,35,,,,,0,0,False,0,0,False,False,0.5841189622879028,-0.11006379127502441,0.8405757546424866,0,0,0.0,0,False,False,,False,80
pick_coke_can,pick_coke_can/condition_0013,13,35,False,80,0.5943980150152999,0,0,1,never_grasped,0,False,36,,,,,0,0,False,0,0,False,False,0.5841189622879028,-0.11006379127502441,0.8405757546424866,0,0,0.0,0,False,False,,False,80
pick_coke_can,pick_coke_can/condition_0013,13,36,False,80,0.5943980150152999,0,0,1,never_grasped,0,False,37,,,,,0,0,False,0,0,False,False,0.5841189622879028,-0.11006379127502441,0.8405757546424866,0,0,0.0,0,False,False,,False,80
pick_coke_can,pick_coke_can/condition_0013,13,37,False,80,0.5943980150152999,0,0,1,never_grasped,0,False,38,,,,,0,0,False,0,0,False,False,0.5841189622879028,-0.11006379127502441,0.8405757546424866,0,0,0.0,0,False,False,,False,80
pick_coke_can,pick_coke_can/condition_0013,13,38,False,80,0.5943980150152999,0,0,1,never_grasped,0,False,39,,,,,0,0,False,0,0,False,False,0.5841189622879028,-0.11006379127502441,0.8405757546424866,0,0,0.0,0,False,False,,False,80
pick_coke_can,pick_coke_can/condition_0013,13,39,False,80,0.5943980150152999,0,0,1,never_grasped,0,False,40,,,,,0,0,False,0,0,False,False,0.5841189622879028,-0.11006379127502441,0.8405757546424866,0,0,0.0,0,False,False,,False,80
pick_coke_can,pick_coke_can/condition_0013,13,40,False,80,0.5943980150152999,0,0,1,never_grasped,0,False,41,,,,,0,0,False,0,0,False,False,0.5841189622879028,-0.11006379127502441,0.8405757546424866,0,0,0.0,0,False,False,,False,80
pick_coke_can,pick_coke_can/condition_0013,13,41,False,80,0.5943980150152999,0,0,1,never_grasped,0,False,42,,,,,0,0,False,0,0,False,False,0.5841189622879028,-0.11006379127502441,0.8405757546424866,0,0,0.0,0,False,False,,False,80
pick_coke_can,pick_coke_can/condition_0013,13,42,False,80,0.5943980150152999,0,0,1,never_grasped,0,False,43,,,,,0,0,False,0,0,False,False,0.5841189622879028,-0.11006379127502441,0.8405757546424866,0,0,0.0,0,False,False,,False,80
pick_coke_can,pick_coke_can/condition_0013,13,43,False,80,0.5943980150152999,0,0,1,never_grasped,0,False,44,,,,,0,0,False,0,0,False,False,0.5841189622879028,-0.11006379127502441,0.8405757546424866,0,0,0.0,0,False,False,,False,80
pick_coke_can,pick_coke_can/condition_0013,13,44,False,80,0.5943980150152999,0,0,1,never_grasped,0,False,45,,,,,0,0,False,0,0,False,False,0.5841189622879028,-0.11006379127502441,0.8405757546424866,0,0,0.0,0,False,False,,False,80
pick_coke_can,pick_coke_can/condition_0013,13,45,False,80,0.5943980150152999,0,0,1,never_grasped,0,False,46,,,,,0,0,False,0,0,False,False,0.5841189622879028,-0.11006379127502441,0.8405757546424866,0,0,0.0,0,False,False,,False,80
pick_coke_can,pick_coke_can/condition_0013,13,46,False,80,0.5943980150152999,0,0,1,never_grasped,0,False,47,,,,,0,0,False,0,0,False,False,0.5841189622879028,-0.11006379127502441,0.8405757546424866,0,0,0.0,0,False,False,,False,80
pick_coke_can,pick_coke_can/condition_0013,13,47,False,80,0.5943980150152999,0,0,1,never_grasped,0,False,48,,,,,0,0,False,0,0,False,False,0.5841189622879028,-0.11006379127502441,0.8405757546424866,0,0,0.0,0,False,False,,False,80
pick_coke_can,pick_coke_can/condition_0013,13,48,False,80,0.5943980150152999,0,0,1,never_grasped,0,False,49,,,,,0,0,False,0,0,False,False,0.5841189622879028,-0.11006379127502441,0.8405757546424866,0,0,0.0,0,False,False,,False,80
pick_coke_can,pick_coke_can/condition_0013,13,49,False,80,0.5943980150152999,0,0,1,never_grasped,0,False,50,,,,,0,0,False,0,0,False,False,0.5841189622879028,-0.11006379127502441,0.8405757546424866,0,0,0.0,0,False,False,,False,80
pick_coke_can,pick_coke_can/condition_0013,13,50,False,80,0.5943980150152999,0,0,1,never_grasped,0,False,51,,,,,0,0,False,0,0,False,False,0.5841189622879028,-0.11006379127502441,0.8405757546424866,0,0,0.0,0,False,False,,False,80
pick_coke_can,pick_coke_can/condition_0013,13,51,False,80,0.5943980150152999,0,0,1,never_grasped,0,False,52,,,,,0,0,False,0,0,False,False,0.5841189622879028,-0.11006379127502441,0.8405757546424866,0,0,0.0,0,False,False,,False,80
pick_coke_can,pick_coke_can/condition_0013,13,52,False,80,0.5943980150152999,0,0,1,never_grasped,0,False,53,,,,,0,0,False,0,0,False,False,0.5841189622879028,-0.11006379127502441,0.8405757546424866,0,0,0.0,0,False,False,,False,80
pick_coke_can,pick_coke_can/condition_0013,13,53,False,80,0.5943980150152999,0,0,1,never_grasped,0,False,54,,,,,0,0,False,0,0,False,False,0.5841189622879028,-0.11006379127502441,0.8405757546424866,0,0,0.0,0,False,False,,False,80
pick_coke_can,pick_coke_can/condition_0013,13,54,False,80,0.5943980150152999,0,0,1,never_grasped,0,False,55,,,,,0,0,False,0,0,False,False,0.5841189622879028,-0.11006379127502441,0.8405757546424866,0,0,0.0,0,False,False,,False,80
pick_coke_can,pick_coke_can/condition_0013,13,55,False,80,0.5943980150152999,0,0,1,never_grasped,0,False,56,,,,,0,0,False,0,0,False,False,0.5841189622879028,-0.11006379127502441,0.8405757546424866,0,0,0.0,0,False,False,,False,80
pick_coke_can,pick_coke_can/condition_0013,13,56,False,80,0.5943980150152999,0,0,1,never_grasped,0,False,57,,,,,0,0,False,0,0,False,False,0.5841189622879028,-0.11006379127502441,0.8405757546424866,0,0,0.0,0,False,False,,False,80
pick_coke_can,pick_coke_can/condition_0013,13,57,False,80,0.5943980150152999,0,0,1,never_grasped,0,False,58,,,,,0,0,False,0,0,False,False,0.5841189622879028,-0.11006379127502441,0.8405757546424866,0,0,0.0,0,False,False,,False,80
pick_coke_can,pick_coke_can/condition_0013,13,58,False,80,0.5943980150152999,0,0,1,never_grasped,0,False,59,,,,,0,0,False,0,0,False,False,0.5841189622879028,-0.11006379127502441,0.8405757546424866,0,0,0.0,0,False,False,,False,80
pick_coke_can,pick_coke_can/condition_0013,13,59,False,80,0.5943980150152999,0,0,1,never_grasped,0,False,60,,,,,0,0,False,0,0,False,False,0.5841189622879028,-0.11006379127502441,0.8405757546424866,0,0,0.0,0,False,False,,False,80
pick_coke_can,pick_coke_can/condition_0013,13,60,False,80,0.5943980150152999,0,0,1,never_grasped,0,False,61,,,,,0,0,False,0,0,False,False,0.5841189622879028,-0.11006379127502441,0.8405757546424866,0,0,0.0,0,False,False,,False,80
pick_coke_can,pick_coke_can/condition_0013,13,61,False,80,0.5943980150152999,0,0,1,never_grasped,0,False,62,,,,,0,0,False,0,0,False,False,0.5841189622879028,-0.11006379127502441,0.8405757546424866,0,0,0.0,0,False,False,,False,80
pick_coke_can,pick_coke_can/condition_0013,13,62,False,80,0.5943980150152999,0,0,1,never_grasped,0,False,63,,,,,0,0,False,0,0,False,False,0.5841189622879028,-0.11006379127502441,0.8405757546424866,0,0,0.0,0,False,False,,False,80
pick_coke_can,pick_coke_can/condition_0013,13,63,False,80,0.5943980150152999,0,0,1,never_grasped,0,False,64,,,,,0,0,False,0,0,False,False,0.5841189622879028,-0.11006379127502441,0.8405757546424866,0,0,0.0,0,False,False,,False,80
pick_coke_can,pick_coke_can/condition_0013,13,64,False,80,0.5943980150152999,0,0,1,never_grasped,0,False,65,,,,,0,0,False,0,0,False,False,0.5841189622879028,-0.11006379127502441,0.8405757546424866,0,0,0.0,0,False,False,,False,80
pick_coke_can,pick_coke_can/condition_0013,13,65,False,80,0.5943980150152999,0,0,1,never_grasped,0,False,66,,,,,0,0,False,0,0,False,False,0.5841189622879028,-0.11006379127502441,0.8405757546424866,0,0,0.0,0,False,False,,False,80
pick_coke_can,pick_coke_can/condition_0013,13,66,False,80,0.5943980150152999,0,0,1,never_grasped,0,False,67,,,,,0,0,False,0,0,False,False,0.5841189622879028,-0.11006379127502441,0.8405757546424866,0,0,0.0,0,False,False,,False,80
pick_coke_can,pick_coke_can/condition_0013,13,67,False,80,0.5943980150152999,0,0,1,never_grasped,0,False,68,,,,,0,0,False,0,0,False,False,0.5841189622879028,-0.11006379127502441,0.8405757546424866,0,0,0.0,0,False,False,,False,80
pick_coke_can,pick_coke_can/condition_0013,13,68,False,80,0.5943980150152999,0,0,1,never_grasped,0,False,69,,,,,0,0,False,0,0,False,False,0.5841189622879028,-0.11006379127502441,0.8405757546424866,0,0,0.0,0,False,False,,False,80
pick_coke_can,pick_coke_can/condition_0013,13,69,False,80,0.5943980150152999,0,0,1,never_grasped,0,False,70,,,,,0,0,False,0,0,False,False,0.5841189622879028,-0.11006379127502441,0.8405757546424866,0,0,0.0,0,False,False,,False,80
pick_coke_can,pick_coke_can/condition_0013,13,70,False,80,0.5943980150152999,0,0,1,never_grasped,0,False,71,,,,,0,0,False,0,0,False,False,0.5841189622879028,-0.11006379127502441,0.8405757546424866,0,0,0.0,0,False,False,,False,80
pick_coke_can,pick_coke_can/condition_0013,13,71,False,80,0.5943980150152999,0,0,1,never_grasped,0,False,72,,,,,0,0,False,0,0,False,False,0.5841189622879028,-0.11006379127502441,0.8405757546424866,0,0,0.0,0,False,False,,False,80
pick_coke_can,pick_coke_can/condition_0013,13,72,False,80,0.5943980150152999,0,0,1,never_grasped,0,False,73,,,,,0,0,False,0,0,False,False,0.5841189622879028,-0.11006379127502441,0.8405757546424866,0,0,0.0,0,False,False,,False,80
pick_coke_can,pick_coke_can/condition_0013,13,73,False,80,0.5943980150152999,0,0,1,never_grasped,0,False,74,,,,,0,0,False,0,0,False,False,0.5841189622879028,-0.11006379127502441,0.8405757546424866,0,0,0.0,0,False,False,,False,80
pick_coke_can,pick_coke_can/condition_0013,13,74,False,80,0.5943980150152999,0,0,1,never_grasped,0,False,75,,,,,0,0,False,0,0,False,False,0.5841189622879028,-0.11006379127502441,0.8405757546424866,0,0,0.0,0,False,False,,False,80
pick_coke_can,pick_coke_can/condition_0013,13,75,False,80,0.5943980150152999,0,0,1,never_grasped,0,False,76,,,,,0,0,False,0,0,False,False,0.5841189622879028,-0.11006379127502441,0.8405757546424866,0,0,0.0,0,False,False,,False,80
pick_coke_can,pick_coke_can/condition_0013,13,76,False,80,0.5943980150152999,0,0,1,never_grasped,0,False,77,,,,,0,0,False,0,0,False,False,0.5841189622879028,-0.11006379127502441,0.8405757546424866,0,0,0.0,0,False,False,,False,80
pick_coke_can,pick_coke_can/condition_0013,13,77,False,80,0.5943980150152999,0,0,1,never_grasped,0,False,78,,,,,0,0,False,0,0,False,False,0.5841189622879028,-0.11006379127502441,0.8405757546424866,0,0,0.0,0,False,False,,False,80
pick_coke_can,pick_coke_can/condition_0013,13,78,False,80,0.5943980150152999,0,0,1,never_grasped,0,False,79,,,,,0,0,False,0,0,False,False,0.5841189622879028,-0.11006379127502441,0.8405757546424866,0,0,0.0,0,False,False,,False,80
pick_coke_can,pick_coke_can/condition_0013,13,79,False,80,0.5943980150152999,0,0,1,never_grasped,0,False,80,,,,,0,0,False,0,0,False,False,0.5841189622879028,-0.11006379127502441,0.8405757546424866,0,0,0.0,0,False,False,,True,80
pick_coke_can,pick_coke_can/condition_0014,14,0,False,80,0.6242195873230391,0,0,1,never_grasped,0,False,1,,,,,0,0,False,0,0,False,False,0.5841059684753418,-0.22015973925590515,0.8405757546424866,0,0,0.0,0,False,False,,False,80
pick_coke_can,pick_coke_can/condition_0014,14,1,False,80,0.6242195873230391,0,0,1,never_grasped,0,False,2,,,,,0,0,False,0,0,False,False,0.5841059684753418,-0.22015973925590515,0.8405757546424866,0,0,0.0,0,False,False,,False,80
pick_coke_can,pick_coke_can/condition_0014,14,2,False,80,0.6242195873230391,0,0,1,never_grasped,0,False,3,,,,,0,0,False,0,0,False,False,0.5841059684753418,-0.22015973925590515,0.8405757546424866,0,0,0.0,0,False,False,,False,80
pick_coke_can,pick_coke_can/condition_0014,14,3,False,80,0.6242195873230391,0,0,1,never_grasped,0,False,4,,,,,0,0,False,0,0,False,False,0.5841059684753418,-0.22015973925590515,0.8405757546424866,0,0,0.0,0,False,False,,False,80
pick_coke_can,pick_coke_can/condition_0014,14,4,False,80,0.6242195873230391,0,0,1,never_grasped,0,False,5,,,,,0,0,False,0,0,False,False,0.5841059684753418,-0.22015973925590515,0.8405757546424866,0,0,0.0,0,False,False,,False,80
pick_coke_can,pick_coke_can/condition_0014,14,5,False,80,0.6242195873230391,0,0,1,never_grasped,0,False,6,,,,,0,0,False,0,0,False,False,0.5841059684753418,-0.22015973925590515,0.8405757546424866,0,0,0.0,0,False,False,,False,80
pick_coke_can,pick_coke_can/condition_0014,14,6,False,80,0.6242195873230391,0,0,1,never_grasped,0,False,7,,,,,0,0,False,0,0,False,False,0.5841059684753418,-0.22015973925590515,0.8405757546424866,0,0,0.0,0,False,False,,False,80
pick_coke_can,pick_coke_can/condition_0014,14,7,False,80,0.6242195873230391,0,0,1,never_grasped,0,False,8,,,,,0,0,False,0,0,False,False,0.5841059684753418,-0.22015973925590515,0.8405757546424866,0,0,0.0,0,False,False,,False,80
pick_coke_can,pick_coke_can/condition_0014,14,8,False,80,0.6242195873230391,0,0,1,never_grasped,0,False,9,,,,,0,0,False,0,0,False,False,0.5841059684753418,-0.22015973925590515,0.8405757546424866,0,0,0.0,0,False,False,,False,80
pick_coke_can,pick_coke_can/condition_0014,14,9,False,80,0.6242195873230391,0,0,1,never_grasped,0,False,10,,,,,0,0,False,0,0,False,False,0.5841059684753418,-0.22015973925590515,0.8405757546424866,0,0,0.0,0,False,False,,False,80
pick_coke_can,pick_coke_can/condition_0014,14,10,False,80,0.6242195873230391,0,0,1,never_grasped,0,False,11,,,,,0,0,False,0,0,False,False,0.5841059684753418,-0.22015973925590515,0.8405757546424866,0,0,0.0,0,False,False,,False,80
pick_coke_can,pick_coke_can/condition_0014,14,11,False,80,0.6242195873230391,0,0,1,never_grasped,0,False,12,,,,,0,0,False,0,0,False,False,0.5841059684753418,-0.22015973925590515,0.8405757546424866,0,0,0.0,0,False,False,,False,80
pick_coke_can,pick_coke_can/condition_0014,14,12,False,80,0.6242195873230391,0,0,1,never_grasped,0,False,13,,,,,0,0,False,0,0,False,False,0.5841059684753418,-0.22015973925590515,0.8405757546424866,0,0,0.0,0,False,False,,False,80
pick_coke_can,pick_coke_can/condition_0014,14,13,False,80,0.6242195873230391,0,0,1,never_grasped,0,False,14,,,,,0,0,False,0,0,False,False,0.5841059684753418,-0.22015973925590515,0.8405757546424866,0,0,0.0,0,False,False,,False,80
pick_coke_can,pick_coke_can/condition_0014,14,14,False,80,0.6242195873230391,0,0,1,never_grasped,0,False,15,,,,,0,0,False,0,0,False,False,0.5841059684753418,-0.22015973925590515,0.8405757546424866,0,0,0.0,0,False,False,,False,80
pick_coke_can,pick_coke_can/condition_0014,14,15,False,80,0.6242195873230391,0,0,1,never_grasped,0,False,16,,,,,0,0,False,0,0,False,False,0.5841059684753418,-0.22015973925590515,0.8405757546424866,0,0,0.0,0,False,False,,False,80
pick_coke_can,pick_coke_can/condition_0014,14,16,False,80,0.6242195873230391,0,0,1,never_grasped,0,False,17,,,,,0,0,False,0,0,False,False,0.5841059684753418,-0.22015973925590515,0.8405757546424866,0,0,0.0,0,False,False,,False,80
pick_coke_can,pick_coke_can/condition_0014,14,17,False,80,0.6242195873230391,0,0,1,never_grasped,0,False,18,,,,,0,0,False,0,0,False,False,0.5841059684753418,-0.22015973925590515,0.8405757546424866,0,0,0.0,0,False,False,,False,80
pick_coke_can,pick_coke_can/condition_0014,14,18,False,80,0.6242195873230391,0,0,1,never_grasped,0,False,19,,,,,0,0,False,0,0,False,False,0.5841059684753418,-0.22015973925590515,0.8405757546424866,0,0,0.0,0,False,False,,False,80
pick_coke_can,pick_coke_can/condition_0014,14,19,False,80,0.6242195873230391,0,0,1,never_grasped,0,False,20,,,,,0,0,False,0,0,False,False,0.5841059684753418,-0.22015973925590515,0.8405757546424866,0,0,0.0,0,False,False,,False,80
pick_coke_can,pick_coke_can/condition_0014,14,20,False,80,0.6242195873230391,0,0,1,never_grasped,0,False,21,,,,,0,0,False,0,0,False,False,0.5841059684753418,-0.22015973925590515,0.8405757546424866,0,0,0.0,0,False,False,,False,80
pick_coke_can,pick_coke_can/condition_0014,14,21,False,80,0.6242195873230391,0,0,1,never_grasped,0,False,22,,,,,0,0,False,0,0,False,False,0.5841059684753418,-0.22015973925590515,0.8405757546424866,0,0,0.0,0,False,False,,False,80
pick_coke_can,pick_coke_can/condition_0014,14,22,False,80,0.6242195873230391,0,0,1,never_grasped,0,False,23,,,,,0,0,False,0,0,False,False,0.5841059684753418,-0.22015973925590515,0.8405757546424866,0,0,0.0,0,False,False,,False,80
pick_coke_can,pick_coke_can/condition_0014,14,23,False,80,0.6242195873230391,0,0,1,never_grasped,0,False,24,,,,,0,0,False,0,0,False,False,0.5841059684753418,-0.22015973925590515,0.8405757546424866,0,0,0.0,0,False,False,,False,80
pick_coke_can,pick_coke_can/condition_0014,14,24,False,80,0.6242195873230391,0,0,1,never_grasped,0,False,25,,,,,0,0,False,0,0,False,False,0.5841059684753418,-0.22015973925590515,0.8405757546424866,0,0,0.0,0,False,False,,False,80
pick_coke_can,pick_coke_can/condition_0014,14,25,False,80,0.6242195873230391,0,0,1,never_grasped,0,False,26,,,,,0,0,False,0,0,False,False,0.5841059684753418,-0.22015973925590515,0.8405757546424866,0,0,0.0,0,False,False,,False,80
pick_coke_can,pick_coke_can/condition_0014,14,26,False,80,0.6242195873230391,0,0,1,never_grasped,0,False,27,,,,,0,0,False,0,0,False,False,0.5841059684753418,-0.22015973925590515,0.8405757546424866,0,0,0.0,0,False,False,,False,80
pick_coke_can,pick_coke_can/condition_0014,14,27,False,80,0.6242195873230391,0,0,1,never_grasped,0,False,28,,,,,0,0,False,0,0,False,False,0.5841059684753418,-0.22015973925590515,0.8405757546424866,0,0,0.0,0,False,False,,False,80
pick_coke_can,pick_coke_can/condition_0014,14,28,False,80,0.6242195873230391,0,0,1,never_grasped,0,False,29,,,,,0,0,False,0,0,False,False,0.5841059684753418,-0.22015973925590515,0.8405757546424866,0,0,0.0,0,False,False,,False,80
pick_coke_can,pick_coke_can/condition_0014,14,29,False,80,0.6242195873230391,0,0,1,never_grasped,0,False,30,,,,,0,0,False,0,0,False,False,0.5841059684753418,-0.22015973925590515,0.8405757546424866,0,0,0.0,0,False,False,,False,80
pick_coke_can,pick_coke_can/condition_0014,14,30,False,80,0.6242195873230391,0,0,1,never_grasped,0,False,31,,,,,0,0,False,0,0,False,False,0.5841059684753418,-0.22015973925590515,0.8405757546424866,0,0,0.0,0,False,False,,False,80
pick_coke_can,pick_coke_can/condition_0014,14,31,False,80,0.6242195873230391,0,0,1,never_grasped,0,False,32,,,,,0,0,False,0,0,False,False,0.5841059684753418,-0.22015973925590515,0.8405757546424866,0,0,0.0,0,False,False,,False,80
pick_coke_can,pick_coke_can/condition_0014,14,32,False,80,0.6242195873230391,0,0,1,never_grasped,0,False,33,,,,,0,0,False,0,0,False,False,0.5841059684753418,-0.22015973925590515,0.8405757546424866,0,0,0.0,0,False,False,,False,80
pick_coke_can,pick_coke_can/condition_0014,14,33,False,80,0.6242195873230391,0,0,1,never_grasped,0,False,34,,,,,0,0,False,0,0,False,False,0.5841059684753418,-0.22015973925590515,0.8405757546424866,0,0,0.0,0,False,False,,False,80
pick_coke_can,pick_coke_can/condition_0014,14,34,False,80,0.6242195873230391,0,0,1,never_grasped,0,False,35,,,,,0,0,False,0,0,False,False,0.5841059684753418,-0.22015973925590515,0.8405757546424866,0,0,0.0,0,False,False,,False,80
pick_coke_can,pick_coke_can/condition_0014,14,35,False,80,0.6242195873230391,0,0,1,never_grasped,0,False,36,,,,,0,0,False,0,0,False,False,0.5841059684753418,-0.22015973925590515,0.8405757546424866,0,0,0.0,0,False,False,,False,80
pick_coke_can,pick_coke_can/condition_0014,14,36,False,80,0.6242195873230391,0,0,1,never_grasped,0,False,37,,,,,0,0,False,0,0,False,False,0.5841059684753418,-0.22015973925590515,0.8405757546424866,0,0,0.0,0,False,False,,False,80
pick_coke_can,pick_coke_can/condition_0014,14,37,False,80,0.6242195873230391,0,0,1,never_grasped,0,False,38,,,,,0,0,False,0,0,False,False,0.5841059684753418,-0.22015973925590515,0.8405757546424866,0,0,0.0,0,False,False,,False,80
pick_coke_can,pick_coke_can/condition_0014,14,38,False,80,0.6242195873230391,0,0,1,never_grasped,0,False,39,,,,,0,0,False,0,0,False,False,0.5841059684753418,-0.22015973925590515,0.8405757546424866,0,0,0.0,0,False,False,,False,80
pick_coke_can,pick_coke_can/condition_0014,14,39,False,80,0.6242195873230391,0,0,1,never_grasped,0,False,40,,,,,0,0,False,0,0,False,False,0.5841059684753418,-0.22015973925590515,0.8405757546424866,0,0,0.0,0,False,False,,False,80
pick_coke_can,pick_coke_can/condition_0014,14,40,False,80,0.6242195873230391,0,0,1,never_grasped,0,False,41,,,,,0,0,False,0,0,False,False,0.5841059684753418,-0.22015973925590515,0.8405757546424866,0,0,0.0,0,False,False,,False,80
pick_coke_can,pick_coke_can/condition_0014,14,41,False,80,0.6242195873230391,0,0,1,never_grasped,0,False,42,,,,,0,0,False,0,0,False,False,0.5841059684753418,-0.22015973925590515,0.8405757546424866,0,0,0.0,0,False,False,,False,80
pick_coke_can,pick_coke_can/condition_0014,14,42,False,80,0.6242195873230391,0,0,1,never_grasped,0,False,43,,,,,0,0,False,0,0,False,False,0.5841059684753418,-0.22015973925590515,0.8405757546424866,0,0,0.0,0,False,False,,False,80
pick_coke_can,pick_coke_can/condition_0014,14,43,False,80,0.6242195873230391,0,0,1,never_grasped,0,False,44,,,,,0,0,False,0,0,False,False,0.5841059684753418,-0.22015973925590515,0.8405757546424866,0,0,0.0,0,False,False,,False,80
pick_coke_can,pick_coke_can/condition_0014,14,44,False,80,0.6242195873230391,0,0,1,never_grasped,0,False,45,,,,,0,0,False,0,0,False,False,0.5841059684753418,-0.22015973925590515,0.8405757546424866,0,0,0.0,0,False,False,,False,80
pick_coke_can,pick_coke_can/condition_0014,14,45,False,80,0.6242195873230391,0,0,1,never_grasped,0,False,46,,,,,0,0,False,0,0,False,False,0.5841059684753418,-0.22015973925590515,0.8405757546424866,0,0,0.0,0,False,False,,False,80
pick_coke_can,pick_coke_can/condition_0014,14,46,False,80,0.6242195873230391,0,0,1,never_grasped,0,False,47,,,,,0,0,False,0,0,False,False,0.5841059684753418,-0.22015973925590515,0.8405757546424866,0,0,0.0,0,False,False,,False,80
pick_coke_can,pick_coke_can/condition_0014,14,47,False,80,0.6242195873230391,0,0,1,never_grasped,0,False,48,,,,,0,0,False,0,0,False,False,0.5841059684753418,-0.22015973925590515,0.8405757546424866,0,0,0.0,0,False,False,,False,80
pick_coke_can,pick_coke_can/condition_0014,14,48,False,80,0.6242195873230391,0,0,1,never_grasped,0,False,49,,,,,0,0,False,0,0,False,False,0.5841059684753418,-0.22015973925590515,0.8405757546424866,0,0,0.0,0,False,False,,False,80
pick_coke_can,pick_coke_can/condition_0014,14,49,False,80,0.6242195873230391,0,0,1,never_grasped,0,False,50,,,,,0,0,False,0,0,False,False,0.5841059684753418,-0.22015973925590515,0.8405757546424866,0,0,0.0,0,False,False,,False,80
pick_coke_can,pick_coke_can/condition_0014,14,50,False,80,0.6242195873230391,0,0,1,never_grasped,0,False,51,,,,,0,0,False,0,0,False,False,0.5841059684753418,-0.22015973925590515,0.8405757546424866,0,0,0.0,0,False,False,,False,80
pick_coke_can,pick_coke_can/condition_0014,14,51,False,80,0.6242195873230391,0,0,1,never_grasped,0,False,52,,,,,0,0,False,0,0,False,False,0.5841059684753418,-0.22015973925590515,0.8405757546424866,0,0,0.0,0,False,False,,False,80
pick_coke_can,pick_coke_can/condition_0014,14,52,False,80,0.6242195873230391,0,0,1,never_grasped,0,False,53,,,,,0,0,False,0,0,False,False,0.5841059684753418,-0.22015973925590515,0.8405757546424866,0,0,0.0,0,False,False,,False,80
pick_coke_can,pick_coke_can/condition_0014,14,53,False,80,0.6242195873230391,0,0,1,never_grasped,0,False,54,,,,,0,0,False,0,0,False,False,0.5841059684753418,-0.22015973925590515,0.8405757546424866,0,0,0.0,0,False,False,,False,80
pick_coke_can,pick_coke_can/condition_0014,14,54,False,80,0.6242195873230391,0,0,1,never_grasped,0,False,55,,,,,0,0,False,0,0,False,False,0.5841059684753418,-0.22015973925590515,0.8405757546424866,0,0,0.0,0,False,False,,False,80
pick_coke_can,pick_coke_can/condition_0014,14,55,False,80,0.6242195873230391,0,0,1,never_grasped,0,False,56,,,,,0,0,False,0,0,False,False,0.5841059684753418,-0.22015973925590515,0.8405757546424866,0,0,0.0,0,False,False,,False,80
pick_coke_can,pick_coke_can/condition_0014,14,56,False,80,0.6242195873230391,0,0,1,never_grasped,0,False,57,,,,,0,0,False,0,0,False,False,0.5841059684753418,-0.22015973925590515,0.8405757546424866,0,0,0.0,0,False,False,,False,80
pick_coke_can,pick_coke_can/condition_0014,14,57,False,80,0.6242195873230391,0,0,1,never_grasped,0,False,58,,,,,0,0,False,0,0,False,False,0.5841059684753418,-0.22015973925590515,0.8405757546424866,0,0,0.0,0,False,False,,False,80
pick_coke_can,pick_coke_can/condition_0014,14,58,False,80,0.6242195873230391,0,0,1,never_grasped,0,False,59,,,,,0,0,False,0,0,False,False,0.5841059684753418,-0.22015973925590515,0.8405757546424866,0,0,0.0,0,False,False,,False,80
pick_coke_can,pick_coke_can/condition_0014,14,59,False,80,0.6242195873230391,0,0,1,never_grasped,0,False,60,,,,,0,0,False,0,0,False,False,0.5841059684753418,-0.22015973925590515,0.8405757546424866,0,0,0.0,0,False,False,,False,80
pick_coke_can,pick_coke_can/condition_0014,14,60,False,80,0.6242195873230391,0,0,1,never_grasped,0,False,61,,,,,0,0,False,0,0,False,False,0.5841059684753418,-0.22015973925590515,0.8405757546424866,0,0,0.0,0,False,False,,False,80
pick_coke_can,pick_coke_can/condition_0014,14,61,False,80,0.6242195873230391,0,0,1,never_grasped,0,False,62,,,,,0,0,False,0,0,False,False,0.5841059684753418,-0.22015973925590515,0.8405757546424866,0,0,0.0,0,False,False,,False,80
pick_coke_can,pick_coke_can/condition_0014,14,62,False,80,0.6242195873230391,0,0,1,never_grasped,0,False,63,,,,,0,0,False,0,0,False,False,0.5841059684753418,-0.22015973925590515,0.8405757546424866,0,0,0.0,0,False,False,,False,80
pick_coke_can,pick_coke_can/condition_0014,14,63,False,80,0.6242195873230391,0,0,1,never_grasped,0,False,64,,,,,0,0,False,0,0,False,False,0.5841059684753418,-0.22015973925590515,0.8405757546424866,0,0,0.0,0,False,False,,False,80
pick_coke_can,pick_coke_can/condition_0014,14,64,False,80,0.6242195873230391,0,0,1,never_grasped,0,False,65,,,,,0,0,False,0,0,False,False,0.5841059684753418,-0.22015973925590515,0.8405757546424866,0,0,0.0,0,False,False,,False,80
pick_coke_can,pick_coke_can/condition_0014,14,65,False,80,0.6242195873230391,0,0,1,never_grasped,0,False,66,,,,,0,0,False,0,0,False,False,0.5841059684753418,-0.22015973925590515,0.8405757546424866,0,0,0.0,0,False,False,,False,80
pick_coke_can,pick_coke_can/condition_0014,14,66,False,80,0.6242195873230391,0,0,1,never_grasped,0,False,67,,,,,0,0,False,0,0,False,False,0.5841059684753418,-0.22015973925590515,0.8405757546424866,0,0,0.0,0,False,False,,False,80
pick_coke_can,pick_coke_can/condition_0014,14,67,False,80,0.6242195873230391,0,0,1,never_grasped,0,False,68,,,,,0,0,False,0,0,False,False,0.5841059684753418,-0.22015973925590515,0.8405757546424866,0,0,0.0,0,False,False,,False,80
pick_coke_can,pick_coke_can/condition_0014,14,68,False,80,0.6242195873230391,0,0,1,never_grasped,0,False,69,,,,,0,0,False,0,0,False,False,0.5841059684753418,-0.22015973925590515,0.8405757546424866,0,0,0.0,0,False,False,,False,80
pick_coke_can,pick_coke_can/condition_0014,14,69,False,80,0.6242195873230391,0,0,1,never_grasped,0,False,70,,,,,0,0,False,0,0,False,False,0.5841059684753418,-0.22015973925590515,0.8405757546424866,0,0,0.0,0,False,False,,False,80
pick_coke_can,pick_coke_can/condition_0014,14,70,False,80,0.6242195873230391,0,0,1,never_grasped,0,False,71,,,,,0,0,False,0,0,False,False,0.5841059684753418,-0.22015973925590515,0.8405757546424866,0,0,0.0,0,False,False,,False,80
pick_coke_can,pick_coke_can/condition_0014,14,71,False,80,0.6242195873230391,0,0,1,never_grasped,0,False,72,,,,,0,0,False,0,0,False,False,0.5841059684753418,-0.22015973925590515,0.8405757546424866,0,0,0.0,0,False,False,,False,80
pick_coke_can,pick_coke_can/condition_0014,14,72,False,80,0.6242195873230391,0,0,1,never_grasped,0,False,73,,,,,0,0,False,0,0,False,False,0.5841059684753418,-0.22015973925590515,0.8405757546424866,0,0,0.0,0,False,False,,False,80
pick_coke_can,pick_coke_can/condition_0014,14,73,False,80,0.6242195873230391,0,0,1,never_grasped,0,False,74,,,,,0,0,False,0,0,False,False,0.5841059684753418,-0.22015973925590515,0.8405757546424866,0,0,0.0,0,False,False,,False,80
pick_coke_can,pick_coke_can/condition_0014,14,74,False,80,0.6242195873230391,0,0,1,never_grasped,0,False,75,,,,,0,0,False,0,0,False,False,0.5841059684753418,-0.22015973925590515,0.8405757546424866,0,0,0.0,0,False,False,,False,80
pick_coke_can,pick_coke_can/condition_0014,14,75,False,80,0.6242195873230391,0,0,1,never_grasped,0,False,76,,,,,0,0,False,0,0,False,False,0.5841059684753418,-0.22015973925590515,0.8405757546424866,0,0,0.0,0,False,False,,False,80
pick_coke_can,pick_coke_can/condition_0014,14,76,False,80,0.6242195873230391,0,0,1,never_grasped,0,False,77,,,,,0,0,False,0,0,False,False,0.5841059684753418,-0.22015973925590515,0.8405757546424866,0,0,0.0,0,False,False,,False,80
pick_coke_can,pick_coke_can/condition_0014,14,77,False,80,0.6242195873230391,0,0,1,never_grasped,0,False,78,,,,,0,0,False,0,0,False,False,0.5841059684753418,-0.22015973925590515,0.8405757546424866,0,0,0.0,0,False,False,,False,80
pick_coke_can,pick_coke_can/condition_0014,14,78,False,80,0.6242195873230391,0,0,1,never_grasped,0,False,79,,,,,0,0,False,0,0,False,False,0.5841059684753418,-0.22015973925590515,0.8405757546424866,0,0,0.0,0,False,False,,False,80
pick_coke_can,pick_coke_can/condition_0014,14,79,False,80,0.6242195873230391,0,0,1,never_grasped,0,False,80,,,,,0,0,False,0,0,False,False,0.5841059684753418,-0.22015973925590515,0.8405757546424866,0,0,0.0,0,False,False,,True,80
pick_coke_can,pick_coke_can/condition_0015,15,0,False,80,0.5706860225397666,0,0,1,never_grasped,0,False,1,,,,,0,0,False,0,0,False,False,0.5266419053077698,0.21984276175498962,0.8405777812004089,0,0,0.0,0,False,False,,False,80
pick_coke_can,pick_coke_can/condition_0015,15,1,False,80,0.5706860225397666,0,0,1,never_grasped,0,False,2,,,,,0,0,False,0,0,False,False,0.5266419053077698,0.21984276175498962,0.8405777812004089,0,0,0.0,0,False,False,,False,80
pick_coke_can,pick_coke_can/condition_0015,15,2,False,80,0.5706860225397666,0,0,1,never_grasped,0,False,3,,,,,0,0,False,0,0,False,False,0.5266419053077698,0.21984276175498962,0.8405777812004089,0,0,0.0,0,False,False,,False,80
pick_coke_can,pick_coke_can/condition_0015,15,3,False,80,0.5706860225397666,0,0,1,never_grasped,0,False,4,,,,,0,0,False,0,0,False,False,0.5266419053077698,0.21984276175498962,0.8405777812004089,0,0,0.0,0,False,False,,False,80
pick_coke_can,pick_coke_can/condition_0015,15,4,False,80,0.5706860225397666,0,0,1,never_grasped,0,False,5,,,,,0,0,False,0,0,False,False,0.5266419053077698,0.21984276175498962,0.8405777812004089,0,0,0.0,0,False,False,,False,80
pick_coke_can,pick_coke_can/condition_0015,15,5,False,80,0.5706860225397666,0,0,1,never_grasped,0,False,6,,,,,0,0,False,0,0,False,False,0.5266419053077698,0.21984276175498962,0.8405777812004089,0,0,0.0,0,False,False,,False,80
pick_coke_can,pick_coke_can/condition_0015,15,6,False,80,0.5706860225397666,0,0,1,never_grasped,0,False,7,,,,,0,0,False,0,0,False,False,0.5266419053077698,0.21984276175498962,0.8405777812004089,0,0,0.0,0,False,False,,False,80
pick_coke_can,pick_coke_can/condition_0015,15,7,False,80,0.5706860225397666,0,0,1,never_grasped,0,False,8,,,,,0,0,False,0,0,False,False,0.5266419053077698,0.21984276175498962,0.8405777812004089,0,0,0.0,0,False,False,,False,80
pick_coke_can,pick_coke_can/condition_0015,15,8,False,80,0.5706860225397666,0,0,1,never_grasped,0,False,9,,,,,0,0,False,0,0,False,False,0.5266419053077698,0.21984276175498962,0.8405777812004089,0,0,0.0,0,False,False,,False,80
pick_coke_can,pick_coke_can/condition_0015,15,9,False,80,0.5706860225397666,0,0,1,never_grasped,0,False,10,,,,,0,0,False,0,0,False,False,0.5266419053077698,0.21984276175498962,0.8405777812004089,0,0,0.0,0,False,False,,False,80
pick_coke_can,pick_coke_can/condition_0015,15,10,False,80,0.5706860225397666,0,0,1,never_grasped,0,False,11,,,,,0,0,False,0,0,False,False,0.5266419053077698,0.21984276175498962,0.8405777812004089,0,0,0.0,0,False,False,,False,80
pick_coke_can,pick_coke_can/condition_0015,15,11,False,80,0.5706860225397666,0,0,1,never_grasped,0,False,12,,,,,0,0,False,0,0,False,False,0.5266419053077698,0.21984276175498962,0.8405777812004089,0,0,0.0,0,False,False,,False,80
pick_coke_can,pick_coke_can/condition_0015,15,12,False,80,0.5706860225397666,0,0,1,never_grasped,0,False,13,,,,,0,0,False,0,0,False,False,0.5266419053077698,0.21984276175498962,0.8405777812004089,0,0,0.0,0,False,False,,False,80
pick_coke_can,pick_coke_can/condition_0015,15,13,False,80,0.5706860225397666,0,0,1,never_grasped,0,False,14,,,,,0,0,False,0,0,False,False,0.5266419053077698,0.21984276175498962,0.8405777812004089,0,0,0.0,0,False,False,,False,80
pick_coke_can,pick_coke_can/condition_0015,15,14,False,80,0.5706860225397666,0,0,1,never_grasped,0,False,15,,,,,0,0,False,0,0,False,False,0.5266419053077698,0.21984276175498962,0.8405777812004089,0,0,0.0,0,False,False,,False,80
pick_coke_can,pick_coke_can/condition_0015,15,15,False,80,0.5706860225397666,0,0,1,never_grasped,0,False,16,,,,,0,0,False,0,0,False,False,0.5266419053077698,0.21984276175498962,0.8405777812004089,0,0,0.0,0,False,False,,False,80
pick_coke_can,pick_coke_can/condition_0015,15,16,False,80,0.5706860225397666,0,0,1,never_grasped,0,False,17,,,,,0,0,False,0,0,False,False,0.5266419053077698,0.21984276175498962,0.8405777812004089,0,0,0.0,0,False,False,,False,80
pick_coke_can,pick_coke_can/condition_0015,15,17,False,80,0.5706860225397666,0,0,1,never_grasped,0,False,18,,,,,0,0,False,0,0,False,False,0.5266419053077698,0.21984276175498962,0.8405777812004089,0,0,0.0,0,False,False,,False,80
pick_coke_can,pick_coke_can/condition_0015,15,18,False,80,0.5706860225397666,0,0,1,never_grasped,0,False,19,,,,,0,0,False,0,0,False,False,0.5266419053077698,0.21984276175498962,0.8405777812004089,0,0,0.0,0,False,False,,False,80
pick_coke_can,pick_coke_can/condition_0015,15,19,False,80,0.5706860225397666,0,0,1,never_grasped,0,False,20,,,,,0,0,False,0,0,False,False,0.5266419053077698,0.21984276175498962,0.8405777812004089,0,0,0.0,0,False,False,,False,80
pick_coke_can,pick_coke_can/condition_0015,15,20,False,80,0.5706860225397666,0,0,1,never_grasped,0,False,21,,,,,0,0,False,0,0,False,False,0.5266419053077698,0.21984276175498962,0.8405777812004089,0,0,0.0,0,False,False,,False,80
pick_coke_can,pick_coke_can/condition_0015,15,21,False,80,0.5706860225397666,0,0,1,never_grasped,0,False,22,,,,,0,0,False,0,0,False,False,0.5266419053077698,0.21984276175498962,0.8405777812004089,0,0,0.0,0,False,False,,False,80
pick_coke_can,pick_coke_can/condition_0015,15,22,False,80,0.5706860225397666,0,0,1,never_grasped,0,False,23,,,,,0,0,False,0,0,False,False,0.5266419053077698,0.21984276175498962,0.8405777812004089,0,0,0.0,0,False,False,,False,80
pick_coke_can,pick_coke_can/condition_0015,15,23,False,80,0.5706860225397666,0,0,1,never_grasped,0,False,24,,,,,0,0,False,0,0,False,False,0.5266419053077698,0.21984276175498962,0.8405777812004089,0,0,0.0,0,False,False,,False,80
pick_coke_can,pick_coke_can/condition_0015,15,24,False,80,0.5706860225397666,0,0,1,never_grasped,0,False,25,,,,,0,0,False,0,0,False,False,0.5266419053077698,0.21984276175498962,0.8405777812004089,0,0,0.0,0,False,False,,False,80
pick_coke_can,pick_coke_can/condition_0015,15,25,False,80,0.5706860225397666,0,0,1,never_grasped,0,False,26,,,,,0,0,False,0,0,False,False,0.5266419053077698,0.21984276175498962,0.8405777812004089,0,0,0.0,0,False,False,,False,80
pick_coke_can,pick_coke_can/condition_0015,15,26,False,80,0.5706860225397666,0,0,1,never_grasped,0,False,27,,,,,0,0,False,0,0,False,False,0.5266419053077698,0.21984276175498962,0.8405777812004089,0,0,0.0,0,False,False,,False,80
pick_coke_can,pick_coke_can/condition_0015,15,27,False,80,0.5706860225397666,0,0,1,never_grasped,0,False,28,,,,,0,0,False,0,0,False,False,0.5266419053077698,0.21984276175498962,0.8405777812004089,0,0,0.0,0,False,False,,False,80
pick_coke_can,pick_coke_can/condition_0015,15,28,False,80,0.5706860225397666,0,0,1,never_grasped,0,False,29,,,,,0,0,False,0,0,False,False,0.5266419053077698,0.21984276175498962,0.8405777812004089,0,0,0.0,0,False,False,,False,80
pick_coke_can,pick_coke_can/condition_0015,15,29,False,80,0.5706860225397666,0,0,1,never_grasped,0,False,30,,,,,0,0,False,0,0,False,False,0.5266419053077698,0.21984276175498962,0.8405777812004089,0,0,0.0,0,False,False,,False,80
pick_coke_can,pick_coke_can/condition_0015,15,30,False,80,0.5706860225397666,0,0,1,never_grasped,0,False,31,,,,,0,0,False,0,0,False,False,0.5266419053077698,0.21984276175498962,0.8405777812004089,0,0,0.0,0,False,False,,False,80
pick_coke_can,pick_coke_can/condition_0015,15,31,False,80,0.5706860225397666,0,0,1,never_grasped,0,False,32,,,,,0,0,False,0,0,False,False,0.5266419053077698,0.21984276175498962,0.8405777812004089,0,0,0.0,0,False,False,,False,80
pick_coke_can,pick_coke_can/condition_0015,15,32,False,80,0.5706860225397666,0,0,1,never_grasped,0,False,33,,,,,0,0,False,0,0,False,False,0.5266419053077698,0.21984276175498962,0.8405777812004089,0,0,0.0,0,False,False,,False,80
pick_coke_can,pick_coke_can/condition_0015,15,33,False,80,0.5706860225397666,0,0,1,never_grasped,0,False,34,,,,,0,0,False,0,0,False,False,0.5266419053077698,0.21984276175498962,0.8405777812004089,0,0,0.0,0,False,False,,False,80
pick_coke_can,pick_coke_can/condition_0015,15,34,False,80,0.5706860225397666,0,0,1,never_grasped,0,False,35,,,,,0,0,False,0,0,False,False,0.5266419053077698,0.21984276175498962,0.8405777812004089,0,0,0.0,0,False,False,,False,80
pick_coke_can,pick_coke_can/condition_0015,15,35,False,80,0.5706860225397666,0,0,1,never_grasped,0,False,36,,,,,0,0,False,0,0,False,False,0.5266419053077698,0.21984276175498962,0.8405777812004089,0,0,0.0,0,False,False,,False,80
pick_coke_can,pick_coke_can/condition_0015,15,36,False,80,0.5706860225397666,0,0,1,never_grasped,0,False,37,,,,,0,0,False,0,0,False,False,0.5266419053077698,0.21984276175498962,0.8405777812004089,0,0,0.0,0,False,False,,False,80
pick_coke_can,pick_coke_can/condition_0015,15,37,False,80,0.5706860225397666,0,0,1,never_grasped,0,False,38,,,,,0,0,False,0,0,False,False,0.5266419053077698,0.21984276175498962,0.8405777812004089,0,0,0.0,0,False,False,,False,80
pick_coke_can,pick_coke_can/condition_0015,15,38,False,80,0.5706860225397666,0,0,1,never_grasped,0,False,39,,,,,0,0,False,0,0,False,False,0.5266419053077698,0.21984276175498962,0.8405777812004089,0,0,0.0,0,False,False,,False,80
pick_coke_can,pick_coke_can/condition_0015,15,39,False,80,0.5706860225397666,0,0,1,never_grasped,0,False,40,,,,,0,0,False,0,0,False,False,0.5266419053077698,0.21984276175498962,0.8405777812004089,0,0,0.0,0,False,False,,False,80
pick_coke_can,pick_coke_can/condition_0015,15,40,False,80,0.5706860225397666,0,0,1,never_grasped,0,False,41,,,,,0,0,False,0,0,False,False,0.5266419053077698,0.21984276175498962,0.8405777812004089,0,0,0.0,0,False,False,,False,80
pick_coke_can,pick_coke_can/condition_0015,15,41,False,80,0.5706860225397666,0,0,1,never_grasped,0,False,42,,,,,0,0,False,0,0,False,False,0.5266419053077698,0.21984276175498962,0.8405777812004089,0,0,0.0,0,False,False,,False,80
pick_coke_can,pick_coke_can/condition_0015,15,42,False,80,0.5706860225397666,0,0,1,never_grasped,0,False,43,,,,,0,0,False,0,0,False,False,0.5266419053077698,0.21984276175498962,0.8405777812004089,0,0,0.0,0,False,False,,False,80
pick_coke_can,pick_coke_can/condition_0015,15,43,False,80,0.5706860225397666,0,0,1,never_grasped,0,False,44,,,,,0,0,False,0,0,False,False,0.5266419053077698,0.21984276175498962,0.8405777812004089,0,0,0.0,0,False,False,,False,80
pick_coke_can,pick_coke_can/condition_0015,15,44,False,80,0.5706860225397666,0,0,1,never_grasped,0,False,45,,,,,0,0,False,0,0,False,False,0.5266419053077698,0.21984276175498962,0.8405777812004089,0,0,0.0,0,False,False,,False,80
pick_coke_can,pick_coke_can/condition_0015,15,45,False,80,0.5706860225397666,0,0,1,never_grasped,0,False,46,,,,,0,0,False,0,0,False,False,0.5266419053077698,0.21984276175498962,0.8405777812004089,0,0,0.0,0,False,False,,False,80
pick_coke_can,pick_coke_can/condition_0015,15,46,False,80,0.5706860225397666,0,0,1,never_grasped,0,False,47,,,,,0,0,False,0,0,False,False,0.5266419053077698,0.21984276175498962,0.8405777812004089,0,0,0.0,0,False,False,,False,80
pick_coke_can,pick_coke_can/condition_0015,15,47,False,80,0.5706860225397666,0,0,1,never_grasped,0,False,48,,,,,0,0,False,0,0,False,False,0.5266419053077698,0.21984276175498962,0.8405777812004089,0,0,0.0,0,False,False,,False,80
pick_coke_can,pick_coke_can/condition_0015,15,48,False,80,0.5706860225397666,0,0,1,never_grasped,0,False,49,,,,,0,0,False,0,0,False,False,0.5266419053077698,0.21984276175498962,0.8405777812004089,0,0,0.0,0,False,False,,False,80
pick_coke_can,pick_coke_can/condition_0015,15,49,False,80,0.5706860225397666,0,0,1,never_grasped,0,False,50,,,,,0,0,False,0,0,False,False,0.5266419053077698,0.21984276175498962,0.8405777812004089,0,0,0.0,0,False,False,,False,80
pick_coke_can,pick_coke_can/condition_0015,15,50,False,80,0.5706860225397666,0,0,1,never_grasped,0,False,51,,,,,0,0,False,0,0,False,False,0.5266419053077698,0.21984276175498962,0.8405777812004089,0,0,0.0,0,False,False,,False,80
pick_coke_can,pick_coke_can/condition_0015,15,51,False,80,0.5706860225397666,0,0,1,never_grasped,0,False,52,,,,,0,0,False,0,0,False,False,0.5266419053077698,0.21984276175498962,0.8405777812004089,0,0,0.0,0,False,False,,False,80
pick_coke_can,pick_coke_can/condition_0015,15,52,False,80,0.5706860225397666,0,0,1,never_grasped,0,False,53,,,,,0,0,False,0,0,False,False,0.5266419053077698,0.21984276175498962,0.8405777812004089,0,0,0.0,0,False,False,,False,80
pick_coke_can,pick_coke_can/condition_0015,15,53,False,80,0.5706860225397666,0,0,1,never_grasped,0,False,54,,,,,0,0,False,0,0,False,False,0.5266419053077698,0.21984276175498962,0.8405777812004089,0,0,0.0,0,False,False,,False,80
pick_coke_can,pick_coke_can/condition_0015,15,54,False,80,0.5706860225397666,0,0,1,never_grasped,0,False,55,,,,,0,0,False,0,0,False,False,0.5266419053077698,0.21984276175498962,0.8405777812004089,0,0,0.0,0,False,False,,False,80
pick_coke_can,pick_coke_can/condition_0015,15,55,False,80,0.5706860225397666,0,0,1,never_grasped,0,False,56,,,,,0,0,False,0,0,False,False,0.5266419053077698,0.21984276175498962,0.8405777812004089,0,0,0.0,0,False,False,,False,80
pick_coke_can,pick_coke_can/condition_0015,15,56,False,80,0.5706860225397666,0,0,1,never_grasped,0,False,57,,,,,0,0,False,0,0,False,False,0.5266419053077698,0.21984276175498962,0.8405777812004089,0,0,0.0,0,False,False,,False,80
pick_coke_can,pick_coke_can/condition_0015,15,57,False,80,0.5706860225397666,0,0,1,never_grasped,0,False,58,,,,,0,0,False,0,0,False,False,0.5266419053077698,0.21984276175498962,0.8405777812004089,0,0,0.0,0,False,False,,False,80
pick_coke_can,pick_coke_can/condition_0015,15,58,False,80,0.5706860225397666,0,0,1,never_grasped,0,False,59,,,,,0,0,False,0,0,False,False,0.5266419053077698,0.21984276175498962,0.8405777812004089,0,0,0.0,0,False,False,,False,80
pick_coke_can,pick_coke_can/condition_0015,15,59,False,80,0.5706860225397666,0,0,1,never_grasped,0,False,60,,,,,0,0,False,0,0,False,False,0.5266419053077698,0.21984276175498962,0.8405777812004089,0,0,0.0,0,False,False,,False,80
pick_coke_can,pick_coke_can/condition_0015,15,60,False,80,0.5706860225397666,0,0,1,never_grasped,0,False,61,,,,,0,0,False,0,0,False,False,0.5266419053077698,0.21984276175498962,0.8405777812004089,0,0,0.0,0,False,False,,False,80
pick_coke_can,pick_coke_can/condition_0015,15,61,False,80,0.5706860225397666,0,0,1,never_grasped,0,False,62,,,,,0,0,False,0,0,False,False,0.5266419053077698,0.21984276175498962,0.8405777812004089,0,0,0.0,0,False,False,,False,80
pick_coke_can,pick_coke_can/condition_0015,15,62,False,80,0.5706860225397666,0,0,1,never_grasped,0,False,63,,,,,0,0,False,0,0,False,False,0.5266419053077698,0.21984276175498962,0.8405777812004089,0,0,0.0,0,False,False,,False,80
pick_coke_can,pick_coke_can/condition_0015,15,63,False,80,0.5706860225397666,0,0,1,never_grasped,0,False,64,,,,,0,0,False,0,0,False,False,0.5266419053077698,0.21984276175498962,0.8405777812004089,0,0,0.0,0,False,False,,False,80
pick_coke_can,pick_coke_can/condition_0015,15,64,False,80,0.5706860225397666,0,0,1,never_grasped,0,False,65,,,,,0,0,False,0,0,False,False,0.5266419053077698,0.21984276175498962,0.8405777812004089,0,0,0.0,0,False,False,,False,80
pick_coke_can,pick_coke_can/condition_0015,15,65,False,80,0.5706860225397666,0,0,1,never_grasped,0,False,66,,,,,0,0,False,0,0,False,False,0.5266419053077698,0.21984276175498962,0.8405777812004089,0,0,0.0,0,False,False,,False,80
pick_coke_can,pick_coke_can/condition_0015,15,66,False,80,0.5706860225397666,0,0,1,never_grasped,0,False,67,,,,,0,0,False,0,0,False,False,0.5266419053077698,0.21984276175498962,0.8405777812004089,0,0,0.0,0,False,False,,False,80
pick_coke_can,pick_coke_can/condition_0015,15,67,False,80,0.5706860225397666,0,0,1,never_grasped,0,False,68,,,,,0,0,False,0,0,False,False,0.5266419053077698,0.21984276175498962,0.8405777812004089,0,0,0.0,0,False,False,,False,80
pick_coke_can,pick_coke_can/condition_0015,15,68,False,80,0.5706860225397666,0,0,1,never_grasped,0,False,69,,,,,0,0,False,0,0,False,False,0.5266419053077698,0.21984276175498962,0.8405777812004089,0,0,0.0,0,False,False,,False,80
pick_coke_can,pick_coke_can/condition_0015,15,69,False,80,0.5706860225397666,0,0,1,never_grasped,0,False,70,,,,,0,0,False,0,0,False,False,0.5266419053077698,0.21984276175498962,0.8405777812004089,0,0,0.0,0,False,False,,False,80
pick_coke_can,pick_coke_can/condition_0015,15,70,False,80,0.5706860225397666,0,0,1,never_grasped,0,False,71,,,,,0,0,False,0,0,False,False,0.5266419053077698,0.21984276175498962,0.8405777812004089,0,0,0.0,0,False,False,,False,80
pick_coke_can,pick_coke_can/condition_0015,15,71,False,80,0.5706860225397666,0,0,1,never_grasped,0,False,72,,,,,0,0,False,0,0,False,False,0.5266419053077698,0.21984276175498962,0.8405777812004089,0,0,0.0,0,False,False,,False,80
pick_coke_can,pick_coke_can/condition_0015,15,72,False,80,0.5706860225397666,0,0,1,never_grasped,0,False,73,,,,,0,0,False,0,0,False,False,0.5266419053077698,0.21984276175498962,0.8405777812004089,0,0,0.0,0,False,False,,False,80
pick_coke_can,pick_coke_can/condition_0015,15,73,False,80,0.5706860225397666,0,0,1,never_grasped,0,False,74,,,,,0,0,False,0,0,False,False,0.5266419053077698,0.21984276175498962,0.8405777812004089,0,0,0.0,0,False,False,,False,80
pick_coke_can,pick_coke_can/condition_0015,15,74,False,80,0.5706860225397666,0,0,1,never_grasped,0,False,75,,,,,0,0,False,0,0,False,False,0.5266419053077698,0.21984276175498962,0.8405777812004089,0,0,0.0,0,False,False,,False,80
pick_coke_can,pick_coke_can/condition_0015,15,75,False,80,0.5706860225397666,0,0,1,never_grasped,0,False,76,,,,,0,0,False,0,0,False,False,0.5266419053077698,0.21984276175498962,0.8405777812004089,0,0,0.0,0,False,False,,False,80
pick_coke_can,pick_coke_can/condition_0015,15,76,False,80,0.5706860225397666,0,0,1,never_grasped,0,False,77,,,,,0,0,False,0,0,False,False,0.5266419053077698,0.21984276175498962,0.8405777812004089,0,0,0.0,0,False,False,,False,80
pick_coke_can,pick_coke_can/condition_0015,15,77,False,80,0.5706860225397666,0,0,1,never_grasped,0,False,78,,,,,0,0,False,0,0,False,False,0.5266419053077698,0.21984276175498962,0.8405777812004089,0,0,0.0,0,False,False,,False,80
pick_coke_can,pick_coke_can/condition_0015,15,78,False,80,0.5706860225397666,0,0,1,never_grasped,0,False,79,,,,,0,0,False,0,0,False,False,0.5266419053077698,0.21984276175498962,0.8405777812004089,0,0,0.0,0,False,False,,False,80
pick_coke_can,pick_coke_can/condition_0015,15,79,False,80,0.5706860225397666,0,0,1,never_grasped,0,False,80,,,,,0,0,False,0,0,False,False,0.5266419053077698,0.21984276175498962,0.8405777812004089,0,0,0.0,0,False,False,,True,80
pick_coke_can,pick_coke_can/condition_0016,16,0,True,57,0.5379395257671504,0,0,0,success,0,False,1,53,56,,56,4,0,False,1,0,False,False,0.5266056656837463,0.10984264314174652,0.840575635433197,0,0,0.0,0,False,False,,False,80
pick_coke_can,pick_coke_can/condition_0016,16,1,True,57,0.5379395257671504,0,0,0,success,0,False,2,53,56,,56,4,0,False,1,0,False,False,0.5266056656837463,0.10984264314174652,0.840575635433197,0,0,0.0,0,False,False,,False,80
pick_coke_can,pick_coke_can/condition_0016,16,2,True,57,0.5379395257671504,0,0,0,success,0,False,3,53,56,,56,4,0,False,1,0,False,False,0.5266056656837463,0.10984264314174652,0.840575635433197,0,0,0.0,0,False,False,,False,80
pick_coke_can,pick_coke_can/condition_0016,16,3,True,57,0.5379395257671504,0,0,0,success,0,False,4,53,56,,56,4,0,False,1,0,False,False,0.5266056656837463,0.10984264314174652,0.840575635433197,0,0,0.0,0,False,False,,False,80
pick_coke_can,pick_coke_can/condition_0016,16,4,True,57,0.5379395257671504,0,0,0,success,0,False,5,53,56,,56,4,0,False,1,0,False,False,0.5266056656837463,0.10984264314174652,0.840575635433197,0,0,0.0,0,False,False,,False,80
pick_coke_can,pick_coke_can/condition_0016,16,5,True,57,0.5379395257671504,0,0,0,success,0,False,6,53,56,,56,4,0,False,1,0,False,False,0.5266056656837463,0.10984264314174652,0.840575635433197,0,0,0.0,0,False,False,,False,80
pick_coke_can,pick_coke_can/condition_0016,16,6,True,57,0.5379395257671504,0,0,0,success,0,False,7,53,56,,56,4,0,False,1,0,False,False,0.5266056656837463,0.10984264314174652,0.840575635433197,0,0,0.0,0,False,False,,False,80
pick_coke_can,pick_coke_can/condition_0016,16,7,True,57,0.5379395257671504,0,0,0,success,0,False,8,53,56,,56,4,0,False,1,0,False,False,0.5266056656837463,0.10984264314174652,0.840575635433197,0,0,0.0,0,False,False,,False,80
pick_coke_can,pick_coke_can/condition_0016,16,8,True,57,0.5379395257671504,0,0,0,success,0,False,9,53,56,,56,4,0,False,1,0,False,False,0.5266056656837463,0.10984264314174652,0.840575635433197,0,0,0.0,0,False,False,,False,80
pick_coke_can,pick_coke_can/condition_0016,16,9,True,57,0.5379395257671504,0,0,0,success,0,False,10,53,56,,56,4,0,False,1,0,False,False,0.5266056656837463,0.10984264314174652,0.840575635433197,0,0,0.0,0,False,False,,False,80
pick_coke_can,pick_coke_can/condition_0016,16,10,True,57,0.5379395257671504,0,0,0,success,0,False,11,53,56,,56,4,0,False,1,0,False,False,0.5266056656837463,0.10984264314174652,0.840575635433197,0,0,0.0,0,False,False,,False,80
pick_coke_can,pick_coke_can/condition_0016,16,11,True,57,0.5379395257671504,0,0,0,success,0,False,12,53,56,,56,4,0,False,1,0,False,False,0.5266056656837463,0.10984264314174652,0.840575635433197,0,0,0.0,0,False,False,,False,80
pick_coke_can,pick_coke_can/condition_0016,16,12,True,57,0.5379395257671504,0,0,0,success,0,False,13,53,56,,56,4,0,False,1,0,False,False,0.5266056656837463,0.10984264314174652,0.840575635433197,0,0,0.0,0,False,False,,False,80
pick_coke_can,pick_coke_can/condition_0016,16,13,True,57,0.5379395257671504,0,0,0,success,0,False,14,53,56,,56,4,0,False,1,0,False,False,0.5266056656837463,0.10984264314174652,0.840575635433197,0,0,0.0,0,False,False,,False,80
pick_coke_can,pick_coke_can/condition_0016,16,14,True,57,0.5379395257671504,0,0,0,success,0,False,15,53,56,,56,4,0,False,1,0,False,False,0.5266056656837463,0.10984264314174652,0.840575635433197,0,0,0.0,0,False,False,,False,80
pick_coke_can,pick_coke_can/condition_0016,16,15,True,57,0.5379395257671504,0,0,0,success,0,False,16,53,56,,56,4,0,False,1,0,False,False,0.5266056656837463,0.10984264314174652,0.840575635433197,0,0,0.0,0,False,False,,False,80
pick_coke_can,pick_coke_can/condition_0016,16,16,True,57,0.5379395257671504,0,0,0,success,0,False,17,53,56,,56,4,0,False,1,0,False,False,0.5266056656837463,0.10984264314174652,0.840575635433197,0,0,0.0,0,False,False,,False,80
pick_coke_can,pick_coke_can/condition_0016,16,17,True,57,0.5379395257671504,0,0,0,success,0,False,18,53,56,,56,4,0,False,1,0,False,False,0.5266056656837463,0.10984264314174652,0.840575635433197,0,0,0.0,0,False,False,,False,80
pick_coke_can,pick_coke_can/condition_0016,16,18,True,57,0.5379395257671504,0,0,0,success,0,False,19,53,56,,56,4,0,False,1,0,False,False,0.5266056656837463,0.10984264314174652,0.840575635433197,0,0,0.0,0,False,False,,False,80
pick_coke_can,pick_coke_can/condition_0016,16,19,True,57,0.5379395257671504,0,0,0,success,0,False,20,53,56,,56,4,0,False,1,0,False,False,0.5266056656837463,0.10984264314174652,0.840575635433197,0,0,0.0,0,False,False,,False,80
pick_coke_can,pick_coke_can/condition_0016,16,20,True,57,0.5379395257671504,0,0,0,success,0,False,21,53,56,,56,4,0,False,1,0,False,False,0.5266056656837463,0.10984264314174652,0.840575635433197,0,0,0.0,0,False,False,,False,80
pick_coke_can,pick_coke_can/condition_0016,16,21,True,57,0.5379395257671504,0,0,0,success,0,False,22,53,56,,56,4,0,False,1,0,False,False,0.5266056656837463,0.10984264314174652,0.840575635433197,0,0,0.0,0,False,False,,False,80
pick_coke_can,pick_coke_can/condition_0016,16,22,True,57,0.5379395257671504,0,0,0,success,0,False,23,53,56,,56,4,0,False,1,0,False,False,0.5266056656837463,0.10984264314174652,0.840575635433197,0,0,0.0,0,False,False,,False,80
pick_coke_can,pick_coke_can/condition_0016,16,23,True,57,0.5379395257671504,0,0,0,success,0,False,24,53,56,,56,4,0,False,1,0,False,False,0.5266056656837463,0.10984264314174652,0.840575635433197,0,0,0.0,0,False,False,,False,80
pick_coke_can,pick_coke_can/condition_0016,16,24,True,57,0.5379395257671504,0,0,0,success,0,False,25,53,56,,56,4,0,False,1,0,False,False,0.5266056656837463,0.10984264314174652,0.840575635433197,0,0,0.0,0,False,False,,False,80
pick_coke_can,pick_coke_can/condition_0016,16,25,True,57,0.5379395257671504,0,0,0,success,0,False,26,53,56,,56,4,0,False,1,0,False,False,0.5266056656837463,0.10984264314174652,0.840575635433197,0,0,0.0,0,False,False,,False,80
pick_coke_can,pick_coke_can/condition_0016,16,26,True,57,0.5379395257671504,0,0,0,success,0,False,27,53,56,,56,4,0,False,1,0,False,False,0.5266056656837463,0.10984264314174652,0.840575635433197,0,0,0.0,0,False,False,,False,80
pick_coke_can,pick_coke_can/condition_0016,16,27,True,57,0.5379395257671504,0,0,0,success,0,False,28,53,56,,56,4,0,False,1,0,False,False,0.5266056656837463,0.10984264314174652,0.840575635433197,0,0,0.0,0,False,False,,False,80
pick_coke_can,pick_coke_can/condition_0016,16,28,True,57,0.5379395257671504,0,0,0,success,0,False,29,53,56,,56,4,0,False,1,0,False,False,0.5266056656837463,0.10984264314174652,0.840575635433197,0,0,0.0,0,False,False,,False,80
pick_coke_can,pick_coke_can/condition_0016,16,29,True,57,0.5379395257671504,0,0,0,success,0,False,30,53,56,,56,4,0,False,1,0,False,False,0.5266056656837463,0.10984264314174652,0.840575635433197,0,0,0.0,0,False,False,,False,80
pick_coke_can,pick_coke_can/condition_0016,16,30,True,57,0.5379395257671504,0,0,0,success,0,False,31,53,56,,56,4,0,False,1,0,False,False,0.5266056656837463,0.10984264314174652,0.840575635433197,0,0,0.0,0,False,False,,False,80
pick_coke_can,pick_coke_can/condition_0016,16,31,True,57,0.5379395257671504,0,0,0,success,0,False,32,53,56,,56,4,0,False,1,0,False,False,0.5266056656837463,0.10984264314174652,0.840575635433197,0,0,0.0,0,False,False,,False,80
pick_coke_can,pick_coke_can/condition_0016,16,32,True,57,0.5379395257671504,0,0,0,success,0,False,33,53,56,,56,4,0,False,1,0,False,False,0.5266056656837463,0.10984264314174652,0.840575635433197,0,0,0.0,0,False,False,,False,80
pick_coke_can,pick_coke_can/condition_0016,16,33,True,57,0.5379395257671504,0,0,0,success,0,False,34,53,56,,56,4,0,False,1,0,False,False,0.5266056656837463,0.10984264314174652,0.840575635433197,0,0,0.0,0,False,False,,False,80
pick_coke_can,pick_coke_can/condition_0016,16,34,True,57,0.5379395257671504,0,0,0,success,0,False,35,53,56,,56,4,0,False,1,0,False,False,0.5266056656837463,0.10984264314174652,0.840575635433197,0,0,0.0,0,False,False,,False,80
pick_coke_can,pick_coke_can/condition_0016,16,35,True,57,0.5379395257671504,0,0,0,success,0,False,36,53,56,,56,4,0,False,1,0,False,False,0.5266056656837463,0.10984264314174652,0.840575635433197,0,0,0.0,0,False,False,,False,80
pick_coke_can,pick_coke_can/condition_0016,16,36,True,57,0.5379395257671504,0,0,0,success,0,False,37,53,56,,56,4,0,False,1,0,False,False,0.5266056656837463,0.10984264314174652,0.840575635433197,0,0,0.0,0,False,False,,False,80
pick_coke_can,pick_coke_can/condition_0016,16,37,True,57,0.5379395257671504,0,0,0,success,0,False,38,53,56,,56,4,0,False,1,0,False,False,0.5266056656837463,0.10984264314174652,0.840575635433197,0,0,0.0,0,False,False,,False,80
pick_coke_can,pick_coke_can/condition_0016,16,38,True,57,0.5379395257671504,0,0,0,success,0,False,39,53,56,,56,4,0,False,1,0,False,False,0.5266056656837463,0.10984264314174652,0.840575635433197,0,0,0.0,0,False,False,,False,80
pick_coke_can,pick_coke_can/condition_0016,16,39,True,57,0.5379395257671504,0,0,0,success,0,False,40,53,56,,56,4,0,False,1,0,False,False,0.5266056656837463,0.10984264314174652,0.840575635433197,0,0,0.0,0,False,False,,False,80
pick_coke_can,pick_coke_can/condition_0016,16,40,True,57,0.5379395257671504,0,0,0,success,0,False,41,53,56,,56,4,0,False,1,0,False,False,0.5266056656837463,0.10984264314174652,0.840575635433197,0,0,0.0,0,False,False,,False,80
pick_coke_can,pick_coke_can/condition_0016,16,41,True,57,0.5379395257671504,0,0,0,success,0,False,42,53,56,,56,4,0,False,1,0,False,False,0.5266056656837463,0.10984264314174652,0.840575635433197,0,0,0.0,0,False,False,,False,80
pick_coke_can,pick_coke_can/condition_0016,16,42,True,57,0.5379395257671504,0,0,0,success,0,False,43,53,56,,56,4,0,False,1,0,False,False,0.5266056656837463,0.10984264314174652,0.840575635433197,0,0,0.0,0,False,False,,False,80
pick_coke_can,pick_coke_can/condition_0016,16,43,True,57,0.5379395257671504,0,0,0,success,0,False,44,53,56,,56,4,0,False,1,0,False,False,0.5266056656837463,0.10984264314174652,0.840575635433197,0,0,0.0,0,False,False,,False,80
pick_coke_can,pick_coke_can/condition_0016,16,44,True,57,0.5379395257671504,0,0,0,success,0,False,45,53,56,,56,4,0,False,1,0,False,False,0.5266056656837463,0.10984264314174652,0.840575635433197,0,0,0.0,0,False,False,,False,80
pick_coke_can,pick_coke_can/condition_0016,16,45,True,57,0.5379395257671504,0,0,0,success,0,False,46,53,56,,56,4,0,False,1,0,False,False,0.5266056656837463,0.10984264314174652,0.840575635433197,0,0,0.0,0,False,False,,False,80
pick_coke_can,pick_coke_can/condition_0016,16,46,True,57,0.5379395257671504,0,0,0,success,0,False,47,53,56,,56,4,0,False,1,0,False,False,0.5266056656837463,0.10984264314174652,0.840575635433197,0,0,0.0,0,False,False,,False,80
pick_coke_can,pick_coke_can/condition_0016,16,47,True,57,0.5379395257671504,0,0,0,success,0,False,48,53,56,,56,4,0,False,1,0,False,False,0.5266056656837463,0.10984264314174652,0.840575635433197,0,0,0.0,0,False,False,,False,80
pick_coke_can,pick_coke_can/condition_0016,16,48,True,57,0.5379395257671504,0,0,0,success,0,False,49,53,56,,56,4,0,False,1,0,False,False,0.5266056656837463,0.10984264314174652,0.840575635433197,0,0,0.0,0,False,False,,False,80
pick_coke_can,pick_coke_can/condition_0016,16,49,True,57,0.5379395257671504,0,0,0,success,0,False,50,53,56,,56,4,0,False,1,0,False,False,0.5266056656837463,0.10984264314174652,0.840575635433197,0,0,0.0,0,False,False,,False,80
pick_coke_can,pick_coke_can/condition_0016,16,50,True,57,0.5379395257671504,0,0,0,success,0,False,51,53,56,,56,4,0,False,1,0,False,False,0.5266056656837463,0.10984264314174652,0.840575635433197,0,0,0.0,0,False,False,,False,80
pick_coke_can,pick_coke_can/condition_0016,16,51,True,57,0.5379395257671504,0,0,0,success,0,False,52,53,56,,56,4,0,False,1,0,False,False,0.5266056656837463,0.10984264314174652,0.840575635433197,0,0,0.0,0,False,False,,False,80
pick_coke_can,pick_coke_can/condition_0016,16,52,True,57,0.5379395257671504,0,0,0,success,0,False,53,53,56,,56,4,0,False,1,0,False,False,0.5266056656837463,0.10984264314174652,0.840575635433197,0,0,0.0,0,False,False,,False,80
pick_coke_can,pick_coke_can/condition_0016,16,53,True,57,0.5379395257671504,0,0,0,success,0,False,54,53,56,,56,4,1,True,1,0,False,False,0.5266056656837463,0.10984264314174652,0.840575635433197,1,1,0.0,0,False,False,0,False,80
pick_coke_can,pick_coke_can/condition_0016,16,54,True,57,0.5379395257671504,0,0,0,success,0,False,55,53,56,,56,4,2,True,1,0,False,False,0.5266056656837463,0.10984264314174652,0.840575635433197,1,0,0.0,0,False,False,1,False,80
pick_coke_can,pick_coke_can/condition_0016,16,55,True,57,0.5379395257671504,0,0,0,success,0,False,56,53,56,,56,4,3,True,1,0,False,False,0.5266056656837463,0.10984264314174652,0.840575635433197,1,0,0.0,0,False,False,2,False,80
pick_coke_can,pick_coke_can/condition_0016,16,56,True,57,0.5379395257671504,0,0,0,success,0,False,57,53,56,,56,4,4,True,1,1,True,False,0.5266056656837463,0.10984264314174652,0.840575635433197,4,1,1.0,0,True,True,3,False,80
pick_coke_can,pick_coke_can/condition_0017,17,0,True,33,0.5266497361990594,0,0,0,success,0,False,1,31,32,32,32,2,0,False,1,0,False,False,0.5266497135162354,-0.00015456974506378174,0.8405786752700806,0,0,0.0,1,False,False,,False,80
pick_coke_can,pick_coke_can/condition_0017,17,1,True,33,0.5266497361990594,0,0,0,success,0,False,2,31,32,32,32,2,0,False,1,0,False,False,0.5266497135162354,-0.00015456974506378174,0.8405786752700806,0,0,0.0,1,False,False,,False,80
pick_coke_can,pick_coke_can/condition_0017,17,2,True,33,0.5266497361990594,0,0,0,success,0,False,3,31,32,32,32,2,0,False,1,0,False,False,0.5266497135162354,-0.00015456974506378174,0.8405786752700806,0,0,0.0,1,False,False,,False,80
pick_coke_can,pick_coke_can/condition_0017,17,3,True,33,0.5266497361990594,0,0,0,success,0,False,4,31,32,32,32,2,0,False,1,0,False,False,0.5266497135162354,-0.00015456974506378174,0.8405786752700806,0,0,0.0,1,False,False,,False,80
pick_coke_can,pick_coke_can/condition_0017,17,4,True,33,0.5266497361990594,0,0,0,success,0,False,5,31,32,32,32,2,0,False,1,0,False,False,0.5266497135162354,-0.00015456974506378174,0.8405786752700806,0,0,0.0,1,False,False,,False,80
pick_coke_can,pick_coke_can/condition_0017,17,5,True,33,0.5266497361990594,0,0,0,success,0,False,6,31,32,32,32,2,0,False,1,0,False,False,0.5266497135162354,-0.00015456974506378174,0.8405786752700806,0,0,0.0,1,False,False,,False,80
pick_coke_can,pick_coke_can/condition_0017,17,6,True,33,0.5266497361990594,0,0,0,success,0,False,7,31,32,32,32,2,0,False,1,0,False,False,0.5266497135162354,-0.00015456974506378174,0.8405786752700806,0,0,0.0,1,False,False,,False,80
pick_coke_can,pick_coke_can/condition_0017,17,7,True,33,0.5266497361990594,0,0,0,success,0,False,8,31,32,32,32,2,0,False,1,0,False,False,0.5266497135162354,-0.00015456974506378174,0.8405786752700806,0,0,0.0,1,False,False,,False,80
pick_coke_can,pick_coke_can/condition_0017,17,8,True,33,0.5266497361990594,0,0,0,success,0,False,9,31,32,32,32,2,0,False,1,0,False,False,0.5266497135162354,-0.00015456974506378174,0.8405786752700806,0,0,0.0,1,False,False,,False,80
pick_coke_can,pick_coke_can/condition_0017,17,9,True,33,0.5266497361990594,0,0,0,success,0,False,10,31,32,32,32,2,0,False,1,0,False,False,0.5266497135162354,-0.00015456974506378174,0.8405786752700806,0,0,0.0,1,False,False,,False,80
pick_coke_can,pick_coke_can/condition_0017,17,10,True,33,0.5266497361990594,0,0,0,success,0,False,11,31,32,32,32,2,0,False,1,0,False,False,0.5266497135162354,-0.00015456974506378174,0.8405786752700806,0,0,0.0,1,False,False,,False,80
pick_coke_can,pick_coke_can/condition_0017,17,11,True,33,0.5266497361990594,0,0,0,success,0,False,12,31,32,32,32,2,0,False,1,0,False,False,0.5266497135162354,-0.00015456974506378174,0.8405786752700806,0,0,0.0,1,False,False,,False,80
pick_coke_can,pick_coke_can/condition_0017,17,12,True,33,0.5266497361990594,0,0,0,success,0,False,13,31,32,32,32,2,0,False,1,0,False,False,0.5266497135162354,-0.00015456974506378174,0.8405786752700806,0,0,0.0,1,False,False,,False,80
pick_coke_can,pick_coke_can/condition_0017,17,13,True,33,0.5266497361990594,0,0,0,success,0,False,14,31,32,32,32,2,0,False,1,0,False,False,0.5266497135162354,-0.00015456974506378174,0.8405786752700806,0,0,0.0,1,False,False,,False,80
pick_coke_can,pick_coke_can/condition_0017,17,14,True,33,0.5266497361990594,0,0,0,success,0,False,15,31,32,32,32,2,0,False,1,0,False,False,0.5266497135162354,-0.00015456974506378174,0.8405786752700806,0,0,0.0,1,False,False,,False,80
pick_coke_can,pick_coke_can/condition_0017,17,15,True,33,0.5266497361990594,0,0,0,success,0,False,16,31,32,32,32,2,0,False,1,0,False,False,0.5266497135162354,-0.00015456974506378174,0.8405786752700806,0,0,0.0,1,False,False,,False,80
pick_coke_can,pick_coke_can/condition_0017,17,16,True,33,0.5266497361990594,0,0,0,success,0,False,17,31,32,32,32,2,0,False,1,0,False,False,0.5266497135162354,-0.00015456974506378174,0.8405786752700806,0,0,0.0,1,False,False,,False,80
pick_coke_can,pick_coke_can/condition_0017,17,17,True,33,0.5266497361990594,0,0,0,success,0,False,18,31,32,32,32,2,0,False,1,0,False,False,0.5266497135162354,-0.00015456974506378174,0.8405786752700806,0,0,0.0,1,False,False,,False,80
pick_coke_can,pick_coke_can/condition_0017,17,18,True,33,0.5266497361990594,0,0,0,success,0,False,19,31,32,32,32,2,0,False,1,0,False,False,0.5266497135162354,-0.00015456974506378174,0.8405786752700806,0,0,0.0,1,False,False,,False,80
pick_coke_can,pick_coke_can/condition_0017,17,19,True,33,0.5266497361990594,0,0,0,success,0,False,20,31,32,32,32,2,0,False,1,0,False,False,0.5266497135162354,-0.00015456974506378174,0.8405786752700806,0,0,0.0,1,False,False,,False,80
pick_coke_can,pick_coke_can/condition_0017,17,20,True,33,0.5266497361990594,0,0,0,success,0,False,21,31,32,32,32,2,0,False,1,0,False,False,0.5266497135162354,-0.00015456974506378174,0.8405786752700806,0,0,0.0,1,False,False,,False,80
pick_coke_can,pick_coke_can/condition_0017,17,21,True,33,0.5266497361990594,0,0,0,success,0,False,22,31,32,32,32,2,0,False,1,0,False,False,0.5266497135162354,-0.00015456974506378174,0.8405786752700806,0,0,0.0,1,False,False,,False,80
pick_coke_can,pick_coke_can/condition_0017,17,22,True,33,0.5266497361990594,0,0,0,success,0,False,23,31,32,32,32,2,0,False,1,0,False,False,0.5266497135162354,-0.00015456974506378174,0.8405786752700806,0,0,0.0,1,False,False,,False,80
pick_coke_can,pick_coke_can/condition_0017,17,23,True,33,0.5266497361990594,0,0,0,success,0,False,24,31,32,32,32,2,0,False,1,0,False,False,0.5266497135162354,-0.00015456974506378174,0.8405786752700806,0,0,0.0,1,False,False,,False,80
pick_coke_can,pick_coke_can/condition_0017,17,24,True,33,0.5266497361990594,0,0,0,success,0,False,25,31,32,32,32,2,0,False,1,0,False,False,0.5266497135162354,-0.00015456974506378174,0.8405786752700806,0,0,0.0,1,False,False,,False,80
pick_coke_can,pick_coke_can/condition_0017,17,25,True,33,0.5266497361990594,0,0,0,success,0,False,26,31,32,32,32,2,0,False,1,0,False,False,0.5266497135162354,-0.00015456974506378174,0.8405786752700806,0,0,0.0,1,False,False,,False,80
pick_coke_can,pick_coke_can/condition_0017,17,26,True,33,0.5266497361990594,0,0,0,success,0,False,27,31,32,32,32,2,0,False,1,0,False,False,0.5266497135162354,-0.00015456974506378174,0.8405786752700806,0,0,0.0,1,False,False,,False,80
pick_coke_can,pick_coke_can/condition_0017,17,27,True,33,0.5266497361990594,0,0,0,success,0,False,28,31,32,32,32,2,0,False,1,0,False,False,0.5266497135162354,-0.00015456974506378174,0.8405786752700806,0,0,0.0,1,False,False,,False,80
pick_coke_can,pick_coke_can/condition_0017,17,28,True,33,0.5266497361990594,0,0,0,success,0,False,29,31,32,32,32,2,0,False,1,0,False,False,0.5266497135162354,-0.00015456974506378174,0.8405786752700806,0,0,0.0,1,False,False,,False,80
pick_coke_can,pick_coke_can/condition_0017,17,29,True,33,0.5266497361990594,0,0,0,success,0,False,30,31,32,32,32,2,0,False,1,0,False,False,0.5266497135162354,-0.00015456974506378174,0.8405786752700806,0,0,0.0,1,False,False,,False,80
pick_coke_can,pick_coke_can/condition_0017,17,30,True,33,0.5266497361990594,0,0,0,success,0,False,31,31,32,32,32,2,0,False,1,0,False,False,0.5266497135162354,-0.00015456974506378174,0.8405786752700806,0,0,0.0,1,False,False,,False,80
pick_coke_can,pick_coke_can/condition_0017,17,31,True,33,0.5266497361990594,0,0,0,success,0,False,32,31,32,32,32,2,1,True,1,0,False,False,0.5266497135162354,-0.00015456974506378174,0.8405786752700806,1,1,0.0,1,False,False,0,False,80
pick_coke_can,pick_coke_can/condition_0017,17,32,True,33,0.5266497361990594,0,0,0,success,0,False,33,31,32,32,32,2,2,True,1,1,True,True,0.5266497135162354,-0.00015456974506378174,0.8405786752700806,4,1,1.0,1,True,True,1,False,80
pick_coke_can,pick_coke_can/condition_0018,18,0,True,26,0.5380082935603536,0,0,0,success,0,False,1,23,25,,25,3,0,False,1,0,False,False,0.5266100764274597,-0.11015784740447998,0.8405756950378418,0,0,0.0,0,False,False,,False,80
pick_coke_can,pick_coke_can/condition_0018,18,1,True,26,0.5380082935603536,0,0,0,success,0,False,2,23,25,,25,3,0,False,1,0,False,False,0.5266100764274597,-0.11015784740447998,0.8405756950378418,0,0,0.0,0,False,False,,False,80
pick_coke_can,pick_coke_can/condition_0018,18,2,True,26,0.5380082935603536,0,0,0,success,0,False,3,23,25,,25,3,0,False,1,0,False,False,0.5266100764274597,-0.11015784740447998,0.8405756950378418,0,0,0.0,0,False,False,,False,80
pick_coke_can,pick_coke_can/condition_0018,18,3,True,26,0.5380082935603536,0,0,0,success,0,False,4,23,25,,25,3,0,False,1,0,False,False,0.5266100764274597,-0.11015784740447998,0.8405756950378418,0,0,0.0,0,False,False,,False,80
pick_coke_can,pick_coke_can/condition_0018,18,4,True,26,0.5380082935603536,0,0,0,success,0,False,5,23,25,,25,3,0,False,1,0,False,False,0.5266100764274597,-0.11015784740447998,0.8405756950378418,0,0,0.0,0,False,False,,False,80
pick_coke_can,pick_coke_can/condition_0018,18,5,True,26,0.5380082935603536,0,0,0,success,0,False,6,23,25,,25,3,0,False,1,0,False,False,0.5266100764274597,-0.11015784740447998,0.8405756950378418,0,0,0.0,0,False,False,,False,80
pick_coke_can,pick_coke_can/condition_0018,18,6,True,26,0.5380082935603536,0,0,0,success,0,False,7,23,25,,25,3,0,False,1,0,False,False,0.5266100764274597,-0.11015784740447998,0.8405756950378418,0,0,0.0,0,False,False,,False,80
pick_coke_can,pick_coke_can/condition_0018,18,7,True,26,0.5380082935603536,0,0,0,success,0,False,8,23,25,,25,3,0,False,1,0,False,False,0.5266100764274597,-0.11015784740447998,0.8405756950378418,0,0,0.0,0,False,False,,False,80
pick_coke_can,pick_coke_can/condition_0018,18,8,True,26,0.5380082935603536,0,0,0,success,0,False,9,23,25,,25,3,0,False,1,0,False,False,0.5266100764274597,-0.11015784740447998,0.8405756950378418,0,0,0.0,0,False,False,,False,80
pick_coke_can,pick_coke_can/condition_0018,18,9,True,26,0.5380082935603536,0,0,0,success,0,False,10,23,25,,25,3,0,False,1,0,False,False,0.5266100764274597,-0.11015784740447998,0.8405756950378418,0,0,0.0,0,False,False,,False,80
pick_coke_can,pick_coke_can/condition_0018,18,10,True,26,0.5380082935603536,0,0,0,success,0,False,11,23,25,,25,3,0,False,1,0,False,False,0.5266100764274597,-0.11015784740447998,0.8405756950378418,0,0,0.0,0,False,False,,False,80
pick_coke_can,pick_coke_can/condition_0018,18,11,True,26,0.5380082935603536,0,0,0,success,0,False,12,23,25,,25,3,0,False,1,0,False,False,0.5266100764274597,-0.11015784740447998,0.8405756950378418,0,0,0.0,0,False,False,,False,80
pick_coke_can,pick_coke_can/condition_0018,18,12,True,26,0.5380082935603536,0,0,0,success,0,False,13,23,25,,25,3,0,False,1,0,False,False,0.5266100764274597,-0.11015784740447998,0.8405756950378418,0,0,0.0,0,False,False,,False,80
pick_coke_can,pick_coke_can/condition_0018,18,13,True,26,0.5380082935603536,0,0,0,success,0,False,14,23,25,,25,3,0,False,1,0,False,False,0.5266100764274597,-0.11015784740447998,0.8405756950378418,0,0,0.0,0,False,False,,False,80
pick_coke_can,pick_coke_can/condition_0018,18,14,True,26,0.5380082935603536,0,0,0,success,0,False,15,23,25,,25,3,0,False,1,0,False,False,0.5266100764274597,-0.11015784740447998,0.8405756950378418,0,0,0.0,0,False,False,,False,80
pick_coke_can,pick_coke_can/condition_0018,18,15,True,26,0.5380082935603536,0,0,0,success,0,False,16,23,25,,25,3,0,False,1,0,False,False,0.5266100764274597,-0.11015784740447998,0.8405756950378418,0,0,0.0,0,False,False,,False,80
pick_coke_can,pick_coke_can/condition_0018,18,16,True,26,0.5380082935603536,0,0,0,success,0,False,17,23,25,,25,3,0,False,1,0,False,False,0.5266100764274597,-0.11015784740447998,0.8405756950378418,0,0,0.0,0,False,False,,False,80
pick_coke_can,pick_coke_can/condition_0018,18,17,True,26,0.5380082935603536,0,0,0,success,0,False,18,23,25,,25,3,0,False,1,0,False,False,0.5266100764274597,-0.11015784740447998,0.8405756950378418,0,0,0.0,0,False,False,,False,80
pick_coke_can,pick_coke_can/condition_0018,18,18,True,26,0.5380082935603536,0,0,0,success,0,False,19,23,25,,25,3,0,False,1,0,False,False,0.5266100764274597,-0.11015784740447998,0.8405756950378418,0,0,0.0,0,False,False,,False,80
pick_coke_can,pick_coke_can/condition_0018,18,19,True,26,0.5380082935603536,0,0,0,success,0,False,20,23,25,,25,3,0,False,1,0,False,False,0.5266100764274597,-0.11015784740447998,0.8405756950378418,0,0,0.0,0,False,False,,False,80
pick_coke_can,pick_coke_can/condition_0018,18,20,True,26,0.5380082935603536,0,0,0,success,0,False,21,23,25,,25,3,0,False,1,0,False,False,0.5266100764274597,-0.11015784740447998,0.8405756950378418,0,0,0.0,0,False,False,,False,80
pick_coke_can,pick_coke_can/condition_0018,18,21,True,26,0.5380082935603536,0,0,0,success,0,False,22,23,25,,25,3,0,False,1,0,False,False,0.5266100764274597,-0.11015784740447998,0.8405756950378418,0,0,0.0,0,False,False,,False,80
pick_coke_can,pick_coke_can/condition_0018,18,22,True,26,0.5380082935603536,0,0,0,success,0,False,23,23,25,,25,3,0,False,1,0,False,False,0.5266100764274597,-0.11015784740447998,0.8405756950378418,0,0,0.0,0,False,False,,False,80
pick_coke_can,pick_coke_can/condition_0018,18,23,True,26,0.5380082935603536,0,0,0,success,0,False,24,23,25,,25,3,1,True,1,0,False,False,0.5266100764274597,-0.11015784740447998,0.8405756950378418,1,1,0.0,0,False,False,0,False,80
pick_coke_can,pick_coke_can/condition_0018,18,24,True,26,0.5380082935603536,0,0,0,success,0,False,25,23,25,,25,3,2,True,1,0,False,False,0.5266100764274597,-0.11015784740447998,0.8405756950378418,1,0,0.0,0,False,False,1,False,80
pick_coke_can,pick_coke_can/condition_0018,18,25,True,26,0.5380082935603536,0,0,0,success,0,False,26,23,25,,25,3,3,True,1,1,True,False,0.5266100764274597,-0.11015784740447998,0.8405756950378418,4,1,1.0,0,True,True,2,False,80
pick_coke_can,pick_coke_can/condition_0019,19,0,False,80,0.5707743305615903,0,0,1,never_grasped,0,False,1,,,,,0,0,False,0,0,False,False,0.5266057252883911,-0.22015845775604248,0.8405757546424866,0,0,0.0,0,False,False,,False,80
pick_coke_can,pick_coke_can/condition_0019,19,1,False,80,0.5707743305615903,0,0,1,never_grasped,0,False,2,,,,,0,0,False,0,0,False,False,0.5266057252883911,-0.22015845775604248,0.8405757546424866,0,0,0.0,0,False,False,,False,80
pick_coke_can,pick_coke_can/condition_0019,19,2,False,80,0.5707743305615903,0,0,1,never_grasped,0,False,3,,,,,0,0,False,0,0,False,False,0.5266057252883911,-0.22015845775604248,0.8405757546424866,0,0,0.0,0,False,False,,False,80
pick_coke_can,pick_coke_can/condition_0019,19,3,False,80,0.5707743305615903,0,0,1,never_grasped,0,False,4,,,,,0,0,False,0,0,False,False,0.5266057252883911,-0.22015845775604248,0.8405757546424866,0,0,0.0,0,False,False,,False,80
pick_coke_can,pick_coke_can/condition_0019,19,4,False,80,0.5707743305615903,0,0,1,never_grasped,0,False,5,,,,,0,0,False,0,0,False,False,0.5266057252883911,-0.22015845775604248,0.8405757546424866,0,0,0.0,0,False,False,,False,80
pick_coke_can,pick_coke_can/condition_0019,19,5,False,80,0.5707743305615903,0,0,1,never_grasped,0,False,6,,,,,0,0,False,0,0,False,False,0.5266057252883911,-0.22015845775604248,0.8405757546424866,0,0,0.0,0,False,False,,False,80
pick_coke_can,pick_coke_can/condition_0019,19,6,False,80,0.5707743305615903,0,0,1,never_grasped,0,False,7,,,,,0,0,False,0,0,False,False,0.5266057252883911,-0.22015845775604248,0.8405757546424866,0,0,0.0,0,False,False,,False,80
pick_coke_can,pick_coke_can/condition_0019,19,7,False,80,0.5707743305615903,0,0,1,never_grasped,0,False,8,,,,,0,0,False,0,0,False,False,0.5266057252883911,-0.22015845775604248,0.8405757546424866,0,0,0.0,0,False,False,,False,80
pick_coke_can,pick_coke_can/condition_0019,19,8,False,80,0.5707743305615903,0,0,1,never_grasped,0,False,9,,,,,0,0,False,0,0,False,False,0.5266057252883911,-0.22015845775604248,0.8405757546424866,0,0,0.0,0,False,False,,False,80
pick_coke_can,pick_coke_can/condition_0019,19,9,False,80,0.5707743305615903,0,0,1,never_grasped,0,False,10,,,,,0,0,False,0,0,False,False,0.5266057252883911,-0.22015845775604248,0.8405757546424866,0,0,0.0,0,False,False,,False,80
pick_coke_can,pick_coke_can/condition_0019,19,10,False,80,0.5707743305615903,0,0,1,never_grasped,0,False,11,,,,,0,0,False,0,0,False,False,0.5266057252883911,-0.22015845775604248,0.8405757546424866,0,0,0.0,0,False,False,,False,80
pick_coke_can,pick_coke_can/condition_0019,19,11,False,80,0.5707743305615903,0,0,1,never_grasped,0,False,12,,,,,0,0,False,0,0,False,False,0.5266057252883911,-0.22015845775604248,0.8405757546424866,0,0,0.0,0,False,False,,False,80
pick_coke_can,pick_coke_can/condition_0019,19,12,False,80,0.5707743305615903,0,0,1,never_grasped,0,False,13,,,,,0,0,False,0,0,False,False,0.5266057252883911,-0.22015845775604248,0.8405757546424866,0,0,0.0,0,False,False,,False,80
pick_coke_can,pick_coke_can/condition_0019,19,13,False,80,0.5707743305615903,0,0,1,never_grasped,0,False,14,,,,,0,0,False,0,0,False,False,0.5266057252883911,-0.22015845775604248,0.8405757546424866,0,0,0.0,0,False,False,,False,80
pick_coke_can,pick_coke_can/condition_0019,19,14,False,80,0.5707743305615903,0,0,1,never_grasped,0,False,15,,,,,0,0,False,0,0,False,False,0.5266057252883911,-0.22015845775604248,0.8405757546424866,0,0,0.0,0,False,False,,False,80
pick_coke_can,pick_coke_can/condition_0019,19,15,False,80,0.5707743305615903,0,0,1,never_grasped,0,False,16,,,,,0,0,False,0,0,False,False,0.5266057252883911,-0.22015845775604248,0.8405757546424866,0,0,0.0,0,False,False,,False,80
pick_coke_can,pick_coke_can/condition_0019,19,16,False,80,0.5707743305615903,0,0,1,never_grasped,0,False,17,,,,,0,0,False,0,0,False,False,0.5266057252883911,-0.22015845775604248,0.8405757546424866,0,0,0.0,0,False,False,,False,80
pick_coke_can,pick_coke_can/condition_0019,19,17,False,80,0.5707743305615903,0,0,1,never_grasped,0,False,18,,,,,0,0,False,0,0,False,False,0.5266057252883911,-0.22015845775604248,0.8405757546424866,0,0,0.0,0,False,False,,False,80
pick_coke_can,pick_coke_can/condition_0019,19,18,False,80,0.5707743305615903,0,0,1,never_grasped,0,False,19,,,,,0,0,False,0,0,False,False,0.5266057252883911,-0.22015845775604248,0.8405757546424866,0,0,0.0,0,False,False,,False,80
pick_coke_can,pick_coke_can/condition_0019,19,19,False,80,0.5707743305615903,0,0,1,never_grasped,0,False,20,,,,,0,0,False,0,0,False,False,0.5266057252883911,-0.22015845775604248,0.8405757546424866,0,0,0.0,0,False,False,,False,80
pick_coke_can,pick_coke_can/condition_0019,19,20,False,80,0.5707743305615903,0,0,1,never_grasped,0,False,21,,,,,0,0,False,0,0,False,False,0.5266057252883911,-0.22015845775604248,0.8405757546424866,0,0,0.0,0,False,False,,False,80
pick_coke_can,pick_coke_can/condition_0019,19,21,False,80,0.5707743305615903,0,0,1,never_grasped,0,False,22,,,,,0,0,False,0,0,False,False,0.5266057252883911,-0.22015845775604248,0.8405757546424866,0,0,0.0,0,False,False,,False,80
pick_coke_can,pick_coke_can/condition_0019,19,22,False,80,0.5707743305615903,0,0,1,never_grasped,0,False,23,,,,,0,0,False,0,0,False,False,0.5266057252883911,-0.22015845775604248,0.8405757546424866,0,0,0.0,0,False,False,,False,80
pick_coke_can,pick_coke_can/condition_0019,19,23,False,80,0.5707743305615903,0,0,1,never_grasped,0,False,24,,,,,0,0,False,0,0,False,False,0.5266057252883911,-0.22015845775604248,0.8405757546424866,0,0,0.0,0,False,False,,False,80
pick_coke_can,pick_coke_can/condition_0019,19,24,False,80,0.5707743305615903,0,0,1,never_grasped,0,False,25,,,,,0,0,False,0,0,False,False,0.5266057252883911,-0.22015845775604248,0.8405757546424866,0,0,0.0,0,False,False,,False,80
pick_coke_can,pick_coke_can/condition_0019,19,25,False,80,0.5707743305615903,0,0,1,never_grasped,0,False,26,,,,,0,0,False,0,0,False,False,0.5266057252883911,-0.22015845775604248,0.8405757546424866,0,0,0.0,0,False,False,,False,80
pick_coke_can,pick_coke_can/condition_0019,19,26,False,80,0.5707743305615903,0,0,1,never_grasped,0,False,27,,,,,0,0,False,0,0,False,False,0.5266057252883911,-0.22015845775604248,0.8405757546424866,0,0,0.0,0,False,False,,False,80
pick_coke_can,pick_coke_can/condition_0019,19,27,False,80,0.5707743305615903,0,0,1,never_grasped,0,False,28,,,,,0,0,False,0,0,False,False,0.5266057252883911,-0.22015845775604248,0.8405757546424866,0,0,0.0,0,False,False,,False,80
pick_coke_can,pick_coke_can/condition_0019,19,28,False,80,0.5707743305615903,0,0,1,never_grasped,0,False,29,,,,,0,0,False,0,0,False,False,0.5266057252883911,-0.22015845775604248,0.8405757546424866,0,0,0.0,0,False,False,,False,80
pick_coke_can,pick_coke_can/condition_0019,19,29,False,80,0.5707743305615903,0,0,1,never_grasped,0,False,30,,,,,0,0,False,0,0,False,False,0.5266057252883911,-0.22015845775604248,0.8405757546424866,0,0,0.0,0,False,False,,False,80
pick_coke_can,pick_coke_can/condition_0019,19,30,False,80,0.5707743305615903,0,0,1,never_grasped,0,False,31,,,,,0,0,False,0,0,False,False,0.5266057252883911,-0.22015845775604248,0.8405757546424866,0,0,0.0,0,False,False,,False,80
pick_coke_can,pick_coke_can/condition_0019,19,31,False,80,0.5707743305615903,0,0,1,never_grasped,0,False,32,,,,,0,0,False,0,0,False,False,0.5266057252883911,-0.22015845775604248,0.8405757546424866,0,0,0.0,0,False,False,,False,80
pick_coke_can,pick_coke_can/condition_0019,19,32,False,80,0.5707743305615903,0,0,1,never_grasped,0,False,33,,,,,0,0,False,0,0,False,False,0.5266057252883911,-0.22015845775604248,0.8405757546424866,0,0,0.0,0,False,False,,False,80
pick_coke_can,pick_coke_can/condition_0019,19,33,False,80,0.5707743305615903,0,0,1,never_grasped,0,False,34,,,,,0,0,False,0,0,False,False,0.5266057252883911,-0.22015845775604248,0.8405757546424866,0,0,0.0,0,False,False,,False,80
pick_coke_can,pick_coke_can/condition_0019,19,34,False,80,0.5707743305615903,0,0,1,never_grasped,0,False,35,,,,,0,0,False,0,0,False,False,0.5266057252883911,-0.22015845775604248,0.8405757546424866,0,0,0.0,0,False,False,,False,80
pick_coke_can,pick_coke_can/condition_0019,19,35,False,80,0.5707743305615903,0,0,1,never_grasped,0,False,36,,,,,0,0,False,0,0,False,False,0.5266057252883911,-0.22015845775604248,0.8405757546424866,0,0,0.0,0,False,False,,False,80
pick_coke_can,pick_coke_can/condition_0019,19,36,False,80,0.5707743305615903,0,0,1,never_grasped,0,False,37,,,,,0,0,False,0,0,False,False,0.5266057252883911,-0.22015845775604248,0.8405757546424866,0,0,0.0,0,False,False,,False,80
pick_coke_can,pick_coke_can/condition_0019,19,37,False,80,0.5707743305615903,0,0,1,never_grasped,0,False,38,,,,,0,0,False,0,0,False,False,0.5266057252883911,-0.22015845775604248,0.8405757546424866,0,0,0.0,0,False,False,,False,80
pick_coke_can,pick_coke_can/condition_0019,19,38,False,80,0.5707743305615903,0,0,1,never_grasped,0,False,39,,,,,0,0,False,0,0,False,False,0.5266057252883911,-0.22015845775604248,0.8405757546424866,0,0,0.0,0,False,False,,False,80
pick_coke_can,pick_coke_can/condition_0019,19,39,False,80,0.5707743305615903,0,0,1,never_grasped,0,False,40,,,,,0,0,False,0,0,False,False,0.5266057252883911,-0.22015845775604248,0.8405757546424866,0,0,0.0,0,False,False,,False,80
pick_coke_can,pick_coke_can/condition_0019,19,40,False,80,0.5707743305615903,0,0,1,never_grasped,0,False,41,,,,,0,0,False,0,0,False,False,0.5266057252883911,-0.22015845775604248,0.8405757546424866,0,0,0.0,0,False,False,,False,80
pick_coke_can,pick_coke_can/condition_0019,19,41,False,80,0.5707743305615903,0,0,1,never_grasped,0,False,42,,,,,0,0,False,0,0,False,False,0.5266057252883911,-0.22015845775604248,0.8405757546424866,0,0,0.0,0,False,False,,False,80
pick_coke_can,pick_coke_can/condition_0019,19,42,False,80,0.5707743305615903,0,0,1,never_grasped,0,False,43,,,,,0,0,False,0,0,False,False,0.5266057252883911,-0.22015845775604248,0.8405757546424866,0,0,0.0,0,False,False,,False,80
pick_coke_can,pick_coke_can/condition_0019,19,43,False,80,0.5707743305615903,0,0,1,never_grasped,0,False,44,,,,,0,0,False,0,0,False,False,0.5266057252883911,-0.22015845775604248,0.8405757546424866,0,0,0.0,0,False,False,,False,80
pick_coke_can,pick_coke_can/condition_0019,19,44,False,80,0.5707743305615903,0,0,1,never_grasped,0,False,45,,,,,0,0,False,0,0,False,False,0.5266057252883911,-0.22015845775604248,0.8405757546424866,0,0,0.0,0,False,False,,False,80
pick_coke_can,pick_coke_can/condition_0019,19,45,False,80,0.5707743305615903,0,0,1,never_grasped,0,False,46,,,,,0,0,False,0,0,False,False,0.5266057252883911,-0.22015845775604248,0.8405757546424866,0,0,0.0,0,False,False,,False,80
pick_coke_can,pick_coke_can/condition_0019,19,46,False,80,0.5707743305615903,0,0,1,never_grasped,0,False,47,,,,,0,0,False,0,0,False,False,0.5266057252883911,-0.22015845775604248,0.8405757546424866,0,0,0.0,0,False,False,,False,80
pick_coke_can,pick_coke_can/condition_0019,19,47,False,80,0.5707743305615903,0,0,1,never_grasped,0,False,48,,,,,0,0,False,0,0,False,False,0.5266057252883911,-0.22015845775604248,0.8405757546424866,0,0,0.0,0,False,False,,False,80
pick_coke_can,pick_coke_can/condition_0019,19,48,False,80,0.5707743305615903,0,0,1,never_grasped,0,False,49,,,,,0,0,False,0,0,False,False,0.5266057252883911,-0.22015845775604248,0.8405757546424866,0,0,0.0,0,False,False,,False,80
pick_coke_can,pick_coke_can/condition_0019,19,49,False,80,0.5707743305615903,0,0,1,never_grasped,0,False,50,,,,,0,0,False,0,0,False,False,0.5266057252883911,-0.22015845775604248,0.8405757546424866,0,0,0.0,0,False,False,,False,80
pick_coke_can,pick_coke_can/condition_0019,19,50,False,80,0.5707743305615903,0,0,1,never_grasped,0,False,51,,,,,0,0,False,0,0,False,False,0.5266057252883911,-0.22015845775604248,0.8405757546424866,0,0,0.0,0,False,False,,False,80
pick_coke_can,pick_coke_can/condition_0019,19,51,False,80,0.5707743305615903,0,0,1,never_grasped,0,False,52,,,,,0,0,False,0,0,False,False,0.5266057252883911,-0.22015845775604248,0.8405757546424866,0,0,0.0,0,False,False,,False,80
pick_coke_can,pick_coke_can/condition_0019,19,52,False,80,0.5707743305615903,0,0,1,never_grasped,0,False,53,,,,,0,0,False,0,0,False,False,0.5266057252883911,-0.22015845775604248,0.8405757546424866,0,0,0.0,0,False,False,,False,80
pick_coke_can,pick_coke_can/condition_0019,19,53,False,80,0.5707743305615903,0,0,1,never_grasped,0,False,54,,,,,0,0,False,0,0,False,False,0.5266057252883911,-0.22015845775604248,0.8405757546424866,0,0,0.0,0,False,False,,False,80
pick_coke_can,pick_coke_can/condition_0019,19,54,False,80,0.5707743305615903,0,0,1,never_grasped,0,False,55,,,,,0,0,False,0,0,False,False,0.5266057252883911,-0.22015845775604248,0.8405757546424866,0,0,0.0,0,False,False,,False,80
pick_coke_can,pick_coke_can/condition_0019,19,55,False,80,0.5707743305615903,0,0,1,never_grasped,0,False,56,,,,,0,0,False,0,0,False,False,0.5266057252883911,-0.22015845775604248,0.8405757546424866,0,0,0.0,0,False,False,,False,80
pick_coke_can,pick_coke_can/condition_0019,19,56,False,80,0.5707743305615903,0,0,1,never_grasped,0,False,57,,,,,0,0,False,0,0,False,False,0.5266057252883911,-0.22015845775604248,0.8405757546424866,0,0,0.0,0,False,False,,False,80
pick_coke_can,pick_coke_can/condition_0019,19,57,False,80,0.5707743305615903,0,0,1,never_grasped,0,False,58,,,,,0,0,False,0,0,False,False,0.5266057252883911,-0.22015845775604248,0.8405757546424866,0,0,0.0,0,False,False,,False,80
pick_coke_can,pick_coke_can/condition_0019,19,58,False,80,0.5707743305615903,0,0,1,never_grasped,0,False,59,,,,,0,0,False,0,0,False,False,0.5266057252883911,-0.22015845775604248,0.8405757546424866,0,0,0.0,0,False,False,,False,80
pick_coke_can,pick_coke_can/condition_0019,19,59,False,80,0.5707743305615903,0,0,1,never_grasped,0,False,60,,,,,0,0,False,0,0,False,False,0.5266057252883911,-0.22015845775604248,0.8405757546424866,0,0,0.0,0,False,False,,False,80
pick_coke_can,pick_coke_can/condition_0019,19,60,False,80,0.5707743305615903,0,0,1,never_grasped,0,False,61,,,,,0,0,False,0,0,False,False,0.5266057252883911,-0.22015845775604248,0.8405757546424866,0,0,0.0,0,False,False,,False,80
pick_coke_can,pick_coke_can/condition_0019,19,61,False,80,0.5707743305615903,0,0,1,never_grasped,0,False,62,,,,,0,0,False,0,0,False,False,0.5266057252883911,-0.22015845775604248,0.8405757546424866,0,0,0.0,0,False,False,,False,80
pick_coke_can,pick_coke_can/condition_0019,19,62,False,80,0.5707743305615903,0,0,1,never_grasped,0,False,63,,,,,0,0,False,0,0,False,False,0.5266057252883911,-0.22015845775604248,0.8405757546424866,0,0,0.0,0,False,False,,False,80
pick_coke_can,pick_coke_can/condition_0019,19,63,False,80,0.5707743305615903,0,0,1,never_grasped,0,False,64,,,,,0,0,False,0,0,False,False,0.5266057252883911,-0.22015845775604248,0.8405757546424866,0,0,0.0,0,False,False,,False,80
pick_coke_can,pick_coke_can/condition_0019,19,64,False,80,0.5707743305615903,0,0,1,never_grasped,0,False,65,,,,,0,0,False,0,0,False,False,0.5266057252883911,-0.22015845775604248,0.8405757546424866,0,0,0.0,0,False,False,,False,80
pick_coke_can,pick_coke_can/condition_0019,19,65,False,80,0.5707743305615903,0,0,1,never_grasped,0,False,66,,,,,0,0,False,0,0,False,False,0.5266057252883911,-0.22015845775604248,0.8405757546424866,0,0,0.0,0,False,False,,False,80
pick_coke_can,pick_coke_can/condition_0019,19,66,False,80,0.5707743305615903,0,0,1,never_grasped,0,False,67,,,,,0,0,False,0,0,False,False,0.5266057252883911,-0.22015845775604248,0.8405757546424866,0,0,0.0,0,False,False,,False,80
pick_coke_can,pick_coke_can/condition_0019,19,67,False,80,0.5707743305615903,0,0,1,never_grasped,0,False,68,,,,,0,0,False,0,0,False,False,0.5266057252883911,-0.22015845775604248,0.8405757546424866,0,0,0.0,0,False,False,,False,80
pick_coke_can,pick_coke_can/condition_0019,19,68,False,80,0.5707743305615903,0,0,1,never_grasped,0,False,69,,,,,0,0,False,0,0,False,False,0.5266057252883911,-0.22015845775604248,0.8405757546424866,0,0,0.0,0,False,False,,False,80
pick_coke_can,pick_coke_can/condition_0019,19,69,False,80,0.5707743305615903,0,0,1,never_grasped,0,False,70,,,,,0,0,False,0,0,False,False,0.5266057252883911,-0.22015845775604248,0.8405757546424866,0,0,0.0,0,False,False,,False,80
pick_coke_can,pick_coke_can/condition_0019,19,70,False,80,0.5707743305615903,0,0,1,never_grasped,0,False,71,,,,,0,0,False,0,0,False,False,0.5266057252883911,-0.22015845775604248,0.8405757546424866,0,0,0.0,0,False,False,,False,80
pick_coke_can,pick_coke_can/condition_0019,19,71,False,80,0.5707743305615903,0,0,1,never_grasped,0,False,72,,,,,0,0,False,0,0,False,False,0.5266057252883911,-0.22015845775604248,0.8405757546424866,0,0,0.0,0,False,False,,False,80
pick_coke_can,pick_coke_can/condition_0019,19,72,False,80,0.5707743305615903,0,0,1,never_grasped,0,False,73,,,,,0,0,False,0,0,False,False,0.5266057252883911,-0.22015845775604248,0.8405757546424866,0,0,0.0,0,False,False,,False,80
pick_coke_can,pick_coke_can/condition_0019,19,73,False,80,0.5707743305615903,0,0,1,never_grasped,0,False,74,,,,,0,0,False,0,0,False,False,0.5266057252883911,-0.22015845775604248,0.8405757546424866,0,0,0.0,0,False,False,,False,80
pick_coke_can,pick_coke_can/condition_0019,19,74,False,80,0.5707743305615903,0,0,1,never_grasped,0,False,75,,,,,0,0,False,0,0,False,False,0.5266057252883911,-0.22015845775604248,0.8405757546424866,0,0,0.0,0,False,False,,False,80
pick_coke_can,pick_coke_can/condition_0019,19,75,False,80,0.5707743305615903,0,0,1,never_grasped,0,False,76,,,,,0,0,False,0,0,False,False,0.5266057252883911,-0.22015845775604248,0.8405757546424866,0,0,0.0,0,False,False,,False,80
pick_coke_can,pick_coke_can/condition_0019,19,76,False,80,0.5707743305615903,0,0,1,never_grasped,0,False,77,,,,,0,0,False,0,0,False,False,0.5266057252883911,-0.22015845775604248,0.8405757546424866,0,0,0.0,0,False,False,,False,80
pick_coke_can,pick_coke_can/condition_0019,19,77,False,80,0.5707743305615903,0,0,1,never_grasped,0,False,78,,,,,0,0,False,0,0,False,False,0.5266057252883911,-0.22015845775604248,0.8405757546424866,0,0,0.0,0,False,False,,False,80
pick_coke_can,pick_coke_can/condition_0019,19,78,False,80,0.5707743305615903,0,0,1,never_grasped,0,False,79,,,,,0,0,False,0,0,False,False,0.5266057252883911,-0.22015845775604248,0.8405757546424866,0,0,0.0,0,False,False,,False,80
pick_coke_can,pick_coke_can/condition_0019,19,79,False,80,0.5707743305615903,0,0,1,never_grasped,0,False,80,,,,,0,0,False,0,0,False,False,0.5266057252883911,-0.22015845775604248,0.8405757546424866,0,0,0.0,0,False,False,,True,80
pick_coke_can,pick_coke_can/condition_0020,20,0,True,56,0.5180657818857773,0,0,0,success,0,False,1,54,55,55,55,2,0,False,1,0,False,False,0.46910589933395386,0.2198449671268463,0.8405758142471313,0,0,0.0,1,False,False,,False,80
pick_coke_can,pick_coke_can/condition_0020,20,1,True,56,0.5180657818857773,0,0,0,success,0,False,2,54,55,55,55,2,0,False,1,0,False,False,0.46910589933395386,0.2198449671268463,0.8405758142471313,0,0,0.0,1,False,False,,False,80
pick_coke_can,pick_coke_can/condition_0020,20,2,True,56,0.5180657818857773,0,0,0,success,0,False,3,54,55,55,55,2,0,False,1,0,False,False,0.46910589933395386,0.2198449671268463,0.8405758142471313,0,0,0.0,1,False,False,,False,80
pick_coke_can,pick_coke_can/condition_0020,20,3,True,56,0.5180657818857773,0,0,0,success,0,False,4,54,55,55,55,2,0,False,1,0,False,False,0.46910589933395386,0.2198449671268463,0.8405758142471313,0,0,0.0,1,False,False,,False,80
pick_coke_can,pick_coke_can/condition_0020,20,4,True,56,0.5180657818857773,0,0,0,success,0,False,5,54,55,55,55,2,0,False,1,0,False,False,0.46910589933395386,0.2198449671268463,0.8405758142471313,0,0,0.0,1,False,False,,False,80
pick_coke_can,pick_coke_can/condition_0020,20,5,True,56,0.5180657818857773,0,0,0,success,0,False,6,54,55,55,55,2,0,False,1,0,False,False,0.46910589933395386,0.2198449671268463,0.8405758142471313,0,0,0.0,1,False,False,,False,80
pick_coke_can,pick_coke_can/condition_0020,20,6,True,56,0.5180657818857773,0,0,0,success,0,False,7,54,55,55,55,2,0,False,1,0,False,False,0.46910589933395386,0.2198449671268463,0.8405758142471313,0,0,0.0,1,False,False,,False,80
pick_coke_can,pick_coke_can/condition_0020,20,7,True,56,0.5180657818857773,0,0,0,success,0,False,8,54,55,55,55,2,0,False,1,0,False,False,0.46910589933395386,0.2198449671268463,0.8405758142471313,0,0,0.0,1,False,False,,False,80
pick_coke_can,pick_coke_can/condition_0020,20,8,True,56,0.5180657818857773,0,0,0,success,0,False,9,54,55,55,55,2,0,False,1,0,False,False,0.46910589933395386,0.2198449671268463,0.8405758142471313,0,0,0.0,1,False,False,,False,80
pick_coke_can,pick_coke_can/condition_0020,20,9,True,56,0.5180657818857773,0,0,0,success,0,False,10,54,55,55,55,2,0,False,1,0,False,False,0.46910589933395386,0.2198449671268463,0.8405758142471313,0,0,0.0,1,False,False,,False,80
pick_coke_can,pick_coke_can/condition_0020,20,10,True,56,0.5180657818857773,0,0,0,success,0,False,11,54,55,55,55,2,0,False,1,0,False,False,0.46910589933395386,0.2198449671268463,0.8405758142471313,0,0,0.0,1,False,False,,False,80
pick_coke_can,pick_coke_can/condition_0020,20,11,True,56,0.5180657818857773,0,0,0,success,0,False,12,54,55,55,55,2,0,False,1,0,False,False,0.46910589933395386,0.2198449671268463,0.8405758142471313,0,0,0.0,1,False,False,,False,80
pick_coke_can,pick_coke_can/condition_0020,20,12,True,56,0.5180657818857773,0,0,0,success,0,False,13,54,55,55,55,2,0,False,1,0,False,False,0.46910589933395386,0.2198449671268463,0.8405758142471313,0,0,0.0,1,False,False,,False,80
pick_coke_can,pick_coke_can/condition_0020,20,13,True,56,0.5180657818857773,0,0,0,success,0,False,14,54,55,55,55,2,0,False,1,0,False,False,0.46910589933395386,0.2198449671268463,0.8405758142471313,0,0,0.0,1,False,False,,False,80
pick_coke_can,pick_coke_can/condition_0020,20,14,True,56,0.5180657818857773,0,0,0,success,0,False,15,54,55,55,55,2,0,False,1,0,False,False,0.46910589933395386,0.2198449671268463,0.8405758142471313,0,0,0.0,1,False,False,,False,80
pick_coke_can,pick_coke_can/condition_0020,20,15,True,56,0.5180657818857773,0,0,0,success,0,False,16,54,55,55,55,2,0,False,1,0,False,False,0.46910589933395386,0.2198449671268463,0.8405758142471313,0,0,0.0,1,False,False,,False,80
pick_coke_can,pick_coke_can/condition_0020,20,16,True,56,0.5180657818857773,0,0,0,success,0,False,17,54,55,55,55,2,0,False,1,0,False,False,0.46910589933395386,0.2198449671268463,0.8405758142471313,0,0,0.0,1,False,False,,False,80
pick_coke_can,pick_coke_can/condition_0020,20,17,True,56,0.5180657818857773,0,0,0,success,0,False,18,54,55,55,55,2,0,False,1,0,False,False,0.46910589933395386,0.2198449671268463,0.8405758142471313,0,0,0.0,1,False,False,,False,80
pick_coke_can,pick_coke_can/condition_0020,20,18,True,56,0.5180657818857773,0,0,0,success,0,False,19,54,55,55,55,2,0,False,1,0,False,False,0.46910589933395386,0.2198449671268463,0.8405758142471313,0,0,0.0,1,False,False,,False,80
pick_coke_can,pick_coke_can/condition_0020,20,19,True,56,0.5180657818857773,0,0,0,success,0,False,20,54,55,55,55,2,0,False,1,0,False,False,0.46910589933395386,0.2198449671268463,0.8405758142471313,0,0,0.0,1,False,False,,False,80
pick_coke_can,pick_coke_can/condition_0020,20,20,True,56,0.5180657818857773,0,0,0,success,0,False,21,54,55,55,55,2,0,False,1,0,False,False,0.46910589933395386,0.2198449671268463,0.8405758142471313,0,0,0.0,1,False,False,,False,80
pick_coke_can,pick_coke_can/condition_0020,20,21,True,56,0.5180657818857773,0,0,0,success,0,False,22,54,55,55,55,2,0,False,1,0,False,False,0.46910589933395386,0.2198449671268463,0.8405758142471313,0,0,0.0,1,False,False,,False,80
pick_coke_can,pick_coke_can/condition_0020,20,22,True,56,0.5180657818857773,0,0,0,success,0,False,23,54,55,55,55,2,0,False,1,0,False,False,0.46910589933395386,0.2198449671268463,0.8405758142471313,0,0,0.0,1,False,False,,False,80
pick_coke_can,pick_coke_can/condition_0020,20,23,True,56,0.5180657818857773,0,0,0,success,0,False,24,54,55,55,55,2,0,False,1,0,False,False,0.46910589933395386,0.2198449671268463,0.8405758142471313,0,0,0.0,1,False,False,,False,80
pick_coke_can,pick_coke_can/condition_0020,20,24,True,56,0.5180657818857773,0,0,0,success,0,False,25,54,55,55,55,2,0,False,1,0,False,False,0.46910589933395386,0.2198449671268463,0.8405758142471313,0,0,0.0,1,False,False,,False,80
pick_coke_can,pick_coke_can/condition_0020,20,25,True,56,0.5180657818857773,0,0,0,success,0,False,26,54,55,55,55,2,0,False,1,0,False,False,0.46910589933395386,0.2198449671268463,0.8405758142471313,0,0,0.0,1,False,False,,False,80
pick_coke_can,pick_coke_can/condition_0020,20,26,True,56,0.5180657818857773,0,0,0,success,0,False,27,54,55,55,55,2,0,False,1,0,False,False,0.46910589933395386,0.2198449671268463,0.8405758142471313,0,0,0.0,1,False,False,,False,80
pick_coke_can,pick_coke_can/condition_0020,20,27,True,56,0.5180657818857773,0,0,0,success,0,False,28,54,55,55,55,2,0,False,1,0,False,False,0.46910589933395386,0.2198449671268463,0.8405758142471313,0,0,0.0,1,False,False,,False,80
pick_coke_can,pick_coke_can/condition_0020,20,28,True,56,0.5180657818857773,0,0,0,success,0,False,29,54,55,55,55,2,0,False,1,0,False,False,0.46910589933395386,0.2198449671268463,0.8405758142471313,0,0,0.0,1,False,False,,False,80
pick_coke_can,pick_coke_can/condition_0020,20,29,True,56,0.5180657818857773,0,0,0,success,0,False,30,54,55,55,55,2,0,False,1,0,False,False,0.46910589933395386,0.2198449671268463,0.8405758142471313,0,0,0.0,1,False,False,,False,80
pick_coke_can,pick_coke_can/condition_0020,20,30,True,56,0.5180657818857773,0,0,0,success,0,False,31,54,55,55,55,2,0,False,1,0,False,False,0.46910589933395386,0.2198449671268463,0.8405758142471313,0,0,0.0,1,False,False,,False,80
pick_coke_can,pick_coke_can/condition_0020,20,31,True,56,0.5180657818857773,0,0,0,success,0,False,32,54,55,55,55,2,0,False,1,0,False,False,0.46910589933395386,0.2198449671268463,0.8405758142471313,0,0,0.0,1,False,False,,False,80
pick_coke_can,pick_coke_can/condition_0020,20,32,True,56,0.5180657818857773,0,0,0,success,0,False,33,54,55,55,55,2,0,False,1,0,False,False,0.46910589933395386,0.2198449671268463,0.8405758142471313,0,0,0.0,1,False,False,,False,80
pick_coke_can,pick_coke_can/condition_0020,20,33,True,56,0.5180657818857773,0,0,0,success,0,False,34,54,55,55,55,2,0,False,1,0,False,False,0.46910589933395386,0.2198449671268463,0.8405758142471313,0,0,0.0,1,False,False,,False,80
pick_coke_can,pick_coke_can/condition_0020,20,34,True,56,0.5180657818857773,0,0,0,success,0,False,35,54,55,55,55,2,0,False,1,0,False,False,0.46910589933395386,0.2198449671268463,0.8405758142471313,0,0,0.0,1,False,False,,False,80
pick_coke_can,pick_coke_can/condition_0020,20,35,True,56,0.5180657818857773,0,0,0,success,0,False,36,54,55,55,55,2,0,False,1,0,False,False,0.46910589933395386,0.2198449671268463,0.8405758142471313,0,0,0.0,1,False,False,,False,80
pick_coke_can,pick_coke_can/condition_0020,20,36,True,56,0.5180657818857773,0,0,0,success,0,False,37,54,55,55,55,2,0,False,1,0,False,False,0.46910589933395386,0.2198449671268463,0.8405758142471313,0,0,0.0,1,False,False,,False,80
pick_coke_can,pick_coke_can/condition_0020,20,37,True,56,0.5180657818857773,0,0,0,success,0,False,38,54,55,55,55,2,0,False,1,0,False,False,0.46910589933395386,0.2198449671268463,0.8405758142471313,0,0,0.0,1,False,False,,False,80
pick_coke_can,pick_coke_can/condition_0020,20,38,True,56,0.5180657818857773,0,0,0,success,0,False,39,54,55,55,55,2,0,False,1,0,False,False,0.46910589933395386,0.2198449671268463,0.8405758142471313,0,0,0.0,1,False,False,,False,80
pick_coke_can,pick_coke_can/condition_0020,20,39,True,56,0.5180657818857773,0,0,0,success,0,False,40,54,55,55,55,2,0,False,1,0,False,False,0.46910589933395386,0.2198449671268463,0.8405758142471313,0,0,0.0,1,False,False,,False,80
pick_coke_can,pick_coke_can/condition_0020,20,40,True,56,0.5180657818857773,0,0,0,success,0,False,41,54,55,55,55,2,0,False,1,0,False,False,0.46910589933395386,0.2198449671268463,0.8405758142471313,0,0,0.0,1,False,False,,False,80
pick_coke_can,pick_coke_can/condition_0020,20,41,True,56,0.5180657818857773,0,0,0,success,0,False,42,54,55,55,55,2,0,False,1,0,False,False,0.46910589933395386,0.2198449671268463,0.8405758142471313,0,0,0.0,1,False,False,,False,80
pick_coke_can,pick_coke_can/condition_0020,20,42,True,56,0.5180657818857773,0,0,0,success,0,False,43,54,55,55,55,2,0,False,1,0,False,False,0.46910589933395386,0.2198449671268463,0.8405758142471313,0,0,0.0,1,False,False,,False,80
pick_coke_can,pick_coke_can/condition_0020,20,43,True,56,0.5180657818857773,0,0,0,success,0,False,44,54,55,55,55,2,0,False,1,0,False,False,0.46910589933395386,0.2198449671268463,0.8405758142471313,0,0,0.0,1,False,False,,False,80
pick_coke_can,pick_coke_can/condition_0020,20,44,True,56,0.5180657818857773,0,0,0,success,0,False,45,54,55,55,55,2,0,False,1,0,False,False,0.46910589933395386,0.2198449671268463,0.8405758142471313,0,0,0.0,1,False,False,,False,80
pick_coke_can,pick_coke_can/condition_0020,20,45,True,56,0.5180657818857773,0,0,0,success,0,False,46,54,55,55,55,2,0,False,1,0,False,False,0.46910589933395386,0.2198449671268463,0.8405758142471313,0,0,0.0,1,False,False,,False,80
pick_coke_can,pick_coke_can/condition_0020,20,46,True,56,0.5180657818857773,0,0,0,success,0,False,47,54,55,55,55,2,0,False,1,0,False,False,0.46910589933395386,0.2198449671268463,0.8405758142471313,0,0,0.0,1,False,False,,False,80
pick_coke_can,pick_coke_can/condition_0020,20,47,True,56,0.5180657818857773,0,0,0,success,0,False,48,54,55,55,55,2,0,False,1,0,False,False,0.46910589933395386,0.2198449671268463,0.8405758142471313,0,0,0.0,1,False,False,,False,80
pick_coke_can,pick_coke_can/condition_0020,20,48,True,56,0.5180657818857773,0,0,0,success,0,False,49,54,55,55,55,2,0,False,1,0,False,False,0.46910589933395386,0.2198449671268463,0.8405758142471313,0,0,0.0,1,False,False,,False,80
pick_coke_can,pick_coke_can/condition_0020,20,49,True,56,0.5180657818857773,0,0,0,success,0,False,50,54,55,55,55,2,0,False,1,0,False,False,0.46910589933395386,0.2198449671268463,0.8405758142471313,0,0,0.0,1,False,False,,False,80
pick_coke_can,pick_coke_can/condition_0020,20,50,True,56,0.5180657818857773,0,0,0,success,0,False,51,54,55,55,55,2,0,False,1,0,False,False,0.46910589933395386,0.2198449671268463,0.8405758142471313,0,0,0.0,1,False,False,,False,80
pick_coke_can,pick_coke_can/condition_0020,20,51,True,56,0.5180657818857773,0,0,0,success,0,False,52,54,55,55,55,2,0,False,1,0,False,False,0.46910589933395386,0.2198449671268463,0.8405758142471313,0,0,0.0,1,False,False,,False,80
pick_coke_can,pick_coke_can/condition_0020,20,52,True,56,0.5180657818857773,0,0,0,success,0,False,53,54,55,55,55,2,0,False,1,0,False,False,0.46910589933395386,0.2198449671268463,0.8405758142471313,0,0,0.0,1,False,False,,False,80
pick_coke_can,pick_coke_can/condition_0020,20,53,True,56,0.5180657818857773,0,0,0,success,0,False,54,54,55,55,55,2,0,False,1,0,False,False,0.46910589933395386,0.2198449671268463,0.8405758142471313,0,0,0.0,1,False,False,,False,80
pick_coke_can,pick_coke_can/condition_0020,20,54,True,56,0.5180657818857773,0,0,0,success,0,False,55,54,55,55,55,2,1,True,1,0,False,False,0.46910589933395386,0.2198449671268463,0.8405758142471313,1,1,0.0,1,False,False,0,False,80
pick_coke_can,pick_coke_can/condition_0020,20,55,True,56,0.5180657818857773,0,0,0,success,0,False,56,54,55,55,55,2,2,True,1,1,True,True,0.46910589933395386,0.2198449671268463,0.8405758142471313,4,1,1.0,1,True,True,1,False,80
pick_coke_can,pick_coke_can/condition_0021,21,0,True,44,0.48179479214560866,0,0,0,success,0,False,1,43,43,,43,1,0,False,1,0,False,False,0.4691064655780792,0.10984236747026443,0.8405758142471313,0,0,0.0,0,False,False,,False,80
pick_coke_can,pick_coke_can/condition_0021,21,1,True,44,0.48179479214560866,0,0,0,success,0,False,2,43,43,,43,1,0,False,1,0,False,False,0.4691064655780792,0.10984236747026443,0.8405758142471313,0,0,0.0,0,False,False,,False,80
pick_coke_can,pick_coke_can/condition_0021,21,2,True,44,0.48179479214560866,0,0,0,success,0,False,3,43,43,,43,1,0,False,1,0,False,False,0.4691064655780792,0.10984236747026443,0.8405758142471313,0,0,0.0,0,False,False,,False,80
pick_coke_can,pick_coke_can/condition_0021,21,3,True,44,0.48179479214560866,0,0,0,success,0,False,4,43,43,,43,1,0,False,1,0,False,False,0.4691064655780792,0.10984236747026443,0.8405758142471313,0,0,0.0,0,False,False,,False,80
pick_coke_can,pick_coke_can/condition_0021,21,4,True,44,0.48179479214560866,0,0,0,success,0,False,5,43,43,,43,1,0,False,1,0,False,False,0.4691064655780792,0.10984236747026443,0.8405758142471313,0,0,0.0,0,False,False,,False,80
pick_coke_can,pick_coke_can/condition_0021,21,5,True,44,0.48179479214560866,0,0,0,success,0,False,6,43,43,,43,1,0,False,1,0,False,False,0.4691064655780792,0.10984236747026443,0.8405758142471313,0,0,0.0,0,False,False,,False,80
pick_coke_can,pick_coke_can/condition_0021,21,6,True,44,0.48179479214560866,0,0,0,success,0,False,7,43,43,,43,1,0,False,1,0,False,False,0.4691064655780792,0.10984236747026443,0.8405758142471313,0,0,0.0,0,False,False,,False,80
pick_coke_can,pick_coke_can/condition_0021,21,7,True,44,0.48179479214560866,0,0,0,success,0,False,8,43,43,,43,1,0,False,1,0,False,False,0.4691064655780792,0.10984236747026443,0.8405758142471313,0,0,0.0,0,False,False,,False,80
pick_coke_can,pick_coke_can/condition_0021,21,8,True,44,0.48179479214560866,0,0,0,success,0,False,9,43,43,,43,1,0,False,1,0,False,False,0.4691064655780792,0.10984236747026443,0.8405758142471313,0,0,0.0,0,False,False,,False,80
pick_coke_can,pick_coke_can/condition_0021,21,9,True,44,0.48179479214560866,0,0,0,success,0,False,10,43,43,,43,1,0,False,1,0,False,False,0.4691064655780792,0.10984236747026443,0.8405758142471313,0,0,0.0,0,False,False,,False,80
pick_coke_can,pick_coke_can/condition_0021,21,10,True,44,0.48179479214560866,0,0,0,success,0,False,11,43,43,,43,1,0,False,1,0,False,False,0.4691064655780792,0.10984236747026443,0.8405758142471313,0,0,0.0,0,False,False,,False,80
pick_coke_can,pick_coke_can/condition_0021,21,11,True,44,0.48179479214560866,0,0,0,success,0,False,12,43,43,,43,1,0,False,1,0,False,False,0.4691064655780792,0.10984236747026443,0.8405758142471313,0,0,0.0,0,False,False,,False,80
pick_coke_can,pick_coke_can/condition_0021,21,12,True,44,0.48179479214560866,0,0,0,success,0,False,13,43,43,,43,1,0,False,1,0,False,False,0.4691064655780792,0.10984236747026443,0.8405758142471313,0,0,0.0,0,False,False,,False,80
pick_coke_can,pick_coke_can/condition_0021,21,13,True,44,0.48179479214560866,0,0,0,success,0,False,14,43,43,,43,1,0,False,1,0,False,False,0.4691064655780792,0.10984236747026443,0.8405758142471313,0,0,0.0,0,False,False,,False,80
pick_coke_can,pick_coke_can/condition_0021,21,14,True,44,0.48179479214560866,0,0,0,success,0,False,15,43,43,,43,1,0,False,1,0,False,False,0.4691064655780792,0.10984236747026443,0.8405758142471313,0,0,0.0,0,False,False,,False,80
pick_coke_can,pick_coke_can/condition_0021,21,15,True,44,0.48179479214560866,0,0,0,success,0,False,16,43,43,,43,1,0,False,1,0,False,False,0.4691064655780792,0.10984236747026443,0.8405758142471313,0,0,0.0,0,False,False,,False,80
pick_coke_can,pick_coke_can/condition_0021,21,16,True,44,0.48179479214560866,0,0,0,success,0,False,17,43,43,,43,1,0,False,1,0,False,False,0.4691064655780792,0.10984236747026443,0.8405758142471313,0,0,0.0,0,False,False,,False,80
pick_coke_can,pick_coke_can/condition_0021,21,17,True,44,0.48179479214560866,0,0,0,success,0,False,18,43,43,,43,1,0,False,1,0,False,False,0.4691064655780792,0.10984236747026443,0.8405758142471313,0,0,0.0,0,False,False,,False,80
pick_coke_can,pick_coke_can/condition_0021,21,18,True,44,0.48179479214560866,0,0,0,success,0,False,19,43,43,,43,1,0,False,1,0,False,False,0.4691064655780792,0.10984236747026443,0.8405758142471313,0,0,0.0,0,False,False,,False,80
pick_coke_can,pick_coke_can/condition_0021,21,19,True,44,0.48179479214560866,0,0,0,success,0,False,20,43,43,,43,1,0,False,1,0,False,False,0.4691064655780792,0.10984236747026443,0.8405758142471313,0,0,0.0,0,False,False,,False,80
pick_coke_can,pick_coke_can/condition_0021,21,20,True,44,0.48179479214560866,0,0,0,success,0,False,21,43,43,,43,1,0,False,1,0,False,False,0.4691064655780792,0.10984236747026443,0.8405758142471313,0,0,0.0,0,False,False,,False,80
pick_coke_can,pick_coke_can/condition_0021,21,21,True,44,0.48179479214560866,0,0,0,success,0,False,22,43,43,,43,1,0,False,1,0,False,False,0.4691064655780792,0.10984236747026443,0.8405758142471313,0,0,0.0,0,False,False,,False,80
pick_coke_can,pick_coke_can/condition_0021,21,22,True,44,0.48179479214560866,0,0,0,success,0,False,23,43,43,,43,1,0,False,1,0,False,False,0.4691064655780792,0.10984236747026443,0.8405758142471313,0,0,0.0,0,False,False,,False,80
pick_coke_can,pick_coke_can/condition_0021,21,23,True,44,0.48179479214560866,0,0,0,success,0,False,24,43,43,,43,1,0,False,1,0,False,False,0.4691064655780792,0.10984236747026443,0.8405758142471313,0,0,0.0,0,False,False,,False,80
pick_coke_can,pick_coke_can/condition_0021,21,24,True,44,0.48179479214560866,0,0,0,success,0,False,25,43,43,,43,1,0,False,1,0,False,False,0.4691064655780792,0.10984236747026443,0.8405758142471313,0,0,0.0,0,False,False,,False,80
pick_coke_can,pick_coke_can/condition_0021,21,25,True,44,0.48179479214560866,0,0,0,success,0,False,26,43,43,,43,1,0,False,1,0,False,False,0.4691064655780792,0.10984236747026443,0.8405758142471313,0,0,0.0,0,False,False,,False,80
pick_coke_can,pick_coke_can/condition_0021,21,26,True,44,0.48179479214560866,0,0,0,success,0,False,27,43,43,,43,1,0,False,1,0,False,False,0.4691064655780792,0.10984236747026443,0.8405758142471313,0,0,0.0,0,False,False,,False,80
pick_coke_can,pick_coke_can/condition_0021,21,27,True,44,0.48179479214560866,0,0,0,success,0,False,28,43,43,,43,1,0,False,1,0,False,False,0.4691064655780792,0.10984236747026443,0.8405758142471313,0,0,0.0,0,False,False,,False,80
pick_coke_can,pick_coke_can/condition_0021,21,28,True,44,0.48179479214560866,0,0,0,success,0,False,29,43,43,,43,1,0,False,1,0,False,False,0.4691064655780792,0.10984236747026443,0.8405758142471313,0,0,0.0,0,False,False,,False,80
pick_coke_can,pick_coke_can/condition_0021,21,29,True,44,0.48179479214560866,0,0,0,success,0,False,30,43,43,,43,1,0,False,1,0,False,False,0.4691064655780792,0.10984236747026443,0.8405758142471313,0,0,0.0,0,False,False,,False,80
pick_coke_can,pick_coke_can/condition_0021,21,30,True,44,0.48179479214560866,0,0,0,success,0,False,31,43,43,,43,1,0,False,1,0,False,False,0.4691064655780792,0.10984236747026443,0.8405758142471313,0,0,0.0,0,False,False,,False,80
pick_coke_can,pick_coke_can/condition_0021,21,31,True,44,0.48179479214560866,0,0,0,success,0,False,32,43,43,,43,1,0,False,1,0,False,False,0.4691064655780792,0.10984236747026443,0.8405758142471313,0,0,0.0,0,False,False,,False,80
pick_coke_can,pick_coke_can/condition_0021,21,32,True,44,0.48179479214560866,0,0,0,success,0,False,33,43,43,,43,1,0,False,1,0,False,False,0.4691064655780792,0.10984236747026443,0.8405758142471313,0,0,0.0,0,False,False,,False,80
pick_coke_can,pick_coke_can/condition_0021,21,33,True,44,0.48179479214560866,0,0,0,success,0,False,34,43,43,,43,1,0,False,1,0,False,False,0.4691064655780792,0.10984236747026443,0.8405758142471313,0,0,0.0,0,False,False,,False,80
pick_coke_can,pick_coke_can/condition_0021,21,34,True,44,0.48179479214560866,0,0,0,success,0,False,35,43,43,,43,1,0,False,1,0,False,False,0.4691064655780792,0.10984236747026443,0.8405758142471313,0,0,0.0,0,False,False,,False,80
pick_coke_can,pick_coke_can/condition_0021,21,35,True,44,0.48179479214560866,0,0,0,success,0,False,36,43,43,,43,1,0,False,1,0,False,False,0.4691064655780792,0.10984236747026443,0.8405758142471313,0,0,0.0,0,False,False,,False,80
pick_coke_can,pick_coke_can/condition_0021,21,36,True,44,0.48179479214560866,0,0,0,success,0,False,37,43,43,,43,1,0,False,1,0,False,False,0.4691064655780792,0.10984236747026443,0.8405758142471313,0,0,0.0,0,False,False,,False,80
pick_coke_can,pick_coke_can/condition_0021,21,37,True,44,0.48179479214560866,0,0,0,success,0,False,38,43,43,,43,1,0,False,1,0,False,False,0.4691064655780792,0.10984236747026443,0.8405758142471313,0,0,0.0,0,False,False,,False,80
pick_coke_can,pick_coke_can/condition_0021,21,38,True,44,0.48179479214560866,0,0,0,success,0,False,39,43,43,,43,1,0,False,1,0,False,False,0.4691064655780792,0.10984236747026443,0.8405758142471313,0,0,0.0,0,False,False,,False,80
pick_coke_can,pick_coke_can/condition_0021,21,39,True,44,0.48179479214560866,0,0,0,success,0,False,40,43,43,,43,1,0,False,1,0,False,False,0.4691064655780792,0.10984236747026443,0.8405758142471313,0,0,0.0,0,False,False,,False,80
pick_coke_can,pick_coke_can/condition_0021,21,40,True,44,0.48179479214560866,0,0,0,success,0,False,41,43,43,,43,1,0,False,1,0,False,False,0.4691064655780792,0.10984236747026443,0.8405758142471313,0,0,0.0,0,False,False,,False,80
pick_coke_can,pick_coke_can/condition_0021,21,41,True,44,0.48179479214560866,0,0,0,success,0,False,42,43,43,,43,1,0,False,1,0,False,False,0.4691064655780792,0.10984236747026443,0.8405758142471313,0,0,0.0,0,False,False,,False,80
pick_coke_can,pick_coke_can/condition_0021,21,42,True,44,0.48179479214560866,0,0,0,success,0,False,43,43,43,,43,1,0,False,1,0,False,False,0.4691064655780792,0.10984236747026443,0.8405758142471313,0,0,0.0,0,False,False,,False,80
pick_coke_can,pick_coke_can/condition_0021,21,43,True,44,0.48179479214560866,0,0,0,success,0,False,44,43,43,,43,1,1,True,1,1,True,False,0.4691064655780792,0.10984236747026443,0.8405758142471313,4,1,1.0,0,True,True,0,False,80
pick_coke_can,pick_coke_can/condition_0022,22,0,True,29,0.46910634283331865,0,0,0,success,0,False,1,26,28,28,28,3,0,False,1,0,False,False,0.4691063165664673,-0.00015698373317718506,0.8405757546424866,0,0,0.0,1,False,False,,False,80
pick_coke_can,pick_coke_can/condition_0022,22,1,True,29,0.46910634283331865,0,0,0,success,0,False,2,26,28,28,28,3,0,False,1,0,False,False,0.4691063165664673,-0.00015698373317718506,0.8405757546424866,0,0,0.0,1,False,False,,False,80
pick_coke_can,pick_coke_can/condition_0022,22,2,True,29,0.46910634283331865,0,0,0,success,0,False,3,26,28,28,28,3,0,False,1,0,False,False,0.4691063165664673,-0.00015698373317718506,0.8405757546424866,0,0,0.0,1,False,False,,False,80
pick_coke_can,pick_coke_can/condition_0022,22,3,True,29,0.46910634283331865,0,0,0,success,0,False,4,26,28,28,28,3,0,False,1,0,False,False,0.4691063165664673,-0.00015698373317718506,0.8405757546424866,0,0,0.0,1,False,False,,False,80
pick_coke_can,pick_coke_can/condition_0022,22,4,True,29,0.46910634283331865,0,0,0,success,0,False,5,26,28,28,28,3,0,False,1,0,False,False,0.4691063165664673,-0.00015698373317718506,0.8405757546424866,0,0,0.0,1,False,False,,False,80
pick_coke_can,pick_coke_can/condition_0022,22,5,True,29,0.46910634283331865,0,0,0,success,0,False,6,26,28,28,28,3,0,False,1,0,False,False,0.4691063165664673,-0.00015698373317718506,0.8405757546424866,0,0,0.0,1,False,False,,False,80
pick_coke_can,pick_coke_can/condition_0022,22,6,True,29,0.46910634283331865,0,0,0,success,0,False,7,26,28,28,28,3,0,False,1,0,False,False,0.4691063165664673,-0.00015698373317718506,0.8405757546424866,0,0,0.0,1,False,False,,False,80
pick_coke_can,pick_coke_can/condition_0022,22,7,True,29,0.46910634283331865,0,0,0,success,0,False,8,26,28,28,28,3,0,False,1,0,False,False,0.4691063165664673,-0.00015698373317718506,0.8405757546424866,0,0,0.0,1,False,False,,False,80
pick_coke_can,pick_coke_can/condition_0022,22,8,True,29,0.46910634283331865,0,0,0,success,0,False,9,26,28,28,28,3,0,False,1,0,False,False,0.4691063165664673,-0.00015698373317718506,0.8405757546424866,0,0,0.0,1,False,False,,False,80
pick_coke_can,pick_coke_can/condition_0022,22,9,True,29,0.46910634283331865,0,0,0,success,0,False,10,26,28,28,28,3,0,False,1,0,False,False,0.4691063165664673,-0.00015698373317718506,0.8405757546424866,0,0,0.0,1,False,False,,False,80
pick_coke_can,pick_coke_can/condition_0022,22,10,True,29,0.46910634283331865,0,0,0,success,0,False,11,26,28,28,28,3,0,False,1,0,False,False,0.4691063165664673,-0.00015698373317718506,0.8405757546424866,0,0,0.0,1,False,False,,False,80
pick_coke_can,pick_coke_can/condition_0022,22,11,True,29,0.46910634283331865,0,0,0,success,0,False,12,26,28,28,28,3,0,False,1,0,False,False,0.4691063165664673,-0.00015698373317718506,0.8405757546424866,0,0,0.0,1,False,False,,False,80
pick_coke_can,pick_coke_can/condition_0022,22,12,True,29,0.46910634283331865,0,0,0,success,0,False,13,26,28,28,28,3,0,False,1,0,False,False,0.4691063165664673,-0.00015698373317718506,0.8405757546424866,0,0,0.0,1,False,False,,False,80
pick_coke_can,pick_coke_can/condition_0022,22,13,True,29,0.46910634283331865,0,0,0,success,0,False,14,26,28,28,28,3,0,False,1,0,False,False,0.4691063165664673,-0.00015698373317718506,0.8405757546424866,0,0,0.0,1,False,False,,False,80
pick_coke_can,pick_coke_can/condition_0022,22,14,True,29,0.46910634283331865,0,0,0,success,0,False,15,26,28,28,28,3,0,False,1,0,False,False,0.4691063165664673,-0.00015698373317718506,0.8405757546424866,0,0,0.0,1,False,False,,False,80
pick_coke_can,pick_coke_can/condition_0022,22,15,True,29,0.46910634283331865,0,0,0,success,0,False,16,26,28,28,28,3,0,False,1,0,False,False,0.4691063165664673,-0.00015698373317718506,0.8405757546424866,0,0,0.0,1,False,False,,False,80
pick_coke_can,pick_coke_can/condition_0022,22,16,True,29,0.46910634283331865,0,0,0,success,0,False,17,26,28,28,28,3,0,False,1,0,False,False,0.4691063165664673,-0.00015698373317718506,0.8405757546424866,0,0,0.0,1,False,False,,False,80
pick_coke_can,pick_coke_can/condition_0022,22,17,True,29,0.46910634283331865,0,0,0,success,0,False,18,26,28,28,28,3,0,False,1,0,False,False,0.4691063165664673,-0.00015698373317718506,0.8405757546424866,0,0,0.0,1,False,False,,False,80
pick_coke_can,pick_coke_can/condition_0022,22,18,True,29,0.46910634283331865,0,0,0,success,0,False,19,26,28,28,28,3,0,False,1,0,False,False,0.4691063165664673,-0.00015698373317718506,0.8405757546424866,0,0,0.0,1,False,False,,False,80
pick_coke_can,pick_coke_can/condition_0022,22,19,True,29,0.46910634283331865,0,0,0,success,0,False,20,26,28,28,28,3,0,False,1,0,False,False,0.4691063165664673,-0.00015698373317718506,0.8405757546424866,0,0,0.0,1,False,False,,False,80
pick_coke_can,pick_coke_can/condition_0022,22,20,True,29,0.46910634283331865,0,0,0,success,0,False,21,26,28,28,28,3,0,False,1,0,False,False,0.4691063165664673,-0.00015698373317718506,0.8405757546424866,0,0,0.0,1,False,False,,False,80
pick_coke_can,pick_coke_can/condition_0022,22,21,True,29,0.46910634283331865,0,0,0,success,0,False,22,26,28,28,28,3,0,False,1,0,False,False,0.4691063165664673,-0.00015698373317718506,0.8405757546424866,0,0,0.0,1,False,False,,False,80
pick_coke_can,pick_coke_can/condition_0022,22,22,True,29,0.46910634283331865,0,0,0,success,0,False,23,26,28,28,28,3,0,False,1,0,False,False,0.4691063165664673,-0.00015698373317718506,0.8405757546424866,0,0,0.0,1,False,False,,False,80
pick_coke_can,pick_coke_can/condition_0022,22,23,True,29,0.46910634283331865,0,0,0,success,0,False,24,26,28,28,28,3,0,False,1,0,False,False,0.4691063165664673,-0.00015698373317718506,0.8405757546424866,0,0,0.0,1,False,False,,False,80
pick_coke_can,pick_coke_can/condition_0022,22,24,True,29,0.46910634283331865,0,0,0,success,0,False,25,26,28,28,28,3,0,False,1,0,False,False,0.4691063165664673,-0.00015698373317718506,0.8405757546424866,0,0,0.0,1,False,False,,False,80
pick_coke_can,pick_coke_can/condition_0022,22,25,True,29,0.46910634283331865,0,0,0,success,0,False,26,26,28,28,28,3,0,False,1,0,False,False,0.4691063165664673,-0.00015698373317718506,0.8405757546424866,0,0,0.0,1,False,False,,False,80
pick_coke_can,pick_coke_can/condition_0022,22,26,True,29,0.46910634283331865,0,0,0,success,0,False,27,26,28,28,28,3,1,True,1,0,False,False,0.4691063165664673,-0.00015698373317718506,0.8405757546424866,1,1,0.0,1,False,False,0,False,80
pick_coke_can,pick_coke_can/condition_0022,22,27,True,29,0.46910634283331865,0,0,0,success,0,False,28,26,28,28,28,3,2,True,1,0,False,False,0.4691063165664673,-0.00015698373317718506,0.8405757546424866,1,0,0.0,1,False,False,1,False,80
pick_coke_can,pick_coke_can/condition_0022,22,28,True,29,0.46910634283331865,0,0,0,success,0,False,29,26,28,28,28,3,3,True,1,1,True,True,0.4691063165664673,-0.00015698373317718506,0.8405757546424866,4,1,1.0,1,True,True,2,False,80
pick_coke_can,pick_coke_can/condition_0023,23,0,True,20,0.48186823548461805,0,0,0,success,0,False,1,19,19,19,19,1,0,False,1,0,False,False,0.46910732984542847,-0.11016038060188293,0.8405758142471313,0,0,0.0,1,False,False,,False,80
pick_coke_can,pick_coke_can/condition_0023,23,1,True,20,0.48186823548461805,0,0,0,success,0,False,2,19,19,19,19,1,0,False,1,0,False,False,0.46910732984542847,-0.11016038060188293,0.8405758142471313,0,0,0.0,1,False,False,,False,80
pick_coke_can,pick_coke_can/condition_0023,23,2,True,20,0.48186823548461805,0,0,0,success,0,False,3,19,19,19,19,1,0,False,1,0,False,False,0.46910732984542847,-0.11016038060188293,0.8405758142471313,0,0,0.0,1,False,False,,False,80
pick_coke_can,pick_coke_can/condition_0023,23,3,True,20,0.48186823548461805,0,0,0,success,0,False,4,19,19,19,19,1,0,False,1,0,False,False,0.46910732984542847,-0.11016038060188293,0.8405758142471313,0,0,0.0,1,False,False,,False,80
pick_coke_can,pick_coke_can/condition_0023,23,4,True,20,0.48186823548461805,0,0,0,success,0,False,5,19,19,19,19,1,0,False,1,0,False,False,0.46910732984542847,-0.11016038060188293,0.8405758142471313,0,0,0.0,1,False,False,,False,80
pick_coke_can,pick_coke_can/condition_0023,23,5,True,20,0.48186823548461805,0,0,0,success,0,False,6,19,19,19,19,1,0,False,1,0,False,False,0.46910732984542847,-0.11016038060188293,0.8405758142471313,0,0,0.0,1,False,False,,False,80
pick_coke_can,pick_coke_can/condition_0023,23,6,True,20,0.48186823548461805,0,0,0,success,0,False,7,19,19,19,19,1,0,False,1,0,False,False,0.46910732984542847,-0.11016038060188293,0.8405758142471313,0,0,0.0,1,False,False,,False,80
pick_coke_can,pick_coke_can/condition_0023,23,7,True,20,0.48186823548461805,0,0,0,success,0,False,8,19,19,19,19,1,0,False,1,0,False,False,0.46910732984542847,-0.11016038060188293,0.8405758142471313,0,0,0.0,1,False,False,,False,80
pick_coke_can,pick_coke_can/condition_0023,23,8,True,20,0.48186823548461805,0,0,0,success,0,False,9,19,19,19,19,1,0,False,1,0,False,False,0.46910732984542847,-0.11016038060188293,0.8405758142471313,0,0,0.0,1,False,False,,False,80
pick_coke_can,pick_coke_can/condition_0023,23,9,True,20,0.48186823548461805,0,0,0,success,0,False,10,19,19,19,19,1,0,False,1,0,False,False,0.46910732984542847,-0.11016038060188293,0.8405758142471313,0,0,0.0,1,False,False,,False,80
pick_coke_can,pick_coke_can/condition_0023,23,10,True,20,0.48186823548461805,0,0,0,success,0,False,11,19,19,19,19,1,0,False,1,0,False,False,0.46910732984542847,-0.11016038060188293,0.8405758142471313,0,0,0.0,1,False,False,,False,80
pick_coke_can,pick_coke_can/condition_0023,23,11,True,20,0.48186823548461805,0,0,0,success,0,False,12,19,19,19,19,1,0,False,1,0,False,False,0.46910732984542847,-0.11016038060188293,0.8405758142471313,0,0,0.0,1,False,False,,False,80
pick_coke_can,pick_coke_can/condition_0023,23,12,True,20,0.48186823548461805,0,0,0,success,0,False,13,19,19,19,19,1,0,False,1,0,False,False,0.46910732984542847,-0.11016038060188293,0.8405758142471313,0,0,0.0,1,False,False,,False,80
pick_coke_can,pick_coke_can/condition_0023,23,13,True,20,0.48186823548461805,0,0,0,success,0,False,14,19,19,19,19,1,0,False,1,0,False,False,0.46910732984542847,-0.11016038060188293,0.8405758142471313,0,0,0.0,1,False,False,,False,80
pick_coke_can,pick_coke_can/condition_0023,23,14,True,20,0.48186823548461805,0,0,0,success,0,False,15,19,19,19,19,1,0,False,1,0,False,False,0.46910732984542847,-0.11016038060188293,0.8405758142471313,0,0,0.0,1,False,False,,False,80
pick_coke_can,pick_coke_can/condition_0023,23,15,True,20,0.48186823548461805,0,0,0,success,0,False,16,19,19,19,19,1,0,False,1,0,False,False,0.46910732984542847,-0.11016038060188293,0.8405758142471313,0,0,0.0,1,False,False,,False,80
pick_coke_can,pick_coke_can/condition_0023,23,16,True,20,0.48186823548461805,0,0,0,success,0,False,17,19,19,19,19,1,0,False,1,0,False,False,0.46910732984542847,-0.11016038060188293,0.8405758142471313,0,0,0.0,1,False,False,,False,80
pick_coke_can,pick_coke_can/condition_0023,23,17,True,20,0.48186823548461805,0,0,0,success,0,False,18,19,19,19,19,1,0,False,1,0,False,False,0.46910732984542847,-0.11016038060188293,0.8405758142471313,0,0,0.0,1,False,False,,False,80
pick_coke_can,pick_coke_can/condition_0023,23,18,True,20,0.48186823548461805,0,0,0,success,0,False,19,19,19,19,19,1,0,False,1,0,False,False,0.46910732984542847,-0.11016038060188293,0.8405758142471313,0,0,0.0,1,False,False,,False,80
pick_coke_can,pick_coke_can/condition_0023,23,19,True,20,0.48186823548461805,0,0,0,success,0,False,20,19,19,19,19,1,1,True,1,1,True,True,0.46910732984542847,-0.11016038060188293,0.8405758142471313,4,1,1.0,1,True,True,0,False,80
pick_coke_can,pick_coke_can/condition_0024,24,0,False,80,0.5182063424497015,0,0,1,never_grasped,0,False,1,,,,,0,0,False,0,0,False,False,0.46911534667015076,-0.22015586495399475,0.8405760526657104,0,0,0.0,0,False,False,,False,80
pick_coke_can,pick_coke_can/condition_0024,24,1,False,80,0.5182063424497015,0,0,1,never_grasped,0,False,2,,,,,0,0,False,0,0,False,False,0.46911534667015076,-0.22015586495399475,0.8405760526657104,0,0,0.0,0,False,False,,False,80
pick_coke_can,pick_coke_can/condition_0024,24,2,False,80,0.5182063424497015,0,0,1,never_grasped,0,False,3,,,,,0,0,False,0,0,False,False,0.46911534667015076,-0.22015586495399475,0.8405760526657104,0,0,0.0,0,False,False,,False,80
pick_coke_can,pick_coke_can/condition_0024,24,3,False,80,0.5182063424497015,0,0,1,never_grasped,0,False,4,,,,,0,0,False,0,0,False,False,0.46911534667015076,-0.22015586495399475,0.8405760526657104,0,0,0.0,0,False,False,,False,80
pick_coke_can,pick_coke_can/condition_0024,24,4,False,80,0.5182063424497015,0,0,1,never_grasped,0,False,5,,,,,0,0,False,0,0,False,False,0.46911534667015076,-0.22015586495399475,0.8405760526657104,0,0,0.0,0,False,False,,False,80
pick_coke_can,pick_coke_can/condition_0024,24,5,False,80,0.5182063424497015,0,0,1,never_grasped,0,False,6,,,,,0,0,False,0,0,False,False,0.46911534667015076,-0.22015586495399475,0.8405760526657104,0,0,0.0,0,False,False,,False,80
pick_coke_can,pick_coke_can/condition_0024,24,6,False,80,0.5182063424497015,0,0,1,never_grasped,0,False,7,,,,,0,0,False,0,0,False,False,0.46911534667015076,-0.22015586495399475,0.8405760526657104,0,0,0.0,0,False,False,,False,80
pick_coke_can,pick_coke_can/condition_0024,24,7,False,80,0.5182063424497015,0,0,1,never_grasped,0,False,8,,,,,0,0,False,0,0,False,False,0.46911534667015076,-0.22015586495399475,0.8405760526657104,0,0,0.0,0,False,False,,False,80
pick_coke_can,pick_coke_can/condition_0024,24,8,False,80,0.5182063424497015,0,0,1,never_grasped,0,False,9,,,,,0,0,False,0,0,False,False,0.46911534667015076,-0.22015586495399475,0.8405760526657104,0,0,0.0,0,False,False,,False,80
pick_coke_can,pick_coke_can/condition_0024,24,9,False,80,0.5182063424497015,0,0,1,never_grasped,0,False,10,,,,,0,0,False,0,0,False,False,0.46911534667015076,-0.22015586495399475,0.8405760526657104,0,0,0.0,0,False,False,,False,80
pick_coke_can,pick_coke_can/condition_0024,24,10,False,80,0.5182063424497015,0,0,1,never_grasped,0,False,11,,,,,0,0,False,0,0,False,False,0.46911534667015076,-0.22015586495399475,0.8405760526657104,0,0,0.0,0,False,False,,False,80
pick_coke_can,pick_coke_can/condition_0024,24,11,False,80,0.5182063424497015,0,0,1,never_grasped,0,False,12,,,,,0,0,False,0,0,False,False,0.46911534667015076,-0.22015586495399475,0.8405760526657104,0,0,0.0,0,False,False,,False,80
pick_coke_can,pick_coke_can/condition_0024,24,12,False,80,0.5182063424497015,0,0,1,never_grasped,0,False,13,,,,,0,0,False,0,0,False,False,0.46911534667015076,-0.22015586495399475,0.8405760526657104,0,0,0.0,0,False,False,,False,80
pick_coke_can,pick_coke_can/condition_0024,24,13,False,80,0.5182063424497015,0,0,1,never_grasped,0,False,14,,,,,0,0,False,0,0,False,False,0.46911534667015076,-0.22015586495399475,0.8405760526657104,0,0,0.0,0,False,False,,False,80
pick_coke_can,pick_coke_can/condition_0024,24,14,False,80,0.5182063424497015,0,0,1,never_grasped,0,False,15,,,,,0,0,False,0,0,False,False,0.46911534667015076,-0.22015586495399475,0.8405760526657104,0,0,0.0,0,False,False,,False,80
pick_coke_can,pick_coke_can/condition_0024,24,15,False,80,0.5182063424497015,0,0,1,never_grasped,0,False,16,,,,,0,0,False,0,0,False,False,0.46911534667015076,-0.22015586495399475,0.8405760526657104,0,0,0.0,0,False,False,,False,80
pick_coke_can,pick_coke_can/condition_0024,24,16,False,80,0.5182063424497015,0,0,1,never_grasped,0,False,17,,,,,0,0,False,0,0,False,False,0.46911534667015076,-0.22015586495399475,0.8405760526657104,0,0,0.0,0,False,False,,False,80
pick_coke_can,pick_coke_can/condition_0024,24,17,False,80,0.5182063424497015,0,0,1,never_grasped,0,False,18,,,,,0,0,False,0,0,False,False,0.46911534667015076,-0.22015586495399475,0.8405760526657104,0,0,0.0,0,False,False,,False,80
pick_coke_can,pick_coke_can/condition_0024,24,18,False,80,0.5182063424497015,0,0,1,never_grasped,0,False,19,,,,,0,0,False,0,0,False,False,0.46911534667015076,-0.22015586495399475,0.8405760526657104,0,0,0.0,0,False,False,,False,80
pick_coke_can,pick_coke_can/condition_0024,24,19,False,80,0.5182063424497015,0,0,1,never_grasped,0,False,20,,,,,0,0,False,0,0,False,False,0.46911534667015076,-0.22015586495399475,0.8405760526657104,0,0,0.0,0,False,False,,False,80
pick_coke_can,pick_coke_can/condition_0024,24,20,False,80,0.5182063424497015,0,0,1,never_grasped,0,False,21,,,,,0,0,False,0,0,False,False,0.46911534667015076,-0.22015586495399475,0.8405760526657104,0,0,0.0,0,False,False,,False,80
pick_coke_can,pick_coke_can/condition_0024,24,21,False,80,0.5182063424497015,0,0,1,never_grasped,0,False,22,,,,,0,0,False,0,0,False,False,0.46911534667015076,-0.22015586495399475,0.8405760526657104,0,0,0.0,0,False,False,,False,80
pick_coke_can,pick_coke_can/condition_0024,24,22,False,80,0.5182063424497015,0,0,1,never_grasped,0,False,23,,,,,0,0,False,0,0,False,False,0.46911534667015076,-0.22015586495399475,0.8405760526657104,0,0,0.0,0,False,False,,False,80
pick_coke_can,pick_coke_can/condition_0024,24,23,False,80,0.5182063424497015,0,0,1,never_grasped,0,False,24,,,,,0,0,False,0,0,False,False,0.46911534667015076,-0.22015586495399475,0.8405760526657104,0,0,0.0,0,False,False,,False,80
pick_coke_can,pick_coke_can/condition_0024,24,24,False,80,0.5182063424497015,0,0,1,never_grasped,0,False,25,,,,,0,0,False,0,0,False,False,0.46911534667015076,-0.22015586495399475,0.8405760526657104,0,0,0.0,0,False,False,,False,80
pick_coke_can,pick_coke_can/condition_0024,24,25,False,80,0.5182063424497015,0,0,1,never_grasped,0,False,26,,,,,0,0,False,0,0,False,False,0.46911534667015076,-0.22015586495399475,0.8405760526657104,0,0,0.0,0,False,False,,False,80
pick_coke_can,pick_coke_can/condition_0024,24,26,False,80,0.5182063424497015,0,0,1,never_grasped,0,False,27,,,,,0,0,False,0,0,False,False,0.46911534667015076,-0.22015586495399475,0.8405760526657104,0,0,0.0,0,False,False,,False,80
pick_coke_can,pick_coke_can/condition_0024,24,27,False,80,0.5182063424497015,0,0,1,never_grasped,0,False,28,,,,,0,0,False,0,0,False,False,0.46911534667015076,-0.22015586495399475,0.8405760526657104,0,0,0.0,0,False,False,,False,80
pick_coke_can,pick_coke_can/condition_0024,24,28,False,80,0.5182063424497015,0,0,1,never_grasped,0,False,29,,,,,0,0,False,0,0,False,False,0.46911534667015076,-0.22015586495399475,0.8405760526657104,0,0,0.0,0,False,False,,False,80
pick_coke_can,pick_coke_can/condition_0024,24,29,False,80,0.5182063424497015,0,0,1,never_grasped,0,False,30,,,,,0,0,False,0,0,False,False,0.46911534667015076,-0.22015586495399475,0.8405760526657104,0,0,0.0,0,False,False,,False,80
pick_coke_can,pick_coke_can/condition_0024,24,30,False,80,0.5182063424497015,0,0,1,never_grasped,0,False,31,,,,,0,0,False,0,0,False,False,0.46911534667015076,-0.22015586495399475,0.8405760526657104,0,0,0.0,0,False,False,,False,80
pick_coke_can,pick_coke_can/condition_0024,24,31,False,80,0.5182063424497015,0,0,1,never_grasped,0,False,32,,,,,0,0,False,0,0,False,False,0.46911534667015076,-0.22015586495399475,0.8405760526657104,0,0,0.0,0,False,False,,False,80
pick_coke_can,pick_coke_can/condition_0024,24,32,False,80,0.5182063424497015,0,0,1,never_grasped,0,False,33,,,,,0,0,False,0,0,False,False,0.46911534667015076,-0.22015586495399475,0.8405760526657104,0,0,0.0,0,False,False,,False,80
pick_coke_can,pick_coke_can/condition_0024,24,33,False,80,0.5182063424497015,0,0,1,never_grasped,0,False,34,,,,,0,0,False,0,0,False,False,0.46911534667015076,-0.22015586495399475,0.8405760526657104,0,0,0.0,0,False,False,,False,80
pick_coke_can,pick_coke_can/condition_0024,24,34,False,80,0.5182063424497015,0,0,1,never_grasped,0,False,35,,,,,0,0,False,0,0,False,False,0.46911534667015076,-0.22015586495399475,0.8405760526657104,0,0,0.0,0,False,False,,False,80
pick_coke_can,pick_coke_can/condition_0024,24,35,False,80,0.5182063424497015,0,0,1,never_grasped,0,False,36,,,,,0,0,False,0,0,False,False,0.46911534667015076,-0.22015586495399475,0.8405760526657104,0,0,0.0,0,False,False,,False,80
pick_coke_can,pick_coke_can/condition_0024,24,36,False,80,0.5182063424497015,0,0,1,never_grasped,0,False,37,,,,,0,0,False,0,0,False,False,0.46911534667015076,-0.22015586495399475,0.8405760526657104,0,0,0.0,0,False,False,,False,80
pick_coke_can,pick_coke_can/condition_0024,24,37,False,80,0.5182063424497015,0,0,1,never_grasped,0,False,38,,,,,0,0,False,0,0,False,False,0.46911534667015076,-0.22015586495399475,0.8405760526657104,0,0,0.0,0,False,False,,False,80
pick_coke_can,pick_coke_can/condition_0024,24,38,False,80,0.5182063424497015,0,0,1,never_grasped,0,False,39,,,,,0,0,False,0,0,False,False,0.46911534667015076,-0.22015586495399475,0.8405760526657104,0,0,0.0,0,False,False,,False,80
pick_coke_can,pick_coke_can/condition_0024,24,39,False,80,0.5182063424497015,0,0,1,never_grasped,0,False,40,,,,,0,0,False,0,0,False,False,0.46911534667015076,-0.22015586495399475,0.8405760526657104,0,0,0.0,0,False,False,,False,80
pick_coke_can,pick_coke_can/condition_0024,24,40,False,80,0.5182063424497015,0,0,1,never_grasped,0,False,41,,,,,0,0,False,0,0,False,False,0.46911534667015076,-0.22015586495399475,0.8405760526657104,0,0,0.0,0,False,False,,False,80
pick_coke_can,pick_coke_can/condition_0024,24,41,False,80,0.5182063424497015,0,0,1,never_grasped,0,False,42,,,,,0,0,False,0,0,False,False,0.46911534667015076,-0.22015586495399475,0.8405760526657104,0,0,0.0,0,False,False,,False,80
pick_coke_can,pick_coke_can/condition_0024,24,42,False,80,0.5182063424497015,0,0,1,never_grasped,0,False,43,,,,,0,0,False,0,0,False,False,0.46911534667015076,-0.22015586495399475,0.8405760526657104,0,0,0.0,0,False,False,,False,80
pick_coke_can,pick_coke_can/condition_0024,24,43,False,80,0.5182063424497015,0,0,1,never_grasped,0,False,44,,,,,0,0,False,0,0,False,False,0.46911534667015076,-0.22015586495399475,0.8405760526657104,0,0,0.0,0,False,False,,False,80
pick_coke_can,pick_coke_can/condition_0024,24,44,False,80,0.5182063424497015,0,0,1,never_grasped,0,False,45,,,,,0,0,False,0,0,False,False,0.46911534667015076,-0.22015586495399475,0.8405760526657104,0,0,0.0,0,False,False,,False,80
pick_coke_can,pick_coke_can/condition_0024,24,45,False,80,0.5182063424497015,0,0,1,never_grasped,0,False,46,,,,,0,0,False,0,0,False,False,0.46911534667015076,-0.22015586495399475,0.8405760526657104,0,0,0.0,0,False,False,,False,80
pick_coke_can,pick_coke_can/condition_0024,24,46,False,80,0.5182063424497015,0,0,1,never_grasped,0,False,47,,,,,0,0,False,0,0,False,False,0.46911534667015076,-0.22015586495399475,0.8405760526657104,0,0,0.0,0,False,False,,False,80
pick_coke_can,pick_coke_can/condition_0024,24,47,False,80,0.5182063424497015,0,0,1,never_grasped,0,False,48,,,,,0,0,False,0,0,False,False,0.46911534667015076,-0.22015586495399475,0.8405760526657104,0,0,0.0,0,False,False,,False,80
pick_coke_can,pick_coke_can/condition_0024,24,48,False,80,0.5182063424497015,0,0,1,never_grasped,0,False,49,,,,,0,0,False,0,0,False,False,0.46911534667015076,-0.22015586495399475,0.8405760526657104,0,0,0.0,0,False,False,,False,80
pick_coke_can,pick_coke_can/condition_0024,24,49,False,80,0.5182063424497015,0,0,1,never_grasped,0,False,50,,,,,0,0,False,0,0,False,False,0.46911534667015076,-0.22015586495399475,0.8405760526657104,0,0,0.0,0,False,False,,False,80
pick_coke_can,pick_coke_can/condition_0024,24,50,False,80,0.5182063424497015,0,0,1,never_grasped,0,False,51,,,,,0,0,False,0,0,False,False,0.46911534667015076,-0.22015586495399475,0.8405760526657104,0,0,0.0,0,False,False,,False,80
pick_coke_can,pick_coke_can/condition_0024,24,51,False,80,0.5182063424497015,0,0,1,never_grasped,0,False,52,,,,,0,0,False,0,0,False,False,0.46911534667015076,-0.22015586495399475,0.8405760526657104,0,0,0.0,0,False,False,,False,80
pick_coke_can,pick_coke_can/condition_0024,24,52,False,80,0.5182063424497015,0,0,1,never_grasped,0,False,53,,,,,0,0,False,0,0,False,False,0.46911534667015076,-0.22015586495399475,0.8405760526657104,0,0,0.0,0,False,False,,False,80
pick_coke_can,pick_coke_can/condition_0024,24,53,False,80,0.5182063424497015,0,0,1,never_grasped,0,False,54,,,,,0,0,False,0,0,False,False,0.46911534667015076,-0.22015586495399475,0.8405760526657104,0,0,0.0,0,False,False,,False,80
pick_coke_can,pick_coke_can/condition_0024,24,54,False,80,0.5182063424497015,0,0,1,never_grasped,0,False,55,,,,,0,0,False,0,0,False,False,0.46911534667015076,-0.22015586495399475,0.8405760526657104,0,0,0.0,0,False,False,,False,80
pick_coke_can,pick_coke_can/condition_0024,24,55,False,80,0.5182063424497015,0,0,1,never_grasped,0,False,56,,,,,0,0,False,0,0,False,False,0.46911534667015076,-0.22015586495399475,0.8405760526657104,0,0,0.0,0,False,False,,False,80
pick_coke_can,pick_coke_can/condition_0024,24,56,False,80,0.5182063424497015,0,0,1,never_grasped,0,False,57,,,,,0,0,False,0,0,False,False,0.46911534667015076,-0.22015586495399475,0.8405760526657104,0,0,0.0,0,False,False,,False,80
pick_coke_can,pick_coke_can/condition_0024,24,57,False,80,0.5182063424497015,0,0,1,never_grasped,0,False,58,,,,,0,0,False,0,0,False,False,0.46911534667015076,-0.22015586495399475,0.8405760526657104,0,0,0.0,0,False,False,,False,80
pick_coke_can,pick_coke_can/condition_0024,24,58,False,80,0.5182063424497015,0,0,1,never_grasped,0,False,59,,,,,0,0,False,0,0,False,False,0.46911534667015076,-0.22015586495399475,0.8405760526657104,0,0,0.0,0,False,False,,False,80
pick_coke_can,pick_coke_can/condition_0024,24,59,False,80,0.5182063424497015,0,0,1,never_grasped,0,False,60,,,,,0,0,False,0,0,False,False,0.46911534667015076,-0.22015586495399475,0.8405760526657104,0,0,0.0,0,False,False,,False,80
pick_coke_can,pick_coke_can/condition_0024,24,60,False,80,0.5182063424497015,0,0,1,never_grasped,0,False,61,,,,,0,0,False,0,0,False,False,0.46911534667015076,-0.22015586495399475,0.8405760526657104,0,0,0.0,0,False,False,,False,80
pick_coke_can,pick_coke_can/condition_0024,24,61,False,80,0.5182063424497015,0,0,1,never_grasped,0,False,62,,,,,0,0,False,0,0,False,False,0.46911534667015076,-0.22015586495399475,0.8405760526657104,0,0,0.0,0,False,False,,False,80
pick_coke_can,pick_coke_can/condition_0024,24,62,False,80,0.5182063424497015,0,0,1,never_grasped,0,False,63,,,,,0,0,False,0,0,False,False,0.46911534667015076,-0.22015586495399475,0.8405760526657104,0,0,0.0,0,False,False,,False,80
pick_coke_can,pick_coke_can/condition_0024,24,63,False,80,0.5182063424497015,0,0,1,never_grasped,0,False,64,,,,,0,0,False,0,0,False,False,0.46911534667015076,-0.22015586495399475,0.8405760526657104,0,0,0.0,0,False,False,,False,80
pick_coke_can,pick_coke_can/condition_0024,24,64,False,80,0.5182063424497015,0,0,1,never_grasped,0,False,65,,,,,0,0,False,0,0,False,False,0.46911534667015076,-0.22015586495399475,0.8405760526657104,0,0,0.0,0,False,False,,False,80
pick_coke_can,pick_coke_can/condition_0024,24,65,False,80,0.5182063424497015,0,0,1,never_grasped,0,False,66,,,,,0,0,False,0,0,False,False,0.46911534667015076,-0.22015586495399475,0.8405760526657104,0,0,0.0,0,False,False,,False,80
pick_coke_can,pick_coke_can/condition_0024,24,66,False,80,0.5182063424497015,0,0,1,never_grasped,0,False,67,,,,,0,0,False,0,0,False,False,0.46911534667015076,-0.22015586495399475,0.8405760526657104,0,0,0.0,0,False,False,,False,80
pick_coke_can,pick_coke_can/condition_0024,24,67,False,80,0.5182063424497015,0,0,1,never_grasped,0,False,68,,,,,0,0,False,0,0,False,False,0.46911534667015076,-0.22015586495399475,0.8405760526657104,0,0,0.0,0,False,False,,False,80
pick_coke_can,pick_coke_can/condition_0024,24,68,False,80,0.5182063424497015,0,0,1,never_grasped,0,False,69,,,,,0,0,False,0,0,False,False,0.46911534667015076,-0.22015586495399475,0.8405760526657104,0,0,0.0,0,False,False,,False,80
pick_coke_can,pick_coke_can/condition_0024,24,69,False,80,0.5182063424497015,0,0,1,never_grasped,0,False,70,,,,,0,0,False,0,0,False,False,0.46911534667015076,-0.22015586495399475,0.8405760526657104,0,0,0.0,0,False,False,,False,80
pick_coke_can,pick_coke_can/condition_0024,24,70,False,80,0.5182063424497015,0,0,1,never_grasped,0,False,71,,,,,0,0,False,0,0,False,False,0.46911534667015076,-0.22015586495399475,0.8405760526657104,0,0,0.0,0,False,False,,False,80
pick_coke_can,pick_coke_can/condition_0024,24,71,False,80,0.5182063424497015,0,0,1,never_grasped,0,False,72,,,,,0,0,False,0,0,False,False,0.46911534667015076,-0.22015586495399475,0.8405760526657104,0,0,0.0,0,False,False,,False,80
pick_coke_can,pick_coke_can/condition_0024,24,72,False,80,0.5182063424497015,0,0,1,never_grasped,0,False,73,,,,,0,0,False,0,0,False,False,0.46911534667015076,-0.22015586495399475,0.8405760526657104,0,0,0.0,0,False,False,,False,80
pick_coke_can,pick_coke_can/condition_0024,24,73,False,80,0.5182063424497015,0,0,1,never_grasped,0,False,74,,,,,0,0,False,0,0,False,False,0.46911534667015076,-0.22015586495399475,0.8405760526657104,0,0,0.0,0,False,False,,False,80
pick_coke_can,pick_coke_can/condition_0024,24,74,False,80,0.5182063424497015,0,0,1,never_grasped,0,False,75,,,,,0,0,False,0,0,False,False,0.46911534667015076,-0.22015586495399475,0.8405760526657104,0,0,0.0,0,False,False,,False,80
pick_coke_can,pick_coke_can/condition_0024,24,75,False,80,0.5182063424497015,0,0,1,never_grasped,0,False,76,,,,,0,0,False,0,0,False,False,0.46911534667015076,-0.22015586495399475,0.8405760526657104,0,0,0.0,0,False,False,,False,80
pick_coke_can,pick_coke_can/condition_0024,24,76,False,80,0.5182063424497015,0,0,1,never_grasped,0,False,77,,,,,0,0,False,0,0,False,False,0.46911534667015076,-0.22015586495399475,0.8405760526657104,0,0,0.0,0,False,False,,False,80
pick_coke_can,pick_coke_can/condition_0024,24,77,False,80,0.5182063424497015,0,0,1,never_grasped,0,False,78,,,,,0,0,False,0,0,False,False,0.46911534667015076,-0.22015586495399475,0.8405760526657104,0,0,0.0,0,False,False,,False,80
pick_coke_can,pick_coke_can/condition_0024,24,78,False,80,0.5182063424497015,0,0,1,never_grasped,0,False,79,,,,,0,0,False,0,0,False,False,0.46911534667015076,-0.22015586495399475,0.8405760526657104,0,0,0.0,0,False,False,,False,80
pick_coke_can,pick_coke_can/condition_0024,24,79,False,80,0.5182063424497015,0,0,1,never_grasped,0,False,80,,,,,0,0,False,0,0,False,False,0.46911534667015076,-0.22015586495399475,0.8405760526657104,0,0,0.0,0,False,False,,True,80
pick_coke_can,pick_coke_can/condition_0025,25,0,False,80,0.734179462995004,0,0,1,never_grasped,0,False,1,,,,,0,0,False,0,0,False,False,0.7003499865531921,0.22029384970664978,0.8774227499961853,0,0,0.0,0,False,False,,False,80
pick_coke_can,pick_coke_can/condition_0025,25,1,False,80,0.734179462995004,0,0,1,never_grasped,0,False,2,,,,,0,0,False,0,0,False,False,0.7003499865531921,0.22029384970664978,0.8774227499961853,0,0,0.0,0,False,False,,False,80
pick_coke_can,pick_coke_can/condition_0025,25,2,False,80,0.734179462995004,0,0,1,never_grasped,0,False,3,,,,,0,0,False,0,0,False,False,0.7003499865531921,0.22029384970664978,0.8774227499961853,0,0,0.0,0,False,False,,False,80
pick_coke_can,pick_coke_can/condition_0025,25,3,False,80,0.734179462995004,0,0,1,never_grasped,0,False,4,,,,,0,0,False,0,0,False,False,0.7003499865531921,0.22029384970664978,0.8774227499961853,0,0,0.0,0,False,False,,False,80
pick_coke_can,pick_coke_can/condition_0025,25,4,False,80,0.734179462995004,0,0,1,never_grasped,0,False,5,,,,,0,0,False,0,0,False,False,0.7003499865531921,0.22029384970664978,0.8774227499961853,0,0,0.0,0,False,False,,False,80
pick_coke_can,pick_coke_can/condition_0025,25,5,False,80,0.734179462995004,0,0,1,never_grasped,0,False,6,,,,,0,0,False,0,0,False,False,0.7003499865531921,0.22029384970664978,0.8774227499961853,0,0,0.0,0,False,False,,False,80
pick_coke_can,pick_coke_can/condition_0025,25,6,False,80,0.734179462995004,0,0,1,never_grasped,0,False,7,,,,,0,0,False,0,0,False,False,0.7003499865531921,0.22029384970664978,0.8774227499961853,0,0,0.0,0,False,False,,False,80
pick_coke_can,pick_coke_can/condition_0025,25,7,False,80,0.734179462995004,0,0,1,never_grasped,0,False,8,,,,,0,0,False,0,0,False,False,0.7003499865531921,0.22029384970664978,0.8774227499961853,0,0,0.0,0,False,False,,False,80
pick_coke_can,pick_coke_can/condition_0025,25,8,False,80,0.734179462995004,0,0,1,never_grasped,0,False,9,,,,,0,0,False,0,0,False,False,0.7003499865531921,0.22029384970664978,0.8774227499961853,0,0,0.0,0,False,False,,False,80
pick_coke_can,pick_coke_can/condition_0025,25,9,False,80,0.734179462995004,0,0,1,never_grasped,0,False,10,,,,,0,0,False,0,0,False,False,0.7003499865531921,0.22029384970664978,0.8774227499961853,0,0,0.0,0,False,False,,False,80
pick_coke_can,pick_coke_can/condition_0025,25,10,False,80,0.734179462995004,0,0,1,never_grasped,0,False,11,,,,,0,0,False,0,0,False,False,0.7003499865531921,0.22029384970664978,0.8774227499961853,0,0,0.0,0,False,False,,False,80
pick_coke_can,pick_coke_can/condition_0025,25,11,False,80,0.734179462995004,0,0,1,never_grasped,0,False,12,,,,,0,0,False,0,0,False,False,0.7003499865531921,0.22029384970664978,0.8774227499961853,0,0,0.0,0,False,False,,False,80
pick_coke_can,pick_coke_can/condition_0025,25,12,False,80,0.734179462995004,0,0,1,never_grasped,0,False,13,,,,,0,0,False,0,0,False,False,0.7003499865531921,0.22029384970664978,0.8774227499961853,0,0,0.0,0,False,False,,False,80
pick_coke_can,pick_coke_can/condition_0025,25,13,False,80,0.734179462995004,0,0,1,never_grasped,0,False,14,,,,,0,0,False,0,0,False,False,0.7003499865531921,0.22029384970664978,0.8774227499961853,0,0,0.0,0,False,False,,False,80
pick_coke_can,pick_coke_can/condition_0025,25,14,False,80,0.734179462995004,0,0,1,never_grasped,0,False,15,,,,,0,0,False,0,0,False,False,0.7003499865531921,0.22029384970664978,0.8774227499961853,0,0,0.0,0,False,False,,False,80
pick_coke_can,pick_coke_can/condition_0025,25,15,False,80,0.734179462995004,0,0,1,never_grasped,0,False,16,,,,,0,0,False,0,0,False,False,0.7003499865531921,0.22029384970664978,0.8774227499961853,0,0,0.0,0,False,False,,False,80
pick_coke_can,pick_coke_can/condition_0025,25,16,False,80,0.734179462995004,0,0,1,never_grasped,0,False,17,,,,,0,0,False,0,0,False,False,0.7003499865531921,0.22029384970664978,0.8774227499961853,0,0,0.0,0,False,False,,False,80
pick_coke_can,pick_coke_can/condition_0025,25,17,False,80,0.734179462995004,0,0,1,never_grasped,0,False,18,,,,,0,0,False,0,0,False,False,0.7003499865531921,0.22029384970664978,0.8774227499961853,0,0,0.0,0,False,False,,False,80
pick_coke_can,pick_coke_can/condition_0025,25,18,False,80,0.734179462995004,0,0,1,never_grasped,0,False,19,,,,,0,0,False,0,0,False,False,0.7003499865531921,0.22029384970664978,0.8774227499961853,0,0,0.0,0,False,False,,False,80
pick_coke_can,pick_coke_can/condition_0025,25,19,False,80,0.734179462995004,0,0,1,never_grasped,0,False,20,,,,,0,0,False,0,0,False,False,0.7003499865531921,0.22029384970664978,0.8774227499961853,0,0,0.0,0,False,False,,False,80
pick_coke_can,pick_coke_can/condition_0025,25,20,False,80,0.734179462995004,0,0,1,never_grasped,0,False,21,,,,,0,0,False,0,0,False,False,0.7003499865531921,0.22029384970664978,0.8774227499961853,0,0,0.0,0,False,False,,False,80
pick_coke_can,pick_coke_can/condition_0025,25,21,False,80,0.734179462995004,0,0,1,never_grasped,0,False,22,,,,,0,0,False,0,0,False,False,0.7003499865531921,0.22029384970664978,0.8774227499961853,0,0,0.0,0,False,False,,False,80
pick_coke_can,pick_coke_can/condition_0025,25,22,False,80,0.734179462995004,0,0,1,never_grasped,0,False,23,,,,,0,0,False,0,0,False,False,0.7003499865531921,0.22029384970664978,0.8774227499961853,0,0,0.0,0,False,False,,False,80
pick_coke_can,pick_coke_can/condition_0025,25,23,False,80,0.734179462995004,0,0,1,never_grasped,0,False,24,,,,,0,0,False,0,0,False,False,0.7003499865531921,0.22029384970664978,0.8774227499961853,0,0,0.0,0,False,False,,False,80
pick_coke_can,pick_coke_can/condition_0025,25,24,False,80,0.734179462995004,0,0,1,never_grasped,0,False,25,,,,,0,0,False,0,0,False,False,0.7003499865531921,0.22029384970664978,0.8774227499961853,0,0,0.0,0,False,False,,False,80
pick_coke_can,pick_coke_can/condition_0025,25,25,False,80,0.734179462995004,0,0,1,never_grasped,0,False,26,,,,,0,0,False,0,0,False,False,0.7003499865531921,0.22029384970664978,0.8774227499961853,0,0,0.0,0,False,False,,False,80
pick_coke_can,pick_coke_can/condition_0025,25,26,False,80,0.734179462995004,0,0,1,never_grasped,0,False,27,,,,,0,0,False,0,0,False,False,0.7003499865531921,0.22029384970664978,0.8774227499961853,0,0,0.0,0,False,False,,False,80
pick_coke_can,pick_coke_can/condition_0025,25,27,False,80,0.734179462995004,0,0,1,never_grasped,0,False,28,,,,,0,0,False,0,0,False,False,0.7003499865531921,0.22029384970664978,0.8774227499961853,0,0,0.0,0,False,False,,False,80
pick_coke_can,pick_coke_can/condition_0025,25,28,False,80,0.734179462995004,0,0,1,never_grasped,0,False,29,,,,,0,0,False,0,0,False,False,0.7003499865531921,0.22029384970664978,0.8774227499961853,0,0,0.0,0,False,False,,False,80
pick_coke_can,pick_coke_can/condition_0025,25,29,False,80,0.734179462995004,0,0,1,never_grasped,0,False,30,,,,,0,0,False,0,0,False,False,0.7003499865531921,0.22029384970664978,0.8774227499961853,0,0,0.0,0,False,False,,False,80
pick_coke_can,pick_coke_can/condition_0025,25,30,False,80,0.734179462995004,0,0,1,never_grasped,0,False,31,,,,,0,0,False,0,0,False,False,0.7003499865531921,0.22029384970664978,0.8774227499961853,0,0,0.0,0,False,False,,False,80
pick_coke_can,pick_coke_can/condition_0025,25,31,False,80,0.734179462995004,0,0,1,never_grasped,0,False,32,,,,,0,0,False,0,0,False,False,0.7003499865531921,0.22029384970664978,0.8774227499961853,0,0,0.0,0,False,False,,False,80
pick_coke_can,pick_coke_can/condition_0025,25,32,False,80,0.734179462995004,0,0,1,never_grasped,0,False,33,,,,,0,0,False,0,0,False,False,0.7003499865531921,0.22029384970664978,0.8774227499961853,0,0,0.0,0,False,False,,False,80
pick_coke_can,pick_coke_can/condition_0025,25,33,False,80,0.734179462995004,0,0,1,never_grasped,0,False,34,,,,,0,0,False,0,0,False,False,0.7003499865531921,0.22029384970664978,0.8774227499961853,0,0,0.0,0,False,False,,False,80
pick_coke_can,pick_coke_can/condition_0025,25,34,False,80,0.734179462995004,0,0,1,never_grasped,0,False,35,,,,,0,0,False,0,0,False,False,0.7003499865531921,0.22029384970664978,0.8774227499961853,0,0,0.0,0,False,False,,False,80
pick_coke_can,pick_coke_can/condition_0025,25,35,False,80,0.734179462995004,0,0,1,never_grasped,0,False,36,,,,,0,0,False,0,0,False,False,0.7003499865531921,0.22029384970664978,0.8774227499961853,0,0,0.0,0,False,False,,False,80
pick_coke_can,pick_coke_can/condition_0025,25,36,False,80,0.734179462995004,0,0,1,never_grasped,0,False,37,,,,,0,0,False,0,0,False,False,0.7003499865531921,0.22029384970664978,0.8774227499961853,0,0,0.0,0,False,False,,False,80
pick_coke_can,pick_coke_can/condition_0025,25,37,False,80,0.734179462995004,0,0,1,never_grasped,0,False,38,,,,,0,0,False,0,0,False,False,0.7003499865531921,0.22029384970664978,0.8774227499961853,0,0,0.0,0,False,False,,False,80
pick_coke_can,pick_coke_can/condition_0025,25,38,False,80,0.734179462995004,0,0,1,never_grasped,0,False,39,,,,,0,0,False,0,0,False,False,0.7003499865531921,0.22029384970664978,0.8774227499961853,0,0,0.0,0,False,False,,False,80
pick_coke_can,pick_coke_can/condition_0025,25,39,False,80,0.734179462995004,0,0,1,never_grasped,0,False,40,,,,,0,0,False,0,0,False,False,0.7003499865531921,0.22029384970664978,0.8774227499961853,0,0,0.0,0,False,False,,False,80
pick_coke_can,pick_coke_can/condition_0025,25,40,False,80,0.734179462995004,0,0,1,never_grasped,0,False,41,,,,,0,0,False,0,0,False,False,0.7003499865531921,0.22029384970664978,0.8774227499961853,0,0,0.0,0,False,False,,False,80
pick_coke_can,pick_coke_can/condition_0025,25,41,False,80,0.734179462995004,0,0,1,never_grasped,0,False,42,,,,,0,0,False,0,0,False,False,0.7003499865531921,0.22029384970664978,0.8774227499961853,0,0,0.0,0,False,False,,False,80
pick_coke_can,pick_coke_can/condition_0025,25,42,False,80,0.734179462995004,0,0,1,never_grasped,0,False,43,,,,,0,0,False,0,0,False,False,0.7003499865531921,0.22029384970664978,0.8774227499961853,0,0,0.0,0,False,False,,False,80
pick_coke_can,pick_coke_can/condition_0025,25,43,False,80,0.734179462995004,0,0,1,never_grasped,0,False,44,,,,,0,0,False,0,0,False,False,0.7003499865531921,0.22029384970664978,0.8774227499961853,0,0,0.0,0,False,False,,False,80
pick_coke_can,pick_coke_can/condition_0025,25,44,False,80,0.734179462995004,0,0,1,never_grasped,0,False,45,,,,,0,0,False,0,0,False,False,0.7003499865531921,0.22029384970664978,0.8774227499961853,0,0,0.0,0,False,False,,False,80
pick_coke_can,pick_coke_can/condition_0025,25,45,False,80,0.734179462995004,0,0,1,never_grasped,0,False,46,,,,,0,0,False,0,0,False,False,0.7003499865531921,0.22029384970664978,0.8774227499961853,0,0,0.0,0,False,False,,False,80
pick_coke_can,pick_coke_can/condition_0025,25,46,False,80,0.734179462995004,0,0,1,never_grasped,0,False,47,,,,,0,0,False,0,0,False,False,0.7003499865531921,0.22029384970664978,0.8774227499961853,0,0,0.0,0,False,False,,False,80
pick_coke_can,pick_coke_can/condition_0025,25,47,False,80,0.734179462995004,0,0,1,never_grasped,0,False,48,,,,,0,0,False,0,0,False,False,0.7003499865531921,0.22029384970664978,0.8774227499961853,0,0,0.0,0,False,False,,False,80
pick_coke_can,pick_coke_can/condition_0025,25,48,False,80,0.734179462995004,0,0,1,never_grasped,0,False,49,,,,,0,0,False,0,0,False,False,0.7003499865531921,0.22029384970664978,0.8774227499961853,0,0,0.0,0,False,False,,False,80
pick_coke_can,pick_coke_can/condition_0025,25,49,False,80,0.734179462995004,0,0,1,never_grasped,0,False,50,,,,,0,0,False,0,0,False,False,0.7003499865531921,0.22029384970664978,0.8774227499961853,0,0,0.0,0,False,False,,False,80
pick_coke_can,pick_coke_can/condition_0025,25,50,False,80,0.734179462995004,0,0,1,never_grasped,0,False,51,,,,,0,0,False,0,0,False,False,0.7003499865531921,0.22029384970664978,0.8774227499961853,0,0,0.0,0,False,False,,False,80
pick_coke_can,pick_coke_can/condition_0025,25,51,False,80,0.734179462995004,0,0,1,never_grasped,0,False,52,,,,,0,0,False,0,0,False,False,0.7003499865531921,0.22029384970664978,0.8774227499961853,0,0,0.0,0,False,False,,False,80
pick_coke_can,pick_coke_can/condition_0025,25,52,False,80,0.734179462995004,0,0,1,never_grasped,0,False,53,,,,,0,0,False,0,0,False,False,0.7003499865531921,0.22029384970664978,0.8774227499961853,0,0,0.0,0,False,False,,False,80
pick_coke_can,pick_coke_can/condition_0025,25,53,False,80,0.734179462995004,0,0,1,never_grasped,0,False,54,,,,,0,0,False,0,0,False,False,0.7003499865531921,0.22029384970664978,0.8774227499961853,0,0,0.0,0,False,False,,False,80
pick_coke_can,pick_coke_can/condition_0025,25,54,False,80,0.734179462995004,0,0,1,never_grasped,0,False,55,,,,,0,0,False,0,0,False,False,0.7003499865531921,0.22029384970664978,0.8774227499961853,0,0,0.0,0,False,False,,False,80
pick_coke_can,pick_coke_can/condition_0025,25,55,False,80,0.734179462995004,0,0,1,never_grasped,0,False,56,,,,,0,0,False,0,0,False,False,0.7003499865531921,0.22029384970664978,0.8774227499961853,0,0,0.0,0,False,False,,False,80
pick_coke_can,pick_coke_can/condition_0025,25,56,False,80,0.734179462995004,0,0,1,never_grasped,0,False,57,,,,,0,0,False,0,0,False,False,0.7003499865531921,0.22029384970664978,0.8774227499961853,0,0,0.0,0,False,False,,False,80
pick_coke_can,pick_coke_can/condition_0025,25,57,False,80,0.734179462995004,0,0,1,never_grasped,0,False,58,,,,,0,0,False,0,0,False,False,0.7003499865531921,0.22029384970664978,0.8774227499961853,0,0,0.0,0,False,False,,False,80
pick_coke_can,pick_coke_can/condition_0025,25,58,False,80,0.734179462995004,0,0,1,never_grasped,0,False,59,,,,,0,0,False,0,0,False,False,0.7003499865531921,0.22029384970664978,0.8774227499961853,0,0,0.0,0,False,False,,False,80
pick_coke_can,pick_coke_can/condition_0025,25,59,False,80,0.734179462995004,0,0,1,never_grasped,0,False,60,,,,,0,0,False,0,0,False,False,0.7003499865531921,0.22029384970664978,0.8774227499961853,0,0,0.0,0,False,False,,False,80
pick_coke_can,pick_coke_can/condition_0025,25,60,False,80,0.734179462995004,0,0,1,never_grasped,0,False,61,,,,,0,0,False,0,0,False,False,0.7003499865531921,0.22029384970664978,0.8774227499961853,0,0,0.0,0,False,False,,False,80
pick_coke_can,pick_coke_can/condition_0025,25,61,False,80,0.734179462995004,0,0,1,never_grasped,0,False,62,,,,,0,0,False,0,0,False,False,0.7003499865531921,0.22029384970664978,0.8774227499961853,0,0,0.0,0,False,False,,False,80
pick_coke_can,pick_coke_can/condition_0025,25,62,False,80,0.734179462995004,0,0,1,never_grasped,0,False,63,,,,,0,0,False,0,0,False,False,0.7003499865531921,0.22029384970664978,0.8774227499961853,0,0,0.0,0,False,False,,False,80
pick_coke_can,pick_coke_can/condition_0025,25,63,False,80,0.734179462995004,0,0,1,never_grasped,0,False,64,,,,,0,0,False,0,0,False,False,0.7003499865531921,0.22029384970664978,0.8774227499961853,0,0,0.0,0,False,False,,False,80
pick_coke_can,pick_coke_can/condition_0025,25,64,False,80,0.734179462995004,0,0,1,never_grasped,0,False,65,,,,,0,0,False,0,0,False,False,0.7003499865531921,0.22029384970664978,0.8774227499961853,0,0,0.0,0,False,False,,False,80
pick_coke_can,pick_coke_can/condition_0025,25,65,False,80,0.734179462995004,0,0,1,never_grasped,0,False,66,,,,,0,0,False,0,0,False,False,0.7003499865531921,0.22029384970664978,0.8774227499961853,0,0,0.0,0,False,False,,False,80
pick_coke_can,pick_coke_can/condition_0025,25,66,False,80,0.734179462995004,0,0,1,never_grasped,0,False,67,,,,,0,0,False,0,0,False,False,0.7003499865531921,0.22029384970664978,0.8774227499961853,0,0,0.0,0,False,False,,False,80
pick_coke_can,pick_coke_can/condition_0025,25,67,False,80,0.734179462995004,0,0,1,never_grasped,0,False,68,,,,,0,0,False,0,0,False,False,0.7003499865531921,0.22029384970664978,0.8774227499961853,0,0,0.0,0,False,False,,False,80
pick_coke_can,pick_coke_can/condition_0025,25,68,False,80,0.734179462995004,0,0,1,never_grasped,0,False,69,,,,,0,0,False,0,0,False,False,0.7003499865531921,0.22029384970664978,0.8774227499961853,0,0,0.0,0,False,False,,False,80
pick_coke_can,pick_coke_can/condition_0025,25,69,False,80,0.734179462995004,0,0,1,never_grasped,0,False,70,,,,,0,0,False,0,0,False,False,0.7003499865531921,0.22029384970664978,0.8774227499961853,0,0,0.0,0,False,False,,False,80
pick_coke_can,pick_coke_can/condition_0025,25,70,False,80,0.734179462995004,0,0,1,never_grasped,0,False,71,,,,,0,0,False,0,0,False,False,0.7003499865531921,0.22029384970664978,0.8774227499961853,0,0,0.0,0,False,False,,False,80
pick_coke_can,pick_coke_can/condition_0025,25,71,False,80,0.734179462995004,0,0,1,never_grasped,0,False,72,,,,,0,0,False,0,0,False,False,0.7003499865531921,0.22029384970664978,0.8774227499961853,0,0,0.0,0,False,False,,False,80
pick_coke_can,pick_coke_can/condition_0025,25,72,False,80,0.734179462995004,0,0,1,never_grasped,0,False,73,,,,,0,0,False,0,0,False,False,0.7003499865531921,0.22029384970664978,0.8774227499961853,0,0,0.0,0,False,False,,False,80
pick_coke_can,pick_coke_can/condition_0025,25,73,False,80,0.734179462995004,0,0,1,never_grasped,0,False,74,,,,,0,0,False,0,0,False,False,0.7003499865531921,0.22029384970664978,0.8774227499961853,0,0,0.0,0,False,False,,False,80
pick_coke_can,pick_coke_can/condition_0025,25,74,False,80,0.734179462995004,0,0,1,never_grasped,0,False,75,,,,,0,0,False,0,0,False,False,0.7003499865531921,0.22029384970664978,0.8774227499961853,0,0,0.0,0,False,False,,False,80
pick_coke_can,pick_coke_can/condition_0025,25,75,False,80,0.734179462995004,0,0,1,never_grasped,0,False,76,,,,,0,0,False,0,0,False,False,0.7003499865531921,0.22029384970664978,0.8774227499961853,0,0,0.0,0,False,False,,False,80
pick_coke_can,pick_coke_can/condition_0025,25,76,False,80,0.734179462995004,0,0,1,never_grasped,0,False,77,,,,,0,0,False,0,0,False,False,0.7003499865531921,0.22029384970664978,0.8774227499961853,0,0,0.0,0,False,False,,False,80
pick_coke_can,pick_coke_can/condition_0025,25,77,False,80,0.734179462995004,0,0,1,never_grasped,0,False,78,,,,,0,0,False,0,0,False,False,0.7003499865531921,0.22029384970664978,0.8774227499961853,0,0,0.0,0,False,False,,False,80
pick_coke_can,pick_coke_can/condition_0025,25,78,False,80,0.734179462995004,0,0,1,never_grasped,0,False,79,,,,,0,0,False,0,0,False,False,0.7003499865531921,0.22029384970664978,0.8774227499961853,0,0,0.0,0,False,False,,False,80
pick_coke_can,pick_coke_can/condition_0025,25,79,False,80,0.734179462995004,0,0,1,never_grasped,0,False,80,,,,,0,0,False,0,0,False,False,0.7003499865531921,0.22029384970664978,0.8774227499961853,0,0,0.0,0,False,False,,True,80
pick_coke_can,pick_coke_can/condition_0026,26,0,False,80,0.7090061437966749,0,0,1,never_grasped,0,False,1,,,,,0,0,False,0,0,False,False,0.7003726959228516,0.11030774563550949,0.8774243593215942,0,0,0.0,0,False,False,,False,80
pick_coke_can,pick_coke_can/condition_0026,26,1,False,80,0.7090061437966749,0,0,1,never_grasped,0,False,2,,,,,0,0,False,0,0,False,False,0.7003726959228516,0.11030774563550949,0.8774243593215942,0,0,0.0,0,False,False,,False,80
pick_coke_can,pick_coke_can/condition_0026,26,2,False,80,0.7090061437966749,0,0,1,never_grasped,0,False,3,,,,,0,0,False,0,0,False,False,0.7003726959228516,0.11030774563550949,0.8774243593215942,0,0,0.0,0,False,False,,False,80
pick_coke_can,pick_coke_can/condition_0026,26,3,False,80,0.7090061437966749,0,0,1,never_grasped,0,False,4,,,,,0,0,False,0,0,False,False,0.7003726959228516,0.11030774563550949,0.8774243593215942,0,0,0.0,0,False,False,,False,80
pick_coke_can,pick_coke_can/condition_0026,26,4,False,80,0.7090061437966749,0,0,1,never_grasped,0,False,5,,,,,0,0,False,0,0,False,False,0.7003726959228516,0.11030774563550949,0.8774243593215942,0,0,0.0,0,False,False,,False,80
pick_coke_can,pick_coke_can/condition_0026,26,5,False,80,0.7090061437966749,0,0,1,never_grasped,0,False,6,,,,,0,0,False,0,0,False,False,0.7003726959228516,0.11030774563550949,0.8774243593215942,0,0,0.0,0,False,False,,False,80
pick_coke_can,pick_coke_can/condition_0026,26,6,False,80,0.7090061437966749,0,0,1,never_grasped,0,False,7,,,,,0,0,False,0,0,False,False,0.7003726959228516,0.11030774563550949,0.8774243593215942,0,0,0.0,0,False,False,,False,80
pick_coke_can,pick_coke_can/condition_0026,26,7,False,80,0.7090061437966749,0,0,1,never_grasped,0,False,8,,,,,0,0,False,0,0,False,False,0.7003726959228516,0.11030774563550949,0.8774243593215942,0,0,0.0,0,False,False,,False,80
pick_coke_can,pick_coke_can/condition_0026,26,8,False,80,0.7090061437966749,0,0,1,never_grasped,0,False,9,,,,,0,0,False,0,0,False,False,0.7003726959228516,0.11030774563550949,0.8774243593215942,0,0,0.0,0,False,False,,False,80
pick_coke_can,pick_coke_can/condition_0026,26,9,False,80,0.7090061437966749,0,0,1,never_grasped,0,False,10,,,,,0,0,False,0,0,False,False,0.7003726959228516,0.11030774563550949,0.8774243593215942,0,0,0.0,0,False,False,,False,80
pick_coke_can,pick_coke_can/condition_0026,26,10,False,80,0.7090061437966749,0,0,1,never_grasped,0,False,11,,,,,0,0,False,0,0,False,False,0.7003726959228516,0.11030774563550949,0.8774243593215942,0,0,0.0,0,False,False,,False,80
pick_coke_can,pick_coke_can/condition_0026,26,11,False,80,0.7090061437966749,0,0,1,never_grasped,0,False,12,,,,,0,0,False,0,0,False,False,0.7003726959228516,0.11030774563550949,0.8774243593215942,0,0,0.0,0,False,False,,False,80
pick_coke_can,pick_coke_can/condition_0026,26,12,False,80,0.7090061437966749,0,0,1,never_grasped,0,False,13,,,,,0,0,False,0,0,False,False,0.7003726959228516,0.11030774563550949,0.8774243593215942,0,0,0.0,0,False,False,,False,80
pick_coke_can,pick_coke_can/condition_0026,26,13,False,80,0.7090061437966749,0,0,1,never_grasped,0,False,14,,,,,0,0,False,0,0,False,False,0.7003726959228516,0.11030774563550949,0.8774243593215942,0,0,0.0,0,False,False,,False,80
pick_coke_can,pick_coke_can/condition_0026,26,14,False,80,0.7090061437966749,0,0,1,never_grasped,0,False,15,,,,,0,0,False,0,0,False,False,0.7003726959228516,0.11030774563550949,0.8774243593215942,0,0,0.0,0,False,False,,False,80
pick_coke_can,pick_coke_can/condition_0026,26,15,False,80,0.7090061437966749,0,0,1,never_grasped,0,False,16,,,,,0,0,False,0,0,False,False,0.7003726959228516,0.11030774563550949,0.8774243593215942,0,0,0.0,0,False,False,,False,80
pick_coke_can,pick_coke_can/condition_0026,26,16,False,80,0.7090061437966749,0,0,1,never_grasped,0,False,17,,,,,0,0,False,0,0,False,False,0.7003726959228516,0.11030774563550949,0.8774243593215942,0,0,0.0,0,False,False,,False,80
pick_coke_can,pick_coke_can/condition_0026,26,17,False,80,0.7090061437966749,0,0,1,never_grasped,0,False,18,,,,,0,0,False,0,0,False,False,0.7003726959228516,0.11030774563550949,0.8774243593215942,0,0,0.0,0,False,False,,False,80
pick_coke_can,pick_coke_can/condition_0026,26,18,False,80,0.7090061437966749,0,0,1,never_grasped,0,False,19,,,,,0,0,False,0,0,False,False,0.7003726959228516,0.11030774563550949,0.8774243593215942,0,0,0.0,0,False,False,,False,80
pick_coke_can,pick_coke_can/condition_0026,26,19,False,80,0.7090061437966749,0,0,1,never_grasped,0,False,20,,,,,0,0,False,0,0,False,False,0.7003726959228516,0.11030774563550949,0.8774243593215942,0,0,0.0,0,False,False,,False,80
pick_coke_can,pick_coke_can/condition_0026,26,20,False,80,0.7090061437966749,0,0,1,never_grasped,0,False,21,,,,,0,0,False,0,0,False,False,0.7003726959228516,0.11030774563550949,0.8774243593215942,0,0,0.0,0,False,False,,False,80
pick_coke_can,pick_coke_can/condition_0026,26,21,False,80,0.7090061437966749,0,0,1,never_grasped,0,False,22,,,,,0,0,False,0,0,False,False,0.7003726959228516,0.11030774563550949,0.8774243593215942,0,0,0.0,0,False,False,,False,80
pick_coke_can,pick_coke_can/condition_0026,26,22,False,80,0.7090061437966749,0,0,1,never_grasped,0,False,23,,,,,0,0,False,0,0,False,False,0.7003726959228516,0.11030774563550949,0.8774243593215942,0,0,0.0,0,False,False,,False,80
pick_coke_can,pick_coke_can/condition_0026,26,23,False,80,0.7090061437966749,0,0,1,never_grasped,0,False,24,,,,,0,0,False,0,0,False,False,0.7003726959228516,0.11030774563550949,0.8774243593215942,0,0,0.0,0,False,False,,False,80
pick_coke_can,pick_coke_can/condition_0026,26,24,False,80,0.7090061437966749,0,0,1,never_grasped,0,False,25,,,,,0,0,False,0,0,False,False,0.7003726959228516,0.11030774563550949,0.8774243593215942,0,0,0.0,0,False,False,,False,80
pick_coke_can,pick_coke_can/condition_0026,26,25,False,80,0.7090061437966749,0,0,1,never_grasped,0,False,26,,,,,0,0,False,0,0,False,False,0.7003726959228516,0.11030774563550949,0.8774243593215942,0,0,0.0,0,False,False,,False,80
pick_coke_can,pick_coke_can/condition_0026,26,26,False,80,0.7090061437966749,0,0,1,never_grasped,0,False,27,,,,,0,0,False,0,0,False,False,0.7003726959228516,0.11030774563550949,0.8774243593215942,0,0,0.0,0,False,False,,False,80
pick_coke_can,pick_coke_can/condition_0026,26,27,False,80,0.7090061437966749,0,0,1,never_grasped,0,False,28,,,,,0,0,False,0,0,False,False,0.7003726959228516,0.11030774563550949,0.8774243593215942,0,0,0.0,0,False,False,,False,80
pick_coke_can,pick_coke_can/condition_0026,26,28,False,80,0.7090061437966749,0,0,1,never_grasped,0,False,29,,,,,0,0,False,0,0,False,False,0.7003726959228516,0.11030774563550949,0.8774243593215942,0,0,0.0,0,False,False,,False,80
pick_coke_can,pick_coke_can/condition_0026,26,29,False,80,0.7090061437966749,0,0,1,never_grasped,0,False,30,,,,,0,0,False,0,0,False,False,0.7003726959228516,0.11030774563550949,0.8774243593215942,0,0,0.0,0,False,False,,False,80
pick_coke_can,pick_coke_can/condition_0026,26,30,False,80,0.7090061437966749,0,0,1,never_grasped,0,False,31,,,,,0,0,False,0,0,False,False,0.7003726959228516,0.11030774563550949,0.8774243593215942,0,0,0.0,0,False,False,,False,80
pick_coke_can,pick_coke_can/condition_0026,26,31,False,80,0.7090061437966749,0,0,1,never_grasped,0,False,32,,,,,0,0,False,0,0,False,False,0.7003726959228516,0.11030774563550949,0.8774243593215942,0,0,0.0,0,False,False,,False,80
pick_coke_can,pick_coke_can/condition_0026,26,32,False,80,0.7090061437966749,0,0,1,never_grasped,0,False,33,,,,,0,0,False,0,0,False,False,0.7003726959228516,0.11030774563550949,0.8774243593215942,0,0,0.0,0,False,False,,False,80
pick_coke_can,pick_coke_can/condition_0026,26,33,False,80,0.7090061437966749,0,0,1,never_grasped,0,False,34,,,,,0,0,False,0,0,False,False,0.7003726959228516,0.11030774563550949,0.8774243593215942,0,0,0.0,0,False,False,,False,80
pick_coke_can,pick_coke_can/condition_0026,26,34,False,80,0.7090061437966749,0,0,1,never_grasped,0,False,35,,,,,0,0,False,0,0,False,False,0.7003726959228516,0.11030774563550949,0.8774243593215942,0,0,0.0,0,False,False,,False,80
pick_coke_can,pick_coke_can/condition_0026,26,35,False,80,0.7090061437966749,0,0,1,never_grasped,0,False,36,,,,,0,0,False,0,0,False,False,0.7003726959228516,0.11030774563550949,0.8774243593215942,0,0,0.0,0,False,False,,False,80
pick_coke_can,pick_coke_can/condition_0026,26,36,False,80,0.7090061437966749,0,0,1,never_grasped,0,False,37,,,,,0,0,False,0,0,False,False,0.7003726959228516,0.11030774563550949,0.8774243593215942,0,0,0.0,0,False,False,,False,80
pick_coke_can,pick_coke_can/condition_0026,26,37,False,80,0.7090061437966749,0,0,1,never_grasped,0,False,38,,,,,0,0,False,0,0,False,False,0.7003726959228516,0.11030774563550949,0.8774243593215942,0,0,0.0,0,False,False,,False,80
pick_coke_can,pick_coke_can/condition_0026,26,38,False,80,0.7090061437966749,0,0,1,never_grasped,0,False,39,,,,,0,0,False,0,0,False,False,0.7003726959228516,0.11030774563550949,0.8774243593215942,0,0,0.0,0,False,False,,False,80
pick_coke_can,pick_coke_can/condition_0026,26,39,False,80,0.7090061437966749,0,0,1,never_grasped,0,False,40,,,,,0,0,False,0,0,False,False,0.7003726959228516,0.11030774563550949,0.8774243593215942,0,0,0.0,0,False,False,,False,80
pick_coke_can,pick_coke_can/condition_0026,26,40,False,80,0.7090061437966749,0,0,1,never_grasped,0,False,41,,,,,0,0,False,0,0,False,False,0.7003726959228516,0.11030774563550949,0.8774243593215942,0,0,0.0,0,False,False,,False,80
pick_coke_can,pick_coke_can/condition_0026,26,41,False,80,0.7090061437966749,0,0,1,never_grasped,0,False,42,,,,,0,0,False,0,0,False,False,0.7003726959228516,0.11030774563550949,0.8774243593215942,0,0,0.0,0,False,False,,False,80
pick_coke_can,pick_coke_can/condition_0026,26,42,False,80,0.7090061437966749,0,0,1,never_grasped,0,False,43,,,,,0,0,False,0,0,False,False,0.7003726959228516,0.11030774563550949,0.8774243593215942,0,0,0.0,0,False,False,,False,80
pick_coke_can,pick_coke_can/condition_0026,26,43,False,80,0.7090061437966749,0,0,1,never_grasped,0,False,44,,,,,0,0,False,0,0,False,False,0.7003726959228516,0.11030774563550949,0.8774243593215942,0,0,0.0,0,False,False,,False,80
pick_coke_can,pick_coke_can/condition_0026,26,44,False,80,0.7090061437966749,0,0,1,never_grasped,0,False,45,,,,,0,0,False,0,0,False,False,0.7003726959228516,0.11030774563550949,0.8774243593215942,0,0,0.0,0,False,False,,False,80
pick_coke_can,pick_coke_can/condition_0026,26,45,False,80,0.7090061437966749,0,0,1,never_grasped,0,False,46,,,,,0,0,False,0,0,False,False,0.7003726959228516,0.11030774563550949,0.8774243593215942,0,0,0.0,0,False,False,,False,80
pick_coke_can,pick_coke_can/condition_0026,26,46,False,80,0.7090061437966749,0,0,1,never_grasped,0,False,47,,,,,0,0,False,0,0,False,False,0.7003726959228516,0.11030774563550949,0.8774243593215942,0,0,0.0,0,False,False,,False,80
pick_coke_can,pick_coke_can/condition_0026,26,47,False,80,0.7090061437966749,0,0,1,never_grasped,0,False,48,,,,,0,0,False,0,0,False,False,0.7003726959228516,0.11030774563550949,0.8774243593215942,0,0,0.0,0,False,False,,False,80
pick_coke_can,pick_coke_can/condition_0026,26,48,False,80,0.7090061437966749,0,0,1,never_grasped,0,False,49,,,,,0,0,False,0,0,False,False,0.7003726959228516,0.11030774563550949,0.8774243593215942,0,0,0.0,0,False,False,,False,80
pick_coke_can,pick_coke_can/condition_0026,26,49,False,80,0.7090061437966749,0,0,1,never_grasped,0,False,50,,,,,0,0,False,0,0,False,False,0.7003726959228516,0.11030774563550949,0.8774243593215942,0,0,0.0,0,False,False,,False,80
pick_coke_can,pick_coke_can/condition_0026,26,50,False,80,0.7090061437966749,0,0,1,never_grasped,0,False,51,,,,,0,0,False,0,0,False,False,0.7003726959228516,0.11030774563550949,0.8774243593215942,0,0,0.0,0,False,False,,False,80
pick_coke_can,pick_coke_can/condition_0026,26,51,False,80,0.7090061437966749,0,0,1,never_grasped,0,False,52,,,,,0,0,False,0,0,False,False,0.7003726959228516,0.11030774563550949,0.8774243593215942,0,0,0.0,0,False,False,,False,80
pick_coke_can,pick_coke_can/condition_0026,26,52,False,80,0.7090061437966749,0,0,1,never_grasped,0,False,53,,,,,0,0,False,0,0,False,False,0.7003726959228516,0.11030774563550949,0.8774243593215942,0,0,0.0,0,False,False,,False,80
pick_coke_can,pick_coke_can/condition_0026,26,53,False,80,0.7090061437966749,0,0,1,never_grasped,0,False,54,,,,,0,0,False,0,0,False,False,0.7003726959228516,0.11030774563550949,0.8774243593215942,0,0,0.0,0,False,False,,False,80
pick_coke_can,pick_coke_can/condition_0026,26,54,False,80,0.7090061437966749,0,0,1,never_grasped,0,False,55,,,,,0,0,False,0,0,False,False,0.7003726959228516,0.11030774563550949,0.8774243593215942,0,0,0.0,0,False,False,,False,80
pick_coke_can,pick_coke_can/condition_0026,26,55,False,80,0.7090061437966749,0,0,1,never_grasped,0,False,56,,,,,0,0,False,0,0,False,False,0.7003726959228516,0.11030774563550949,0.8774243593215942,0,0,0.0,0,False,False,,False,80
pick_coke_can,pick_coke_can/condition_0026,26,56,False,80,0.7090061437966749,0,0,1,never_grasped,0,False,57,,,,,0,0,False,0,0,False,False,0.7003726959228516,0.11030774563550949,0.8774243593215942,0,0,0.0,0,False,False,,False,80
pick_coke_can,pick_coke_can/condition_0026,26,57,False,80,0.7090061437966749,0,0,1,never_grasped,0,False,58,,,,,0,0,False,0,0,False,False,0.7003726959228516,0.11030774563550949,0.8774243593215942,0,0,0.0,0,False,False,,False,80
pick_coke_can,pick_coke_can/condition_0026,26,58,False,80,0.7090061437966749,0,0,1,never_grasped,0,False,59,,,,,0,0,False,0,0,False,False,0.7003726959228516,0.11030774563550949,0.8774243593215942,0,0,0.0,0,False,False,,False,80
pick_coke_can,pick_coke_can/condition_0026,26,59,False,80,0.7090061437966749,0,0,1,never_grasped,0,False,60,,,,,0,0,False,0,0,False,False,0.7003726959228516,0.11030774563550949,0.8774243593215942,0,0,0.0,0,False,False,,False,80
pick_coke_can,pick_coke_can/condition_0026,26,60,False,80,0.7090061437966749,0,0,1,never_grasped,0,False,61,,,,,0,0,False,0,0,False,False,0.7003726959228516,0.11030774563550949,0.8774243593215942,0,0,0.0,0,False,False,,False,80
pick_coke_can,pick_coke_can/condition_0026,26,61,False,80,0.7090061437966749,0,0,1,never_grasped,0,False,62,,,,,0,0,False,0,0,False,False,0.7003726959228516,0.11030774563550949,0.8774243593215942,0,0,0.0,0,False,False,,False,80
pick_coke_can,pick_coke_can/condition_0026,26,62,False,80,0.7090061437966749,0,0,1,never_grasped,0,False,63,,,,,0,0,False,0,0,False,False,0.7003726959228516,0.11030774563550949,0.8774243593215942,0,0,0.0,0,False,False,,False,80
pick_coke_can,pick_coke_can/condition_0026,26,63,False,80,0.7090061437966749,0,0,1,never_grasped,0,False,64,,,,,0,0,False,0,0,False,False,0.7003726959228516,0.11030774563550949,0.8774243593215942,0,0,0.0,0,False,False,,False,80
pick_coke_can,pick_coke_can/condition_0026,26,64,False,80,0.7090061437966749,0,0,1,never_grasped,0,False,65,,,,,0,0,False,0,0,False,False,0.7003726959228516,0.11030774563550949,0.8774243593215942,0,0,0.0,0,False,False,,False,80
pick_coke_can,pick_coke_can/condition_0026,26,65,False,80,0.7090061437966749,0,0,1,never_grasped,0,False,66,,,,,0,0,False,0,0,False,False,0.7003726959228516,0.11030774563550949,0.8774243593215942,0,0,0.0,0,False,False,,False,80
pick_coke_can,pick_coke_can/condition_0026,26,66,False,80,0.7090061437966749,0,0,1,never_grasped,0,False,67,,,,,0,0,False,0,0,False,False,0.7003726959228516,0.11030774563550949,0.8774243593215942,0,0,0.0,0,False,False,,False,80
pick_coke_can,pick_coke_can/condition_0026,26,67,False,80,0.7090061437966749,0,0,1,never_grasped,0,False,68,,,,,0,0,False,0,0,False,False,0.7003726959228516,0.11030774563550949,0.8774243593215942,0,0,0.0,0,False,False,,False,80
pick_coke_can,pick_coke_can/condition_0026,26,68,False,80,0.7090061437966749,0,0,1,never_grasped,0,False,69,,,,,0,0,False,0,0,False,False,0.7003726959228516,0.11030774563550949,0.8774243593215942,0,0,0.0,0,False,False,,False,80
pick_coke_can,pick_coke_can/condition_0026,26,69,False,80,0.7090061437966749,0,0,1,never_grasped,0,False,70,,,,,0,0,False,0,0,False,False,0.7003726959228516,0.11030774563550949,0.8774243593215942,0,0,0.0,0,False,False,,False,80
pick_coke_can,pick_coke_can/condition_0026,26,70,False,80,0.7090061437966749,0,0,1,never_grasped,0,False,71,,,,,0,0,False,0,0,False,False,0.7003726959228516,0.11030774563550949,0.8774243593215942,0,0,0.0,0,False,False,,False,80
pick_coke_can,pick_coke_can/condition_0026,26,71,False,80,0.7090061437966749,0,0,1,never_grasped,0,False,72,,,,,0,0,False,0,0,False,False,0.7003726959228516,0.11030774563550949,0.8774243593215942,0,0,0.0,0,False,False,,False,80
pick_coke_can,pick_coke_can/condition_0026,26,72,False,80,0.7090061437966749,0,0,1,never_grasped,0,False,73,,,,,0,0,False,0,0,False,False,0.7003726959228516,0.11030774563550949,0.8774243593215942,0,0,0.0,0,False,False,,False,80
pick_coke_can,pick_coke_can/condition_0026,26,73,False,80,0.7090061437966749,0,0,1,never_grasped,0,False,74,,,,,0,0,False,0,0,False,False,0.7003726959228516,0.11030774563550949,0.8774243593215942,0,0,0.0,0,False,False,,False,80
pick_coke_can,pick_coke_can/condition_0026,26,74,False,80,0.7090061437966749,0,0,1,never_grasped,0,False,75,,,,,0,0,False,0,0,False,False,0.7003726959228516,0.11030774563550949,0.8774243593215942,0,0,0.0,0,False,False,,False,80
pick_coke_can,pick_coke_can/condition_0026,26,75,False,80,0.7090061437966749,0,0,1,never_grasped,0,False,76,,,,,0,0,False,0,0,False,False,0.7003726959228516,0.11030774563550949,0.8774243593215942,0,0,0.0,0,False,False,,False,80
pick_coke_can,pick_coke_can/condition_0026,26,76,False,80,0.7090061437966749,0,0,1,never_grasped,0,False,77,,,,,0,0,False,0,0,False,False,0.7003726959228516,0.11030774563550949,0.8774243593215942,0,0,0.0,0,False,False,,False,80
pick_coke_can,pick_coke_can/condition_0026,26,77,False,80,0.7090061437966749,0,0,1,never_grasped,0,False,78,,,,,0,0,False,0,0,False,False,0.7003726959228516,0.11030774563550949,0.8774243593215942,0,0,0.0,0,False,False,,False,80
pick_coke_can,pick_coke_can/condition_0026,26,78,False,80,0.7090061437966749,0,0,1,never_grasped,0,False,79,,,,,0,0,False,0,0,False,False,0.7003726959228516,0.11030774563550949,0.8774243593215942,0,0,0.0,0,False,False,,False,80
pick_coke_can,pick_coke_can/condition_0026,26,79,False,80,0.7090061437966749,0,0,1,never_grasped,0,False,80,,,,,0,0,False,0,0,False,False,0.7003726959228516,0.11030774563550949,0.8774243593215942,0,0,0.0,0,False,False,,True,80
pick_coke_can,pick_coke_can/condition_0027,27,0,False,80,0.7002014049714376,0,0,1,never_grasped,0,False,1,,,,,0,0,False,0,0,False,False,0.7002012133598328,0.0005180090665817261,0.877492368221283,0,0,0.0,0,False,False,,False,80
pick_coke_can,pick_coke_can/condition_0027,27,1,False,80,0.7002014049714376,0,0,1,never_grasped,0,False,2,,,,,0,0,False,0,0,False,False,0.7002012133598328,0.0005180090665817261,0.877492368221283,0,0,0.0,0,False,False,,False,80
pick_coke_can,pick_coke_can/condition_0027,27,2,False,80,0.7002014049714376,0,0,1,never_grasped,0,False,3,,,,,0,0,False,0,0,False,False,0.7002012133598328,0.0005180090665817261,0.877492368221283,0,0,0.0,0,False,False,,False,80
pick_coke_can,pick_coke_can/condition_0027,27,3,False,80,0.7002014049714376,0,0,1,never_grasped,0,False,4,,,,,0,0,False,0,0,False,False,0.7002012133598328,0.0005180090665817261,0.877492368221283,0,0,0.0,0,False,False,,False,80
pick_coke_can,pick_coke_can/condition_0027,27,4,False,80,0.7002014049714376,0,0,1,never_grasped,0,False,5,,,,,0,0,False,0,0,False,False,0.7002012133598328,0.0005180090665817261,0.877492368221283,0,0,0.0,0,False,False,,False,80
pick_coke_can,pick_coke_can/condition_0027,27,5,False,80,0.7002014049714376,0,0,1,never_grasped,0,False,6,,,,,0,0,False,0,0,False,False,0.7002012133598328,0.0005180090665817261,0.877492368221283,0,0,0.0,0,False,False,,False,80
pick_coke_can,pick_coke_can/condition_0027,27,6,False,80,0.7002014049714376,0,0,1,never_grasped,0,False,7,,,,,0,0,False,0,0,False,False,0.7002012133598328,0.0005180090665817261,0.877492368221283,0,0,0.0,0,False,False,,False,80
pick_coke_can,pick_coke_can/condition_0027,27,7,False,80,0.7002014049714376,0,0,1,never_grasped,0,False,8,,,,,0,0,False,0,0,False,False,0.7002012133598328,0.0005180090665817261,0.877492368221283,0,0,0.0,0,False,False,,False,80
pick_coke_can,pick_coke_can/condition_0027,27,8,False,80,0.7002014049714376,0,0,1,never_grasped,0,False,9,,,,,0,0,False,0,0,False,False,0.7002012133598328,0.0005180090665817261,0.877492368221283,0,0,0.0,0,False,False,,False,80
pick_coke_can,pick_coke_can/condition_0027,27,9,False,80,0.7002014049714376,0,0,1,never_grasped,0,False,10,,,,,0,0,False,0,0,False,False,0.7002012133598328,0.0005180090665817261,0.877492368221283,0,0,0.0,0,False,False,,False,80
pick_coke_can,pick_coke_can/condition_0027,27,10,False,80,0.7002014049714376,0,0,1,never_grasped,0,False,11,,,,,0,0,False,0,0,False,False,0.7002012133598328,0.0005180090665817261,0.877492368221283,0,0,0.0,0,False,False,,False,80
pick_coke_can,pick_coke_can/condition_0027,27,11,False,80,0.7002014049714376,0,0,1,never_grasped,0,False,12,,,,,0,0,False,0,0,False,False,0.7002012133598328,0.0005180090665817261,0.877492368221283,0,0,0.0,0,False,False,,False,80
pick_coke_can,pick_coke_can/condition_0027,27,12,False,80,0.7002014049714376,0,0,1,never_grasped,0,False,13,,,,,0,0,False,0,0,False,False,0.7002012133598328,0.0005180090665817261,0.877492368221283,0,0,0.0,0,False,False,,False,80
pick_coke_can,pick_coke_can/condition_0027,27,13,False,80,0.7002014049714376,0,0,1,never_grasped,0,False,14,,,,,0,0,False,0,0,False,False,0.7002012133598328,0.0005180090665817261,0.877492368221283,0,0,0.0,0,False,False,,False,80
pick_coke_can,pick_coke_can/condition_0027,27,14,False,80,0.7002014049714376,0,0,1,never_grasped,0,False,15,,,,,0,0,False,0,0,False,False,0.7002012133598328,0.0005180090665817261,0.877492368221283,0,0,0.0,0,False,False,,False,80
pick_coke_can,pick_coke_can/condition_0027,27,15,False,80,0.7002014049714376,0,0,1,never_grasped,0,False,16,,,,,0,0,False,0,0,False,False,0.7002012133598328,0.0005180090665817261,0.877492368221283,0,0,0.0,0,False,False,,False,80
pick_coke_can,pick_coke_can/condition_0027,27,16,False,80,0.7002014049714376,0,0,1,never_grasped,0,False,17,,,,,0,0,False,0,0,False,False,0.7002012133598328,0.0005180090665817261,0.877492368221283,0,0,0.0,0,False,False,,False,80
pick_coke_can,pick_coke_can/condition_0027,27,17,False,80,0.7002014049714376,0,0,1,never_grasped,0,False,18,,,,,0,0,False,0,0,False,False,0.7002012133598328,0.0005180090665817261,0.877492368221283,0,0,0.0,0,False,False,,False,80
pick_coke_can,pick_coke_can/condition_0027,27,18,False,80,0.7002014049714376,0,0,1,never_grasped,0,False,19,,,,,0,0,False,0,0,False,False,0.7002012133598328,0.0005180090665817261,0.877492368221283,0,0,0.0,0,False,False,,False,80
pick_coke_can,pick_coke_can/condition_0027,27,19,False,80,0.7002014049714376,0,0,1,never_grasped,0,False,20,,,,,0,0,False,0,0,False,False,0.7002012133598328,0.0005180090665817261,0.877492368221283,0,0,0.0,0,False,False,,False,80
pick_coke_can,pick_coke_can/condition_0027,27,20,False,80,0.7002014049714376,0,0,1,never_grasped,0,False,21,,,,,0,0,False,0,0,False,False,0.7002012133598328,0.0005180090665817261,0.877492368221283,0,0,0.0,0,False,False,,False,80
pick_coke_can,pick_coke_can/condition_0027,27,21,False,80,0.7002014049714376,0,0,1,never_grasped,0,False,22,,,,,0,0,False,0,0,False,False,0.7002012133598328,0.0005180090665817261,0.877492368221283,0,0,0.0,0,False,False,,False,80
pick_coke_can,pick_coke_can/condition_0027,27,22,False,80,0.7002014049714376,0,0,1,never_grasped,0,False,23,,,,,0,0,False,0,0,False,False,0.7002012133598328,0.0005180090665817261,0.877492368221283,0,0,0.0,0,False,False,,False,80
pick_coke_can,pick_coke_can/condition_0027,27,23,False,80,0.7002014049714376,0,0,1,never_grasped,0,False,24,,,,,0,0,False,0,0,False,False,0.7002012133598328,0.0005180090665817261,0.877492368221283,0,0,0.0,0,False,False,,False,80
pick_coke_can,pick_coke_can/condition_0027,27,24,False,80,0.7002014049714376,0,0,1,never_grasped,0,False,25,,,,,0,0,False,0,0,False,False,0.7002012133598328,0.0005180090665817261,0.877492368221283,0,0,0.0,0,False,False,,False,80
pick_coke_can,pick_coke_can/condition_0027,27,25,False,80,0.7002014049714376,0,0,1,never_grasped,0,False,26,,,,,0,0,False,0,0,False,False,0.7002012133598328,0.0005180090665817261,0.877492368221283,0,0,0.0,0,False,False,,False,80
pick_coke_can,pick_coke_can/condition_0027,27,26,False,80,0.7002014049714376,0,0,1,never_grasped,0,False,27,,,,,0,0,False,0,0,False,False,0.7002012133598328,0.0005180090665817261,0.877492368221283,0,0,0.0,0,False,False,,False,80
pick_coke_can,pick_coke_can/condition_0027,27,27,False,80,0.7002014049714376,0,0,1,never_grasped,0,False,28,,,,,0,0,False,0,0,False,False,0.7002012133598328,0.0005180090665817261,0.877492368221283,0,0,0.0,0,False,False,,False,80
pick_coke_can,pick_coke_can/condition_0027,27,28,False,80,0.7002014049714376,0,0,1,never_grasped,0,False,29,,,,,0,0,False,0,0,False,False,0.7002012133598328,0.0005180090665817261,0.877492368221283,0,0,0.0,0,False,False,,False,80
pick_coke_can,pick_coke_can/condition_0027,27,29,False,80,0.7002014049714376,0,0,1,never_grasped,0,False,30,,,,,0,0,False,0,0,False,False,0.7002012133598328,0.0005180090665817261,0.877492368221283,0,0,0.0,0,False,False,,False,80
pick_coke_can,pick_coke_can/condition_0027,27,30,False,80,0.7002014049714376,0,0,1,never_grasped,0,False,31,,,,,0,0,False,0,0,False,False,0.7002012133598328,0.0005180090665817261,0.877492368221283,0,0,0.0,0,False,False,,False,80
pick_coke_can,pick_coke_can/condition_0027,27,31,False,80,0.7002014049714376,0,0,1,never_grasped,0,False,32,,,,,0,0,False,0,0,False,False,0.7002012133598328,0.0005180090665817261,0.877492368221283,0,0,0.0,0,False,False,,False,80
pick_coke_can,pick_coke_can/condition_0027,27,32,False,80,0.7002014049714376,0,0,1,never_grasped,0,False,33,,,,,0,0,False,0,0,False,False,0.7002012133598328,0.0005180090665817261,0.877492368221283,0,0,0.0,0,False,False,,False,80
pick_coke_can,pick_coke_can/condition_0027,27,33,False,80,0.7002014049714376,0,0,1,never_grasped,0,False,34,,,,,0,0,False,0,0,False,False,0.7002012133598328,0.0005180090665817261,0.877492368221283,0,0,0.0,0,False,False,,False,80
pick_coke_can,pick_coke_can/condition_0027,27,34,False,80,0.7002014049714376,0,0,1,never_grasped,0,False,35,,,,,0,0,False,0,0,False,False,0.7002012133598328,0.0005180090665817261,0.877492368221283,0,0,0.0,0,False,False,,False,80
pick_coke_can,pick_coke_can/condition_0027,27,35,False,80,0.7002014049714376,0,0,1,never_grasped,0,False,36,,,,,0,0,False,0,0,False,False,0.7002012133598328,0.0005180090665817261,0.877492368221283,0,0,0.0,0,False,False,,False,80
pick_coke_can,pick_coke_can/condition_0027,27,36,False,80,0.7002014049714376,0,0,1,never_grasped,0,False,37,,,,,0,0,False,0,0,False,False,0.7002012133598328,0.0005180090665817261,0.877492368221283,0,0,0.0,0,False,False,,False,80
pick_coke_can,pick_coke_can/condition_0027,27,37,False,80,0.7002014049714376,0,0,1,never_grasped,0,False,38,,,,,0,0,False,0,0,False,False,0.7002012133598328,0.0005180090665817261,0.877492368221283,0,0,0.0,0,False,False,,False,80
pick_coke_can,pick_coke_can/condition_0027,27,38,False,80,0.7002014049714376,0,0,1,never_grasped,0,False,39,,,,,0,0,False,0,0,False,False,0.7002012133598328,0.0005180090665817261,0.877492368221283,0,0,0.0,0,False,False,,False,80
pick_coke_can,pick_coke_can/condition_0027,27,39,False,80,0.7002014049714376,0,0,1,never_grasped,0,False,40,,,,,0,0,False,0,0,False,False,0.7002012133598328,0.0005180090665817261,0.877492368221283,0,0,0.0,0,False,False,,False,80
pick_coke_can,pick_coke_can/condition_0027,27,40,False,80,0.7002014049714376,0,0,1,never_grasped,0,False,41,,,,,0,0,False,0,0,False,False,0.7002012133598328,0.0005180090665817261,0.877492368221283,0,0,0.0,0,False,False,,False,80
pick_coke_can,pick_coke_can/condition_0027,27,41,False,80,0.7002014049714376,0,0,1,never_grasped,0,False,42,,,,,0,0,False,0,0,False,False,0.7002012133598328,0.0005180090665817261,0.877492368221283,0,0,0.0,0,False,False,,False,80
pick_coke_can,pick_coke_can/condition_0027,27,42,False,80,0.7002014049714376,0,0,1,never_grasped,0,False,43,,,,,0,0,False,0,0,False,False,0.7002012133598328,0.0005180090665817261,0.877492368221283,0,0,0.0,0,False,False,,False,80
pick_coke_can,pick_coke_can/condition_0027,27,43,False,80,0.7002014049714376,0,0,1,never_grasped,0,False,44,,,,,0,0,False,0,0,False,False,0.7002012133598328,0.0005180090665817261,0.877492368221283,0,0,0.0,0,False,False,,False,80
pick_coke_can,pick_coke_can/condition_0027,27,44,False,80,0.7002014049714376,0,0,1,never_grasped,0,False,45,,,,,0,0,False,0,0,False,False,0.7002012133598328,0.0005180090665817261,0.877492368221283,0,0,0.0,0,False,False,,False,80
pick_coke_can,pick_coke_can/condition_0027,27,45,False,80,0.7002014049714376,0,0,1,never_grasped,0,False,46,,,,,0,0,False,0,0,False,False,0.7002012133598328,0.0005180090665817261,0.877492368221283,0,0,0.0,0,False,False,,False,80
pick_coke_can,pick_coke_can/condition_0027,27,46,False,80,0.7002014049714376,0,0,1,never_grasped,0,False,47,,,,,0,0,False,0,0,False,False,0.7002012133598328,0.0005180090665817261,0.877492368221283,0,0,0.0,0,False,False,,False,80
pick_coke_can,pick_coke_can/condition_0027,27,47,False,80,0.7002014049714376,0,0,1,never_grasped,0,False,48,,,,,0,0,False,0,0,False,False,0.7002012133598328,0.0005180090665817261,0.877492368221283,0,0,0.0,0,False,False,,False,80
pick_coke_can,pick_coke_can/condition_0027,27,48,False,80,0.7002014049714376,0,0,1,never_grasped,0,False,49,,,,,0,0,False,0,0,False,False,0.7002012133598328,0.0005180090665817261,0.877492368221283,0,0,0.0,0,False,False,,False,80
pick_coke_can,pick_coke_can/condition_0027,27,49,False,80,0.7002014049714376,0,0,1,never_grasped,0,False,50,,,,,0,0,False,0,0,False,False,0.7002012133598328,0.0005180090665817261,0.877492368221283,0,0,0.0,0,False,False,,False,80
pick_coke_can,pick_coke_can/condition_0027,27,50,False,80,0.7002014049714376,0,0,1,never_grasped,0,False,51,,,,,0,0,False,0,0,False,False,0.7002012133598328,0.0005180090665817261,0.877492368221283,0,0,0.0,0,False,False,,False,80
pick_coke_can,pick_coke_can/condition_0027,27,51,False,80,0.7002014049714376,0,0,1,never_grasped,0,False,52,,,,,0,0,False,0,0,False,False,0.7002012133598328,0.0005180090665817261,0.877492368221283,0,0,0.0,0,False,False,,False,80
pick_coke_can,pick_coke_can/condition_0027,27,52,False,80,0.7002014049714376,0,0,1,never_grasped,0,False,53,,,,,0,0,False,0,0,False,False,0.7002012133598328,0.0005180090665817261,0.877492368221283,0,0,0.0,0,False,False,,False,80
pick_coke_can,pick_coke_can/condition_0027,27,53,False,80,0.7002014049714376,0,0,1,never_grasped,0,False,54,,,,,0,0,False,0,0,False,False,0.7002012133598328,0.0005180090665817261,0.877492368221283,0,0,0.0,0,False,False,,False,80
pick_coke_can,pick_coke_can/condition_0027,27,54,False,80,0.7002014049714376,0,0,1,never_grasped,0,False,55,,,,,0,0,False,0,0,False,False,0.7002012133598328,0.0005180090665817261,0.877492368221283,0,0,0.0,0,False,False,,False,80
pick_coke_can,pick_coke_can/condition_0027,27,55,False,80,0.7002014049714376,0,0,1,never_grasped,0,False,56,,,,,0,0,False,0,0,False,False,0.7002012133598328,0.0005180090665817261,0.877492368221283,0,0,0.0,0,False,False,,False,80
pick_coke_can,pick_coke_can/condition_0027,27,56,False,80,0.7002014049714376,0,0,1,never_grasped,0,False,57,,,,,0,0,False,0,0,False,False,0.7002012133598328,0.0005180090665817261,0.877492368221283,0,0,0.0,0,False,False,,False,80
pick_coke_can,pick_coke_can/condition_0027,27,57,False,80,0.7002014049714376,0,0,1,never_grasped,0,False,58,,,,,0,0,False,0,0,False,False,0.7002012133598328,0.0005180090665817261,0.877492368221283,0,0,0.0,0,False,False,,False,80
pick_coke_can,pick_coke_can/condition_0027,27,58,False,80,0.7002014049714376,0,0,1,never_grasped,0,False,59,,,,,0,0,False,0,0,False,False,0.7002012133598328,0.0005180090665817261,0.877492368221283,0,0,0.0,0,False,False,,False,80
pick_coke_can,pick_coke_can/condition_0027,27,59,False,80,0.7002014049714376,0,0,1,never_grasped,0,False,60,,,,,0,0,False,0,0,False,False,0.7002012133598328,0.0005180090665817261,0.877492368221283,0,0,0.0,0,False,False,,False,80
pick_coke_can,pick_coke_can/condition_0027,27,60,False,80,0.7002014049714376,0,0,1,never_grasped,0,False,61,,,,,0,0,False,0,0,False,False,0.7002012133598328,0.0005180090665817261,0.877492368221283,0,0,0.0,0,False,False,,False,80
pick_coke_can,pick_coke_can/condition_0027,27,61,False,80,0.7002014049714376,0,0,1,never_grasped,0,False,62,,,,,0,0,False,0,0,False,False,0.7002012133598328,0.0005180090665817261,0.877492368221283,0,0,0.0,0,False,False,,False,80
pick_coke_can,pick_coke_can/condition_0027,27,62,False,80,0.7002014049714376,0,0,1,never_grasped,0,False,63,,,,,0,0,False,0,0,False,False,0.7002012133598328,0.0005180090665817261,0.877492368221283,0,0,0.0,0,False,False,,False,80
pick_coke_can,pick_coke_can/condition_0027,27,63,False,80,0.7002014049714376,0,0,1,never_grasped,0,False,64,,,,,0,0,False,0,0,False,False,0.7002012133598328,0.0005180090665817261,0.877492368221283,0,0,0.0,0,False,False,,False,80
pick_coke_can,pick_coke_can/condition_0027,27,64,False,80,0.7002014049714376,0,0,1,never_grasped,0,False,65,,,,,0,0,False,0,0,False,False,0.7002012133598328,0.0005180090665817261,0.877492368221283,0,0,0.0,0,False,False,,False,80
pick_coke_can,pick_coke_can/condition_0027,27,65,False,80,0.7002014049714376,0,0,1,never_grasped,0,False,66,,,,,0,0,False,0,0,False,False,0.7002012133598328,0.0005180090665817261,0.877492368221283,0,0,0.0,0,False,False,,False,80
pick_coke_can,pick_coke_can/condition_0027,27,66,False,80,0.7002014049714376,0,0,1,never_grasped,0,False,67,,,,,0,0,False,0,0,False,False,0.7002012133598328,0.0005180090665817261,0.877492368221283,0,0,0.0,0,False,False,,False,80
pick_coke_can,pick_coke_can/condition_0027,27,67,False,80,0.7002014049714376,0,0,1,never_grasped,0,False,68,,,,,0,0,False,0,0,False,False,0.7002012133598328,0.0005180090665817261,0.877492368221283,0,0,0.0,0,False,False,,False,80
pick_coke_can,pick_coke_can/condition_0027,27,68,False,80,0.7002014049714376,0,0,1,never_grasped,0,False,69,,,,,0,0,False,0,0,False,False,0.7002012133598328,0.0005180090665817261,0.877492368221283,0,0,0.0,0,False,False,,False,80
pick_coke_can,pick_coke_can/condition_0027,27,69,False,80,0.7002014049714376,0,0,1,never_grasped,0,False,70,,,,,0,0,False,0,0,False,False,0.7002012133598328,0.0005180090665817261,0.877492368221283,0,0,0.0,0,False,False,,False,80
pick_coke_can,pick_coke_can/condition_0027,27,70,False,80,0.7002014049714376,0,0,1,never_grasped,0,False,71,,,,,0,0,False,0,0,False,False,0.7002012133598328,0.0005180090665817261,0.877492368221283,0,0,0.0,0,False,False,,False,80
pick_coke_can,pick_coke_can/condition_0027,27,71,False,80,0.7002014049714376,0,0,1,never_grasped,0,False,72,,,,,0,0,False,0,0,False,False,0.7002012133598328,0.0005180090665817261,0.877492368221283,0,0,0.0,0,False,False,,False,80
pick_coke_can,pick_coke_can/condition_0027,27,72,False,80,0.7002014049714376,0,0,1,never_grasped,0,False,73,,,,,0,0,False,0,0,False,False,0.7002012133598328,0.0005180090665817261,0.877492368221283,0,0,0.0,0,False,False,,False,80
pick_coke_can,pick_coke_can/condition_0027,27,73,False,80,0.7002014049714376,0,0,1,never_grasped,0,False,74,,,,,0,0,False,0,0,False,False,0.7002012133598328,0.0005180090665817261,0.877492368221283,0,0,0.0,0,False,False,,False,80
pick_coke_can,pick_coke_can/condition_0027,27,74,False,80,0.7002014049714376,0,0,1,never_grasped,0,False,75,,,,,0,0,False,0,0,False,False,0.7002012133598328,0.0005180090665817261,0.877492368221283,0,0,0.0,0,False,False,,False,80
pick_coke_can,pick_coke_can/condition_0027,27,75,False,80,0.7002014049714376,0,0,1,never_grasped,0,False,76,,,,,0,0,False,0,0,False,False,0.7002012133598328,0.0005180090665817261,0.877492368221283,0,0,0.0,0,False,False,,False,80
pick_coke_can,pick_coke_can/condition_0027,27,76,False,80,0.7002014049714376,0,0,1,never_grasped,0,False,77,,,,,0,0,False,0,0,False,False,0.7002012133598328,0.0005180090665817261,0.877492368221283,0,0,0.0,0,False,False,,False,80
pick_coke_can,pick_coke_can/condition_0027,27,77,False,80,0.7002014049714376,0,0,1,never_grasped,0,False,78,,,,,0,0,False,0,0,False,False,0.7002012133598328,0.0005180090665817261,0.877492368221283,0,0,0.0,0,False,False,,False,80
pick_coke_can,pick_coke_can/condition_0027,27,78,False,80,0.7002014049714376,0,0,1,never_grasped,0,False,79,,,,,0,0,False,0,0,False,False,0.7002012133598328,0.0005180090665817261,0.877492368221283,0,0,0.0,0,False,False,,False,80
pick_coke_can,pick_coke_can/condition_0027,27,79,False,80,0.7002014049714376,0,0,1,never_grasped,0,False,80,,,,,0,0,False,0,0,False,False,0.7002012133598328,0.0005180090665817261,0.877492368221283,0,0,0.0,0,False,False,,True,80
pick_coke_can,pick_coke_can/condition_0028,28,0,False,80,0.7088916504477484,0,0,1,never_grasped,0,False,1,,,,,0,0,False,0,0,False,False,0.7003517150878906,-0.10970345139503479,0.8774229288101196,0,0,0.0,0,False,False,,False,80
pick_coke_can,pick_coke_can/condition_0028,28,1,False,80,0.7088916504477484,0,0,1,never_grasped,0,False,2,,,,,0,0,False,0,0,False,False,0.7003517150878906,-0.10970345139503479,0.8774229288101196,0,0,0.0,0,False,False,,False,80
pick_coke_can,pick_coke_can/condition_0028,28,2,False,80,0.7088916504477484,0,0,1,never_grasped,0,False,3,,,,,0,0,False,0,0,False,False,0.7003517150878906,-0.10970345139503479,0.8774229288101196,0,0,0.0,0,False,False,,False,80
pick_coke_can,pick_coke_can/condition_0028,28,3,False,80,0.7088916504477484,0,0,1,never_grasped,0,False,4,,,,,0,0,False,0,0,False,False,0.7003517150878906,-0.10970345139503479,0.8774229288101196,0,0,0.0,0,False,False,,False,80
pick_coke_can,pick_coke_can/condition_0028,28,4,False,80,0.7088916504477484,0,0,1,never_grasped,0,False,5,,,,,0,0,False,0,0,False,False,0.7003517150878906,-0.10970345139503479,0.8774229288101196,0,0,0.0,0,False,False,,False,80
pick_coke_can,pick_coke_can/condition_0028,28,5,False,80,0.7088916504477484,0,0,1,never_grasped,0,False,6,,,,,0,0,False,0,0,False,False,0.7003517150878906,-0.10970345139503479,0.8774229288101196,0,0,0.0,0,False,False,,False,80
pick_coke_can,pick_coke_can/condition_0028,28,6,False,80,0.7088916504477484,0,0,1,never_grasped,0,False,7,,,,,0,0,False,0,0,False,False,0.7003517150878906,-0.10970345139503479,0.8774229288101196,0,0,0.0,0,False,False,,False,80
pick_coke_can,pick_coke_can/condition_0028,28,7,False,80,0.7088916504477484,0,0,1,never_grasped,0,False,8,,,,,0,0,False,0,0,False,False,0.7003517150878906,-0.10970345139503479,0.8774229288101196,0,0,0.0,0,False,False,,False,80
pick_coke_can,pick_coke_can/condition_0028,28,8,False,80,0.7088916504477484,0,0,1,never_grasped,0,False,9,,,,,0,0,False,0,0,False,False,0.7003517150878906,-0.10970345139503479,0.8774229288101196,0,0,0.0,0,False,False,,False,80
pick_coke_can,pick_coke_can/condition_0028,28,9,False,80,0.7088916504477484,0,0,1,never_grasped,0,False,10,,,,,0,0,False,0,0,False,False,0.7003517150878906,-0.10970345139503479,0.8774229288101196,0,0,0.0,0,False,False,,False,80
pick_coke_can,pick_coke_can/condition_0028,28,10,False,80,0.7088916504477484,0,0,1,never_grasped,0,False,11,,,,,0,0,False,0,0,False,False,0.7003517150878906,-0.10970345139503479,0.8774229288101196,0,0,0.0,0,False,False,,False,80
pick_coke_can,pick_coke_can/condition_0028,28,11,False,80,0.7088916504477484,0,0,1,never_grasped,0,False,12,,,,,0,0,False,0,0,False,False,0.7003517150878906,-0.10970345139503479,0.8774229288101196,0,0,0.0,0,False,False,,False,80
pick_coke_can,pick_coke_can/condition_0028,28,12,False,80,0.7088916504477484,0,0,1,never_grasped,0,False,13,,,,,0,0,False,0,0,False,False,0.7003517150878906,-0.10970345139503479,0.8774229288101196,0,0,0.0,0,False,False,,False,80
pick_coke_can,pick_coke_can/condition_0028,28,13,False,80,0.7088916504477484,0,0,1,never_grasped,0,False,14,,,,,0,0,False,0,0,False,False,0.7003517150878906,-0.10970345139503479,0.8774229288101196,0,0,0.0,0,False,False,,False,80
pick_coke_can,pick_coke_can/condition_0028,28,14,False,80,0.7088916504477484,0,0,1,never_grasped,0,False,15,,,,,0,0,False,0,0,False,False,0.7003517150878906,-0.10970345139503479,0.8774229288101196,0,0,0.0,0,False,False,,False,80
pick_coke_can,pick_coke_can/condition_0028,28,15,False,80,0.7088916504477484,0,0,1,never_grasped,0,False,16,,,,,0,0,False,0,0,False,False,0.7003517150878906,-0.10970345139503479,0.8774229288101196,0,0,0.0,0,False,False,,False,80
pick_coke_can,pick_coke_can/condition_0028,28,16,False,80,0.7088916504477484,0,0,1,never_grasped,0,False,17,,,,,0,0,False,0,0,False,False,0.7003517150878906,-0.10970345139503479,0.8774229288101196,0,0,0.0,0,False,False,,False,80
pick_coke_can,pick_coke_can/condition_0028,28,17,False,80,0.7088916504477484,0,0,1,never_grasped,0,False,18,,,,,0,0,False,0,0,False,False,0.7003517150878906,-0.10970345139503479,0.8774229288101196,0,0,0.0,0,False,False,,False,80
pick_coke_can,pick_coke_can/condition_0028,28,18,False,80,0.7088916504477484,0,0,1,never_grasped,0,False,19,,,,,0,0,False,0,0,False,False,0.7003517150878906,-0.10970345139503479,0.8774229288101196,0,0,0.0,0,False,False,,False,80
pick_coke_can,pick_coke_can/condition_0028,28,19,False,80,0.7088916504477484,0,0,1,never_grasped,0,False,20,,,,,0,0,False,0,0,False,False,0.7003517150878906,-0.10970345139503479,0.8774229288101196,0,0,0.0,0,False,False,,False,80
pick_coke_can,pick_coke_can/condition_0028,28,20,False,80,0.7088916504477484,0,0,1,never_grasped,0,False,21,,,,,0,0,False,0,0,False,False,0.7003517150878906,-0.10970345139503479,0.8774229288101196,0,0,0.0,0,False,False,,False,80
pick_coke_can,pick_coke_can/condition_0028,28,21,False,80,0.7088916504477484,0,0,1,never_grasped,0,False,22,,,,,0,0,False,0,0,False,False,0.7003517150878906,-0.10970345139503479,0.8774229288101196,0,0,0.0,0,False,False,,False,80
pick_coke_can,pick_coke_can/condition_0028,28,22,False,80,0.7088916504477484,0,0,1,never_grasped,0,False,23,,,,,0,0,False,0,0,False,False,0.7003517150878906,-0.10970345139503479,0.8774229288101196,0,0,0.0,0,False,False,,False,80
pick_coke_can,pick_coke_can/condition_0028,28,23,False,80,0.7088916504477484,0,0,1,never_grasped,0,False,24,,,,,0,0,False,0,0,False,False,0.7003517150878906,-0.10970345139503479,0.8774229288101196,0,0,0.0,0,False,False,,False,80
pick_coke_can,pick_coke_can/condition_0028,28,24,False,80,0.7088916504477484,0,0,1,never_grasped,0,False,25,,,,,0,0,False,0,0,False,False,0.7003517150878906,-0.10970345139503479,0.8774229288101196,0,0,0.0,0,False,False,,False,80
pick_coke_can,pick_coke_can/condition_0028,28,25,False,80,0.7088916504477484,0,0,1,never_grasped,0,False,26,,,,,0,0,False,0,0,False,False,0.7003517150878906,-0.10970345139503479,0.8774229288101196,0,0,0.0,0,False,False,,False,80
pick_coke_can,pick_coke_can/condition_0028,28,26,False,80,0.7088916504477484,0,0,1,never_grasped,0,False,27,,,,,0,0,False,0,0,False,False,0.7003517150878906,-0.10970345139503479,0.8774229288101196,0,0,0.0,0,False,False,,False,80
pick_coke_can,pick_coke_can/condition_0028,28,27,False,80,0.7088916504477484,0,0,1,never_grasped,0,False,28,,,,,0,0,False,0,0,False,False,0.7003517150878906,-0.10970345139503479,0.8774229288101196,0,0,0.0,0,False,False,,False,80
pick_coke_can,pick_coke_can/condition_0028,28,28,False,80,0.7088916504477484,0,0,1,never_grasped,0,False,29,,,,,0,0,False,0,0,False,False,0.7003517150878906,-0.10970345139503479,0.8774229288101196,0,0,0.0,0,False,False,,False,80
pick_coke_can,pick_coke_can/condition_0028,28,29,False,80,0.7088916504477484,0,0,1,never_grasped,0,False,30,,,,,0,0,False,0,0,False,False,0.7003517150878906,-0.10970345139503479,0.8774229288101196,0,0,0.0,0,False,False,,False,80
pick_coke_can,pick_coke_can/condition_0028,28,30,False,80,0.7088916504477484,0,0,1,never_grasped,0,False,31,,,,,0,0,False,0,0,False,False,0.7003517150878906,-0.10970345139503479,0.8774229288101196,0,0,0.0,0,False,False,,False,80
pick_coke_can,pick_coke_can/condition_0028,28,31,False,80,0.7088916504477484,0,0,1,never_grasped,0,False,32,,,,,0,0,False,0,0,False,False,0.7003517150878906,-0.10970345139503479,0.8774229288101196,0,0,0.0,0,False,False,,False,80
pick_coke_can,pick_coke_can/condition_0028,28,32,False,80,0.7088916504477484,0,0,1,never_grasped,0,False,33,,,,,0,0,False,0,0,False,False,0.7003517150878906,-0.10970345139503479,0.8774229288101196,0,0,0.0,0,False,False,,False,80
pick_coke_can,pick_coke_can/condition_0028,28,33,False,80,0.7088916504477484,0,0,1,never_grasped,0,False,34,,,,,0,0,False,0,0,False,False,0.7003517150878906,-0.10970345139503479,0.8774229288101196,0,0,0.0,0,False,False,,False,80
pick_coke_can,pick_coke_can/condition_0028,28,34,False,80,0.7088916504477484,0,0,1,never_grasped,0,False,35,,,,,0,0,False,0,0,False,False,0.7003517150878906,-0.10970345139503479,0.8774229288101196,0,0,0.0,0,False,False,,False,80
pick_coke_can,pick_coke_can/condition_0028,28,35,False,80,0.7088916504477484,0,0,1,never_grasped,0,False,36,,,,,0,0,False,0,0,False,False,0.7003517150878906,-0.10970345139503479,0.8774229288101196,0,0,0.0,0,False,False,,False,80
pick_coke_can,pick_coke_can/condition_0028,28,36,False,80,0.7088916504477484,0,0,1,never_grasped,0,False,37,,,,,0,0,False,0,0,False,False,0.7003517150878906,-0.10970345139503479,0.8774229288101196,0,0,0.0,0,False,False,,False,80
pick_coke_can,pick_coke_can/condition_0028,28,37,False,80,0.7088916504477484,0,0,1,never_grasped,0,False,38,,,,,0,0,False,0,0,False,False,0.7003517150878906,-0.10970345139503479,0.8774229288101196,0,0,0.0,0,False,False,,False,80
pick_coke_can,pick_coke_can/condition_0028,28,38,False,80,0.7088916504477484,0,0,1,never_grasped,0,False,39,,,,,0,0,False,0,0,False,False,0.7003517150878906,-0.10970345139503479,0.8774229288101196,0,0,0.0,0,False,False,,False,80
pick_coke_can,pick_coke_can/condition_0028,28,39,False,80,0.7088916504477484,0,0,1,never_grasped,0,False,40,,,,,0,0,False,0,0,False,False,0.7003517150878906,-0.10970345139503479,0.8774229288101196,0,0,0.0,0,False,False,,False,80
pick_coke_can,pick_coke_can/condition_0028,28,40,False,80,0.7088916504477484,0,0,1,never_grasped,0,False,41,,,,,0,0,False,0,0,False,False,0.7003517150878906,-0.10970345139503479,0.8774229288101196,0,0,0.0,0,False,False,,False,80
pick_coke_can,pick_coke_can/condition_0028,28,41,False,80,0.7088916504477484,0,0,1,never_grasped,0,False,42,,,,,0,0,False,0,0,False,False,0.7003517150878906,-0.10970345139503479,0.8774229288101196,0,0,0.0,0,False,False,,False,80
pick_coke_can,pick_coke_can/condition_0028,28,42,False,80,0.7088916504477484,0,0,1,never_grasped,0,False,43,,,,,0,0,False,0,0,False,False,0.7003517150878906,-0.10970345139503479,0.8774229288101196,0,0,0.0,0,False,False,,False,80
pick_coke_can,pick_coke_can/condition_0028,28,43,False,80,0.7088916504477484,0,0,1,never_grasped,0,False,44,,,,,0,0,False,0,0,False,False,0.7003517150878906,-0.10970345139503479,0.8774229288101196,0,0,0.0,0,False,False,,False,80
pick_coke_can,pick_coke_can/condition_0028,28,44,False,80,0.7088916504477484,0,0,1,never_grasped,0,False,45,,,,,0,0,False,0,0,False,False,0.7003517150878906,-0.10970345139503479,0.8774229288101196,0,0,0.0,0,False,False,,False,80
pick_coke_can,pick_coke_can/condition_0028,28,45,False,80,0.7088916504477484,0,0,1,never_grasped,0,False,46,,,,,0,0,False,0,0,False,False,0.7003517150878906,-0.10970345139503479,0.8774229288101196,0,0,0.0,0,False,False,,False,80
pick_coke_can,pick_coke_can/condition_0028,28,46,False,80,0.7088916504477484,0,0,1,never_grasped,0,False,47,,,,,0,0,False,0,0,False,False,0.7003517150878906,-0.10970345139503479,0.8774229288101196,0,0,0.0,0,False,False,,False,80
pick_coke_can,pick_coke_can/condition_0028,28,47,False,80,0.7088916504477484,0,0,1,never_grasped,0,False,48,,,,,0,0,False,0,0,False,False,0.7003517150878906,-0.10970345139503479,0.8774229288101196,0,0,0.0,0,False,False,,False,80
pick_coke_can,pick_coke_can/condition_0028,28,48,False,80,0.7088916504477484,0,0,1,never_grasped,0,False,49,,,,,0,0,False,0,0,False,False,0.7003517150878906,-0.10970345139503479,0.8774229288101196,0,0,0.0,0,False,False,,False,80
pick_coke_can,pick_coke_can/condition_0028,28,49,False,80,0.7088916504477484,0,0,1,never_grasped,0,False,50,,,,,0,0,False,0,0,False,False,0.7003517150878906,-0.10970345139503479,0.8774229288101196,0,0,0.0,0,False,False,,False,80
pick_coke_can,pick_coke_can/condition_0028,28,50,False,80,0.7088916504477484,0,0,1,never_grasped,0,False,51,,,,,0,0,False,0,0,False,False,0.7003517150878906,-0.10970345139503479,0.8774229288101196,0,0,0.0,0,False,False,,False,80
pick_coke_can,pick_coke_can/condition_0028,28,51,False,80,0.7088916504477484,0,0,1,never_grasped,0,False,52,,,,,0,0,False,0,0,False,False,0.7003517150878906,-0.10970345139503479,0.8774229288101196,0,0,0.0,0,False,False,,False,80
pick_coke_can,pick_coke_can/condition_0028,28,52,False,80,0.7088916504477484,0,0,1,never_grasped,0,False,53,,,,,0,0,False,0,0,False,False,0.7003517150878906,-0.10970345139503479,0.8774229288101196,0,0,0.0,0,False,False,,False,80
pick_coke_can,pick_coke_can/condition_0028,28,53,False,80,0.7088916504477484,0,0,1,never_grasped,0,False,54,,,,,0,0,False,0,0,False,False,0.7003517150878906,-0.10970345139503479,0.8774229288101196,0,0,0.0,0,False,False,,False,80
pick_coke_can,pick_coke_can/condition_0028,28,54,False,80,0.7088916504477484,0,0,1,never_grasped,0,False,55,,,,,0,0,False,0,0,False,False,0.7003517150878906,-0.10970345139503479,0.8774229288101196,0,0,0.0,0,False,False,,False,80
pick_coke_can,pick_coke_can/condition_0028,28,55,False,80,0.7088916504477484,0,0,1,never_grasped,0,False,56,,,,,0,0,False,0,0,False,False,0.7003517150878906,-0.10970345139503479,0.8774229288101196,0,0,0.0,0,False,False,,False,80
pick_coke_can,pick_coke_can/condition_0028,28,56,False,80,0.7088916504477484,0,0,1,never_grasped,0,False,57,,,,,0,0,False,0,0,False,False,0.7003517150878906,-0.10970345139503479,0.8774229288101196,0,0,0.0,0,False,False,,False,80
pick_coke_can,pick_coke_can/condition_0028,28,57,False,80,0.7088916504477484,0,0,1,never_grasped,0,False,58,,,,,0,0,False,0,0,False,False,0.7003517150878906,-0.10970345139503479,0.8774229288101196,0,0,0.0,0,False,False,,False,80
pick_coke_can,pick_coke_can/condition_0028,28,58,False,80,0.7088916504477484,0,0,1,never_grasped,0,False,59,,,,,0,0,False,0,0,False,False,0.7003517150878906,-0.10970345139503479,0.8774229288101196,0,0,0.0,0,False,False,,False,80
pick_coke_can,pick_coke_can/condition_0028,28,59,False,80,0.7088916504477484,0,0,1,never_grasped,0,False,60,,,,,0,0,False,0,0,False,False,0.7003517150878906,-0.10970345139503479,0.8774229288101196,0,0,0.0,0,False,False,,False,80
pick_coke_can,pick_coke_can/condition_0028,28,60,False,80,0.7088916504477484,0,0,1,never_grasped,0,False,61,,,,,0,0,False,0,0,False,False,0.7003517150878906,-0.10970345139503479,0.8774229288101196,0,0,0.0,0,False,False,,False,80
pick_coke_can,pick_coke_can/condition_0028,28,61,False,80,0.7088916504477484,0,0,1,never_grasped,0,False,62,,,,,0,0,False,0,0,False,False,0.7003517150878906,-0.10970345139503479,0.8774229288101196,0,0,0.0,0,False,False,,False,80
pick_coke_can,pick_coke_can/condition_0028,28,62,False,80,0.7088916504477484,0,0,1,never_grasped,0,False,63,,,,,0,0,False,0,0,False,False,0.7003517150878906,-0.10970345139503479,0.8774229288101196,0,0,0.0,0,False,False,,False,80
pick_coke_can,pick_coke_can/condition_0028,28,63,False,80,0.7088916504477484,0,0,1,never_grasped,0,False,64,,,,,0,0,False,0,0,False,False,0.7003517150878906,-0.10970345139503479,0.8774229288101196,0,0,0.0,0,False,False,,False,80
pick_coke_can,pick_coke_can/condition_0028,28,64,False,80,0.7088916504477484,0,0,1,never_grasped,0,False,65,,,,,0,0,False,0,0,False,False,0.7003517150878906,-0.10970345139503479,0.8774229288101196,0,0,0.0,0,False,False,,False,80
pick_coke_can,pick_coke_can/condition_0028,28,65,False,80,0.7088916504477484,0,0,1,never_grasped,0,False,66,,,,,0,0,False,0,0,False,False,0.7003517150878906,-0.10970345139503479,0.8774229288101196,0,0,0.0,0,False,False,,False,80
pick_coke_can,pick_coke_can/condition_0028,28,66,False,80,0.7088916504477484,0,0,1,never_grasped,0,False,67,,,,,0,0,False,0,0,False,False,0.7003517150878906,-0.10970345139503479,0.8774229288101196,0,0,0.0,0,False,False,,False,80
pick_coke_can,pick_coke_can/condition_0028,28,67,False,80,0.7088916504477484,0,0,1,never_grasped,0,False,68,,,,,0,0,False,0,0,False,False,0.7003517150878906,-0.10970345139503479,0.8774229288101196,0,0,0.0,0,False,False,,False,80
pick_coke_can,pick_coke_can/condition_0028,28,68,False,80,0.7088916504477484,0,0,1,never_grasped,0,False,69,,,,,0,0,False,0,0,False,False,0.7003517150878906,-0.10970345139503479,0.8774229288101196,0,0,0.0,0,False,False,,False,80
pick_coke_can,pick_coke_can/condition_0028,28,69,False,80,0.7088916504477484,0,0,1,never_grasped,0,False,70,,,,,0,0,False,0,0,False,False,0.7003517150878906,-0.10970345139503479,0.8774229288101196,0,0,0.0,0,False,False,,False,80
pick_coke_can,pick_coke_can/condition_0028,28,70,False,80,0.7088916504477484,0,0,1,never_grasped,0,False,71,,,,,0,0,False,0,0,False,False,0.7003517150878906,-0.10970345139503479,0.8774229288101196,0,0,0.0,0,False,False,,False,80
pick_coke_can,pick_coke_can/condition_0028,28,71,False,80,0.7088916504477484,0,0,1,never_grasped,0,False,72,,,,,0,0,False,0,0,False,False,0.7003517150878906,-0.10970345139503479,0.8774229288101196,0,0,0.0,0,False,False,,False,80
pick_coke_can,pick_coke_can/condition_0028,28,72,False,80,0.7088916504477484,0,0,1,never_grasped,0,False,73,,,,,0,0,False,0,0,False,False,0.7003517150878906,-0.10970345139503479,0.8774229288101196,0,0,0.0,0,False,False,,False,80
pick_coke_can,pick_coke_can/condition_0028,28,73,False,80,0.7088916504477484,0,0,1,never_grasped,0,False,74,,,,,0,0,False,0,0,False,False,0.7003517150878906,-0.10970345139503479,0.8774229288101196,0,0,0.0,0,False,False,,False,80
pick_coke_can,pick_coke_can/condition_0028,28,74,False,80,0.7088916504477484,0,0,1,never_grasped,0,False,75,,,,,0,0,False,0,0,False,False,0.7003517150878906,-0.10970345139503479,0.8774229288101196,0,0,0.0,0,False,False,,False,80
pick_coke_can,pick_coke_can/condition_0028,28,75,False,80,0.7088916504477484,0,0,1,never_grasped,0,False,76,,,,,0,0,False,0,0,False,False,0.7003517150878906,-0.10970345139503479,0.8774229288101196,0,0,0.0,0,False,False,,False,80
pick_coke_can,pick_coke_can/condition_0028,28,76,False,80,0.7088916504477484,0,0,1,never_grasped,0,False,77,,,,,0,0,False,0,0,False,False,0.7003517150878906,-0.10970345139503479,0.8774229288101196,0,0,0.0,0,False,False,,False,80
pick_coke_can,pick_coke_can/condition_0028,28,77,False,80,0.7088916504477484,0,0,1,never_grasped,0,False,78,,,,,0,0,False,0,0,False,False,0.7003517150878906,-0.10970345139503479,0.8774229288101196,0,0,0.0,0,False,False,,False,80
pick_coke_can,pick_coke_can/condition_0028,28,78,False,80,0.7088916504477484,0,0,1,never_grasped,0,False,79,,,,,0,0,False,0,0,False,False,0.7003517150878906,-0.10970345139503479,0.8774229288101196,0,0,0.0,0,False,False,,False,80
pick_coke_can,pick_coke_can/condition_0028,28,79,False,80,0.7088916504477484,0,0,1,never_grasped,0,False,80,,,,,0,0,False,0,0,False,False,0.7003517150878906,-0.10970345139503479,0.8774229288101196,0,0,0.0,0,False,False,,True,80
pick_coke_can,pick_coke_can/condition_0029,29,0,False,80,0.7340006749962183,0,0,1,never_grasped,0,False,1,,,,,0,0,False,0,0,False,False,0.7003483772277832,-0.21970239281654358,0.8774228692054749,0,0,0.0,0,False,False,,False,80
pick_coke_can,pick_coke_can/condition_0029,29,1,False,80,0.7340006749962183,0,0,1,never_grasped,0,False,2,,,,,0,0,False,0,0,False,False,0.7003483772277832,-0.21970239281654358,0.8774228692054749,0,0,0.0,0,False,False,,False,80
pick_coke_can,pick_coke_can/condition_0029,29,2,False,80,0.7340006749962183,0,0,1,never_grasped,0,False,3,,,,,0,0,False,0,0,False,False,0.7003483772277832,-0.21970239281654358,0.8774228692054749,0,0,0.0,0,False,False,,False,80
pick_coke_can,pick_coke_can/condition_0029,29,3,False,80,0.7340006749962183,0,0,1,never_grasped,0,False,4,,,,,0,0,False,0,0,False,False,0.7003483772277832,-0.21970239281654358,0.8774228692054749,0,0,0.0,0,False,False,,False,80
pick_coke_can,pick_coke_can/condition_0029,29,4,False,80,0.7340006749962183,0,0,1,never_grasped,0,False,5,,,,,0,0,False,0,0,False,False,0.7003483772277832,-0.21970239281654358,0.8774228692054749,0,0,0.0,0,False,False,,False,80
pick_coke_can,pick_coke_can/condition_0029,29,5,False,80,0.7340006749962183,0,0,1,never_grasped,0,False,6,,,,,0,0,False,0,0,False,False,0.7003483772277832,-0.21970239281654358,0.8774228692054749,0,0,0.0,0,False,False,,False,80
pick_coke_can,pick_coke_can/condition_0029,29,6,False,80,0.7340006749962183,0,0,1,never_grasped,0,False,7,,,,,0,0,False,0,0,False,False,0.7003483772277832,-0.21970239281654358,0.8774228692054749,0,0,0.0,0,False,False,,False,80
pick_coke_can,pick_coke_can/condition_0029,29,7,False,80,0.7340006749962183,0,0,1,never_grasped,0,False,8,,,,,0,0,False,0,0,False,False,0.7003483772277832,-0.21970239281654358,0.8774228692054749,0,0,0.0,0,False,False,,False,80
pick_coke_can,pick_coke_can/condition_0029,29,8,False,80,0.7340006749962183,0,0,1,never_grasped,0,False,9,,,,,0,0,False,0,0,False,False,0.7003483772277832,-0.21970239281654358,0.8774228692054749,0,0,0.0,0,False,False,,False,80
pick_coke_can,pick_coke_can/condition_0029,29,9,False,80,0.7340006749962183,0,0,1,never_grasped,0,False,10,,,,,0,0,False,0,0,False,False,0.7003483772277832,-0.21970239281654358,0.8774228692054749,0,0,0.0,0,False,False,,False,80
pick_coke_can,pick_coke_can/condition_0029,29,10,False,80,0.7340006749962183,0,0,1,never_grasped,0,False,11,,,,,0,0,False,0,0,False,False,0.7003483772277832,-0.21970239281654358,0.8774228692054749,0,0,0.0,0,False,False,,False,80
pick_coke_can,pick_coke_can/condition_0029,29,11,False,80,0.7340006749962183,0,0,1,never_grasped,0,False,12,,,,,0,0,False,0,0,False,False,0.7003483772277832,-0.21970239281654358,0.8774228692054749,0,0,0.0,0,False,False,,False,80
pick_coke_can,pick_coke_can/condition_0029,29,12,False,80,0.7340006749962183,0,0,1,never_grasped,0,False,13,,,,,0,0,False,0,0,False,False,0.7003483772277832,-0.21970239281654358,0.8774228692054749,0,0,0.0,0,False,False,,False,80
pick_coke_can,pick_coke_can/condition_0029,29,13,False,80,0.7340006749962183,0,0,1,never_grasped,0,False,14,,,,,0,0,False,0,0,False,False,0.7003483772277832,-0.21970239281654358,0.8774228692054749,0,0,0.0,0,False,False,,False,80
pick_coke_can,pick_coke_can/condition_0029,29,14,False,80,0.7340006749962183,0,0,1,never_grasped,0,False,15,,,,,0,0,False,0,0,False,False,0.7003483772277832,-0.21970239281654358,0.8774228692054749,0,0,0.0,0,False,False,,False,80
pick_coke_can,pick_coke_can/condition_0029,29,15,False,80,0.7340006749962183,0,0,1,never_grasped,0,False,16,,,,,0,0,False,0,0,False,False,0.7003483772277832,-0.21970239281654358,0.8774228692054749,0,0,0.0,0,False,False,,False,80
pick_coke_can,pick_coke_can/condition_0029,29,16,False,80,0.7340006749962183,0,0,1,never_grasped,0,False,17,,,,,0,0,False,0,0,False,False,0.7003483772277832,-0.21970239281654358,0.8774228692054749,0,0,0.0,0,False,False,,False,80
pick_coke_can,pick_coke_can/condition_0029,29,17,False,80,0.7340006749962183,0,0,1,never_grasped,0,False,18,,,,,0,0,False,0,0,False,False,0.7003483772277832,-0.21970239281654358,0.8774228692054749,0,0,0.0,0,False,False,,False,80
pick_coke_can,pick_coke_can/condition_0029,29,18,False,80,0.7340006749962183,0,0,1,never_grasped,0,False,19,,,,,0,0,False,0,0,False,False,0.7003483772277832,-0.21970239281654358,0.8774228692054749,0,0,0.0,0,False,False,,False,80
pick_coke_can,pick_coke_can/condition_0029,29,19,False,80,0.7340006749962183,0,0,1,never_grasped,0,False,20,,,,,0,0,False,0,0,False,False,0.7003483772277832,-0.21970239281654358,0.8774228692054749,0,0,0.0,0,False,False,,False,80
pick_coke_can,pick_coke_can/condition_0029,29,20,False,80,0.7340006749962183,0,0,1,never_grasped,0,False,21,,,,,0,0,False,0,0,False,False,0.7003483772277832,-0.21970239281654358,0.8774228692054749,0,0,0.0,0,False,False,,False,80
pick_coke_can,pick_coke_can/condition_0029,29,21,False,80,0.7340006749962183,0,0,1,never_grasped,0,False,22,,,,,0,0,False,0,0,False,False,0.7003483772277832,-0.21970239281654358,0.8774228692054749,0,0,0.0,0,False,False,,False,80
pick_coke_can,pick_coke_can/condition_0029,29,22,False,80,0.7340006749962183,0,0,1,never_grasped,0,False,23,,,,,0,0,False,0,0,False,False,0.7003483772277832,-0.21970239281654358,0.8774228692054749,0,0,0.0,0,False,False,,False,80
pick_coke_can,pick_coke_can/condition_0029,29,23,False,80,0.7340006749962183,0,0,1,never_grasped,0,False,24,,,,,0,0,False,0,0,False,False,0.7003483772277832,-0.21970239281654358,0.8774228692054749,0,0,0.0,0,False,False,,False,80
pick_coke_can,pick_coke_can/condition_0029,29,24,False,80,0.7340006749962183,0,0,1,never_grasped,0,False,25,,,,,0,0,False,0,0,False,False,0.7003483772277832,-0.21970239281654358,0.8774228692054749,0,0,0.0,0,False,False,,False,80
pick_coke_can,pick_coke_can/condition_0029,29,25,False,80,0.7340006749962183,0,0,1,never_grasped,0,False,26,,,,,0,0,False,0,0,False,False,0.7003483772277832,-0.21970239281654358,0.8774228692054749,0,0,0.0,0,False,False,,False,80
pick_coke_can,pick_coke_can/condition_0029,29,26,False,80,0.7340006749962183,0,0,1,never_grasped,0,False,27,,,,,0,0,False,0,0,False,False,0.7003483772277832,-0.21970239281654358,0.8774228692054749,0,0,0.0,0,False,False,,False,80
pick_coke_can,pick_coke_can/condition_0029,29,27,False,80,0.7340006749962183,0,0,1,never_grasped,0,False,28,,,,,0,0,False,0,0,False,False,0.7003483772277832,-0.21970239281654358,0.8774228692054749,0,0,0.0,0,False,False,,False,80
pick_coke_can,pick_coke_can/condition_0029,29,28,False,80,0.7340006749962183,0,0,1,never_grasped,0,False,29,,,,,0,0,False,0,0,False,False,0.7003483772277832,-0.21970239281654358,0.8774228692054749,0,0,0.0,0,False,False,,False,80
pick_coke_can,pick_coke_can/condition_0029,29,29,False,80,0.7340006749962183,0,0,1,never_grasped,0,False,30,,,,,0,0,False,0,0,False,False,0.7003483772277832,-0.21970239281654358,0.8774228692054749,0,0,0.0,0,False,False,,False,80
pick_coke_can,pick_coke_can/condition_0029,29,30,False,80,0.7340006749962183,0,0,1,never_grasped,0,False,31,,,,,0,0,False,0,0,False,False,0.7003483772277832,-0.21970239281654358,0.8774228692054749,0,0,0.0,0,False,False,,False,80
pick_coke_can,pick_coke_can/condition_0029,29,31,False,80,0.7340006749962183,0,0,1,never_grasped,0,False,32,,,,,0,0,False,0,0,False,False,0.7003483772277832,-0.21970239281654358,0.8774228692054749,0,0,0.0,0,False,False,,False,80
pick_coke_can,pick_coke_can/condition_0029,29,32,False,80,0.7340006749962183,0,0,1,never_grasped,0,False,33,,,,,0,0,False,0,0,False,False,0.7003483772277832,-0.21970239281654358,0.8774228692054749,0,0,0.0,0,False,False,,False,80
pick_coke_can,pick_coke_can/condition_0029,29,33,False,80,0.7340006749962183,0,0,1,never_grasped,0,False,34,,,,,0,0,False,0,0,False,False,0.7003483772277832,-0.21970239281654358,0.8774228692054749,0,0,0.0,0,False,False,,False,80
pick_coke_can,pick_coke_can/condition_0029,29,34,False,80,0.7340006749962183,0,0,1,never_grasped,0,False,35,,,,,0,0,False,0,0,False,False,0.7003483772277832,-0.21970239281654358,0.8774228692054749,0,0,0.0,0,False,False,,False,80
pick_coke_can,pick_coke_can/condition_0029,29,35,False,80,0.7340006749962183,0,0,1,never_grasped,0,False,36,,,,,0,0,False,0,0,False,False,0.7003483772277832,-0.21970239281654358,0.8774228692054749,0,0,0.0,0,False,False,,False,80
pick_coke_can,pick_coke_can/condition_0029,29,36,False,80,0.7340006749962183,0,0,1,never_grasped,0,False,37,,,,,0,0,False,0,0,False,False,0.7003483772277832,-0.21970239281654358,0.8774228692054749,0,0,0.0,0,False,False,,False,80
pick_coke_can,pick_coke_can/condition_0029,29,37,False,80,0.7340006749962183,0,0,1,never_grasped,0,False,38,,,,,0,0,False,0,0,False,False,0.7003483772277832,-0.21970239281654358,0.8774228692054749,0,0,0.0,0,False,False,,False,80
pick_coke_can,pick_coke_can/condition_0029,29,38,False,80,0.7340006749962183,0,0,1,never_grasped,0,False,39,,,,,0,0,False,0,0,False,False,0.7003483772277832,-0.21970239281654358,0.8774228692054749,0,0,0.0,0,False,False,,False,80
pick_coke_can,pick_coke_can/condition_0029,29,39,False,80,0.7340006749962183,0,0,1,never_grasped,0,False,40,,,,,0,0,False,0,0,False,False,0.7003483772277832,-0.21970239281654358,0.8774228692054749,0,0,0.0,0,False,False,,False,80
pick_coke_can,pick_coke_can/condition_0029,29,40,False,80,0.7340006749962183,0,0,1,never_grasped,0,False,41,,,,,0,0,False,0,0,False,False,0.7003483772277832,-0.21970239281654358,0.8774228692054749,0,0,0.0,0,False,False,,False,80
pick_coke_can,pick_coke_can/condition_0029,29,41,False,80,0.7340006749962183,0,0,1,never_grasped,0,False,42,,,,,0,0,False,0,0,False,False,0.7003483772277832,-0.21970239281654358,0.8774228692054749,0,0,0.0,0,False,False,,False,80
pick_coke_can,pick_coke_can/condition_0029,29,42,False,80,0.7340006749962183,0,0,1,never_grasped,0,False,43,,,,,0,0,False,0,0,False,False,0.7003483772277832,-0.21970239281654358,0.8774228692054749,0,0,0.0,0,False,False,,False,80
pick_coke_can,pick_coke_can/condition_0029,29,43,False,80,0.7340006749962183,0,0,1,never_grasped,0,False,44,,,,,0,0,False,0,0,False,False,0.7003483772277832,-0.21970239281654358,0.8774228692054749,0,0,0.0,0,False,False,,False,80
pick_coke_can,pick_coke_can/condition_0029,29,44,False,80,0.7340006749962183,0,0,1,never_grasped,0,False,45,,,,,0,0,False,0,0,False,False,0.7003483772277832,-0.21970239281654358,0.8774228692054749,0,0,0.0,0,False,False,,False,80
pick_coke_can,pick_coke_can/condition_0029,29,45,False,80,0.7340006749962183,0,0,1,never_grasped,0,False,46,,,,,0,0,False,0,0,False,False,0.7003483772277832,-0.21970239281654358,0.8774228692054749,0,0,0.0,0,False,False,,False,80
pick_coke_can,pick_coke_can/condition_0029,29,46,False,80,0.7340006749962183,0,0,1,never_grasped,0,False,47,,,,,0,0,False,0,0,False,False,0.7003483772277832,-0.21970239281654358,0.8774228692054749,0,0,0.0,0,False,False,,False,80
pick_coke_can,pick_coke_can/condition_0029,29,47,False,80,0.7340006749962183,0,0,1,never_grasped,0,False,48,,,,,0,0,False,0,0,False,False,0.7003483772277832,-0.21970239281654358,0.8774228692054749,0,0,0.0,0,False,False,,False,80
pick_coke_can,pick_coke_can/condition_0029,29,48,False,80,0.7340006749962183,0,0,1,never_grasped,0,False,49,,,,,0,0,False,0,0,False,False,0.7003483772277832,-0.21970239281654358,0.8774228692054749,0,0,0.0,0,False,False,,False,80
pick_coke_can,pick_coke_can/condition_0029,29,49,False,80,0.7340006749962183,0,0,1,never_grasped,0,False,50,,,,,0,0,False,0,0,False,False,0.7003483772277832,-0.21970239281654358,0.8774228692054749,0,0,0.0,0,False,False,,False,80
pick_coke_can,pick_coke_can/condition_0029,29,50,False,80,0.7340006749962183,0,0,1,never_grasped,0,False,51,,,,,0,0,False,0,0,False,False,0.7003483772277832,-0.21970239281654358,0.8774228692054749,0,0,0.0,0,False,False,,False,80
pick_coke_can,pick_coke_can/condition_0029,29,51,False,80,0.7340006749962183,0,0,1,never_grasped,0,False,52,,,,,0,0,False,0,0,False,False,0.7003483772277832,-0.21970239281654358,0.8774228692054749,0,0,0.0,0,False,False,,False,80
pick_coke_can,pick_coke_can/condition_0029,29,52,False,80,0.7340006749962183,0,0,1,never_grasped,0,False,53,,,,,0,0,False,0,0,False,False,0.7003483772277832,-0.21970239281654358,0.8774228692054749,0,0,0.0,0,False,False,,False,80
pick_coke_can,pick_coke_can/condition_0029,29,53,False,80,0.7340006749962183,0,0,1,never_grasped,0,False,54,,,,,0,0,False,0,0,False,False,0.7003483772277832,-0.21970239281654358,0.8774228692054749,0,0,0.0,0,False,False,,False,80
pick_coke_can,pick_coke_can/condition_0029,29,54,False,80,0.7340006749962183,0,0,1,never_grasped,0,False,55,,,,,0,0,False,0,0,False,False,0.7003483772277832,-0.21970239281654358,0.8774228692054749,0,0,0.0,0,False,False,,False,80
pick_coke_can,pick_coke_can/condition_0029,29,55,False,80,0.7340006749962183,0,0,1,never_grasped,0,False,56,,,,,0,0,False,0,0,False,False,0.7003483772277832,-0.21970239281654358,0.8774228692054749,0,0,0.0,0,False,False,,False,80
pick_coke_can,pick_coke_can/condition_0029,29,56,False,80,0.7340006749962183,0,0,1,never_grasped,0,False,57,,,,,0,0,False,0,0,False,False,0.7003483772277832,-0.21970239281654358,0.8774228692054749,0,0,0.0,0,False,False,,False,80
pick_coke_can,pick_coke_can/condition_0029,29,57,False,80,0.7340006749962183,0,0,1,never_grasped,0,False,58,,,,,0,0,False,0,0,False,False,0.7003483772277832,-0.21970239281654358,0.8774228692054749,0,0,0.0,0,False,False,,False,80
pick_coke_can,pick_coke_can/condition_0029,29,58,False,80,0.7340006749962183,0,0,1,never_grasped,0,False,59,,,,,0,0,False,0,0,False,False,0.7003483772277832,-0.21970239281654358,0.8774228692054749,0,0,0.0,0,False,False,,False,80
pick_coke_can,pick_coke_can/condition_0029,29,59,False,80,0.7340006749962183,0,0,1,never_grasped,0,False,60,,,,,0,0,False,0,0,False,False,0.7003483772277832,-0.21970239281654358,0.8774228692054749,0,0,0.0,0,False,False,,False,80
pick_coke_can,pick_coke_can/condition_0029,29,60,False,80,0.7340006749962183,0,0,1,never_grasped,0,False,61,,,,,0,0,False,0,0,False,False,0.7003483772277832,-0.21970239281654358,0.8774228692054749,0,0,0.0,0,False,False,,False,80
pick_coke_can,pick_coke_can/condition_0029,29,61,False,80,0.7340006749962183,0,0,1,never_grasped,0,False,62,,,,,0,0,False,0,0,False,False,0.7003483772277832,-0.21970239281654358,0.8774228692054749,0,0,0.0,0,False,False,,False,80
pick_coke_can,pick_coke_can/condition_0029,29,62,False,80,0.7340006749962183,0,0,1,never_grasped,0,False,63,,,,,0,0,False,0,0,False,False,0.7003483772277832,-0.21970239281654358,0.8774228692054749,0,0,0.0,0,False,False,,False,80
pick_coke_can,pick_coke_can/condition_0029,29,63,False,80,0.7340006749962183,0,0,1,never_grasped,0,False,64,,,,,0,0,False,0,0,False,False,0.7003483772277832,-0.21970239281654358,0.8774228692054749,0,0,0.0,0,False,False,,False,80
pick_coke_can,pick_coke_can/condition_0029,29,64,False,80,0.7340006749962183,0,0,1,never_grasped,0,False,65,,,,,0,0,False,0,0,False,False,0.7003483772277832,-0.21970239281654358,0.8774228692054749,0,0,0.0,0,False,False,,False,80
pick_coke_can,pick_coke_can/condition_0029,29,65,False,80,0.7340006749962183,0,0,1,never_grasped,0,False,66,,,,,0,0,False,0,0,False,False,0.7003483772277832,-0.21970239281654358,0.8774228692054749,0,0,0.0,0,False,False,,False,80
pick_coke_can,pick_coke_can/condition_0029,29,66,False,80,0.7340006749962183,0,0,1,never_grasped,0,False,67,,,,,0,0,False,0,0,False,False,0.7003483772277832,-0.21970239281654358,0.8774228692054749,0,0,0.0,0,False,False,,False,80
pick_coke_can,pick_coke_can/condition_0029,29,67,False,80,0.7340006749962183,0,0,1,never_grasped,0,False,68,,,,,0,0,False,0,0,False,False,0.7003483772277832,-0.21970239281654358,0.8774228692054749,0,0,0.0,0,False,False,,False,80
pick_coke_can,pick_coke_can/condition_0029,29,68,False,80,0.7340006749962183,0,0,1,never_grasped,0,False,69,,,,,0,0,False,0,0,False,False,0.7003483772277832,-0.21970239281654358,0.8774228692054749,0,0,0.0,0,False,False,,False,80
pick_coke_can,pick_coke_can/condition_0029,29,69,False,80,0.7340006749962183,0,0,1,never_grasped,0,False,70,,,,,0,0,False,0,0,False,False,0.7003483772277832,-0.21970239281654358,0.8774228692054749,0,0,0.0,0,False,False,,False,80
pick_coke_can,pick_coke_can/condition_0029,29,70,False,80,0.7340006749962183,0,0,1,never_grasped,0,False,71,,,,,0,0,False,0,0,False,False,0.7003483772277832,-0.21970239281654358,0.8774228692054749,0,0,0.0,0,False,False,,False,80
pick_coke_can,pick_coke_can/condition_0029,29,71,False,80,0.7340006749962183,0,0,1,never_grasped,0,False,72,,,,,0,0,False,0,0,False,False,0.7003483772277832,-0.21970239281654358,0.8774228692054749,0,0,0.0,0,False,False,,False,80
pick_coke_can,pick_coke_can/condition_0029,29,72,False,80,0.7340006749962183,0,0,1,never_grasped,0,False,73,,,,,0,0,False,0,0,False,False,0.7003483772277832,-0.21970239281654358,0.8774228692054749,0,0,0.0,0,False,False,,False,80
pick_coke_can,pick_coke_can/condition_0029,29,73,False,80,0.7340006749962183,0,0,1,never_grasped,0,False,74,,,,,0,0,False,0,0,False,False,0.7003483772277832,-0.21970239281654358,0.8774228692054749,0,0,0.0,0,False,False,,False,80
pick_coke_can,pick_coke_can/condition_0029,29,74,False,80,0.7340006749962183,0,0,1,never_grasped,0,False,75,,,,,0,0,False,0,0,False,False,0.7003483772277832,-0.21970239281654358,0.8774228692054749,0,0,0.0,0,False,False,,False,80
pick_coke_can,pick_coke_can/condition_0029,29,75,False,80,0.7340006749962183,0,0,1,never_grasped,0,False,76,,,,,0,0,False,0,0,False,False,0.7003483772277832,-0.21970239281654358,0.8774228692054749,0,0,0.0,0,False,False,,False,80
pick_coke_can,pick_coke_can/condition_0029,29,76,False,80,0.7340006749962183,0,0,1,never_grasped,0,False,77,,,,,0,0,False,0,0,False,False,0.7003483772277832,-0.21970239281654358,0.8774228692054749,0,0,0.0,0,False,False,,False,80
pick_coke_can,pick_coke_can/condition_0029,29,77,False,80,0.7340006749962183,0,0,1,never_grasped,0,False,78,,,,,0,0,False,0,0,False,False,0.7003483772277832,-0.21970239281654358,0.8774228692054749,0,0,0.0,0,False,False,,False,80
pick_coke_can,pick_coke_can/condition_0029,29,78,False,80,0.7340006749962183,0,0,1,never_grasped,0,False,79,,,,,0,0,False,0,0,False,False,0.7003483772277832,-0.21970239281654358,0.8774228692054749,0,0,0.0,0,False,False,,False,80
pick_coke_can,pick_coke_can/condition_0029,29,79,False,80,0.7340006749962183,0,0,1,never_grasped,0,False,80,,,,,0,0,False,0,0,False,False,0.7003483772277832,-0.21970239281654358,0.8774228692054749,0,0,0.0,0,False,False,,True,80
pick_coke_can,pick_coke_can/condition_0030,30,0,True,58,0.6795483198845855,0,0,0,success,0,False,1,57,57,57,57,1,0,False,1,0,False,False,0.6428498029708862,0.22029536962509155,0.8774228692054749,0,0,0.0,1,False,False,,False,80
pick_coke_can,pick_coke_can/condition_0030,30,1,True,58,0.6795483198845855,0,0,0,success,0,False,2,57,57,57,57,1,0,False,1,0,False,False,0.6428498029708862,0.22029536962509155,0.8774228692054749,0,0,0.0,1,False,False,,False,80
pick_coke_can,pick_coke_can/condition_0030,30,2,True,58,0.6795483198845855,0,0,0,success,0,False,3,57,57,57,57,1,0,False,1,0,False,False,0.6428498029708862,0.22029536962509155,0.8774228692054749,0,0,0.0,1,False,False,,False,80
pick_coke_can,pick_coke_can/condition_0030,30,3,True,58,0.6795483198845855,0,0,0,success,0,False,4,57,57,57,57,1,0,False,1,0,False,False,0.6428498029708862,0.22029536962509155,0.8774228692054749,0,0,0.0,1,False,False,,False,80
pick_coke_can,pick_coke_can/condition_0030,30,4,True,58,0.6795483198845855,0,0,0,success,0,False,5,57,57,57,57,1,0,False,1,0,False,False,0.6428498029708862,0.22029536962509155,0.8774228692054749,0,0,0.0,1,False,False,,False,80
pick_coke_can,pick_coke_can/condition_0030,30,5,True,58,0.6795483198845855,0,0,0,success,0,False,6,57,57,57,57,1,0,False,1,0,False,False,0.6428498029708862,0.22029536962509155,0.8774228692054749,0,0,0.0,1,False,False,,False,80
pick_coke_can,pick_coke_can/condition_0030,30,6,True,58,0.6795483198845855,0,0,0,success,0,False,7,57,57,57,57,1,0,False,1,0,False,False,0.6428498029708862,0.22029536962509155,0.8774228692054749,0,0,0.0,1,False,False,,False,80
pick_coke_can,pick_coke_can/condition_0030,30,7,True,58,0.6795483198845855,0,0,0,success,0,False,8,57,57,57,57,1,0,False,1,0,False,False,0.6428498029708862,0.22029536962509155,0.8774228692054749,0,0,0.0,1,False,False,,False,80
pick_coke_can,pick_coke_can/condition_0030,30,8,True,58,0.6795483198845855,0,0,0,success,0,False,9,57,57,57,57,1,0,False,1,0,False,False,0.6428498029708862,0.22029536962509155,0.8774228692054749,0,0,0.0,1,False,False,,False,80
pick_coke_can,pick_coke_can/condition_0030,30,9,True,58,0.6795483198845855,0,0,0,success,0,False,10,57,57,57,57,1,0,False,1,0,False,False,0.6428498029708862,0.22029536962509155,0.8774228692054749,0,0,0.0,1,False,False,,False,80
pick_coke_can,pick_coke_can/condition_0030,30,10,True,58,0.6795483198845855,0,0,0,success,0,False,11,57,57,57,57,1,0,False,1,0,False,False,0.6428498029708862,0.22029536962509155,0.8774228692054749,0,0,0.0,1,False,False,,False,80
pick_coke_can,pick_coke_can/condition_0030,30,11,True,58,0.6795483198845855,0,0,0,success,0,False,12,57,57,57,57,1,0,False,1,0,False,False,0.6428498029708862,0.22029536962509155,0.8774228692054749,0,0,0.0,1,False,False,,False,80
pick_coke_can,pick_coke_can/condition_0030,30,12,True,58,0.6795483198845855,0,0,0,success,0,False,13,57,57,57,57,1,0,False,1,0,False,False,0.6428498029708862,0.22029536962509155,0.8774228692054749,0,0,0.0,1,False,False,,False,80
pick_coke_can,pick_coke_can/condition_0030,30,13,True,58,0.6795483198845855,0,0,0,success,0,False,14,57,57,57,57,1,0,False,1,0,False,False,0.6428498029708862,0.22029536962509155,0.8774228692054749,0,0,0.0,1,False,False,,False,80
pick_coke_can,pick_coke_can/condition_0030,30,14,True,58,0.6795483198845855,0,0,0,success,0,False,15,57,57,57,57,1,0,False,1,0,False,False,0.6428498029708862,0.22029536962509155,0.8774228692054749,0,0,0.0,1,False,False,,False,80
pick_coke_can,pick_coke_can/condition_0030,30,15,True,58,0.6795483198845855,0,0,0,success,0,False,16,57,57,57,57,1,0,False,1,0,False,False,0.6428498029708862,0.22029536962509155,0.8774228692054749,0,0,0.0,1,False,False,,False,80
pick_coke_can,pick_coke_can/condition_0030,30,16,True,58,0.6795483198845855,0,0,0,success,0,False,17,57,57,57,57,1,0,False,1,0,False,False,0.6428498029708862,0.22029536962509155,0.8774228692054749,0,0,0.0,1,False,False,,False,80
pick_coke_can,pick_coke_can/condition_0030,30,17,True,58,0.6795483198845855,0,0,0,success,0,False,18,57,57,57,57,1,0,False,1,0,False,False,0.6428498029708862,0.22029536962509155,0.8774228692054749,0,0,0.0,1,False,False,,False,80
pick_coke_can,pick_coke_can/condition_0030,30,18,True,58,0.6795483198845855,0,0,0,success,0,False,19,57,57,57,57,1,0,False,1,0,False,False,0.6428498029708862,0.22029536962509155,0.8774228692054749,0,0,0.0,1,False,False,,False,80
pick_coke_can,pick_coke_can/condition_0030,30,19,True,58,0.6795483198845855,0,0,0,success,0,False,20,57,57,57,57,1,0,False,1,0,False,False,0.6428498029708862,0.22029536962509155,0.8774228692054749,0,0,0.0,1,False,False,,False,80
pick_coke_can,pick_coke_can/condition_0030,30,20,True,58,0.6795483198845855,0,0,0,success,0,False,21,57,57,57,57,1,0,False,1,0,False,False,0.6428498029708862,0.22029536962509155,0.8774228692054749,0,0,0.0,1,False,False,,False,80
pick_coke_can,pick_coke_can/condition_0030,30,21,True,58,0.6795483198845855,0,0,0,success,0,False,22,57,57,57,57,1,0,False,1,0,False,False,0.6428498029708862,0.22029536962509155,0.8774228692054749,0,0,0.0,1,False,False,,False,80
pick_coke_can,pick_coke_can/condition_0030,30,22,True,58,0.6795483198845855,0,0,0,success,0,False,23,57,57,57,57,1,0,False,1,0,False,False,0.6428498029708862,0.22029536962509155,0.8774228692054749,0,0,0.0,1,False,False,,False,80
pick_coke_can,pick_coke_can/condition_0030,30,23,True,58,0.6795483198845855,0,0,0,success,0,False,24,57,57,57,57,1,0,False,1,0,False,False,0.6428498029708862,0.22029536962509155,0.8774228692054749,0,0,0.0,1,False,False,,False,80
pick_coke_can,pick_coke_can/condition_0030,30,24,True,58,0.6795483198845855,0,0,0,success,0,False,25,57,57,57,57,1,0,False,1,0,False,False,0.6428498029708862,0.22029536962509155,0.8774228692054749,0,0,0.0,1,False,False,,False,80
pick_coke_can,pick_coke_can/condition_0030,30,25,True,58,0.6795483198845855,0,0,0,success,0,False,26,57,57,57,57,1,0,False,1,0,False,False,0.6428498029708862,0.22029536962509155,0.8774228692054749,0,0,0.0,1,False,False,,False,80
pick_coke_can,pick_coke_can/condition_0030,30,26,True,58,0.6795483198845855,0,0,0,success,0,False,27,57,57,57,57,1,0,False,1,0,False,False,0.6428498029708862,0.22029536962509155,0.8774228692054749,0,0,0.0,1,False,False,,False,80
pick_coke_can,pick_coke_can/condition_0030,30,27,True,58,0.6795483198845855,0,0,0,success,0,False,28,57,57,57,57,1,0,False,1,0,False,False,0.6428498029708862,0.22029536962509155,0.8774228692054749,0,0,0.0,1,False,False,,False,80
pick_coke_can,pick_coke_can/condition_0030,30,28,True,58,0.6795483198845855,0,0,0,success,0,False,29,57,57,57,57,1,0,False,1,0,False,False,0.6428498029708862,0.22029536962509155,0.8774228692054749,0,0,0.0,1,False,False,,False,80
pick_coke_can,pick_coke_can/condition_0030,30,29,True,58,0.6795483198845855,0,0,0,success,0,False,30,57,57,57,57,1,0,False,1,0,False,False,0.6428498029708862,0.22029536962509155,0.8774228692054749,0,0,0.0,1,False,False,,False,80
pick_coke_can,pick_coke_can/condition_0030,30,30,True,58,0.6795483198845855,0,0,0,success,0,False,31,57,57,57,57,1,0,False,1,0,False,False,0.6428498029708862,0.22029536962509155,0.8774228692054749,0,0,0.0,1,False,False,,False,80
pick_coke_can,pick_coke_can/condition_0030,30,31,True,58,0.6795483198845855,0,0,0,success,0,False,32,57,57,57,57,1,0,False,1,0,False,False,0.6428498029708862,0.22029536962509155,0.8774228692054749,0,0,0.0,1,False,False,,False,80
pick_coke_can,pick_coke_can/condition_0030,30,32,True,58,0.6795483198845855,0,0,0,success,0,False,33,57,57,57,57,1,0,False,1,0,False,False,0.6428498029708862,0.22029536962509155,0.8774228692054749,0,0,0.0,1,False,False,,False,80
pick_coke_can,pick_coke_can/condition_0030,30,33,True,58,0.6795483198845855,0,0,0,success,0,False,34,57,57,57,57,1,0,False,1,0,False,False,0.6428498029708862,0.22029536962509155,0.8774228692054749,0,0,0.0,1,False,False,,False,80
pick_coke_can,pick_coke_can/condition_0030,30,34,True,58,0.6795483198845855,0,0,0,success,0,False,35,57,57,57,57,1,0,False,1,0,False,False,0.6428498029708862,0.22029536962509155,0.8774228692054749,0,0,0.0,1,False,False,,False,80
pick_coke_can,pick_coke_can/condition_0030,30,35,True,58,0.6795483198845855,0,0,0,success,0,False,36,57,57,57,57,1,0,False,1,0,False,False,0.6428498029708862,0.22029536962509155,0.8774228692054749,0,0,0.0,1,False,False,,False,80
pick_coke_can,pick_coke_can/condition_0030,30,36,True,58,0.6795483198845855,0,0,0,success,0,False,37,57,57,57,57,1,0,False,1,0,False,False,0.6428498029708862,0.22029536962509155,0.8774228692054749,0,0,0.0,1,False,False,,False,80
pick_coke_can,pick_coke_can/condition_0030,30,37,True,58,0.6795483198845855,0,0,0,success,0,False,38,57,57,57,57,1,0,False,1,0,False,False,0.6428498029708862,0.22029536962509155,0.8774228692054749,0,0,0.0,1,False,False,,False,80
pick_coke_can,pick_coke_can/condition_0030,30,38,True,58,0.6795483198845855,0,0,0,success,0,False,39,57,57,57,57,1,0,False,1,0,False,False,0.6428498029708862,0.22029536962509155,0.8774228692054749,0,0,0.0,1,False,False,,False,80
pick_coke_can,pick_coke_can/condition_0030,30,39,True,58,0.6795483198845855,0,0,0,success,0,False,40,57,57,57,57,1,0,False,1,0,False,False,0.6428498029708862,0.22029536962509155,0.8774228692054749,0,0,0.0,1,False,False,,False,80
pick_coke_can,pick_coke_can/condition_0030,30,40,True,58,0.6795483198845855,0,0,0,success,0,False,41,57,57,57,57,1,0,False,1,0,False,False,0.6428498029708862,0.22029536962509155,0.8774228692054749,0,0,0.0,1,False,False,,False,80
pick_coke_can,pick_coke_can/condition_0030,30,41,True,58,0.6795483198845855,0,0,0,success,0,False,42,57,57,57,57,1,0,False,1,0,False,False,0.6428498029708862,0.22029536962509155,0.8774228692054749,0,0,0.0,1,False,False,,False,80
pick_coke_can,pick_coke_can/condition_0030,30,42,True,58,0.6795483198845855,0,0,0,success,0,False,43,57,57,57,57,1,0,False,1,0,False,False,0.6428498029708862,0.22029536962509155,0.8774228692054749,0,0,0.0,1,False,False,,False,80
pick_coke_can,pick_coke_can/condition_0030,30,43,True,58,0.6795483198845855,0,0,0,success,0,False,44,57,57,57,57,1,0,False,1,0,False,False,0.6428498029708862,0.22029536962509155,0.8774228692054749,0,0,0.0,1,False,False,,False,80
pick_coke_can,pick_coke_can/condition_0030,30,44,True,58,0.6795483198845855,0,0,0,success,0,False,45,57,57,57,57,1,0,False,1,0,False,False,0.6428498029708862,0.22029536962509155,0.8774228692054749,0,0,0.0,1,False,False,,False,80
pick_coke_can,pick_coke_can/condition_0030,30,45,True,58,0.6795483198845855,0,0,0,success,0,False,46,57,57,57,57,1,0,False,1,0,False,False,0.6428498029708862,0.22029536962509155,0.8774228692054749,0,0,0.0,1,False,False,,False,80
pick_coke_can,pick_coke_can/condition_0030,30,46,True,58,0.6795483198845855,0,0,0,success,0,False,47,57,57,57,57,1,0,False,1,0,False,False,0.6428498029708862,0.22029536962509155,0.8774228692054749,0,0,0.0,1,False,False,,False,80
pick_coke_can,pick_coke_can/condition_0030,30,47,True,58,0.6795483198845855,0,0,0,success,0,False,48,57,57,57,57,1,0,False,1,0,False,False,0.6428498029708862,0.22029536962509155,0.8774228692054749,0,0,0.0,1,False,False,,False,80
pick_coke_can,pick_coke_can/condition_0030,30,48,True,58,0.6795483198845855,0,0,0,success,0,False,49,57,57,57,57,1,0,False,1,0,False,False,0.6428498029708862,0.22029536962509155,0.8774228692054749,0,0,0.0,1,False,False,,False,80
pick_coke_can,pick_coke_can/condition_0030,30,49,True,58,0.6795483198845855,0,0,0,success,0,False,50,57,57,57,57,1,0,False,1,0,False,False,0.6428498029708862,0.22029536962509155,0.8774228692054749,0,0,0.0,1,False,False,,False,80
pick_coke_can,pick_coke_can/condition_0030,30,50,True,58,0.6795483198845855,0,0,0,success,0,False,51,57,57,57,57,1,0,False,1,0,False,False,0.6428498029708862,0.22029536962509155,0.8774228692054749,0,0,0.0,1,False,False,,False,80
pick_coke_can,pick_coke_can/condition_0030,30,51,True,58,0.6795483198845855,0,0,0,success,0,False,52,57,57,57,57,1,0,False,1,0,False,False,0.6428498029708862,0.22029536962509155,0.8774228692054749,0,0,0.0,1,False,False,,False,80
pick_coke_can,pick_coke_can/condition_0030,30,52,True,58,0.6795483198845855,0,0,0,success,0,False,53,57,57,57,57,1,0,False,1,0,False,False,0.6428498029708862,0.22029536962509155,0.8774228692054749,0,0,0.0,1,False,False,,False,80
pick_coke_can,pick_coke_can/condition_0030,30,53,True,58,0.6795483198845855,0,0,0,success,0,False,54,57,57,57,57,1,0,False,1,0,False,False,0.6428498029708862,0.22029536962509155,0.8774228692054749,0,0,0.0,1,False,False,,False,80
pick_coke_can,pick_coke_can/condition_0030,30,54,True,58,0.6795483198845855,0,0,0,success,0,False,55,57,57,57,57,1,0,False,1,0,False,False,0.6428498029708862,0.22029536962509155,0.8774228692054749,0,0,0.0,1,False,False,,False,80
pick_coke_can,pick_coke_can/condition_0030,30,55,True,58,0.6795483198845855,0,0,0,success,0,False,56,57,57,57,57,1,0,False,1,0,False,False,0.6428498029708862,0.22029536962509155,0.8774228692054749,0,0,0.0,1,False,False,,False,80
pick_coke_can,pick_coke_can/condition_0030,30,56,True,58,0.6795483198845855,0,0,0,success,0,False,57,57,57,57,57,1,0,False,1,0,False,False,0.6428498029708862,0.22029536962509155,0.8774228692054749,0,0,0.0,1,False,False,,False,80
pick_coke_can,pick_coke_can/condition_0030,30,57,True,58,0.6795483198845855,0,0,0,success,0,False,58,57,57,57,57,1,1,True,1,1,True,True,0.6428498029708862,0.22029536962509155,0.8774228692054749,4,1,1.0,1,True,True,0,False,80
pick_coke_can,pick_coke_can/condition_0031,31,0,False,80,0.6522432419446645,0,0,1,never_grasped,0,False,1,,,,,0,0,False,0,0,False,False,0.6428499817848206,0.11029572784900665,0.8774228692054749,0,0,0.0,0,False,False,,False,80
pick_coke_can,pick_coke_can/condition_0031,31,1,False,80,0.6522432419446645,0,0,1,never_grasped,0,False,2,,,,,0,0,False,0,0,False,False,0.6428499817848206,0.11029572784900665,0.8774228692054749,0,0,0.0,0,False,False,,False,80
pick_coke_can,pick_coke_can/condition_0031,31,2,False,80,0.6522432419446645,0,0,1,never_grasped,0,False,3,,,,,0,0,False,0,0,False,False,0.6428499817848206,0.11029572784900665,0.8774228692054749,0,0,0.0,0,False,False,,False,80
pick_coke_can,pick_coke_can/condition_0031,31,3,False,80,0.6522432419446645,0,0,1,never_grasped,0,False,4,,,,,0,0,False,0,0,False,False,0.6428499817848206,0.11029572784900665,0.8774228692054749,0,0,0.0,0,False,False,,False,80
pick_coke_can,pick_coke_can/condition_0031,31,4,False,80,0.6522432419446645,0,0,1,never_grasped,0,False,5,,,,,0,0,False,0,0,False,False,0.6428499817848206,0.11029572784900665,0.8774228692054749,0,0,0.0,0,False,False,,False,80
pick_coke_can,pick_coke_can/condition_0031,31,5,False,80,0.6522432419446645,0,0,1,never_grasped,0,False,6,,,,,0,0,False,0,0,False,False,0.6428499817848206,0.11029572784900665,0.8774228692054749,0,0,0.0,0,False,False,,False,80
pick_coke_can,pick_coke_can/condition_0031,31,6,False,80,0.6522432419446645,0,0,1,never_grasped,0,False,7,,,,,0,0,False,0,0,False,False,0.6428499817848206,0.11029572784900665,0.8774228692054749,0,0,0.0,0,False,False,,False,80
pick_coke_can,pick_coke_can/condition_0031,31,7,False,80,0.6522432419446645,0,0,1,never_grasped,0,False,8,,,,,0,0,False,0,0,False,False,0.6428499817848206,0.11029572784900665,0.8774228692054749,0,0,0.0,0,False,False,,False,80
pick_coke_can,pick_coke_can/condition_0031,31,8,False,80,0.6522432419446645,0,0,1,never_grasped,0,False,9,,,,,0,0,False,0,0,False,False,0.6428499817848206,0.11029572784900665,0.8774228692054749,0,0,0.0,0,False,False,,False,80
pick_coke_can,pick_coke_can/condition_0031,31,9,False,80,0.6522432419446645,0,0,1,never_grasped,0,False,10,,,,,0,0,False,0,0,False,False,0.6428499817848206,0.11029572784900665,0.8774228692054749,0,0,0.0,0,False,False,,False,80
pick_coke_can,pick_coke_can/condition_0031,31,10,False,80,0.6522432419446645,0,0,1,never_grasped,0,False,11,,,,,0,0,False,0,0,False,False,0.6428499817848206,0.11029572784900665,0.8774228692054749,0,0,0.0,0,False,False,,False,80
pick_coke_can,pick_coke_can/condition_0031,31,11,False,80,0.6522432419446645,0,0,1,never_grasped,0,False,12,,,,,0,0,False,0,0,False,False,0.6428499817848206,0.11029572784900665,0.8774228692054749,0,0,0.0,0,False,False,,False,80
pick_coke_can,pick_coke_can/condition_0031,31,12,False,80,0.6522432419446645,0,0,1,never_grasped,0,False,13,,,,,0,0,False,0,0,False,False,0.6428499817848206,0.11029572784900665,0.8774228692054749,0,0,0.0,0,False,False,,False,80
pick_coke_can,pick_coke_can/condition_0031,31,13,False,80,0.6522432419446645,0,0,1,never_grasped,0,False,14,,,,,0,0,False,0,0,False,False,0.6428499817848206,0.11029572784900665,0.8774228692054749,0,0,0.0,0,False,False,,False,80
pick_coke_can,pick_coke_can/condition_0031,31,14,False,80,0.6522432419446645,0,0,1,never_grasped,0,False,15,,,,,0,0,False,0,0,False,False,0.6428499817848206,0.11029572784900665,0.8774228692054749,0,0,0.0,0,False,False,,False,80
pick_coke_can,pick_coke_can/condition_0031,31,15,False,80,0.6522432419446645,0,0,1,never_grasped,0,False,16,,,,,0,0,False,0,0,False,False,0.6428499817848206,0.11029572784900665,0.8774228692054749,0,0,0.0,0,False,False,,False,80
pick_coke_can,pick_coke_can/condition_0031,31,16,False,80,0.6522432419446645,0,0,1,never_grasped,0,False,17,,,,,0,0,False,0,0,False,False,0.6428499817848206,0.11029572784900665,0.8774228692054749,0,0,0.0,0,False,False,,False,80
pick_coke_can,pick_coke_can/condition_0031,31,17,False,80,0.6522432419446645,0,0,1,never_grasped,0,False,18,,,,,0,0,False,0,0,False,False,0.6428499817848206,0.11029572784900665,0.8774228692054749,0,0,0.0,0,False,False,,False,80
pick_coke_can,pick_coke_can/condition_0031,31,18,False,80,0.6522432419446645,0,0,1,never_grasped,0,False,19,,,,,0,0,False,0,0,False,False,0.6428499817848206,0.11029572784900665,0.8774228692054749,0,0,0.0,0,False,False,,False,80
pick_coke_can,pick_coke_can/condition_0031,31,19,False,80,0.6522432419446645,0,0,1,never_grasped,0,False,20,,,,,0,0,False,0,0,False,False,0.6428499817848206,0.11029572784900665,0.8774228692054749,0,0,0.0,0,False,False,,False,80
pick_coke_can,pick_coke_can/condition_0031,31,20,False,80,0.6522432419446645,0,0,1,never_grasped,0,False,21,,,,,0,0,False,0,0,False,False,0.6428499817848206,0.11029572784900665,0.8774228692054749,0,0,0.0,0,False,False,,False,80
pick_coke_can,pick_coke_can/condition_0031,31,21,False,80,0.6522432419446645,0,0,1,never_grasped,0,False,22,,,,,0,0,False,0,0,False,False,0.6428499817848206,0.11029572784900665,0.8774228692054749,0,0,0.0,0,False,False,,False,80
pick_coke_can,pick_coke_can/condition_0031,31,22,False,80,0.6522432419446645,0,0,1,never_grasped,0,False,23,,,,,0,0,False,0,0,False,False,0.6428499817848206,0.11029572784900665,0.8774228692054749,0,0,0.0,0,False,False,,False,80
pick_coke_can,pick_coke_can/condition_0031,31,23,False,80,0.6522432419446645,0,0,1,never_grasped,0,False,24,,,,,0,0,False,0,0,False,False,0.6428499817848206,0.11029572784900665,0.8774228692054749,0,0,0.0,0,False,False,,False,80
pick_coke_can,pick_coke_can/condition_0031,31,24,False,80,0.6522432419446645,0,0,1,never_grasped,0,False,25,,,,,0,0,False,0,0,False,False,0.6428499817848206,0.11029572784900665,0.8774228692054749,0,0,0.0,0,False,False,,False,80
pick_coke_can,pick_coke_can/condition_0031,31,25,False,80,0.6522432419446645,0,0,1,never_grasped,0,False,26,,,,,0,0,False,0,0,False,False,0.6428499817848206,0.11029572784900665,0.8774228692054749,0,0,0.0,0,False,False,,False,80
pick_coke_can,pick_coke_can/condition_0031,31,26,False,80,0.6522432419446645,0,0,1,never_grasped,0,False,27,,,,,0,0,False,0,0,False,False,0.6428499817848206,0.11029572784900665,0.8774228692054749,0,0,0.0,0,False,False,,False,80
pick_coke_can,pick_coke_can/condition_0031,31,27,False,80,0.6522432419446645,0,0,1,never_grasped,0,False,28,,,,,0,0,False,0,0,False,False,0.6428499817848206,0.11029572784900665,0.8774228692054749,0,0,0.0,0,False,False,,False,80
pick_coke_can,pick_coke_can/condition_0031,31,28,False,80,0.6522432419446645,0,0,1,never_grasped,0,False,29,,,,,0,0,False,0,0,False,False,0.6428499817848206,0.11029572784900665,0.8774228692054749,0,0,0.0,0,False,False,,False,80
pick_coke_can,pick_coke_can/condition_0031,31,29,False,80,0.6522432419446645,0,0,1,never_grasped,0,False,30,,,,,0,0,False,0,0,False,False,0.6428499817848206,0.11029572784900665,0.8774228692054749,0,0,0.0,0,False,False,,False,80
pick_coke_can,pick_coke_can/condition_0031,31,30,False,80,0.6522432419446645,0,0,1,never_grasped,0,False,31,,,,,0,0,False,0,0,False,False,0.6428499817848206,0.11029572784900665,0.8774228692054749,0,0,0.0,0,False,False,,False,80
pick_coke_can,pick_coke_can/condition_0031,31,31,False,80,0.6522432419446645,0,0,1,never_grasped,0,False,32,,,,,0,0,False,0,0,False,False,0.6428499817848206,0.11029572784900665,0.8774228692054749,0,0,0.0,0,False,False,,False,80
pick_coke_can,pick_coke_can/condition_0031,31,32,False,80,0.6522432419446645,0,0,1,never_grasped,0,False,33,,,,,0,0,False,0,0,False,False,0.6428499817848206,0.11029572784900665,0.8774228692054749,0,0,0.0,0,False,False,,False,80
pick_coke_can,pick_coke_can/condition_0031,31,33,False,80,0.6522432419446645,0,0,1,never_grasped,0,False,34,,,,,0,0,False,0,0,False,False,0.6428499817848206,0.11029572784900665,0.8774228692054749,0,0,0.0,0,False,False,,False,80
pick_coke_can,pick_coke_can/condition_0031,31,34,False,80,0.6522432419446645,0,0,1,never_grasped,0,False,35,,,,,0,0,False,0,0,False,False,0.6428499817848206,0.11029572784900665,0.8774228692054749,0,0,0.0,0,False,False,,False,80
pick_coke_can,pick_coke_can/condition_0031,31,35,False,80,0.6522432419446645,0,0,1,never_grasped,0,False,36,,,,,0,0,False,0,0,False,False,0.6428499817848206,0.11029572784900665,0.8774228692054749,0,0,0.0,0,False,False,,False,80
pick_coke_can,pick_coke_can/condition_0031,31,36,False,80,0.6522432419446645,0,0,1,never_grasped,0,False,37,,,,,0,0,False,0,0,False,False,0.6428499817848206,0.11029572784900665,0.8774228692054749,0,0,0.0,0,False,False,,False,80
pick_coke_can,pick_coke_can/condition_0031,31,37,False,80,0.6522432419446645,0,0,1,never_grasped,0,False,38,,,,,0,0,False,0,0,False,False,0.6428499817848206,0.11029572784900665,0.8774228692054749,0,0,0.0,0,False,False,,False,80
pick_coke_can,pick_coke_can/condition_0031,31,38,False,80,0.6522432419446645,0,0,1,never_grasped,0,False,39,,,,,0,0,False,0,0,False,False,0.6428499817848206,0.11029572784900665,0.8774228692054749,0,0,0.0,0,False,False,,False,80
pick_coke_can,pick_coke_can/condition_0031,31,39,False,80,0.6522432419446645,0,0,1,never_grasped,0,False,40,,,,,0,0,False,0,0,False,False,0.6428499817848206,0.11029572784900665,0.8774228692054749,0,0,0.0,0,False,False,,False,80
pick_coke_can,pick_coke_can/condition_0031,31,40,False,80,0.6522432419446645,0,0,1,never_grasped,0,False,41,,,,,0,0,False,0,0,False,False,0.6428499817848206,0.11029572784900665,0.8774228692054749,0,0,0.0,0,False,False,,False,80
pick_coke_can,pick_coke_can/condition_0031,31,41,False,80,0.6522432419446645,0,0,1,never_grasped,0,False,42,,,,,0,0,False,0,0,False,False,0.6428499817848206,0.11029572784900665,0.8774228692054749,0,0,0.0,0,False,False,,False,80
pick_coke_can,pick_coke_can/condition_0031,31,42,False,80,0.6522432419446645,0,0,1,never_grasped,0,False,43,,,,,0,0,False,0,0,False,False,0.6428499817848206,0.11029572784900665,0.8774228692054749,0,0,0.0,0,False,False,,False,80
pick_coke_can,pick_coke_can/condition_0031,31,43,False,80,0.6522432419446645,0,0,1,never_grasped,0,False,44,,,,,0,0,False,0,0,False,False,0.6428499817848206,0.11029572784900665,0.8774228692054749,0,0,0.0,0,False,False,,False,80
pick_coke_can,pick_coke_can/condition_0031,31,44,False,80,0.6522432419446645,0,0,1,never_grasped,0,False,45,,,,,0,0,False,0,0,False,False,0.6428499817848206,0.11029572784900665,0.8774228692054749,0,0,0.0,0,False,False,,False,80
pick_coke_can,pick_coke_can/condition_0031,31,45,False,80,0.6522432419446645,0,0,1,never_grasped,0,False,46,,,,,0,0,False,0,0,False,False,0.6428499817848206,0.11029572784900665,0.8774228692054749,0,0,0.0,0,False,False,,False,80
pick_coke_can,pick_coke_can/condition_0031,31,46,False,80,0.6522432419446645,0,0,1,never_grasped,0,False,47,,,,,0,0,False,0,0,False,False,0.6428499817848206,0.11029572784900665,0.8774228692054749,0,0,0.0,0,False,False,,False,80
pick_coke_can,pick_coke_can/condition_0031,31,47,False,80,0.6522432419446645,0,0,1,never_grasped,0,False,48,,,,,0,0,False,0,0,False,False,0.6428499817848206,0.11029572784900665,0.8774228692054749,0,0,0.0,0,False,False,,False,80
pick_coke_can,pick_coke_can/condition_0031,31,48,False,80,0.6522432419446645,0,0,1,never_grasped,0,False,49,,,,,0,0,False,0,0,False,False,0.6428499817848206,0.11029572784900665,0.8774228692054749,0,0,0.0,0,False,False,,False,80
pick_coke_can,pick_coke_can/condition_0031,31,49,False,80,0.6522432419446645,0,0,1,never_grasped,0,False,50,,,,,0,0,False,0,0,False,False,0.6428499817848206,0.11029572784900665,0.8774228692054749,0,0,0.0,0,False,False,,False,80
pick_coke_can,pick_coke_can/condition_0031,31,50,False,80,0.6522432419446645,0,0,1,never_grasped,0,False,51,,,,,0,0,False,0,0,False,False,0.6428499817848206,0.11029572784900665,0.8774228692054749,0,0,0.0,0,False,False,,False,80
pick_coke_can,pick_coke_can/condition_0031,31,51,False,80,0.6522432419446645,0,0,1,never_grasped,0,False,52,,,,,0,0,False,0,0,False,False,0.6428499817848206,0.11029572784900665,0.8774228692054749,0,0,0.0,0,False,False,,False,80
pick_coke_can,pick_coke_can/condition_0031,31,52,False,80,0.6522432419446645,0,0,1,never_grasped,0,False,53,,,,,0,0,False,0,0,False,False,0.6428499817848206,0.11029572784900665,0.8774228692054749,0,0,0.0,0,False,False,,False,80
pick_coke_can,pick_coke_can/condition_0031,31,53,False,80,0.6522432419446645,0,0,1,never_grasped,0,False,54,,,,,0,0,False,0,0,False,False,0.6428499817848206,0.11029572784900665,0.8774228692054749,0,0,0.0,0,False,False,,False,80
pick_coke_can,pick_coke_can/condition_0031,31,54,False,80,0.6522432419446645,0,0,1,never_grasped,0,False,55,,,,,0,0,False,0,0,False,False,0.6428499817848206,0.11029572784900665,0.8774228692054749,0,0,0.0,0,False,False,,False,80
pick_coke_can,pick_coke_can/condition_0031,31,55,False,80,0.6522432419446645,0,0,1,never_grasped,0,False,56,,,,,0,0,False,0,0,False,False,0.6428499817848206,0.11029572784900665,0.8774228692054749,0,0,0.0,0,False,False,,False,80
pick_coke_can,pick_coke_can/condition_0031,31,56,False,80,0.6522432419446645,0,0,1,never_grasped,0,False,57,,,,,0,0,False,0,0,False,False,0.6428499817848206,0.11029572784900665,0.8774228692054749,0,0,0.0,0,False,False,,False,80
pick_coke_can,pick_coke_can/condition_0031,31,57,False,80,0.6522432419446645,0,0,1,never_grasped,0,False,58,,,,,0,0,False,0,0,False,False,0.6428499817848206,0.11029572784900665,0.8774228692054749,0,0,0.0,0,False,False,,False,80
pick_coke_can,pick_coke_can/condition_0031,31,58,False,80,0.6522432419446645,0,0,1,never_grasped,0,False,59,,,,,0,0,False,0,0,False,False,0.6428499817848206,0.11029572784900665,0.8774228692054749,0,0,0.0,0,False,False,,False,80
pick_coke_can,pick_coke_can/condition_0031,31,59,False,80,0.6522432419446645,0,0,1,never_grasped,0,False,60,,,,,0,0,False,0,0,False,False,0.6428499817848206,0.11029572784900665,0.8774228692054749,0,0,0.0,0,False,False,,False,80
pick_coke_can,pick_coke_can/condition_0031,31,60,False,80,0.6522432419446645,0,0,1,never_grasped,0,False,61,,,,,0,0,False,0,0,False,False,0.6428499817848206,0.11029572784900665,0.8774228692054749,0,0,0.0,0,False,False,,False,80
pick_coke_can,pick_coke_can/condition_0031,31,61,False,80,0.6522432419446645,0,0,1,never_grasped,0,False,62,,,,,0,0,False,0,0,False,False,0.6428499817848206,0.11029572784900665,0.8774228692054749,0,0,0.0,0,False,False,,False,80
pick_coke_can,pick_coke_can/condition_0031,31,62,False,80,0.6522432419446645,0,0,1,never_grasped,0,False,63,,,,,0,0,False,0,0,False,False,0.6428499817848206,0.11029572784900665,0.8774228692054749,0,0,0.0,0,False,False,,False,80
pick_coke_can,pick_coke_can/condition_0031,31,63,False,80,0.6522432419446645,0,0,1,never_grasped,0,False,64,,,,,0,0,False,0,0,False,False,0.6428499817848206,0.11029572784900665,0.8774228692054749,0,0,0.0,0,False,False,,False,80
pick_coke_can,pick_coke_can/condition_0031,31,64,False,80,0.6522432419446645,0,0,1,never_grasped,0,False,65,,,,,0,0,False,0,0,False,False,0.6428499817848206,0.11029572784900665,0.8774228692054749,0,0,0.0,0,False,False,,False,80
pick_coke_can,pick_coke_can/condition_0031,31,65,False,80,0.6522432419446645,0,0,1,never_grasped,0,False,66,,,,,0,0,False,0,0,False,False,0.6428499817848206,0.11029572784900665,0.8774228692054749,0,0,0.0,0,False,False,,False,80
pick_coke_can,pick_coke_can/condition_0031,31,66,False,80,0.6522432419446645,0,0,1,never_grasped,0,False,67,,,,,0,0,False,0,0,False,False,0.6428499817848206,0.11029572784900665,0.8774228692054749,0,0,0.0,0,False,False,,False,80
pick_coke_can,pick_coke_can/condition_0031,31,67,False,80,0.6522432419446645,0,0,1,never_grasped,0,False,68,,,,,0,0,False,0,0,False,False,0.6428499817848206,0.11029572784900665,0.8774228692054749,0,0,0.0,0,False,False,,False,80
pick_coke_can,pick_coke_can/condition_0031,31,68,False,80,0.6522432419446645,0,0,1,never_grasped,0,False,69,,,,,0,0,False,0,0,False,False,0.6428499817848206,0.11029572784900665,0.8774228692054749,0,0,0.0,0,False,False,,False,80
pick_coke_can,pick_coke_can/condition_0031,31,69,False,80,0.6522432419446645,0,0,1,never_grasped,0,False,70,,,,,0,0,False,0,0,False,False,0.6428499817848206,0.11029572784900665,0.8774228692054749,0,0,0.0,0,False,False,,False,80
pick_coke_can,pick_coke_can/condition_0031,31,70,False,80,0.6522432419446645,0,0,1,never_grasped,0,False,71,,,,,0,0,False,0,0,False,False,0.6428499817848206,0.11029572784900665,0.8774228692054749,0,0,0.0,0,False,False,,False,80
pick_coke_can,pick_coke_can/condition_0031,31,71,False,80,0.6522432419446645,0,0,1,never_grasped,0,False,72,,,,,0,0,False,0,0,False,False,0.6428499817848206,0.11029572784900665,0.8774228692054749,0,0,0.0,0,False,False,,False,80
pick_coke_can,pick_coke_can/condition_0031,31,72,False,80,0.6522432419446645,0,0,1,never_grasped,0,False,73,,,,,0,0,False,0,0,False,False,0.6428499817848206,0.11029572784900665,0.8774228692054749,0,0,0.0,0,False,False,,False,80
pick_coke_can,pick_coke_can/condition_0031,31,73,False,80,0.6522432419446645,0,0,1,never_grasped,0,False,74,,,,,0,0,False,0,0,False,False,0.6428499817848206,0.11029572784900665,0.8774228692054749,0,0,0.0,0,False,False,,False,80
pick_coke_can,pick_coke_can/condition_0031,31,74,False,80,0.6522432419446645,0,0,1,never_grasped,0,False,75,,,,,0,0,False,0,0,False,False,0.6428499817848206,0.11029572784900665,0.8774228692054749,0,0,0.0,0,False,False,,False,80
pick_coke_can,pick_coke_can/condition_0031,31,75,False,80,0.6522432419446645,0,0,1,never_grasped,0,False,76,,,,,0,0,False,0,0,False,False,0.6428499817848206,0.11029572784900665,0.8774228692054749,0,0,0.0,0,False,False,,False,80
pick_coke_can,pick_coke_can/condition_0031,31,76,False,80,0.6522432419446645,0,0,1,never_grasped,0,False,77,,,,,0,0,False,0,0,False,False,0.6428499817848206,0.11029572784900665,0.8774228692054749,0,0,0.0,0,False,False,,False,80
pick_coke_can,pick_coke_can/condition_0031,31,77,False,80,0.6522432419446645,0,0,1,never_grasped,0,False,78,,,,,0,0,False,0,0,False,False,0.6428499817848206,0.11029572784900665,0.8774228692054749,0,0,0.0,0,False,False,,False,80
pick_coke_can,pick_coke_can/condition_0031,31,78,False,80,0.6522432419446645,0,0,1,never_grasped,0,False,79,,,,,0,0,False,0,0,False,False,0.6428499817848206,0.11029572784900665,0.8774228692054749,0,0,0.0,0,False,False,,False,80
pick_coke_can,pick_coke_can/condition_0031,31,79,False,80,0.6522432419446645,0,0,1,never_grasped,0,False,80,,,,,0,0,False,0,0,False,False,0.6428499817848206,0.11029572784900665,0.8774228692054749,0,0,0.0,0,False,False,,True,80
pick_coke_can,pick_coke_can/condition_0032,32,0,False,80,0.6428514781552961,0,0,1,never_grasped,0,False,1,,,,,0,0,False,0,0,False,False,0.6428514122962952,0.00029098987579345703,0.8774228692054749,0,0,0.0,0,False,False,,False,80
pick_coke_can,pick_coke_can/condition_0032,32,1,False,80,0.6428514781552961,0,0,1,never_grasped,0,False,2,,,,,0,0,False,0,0,False,False,0.6428514122962952,0.00029098987579345703,0.8774228692054749,0,0,0.0,0,False,False,,False,80
pick_coke_can,pick_coke_can/condition_0032,32,2,False,80,0.6428514781552961,0,0,1,never_grasped,0,False,3,,,,,0,0,False,0,0,False,False,0.6428514122962952,0.00029098987579345703,0.8774228692054749,0,0,0.0,0,False,False,,False,80
pick_coke_can,pick_coke_can/condition_0032,32,3,False,80,0.6428514781552961,0,0,1,never_grasped,0,False,4,,,,,0,0,False,0,0,False,False,0.6428514122962952,0.00029098987579345703,0.8774228692054749,0,0,0.0,0,False,False,,False,80
pick_coke_can,pick_coke_can/condition_0032,32,4,False,80,0.6428514781552961,0,0,1,never_grasped,0,False,5,,,,,0,0,False,0,0,False,False,0.6428514122962952,0.00029098987579345703,0.8774228692054749,0,0,0.0,0,False,False,,False,80
pick_coke_can,pick_coke_can/condition_0032,32,5,False,80,0.6428514781552961,0,0,1,never_grasped,0,False,6,,,,,0,0,False,0,0,False,False,0.6428514122962952,0.00029098987579345703,0.8774228692054749,0,0,0.0,0,False,False,,False,80
pick_coke_can,pick_coke_can/condition_0032,32,6,False,80,0.6428514781552961,0,0,1,never_grasped,0,False,7,,,,,0,0,False,0,0,False,False,0.6428514122962952,0.00029098987579345703,0.8774228692054749,0,0,0.0,0,False,False,,False,80
pick_coke_can,pick_coke_can/condition_0032,32,7,False,80,0.6428514781552961,0,0,1,never_grasped,0,False,8,,,,,0,0,False,0,0,False,False,0.6428514122962952,0.00029098987579345703,0.8774228692054749,0,0,0.0,0,False,False,,False,80
pick_coke_can,pick_coke_can/condition_0032,32,8,False,80,0.6428514781552961,0,0,1,never_grasped,0,False,9,,,,,0,0,False,0,0,False,False,0.6428514122962952,0.00029098987579345703,0.8774228692054749,0,0,0.0,0,False,False,,False,80
pick_coke_can,pick_coke_can/condition_0032,32,9,False,80,0.6428514781552961,0,0,1,never_grasped,0,False,10,,,,,0,0,False,0,0,False,False,0.6428514122962952,0.00029098987579345703,0.8774228692054749,0,0,0.0,0,False,False,,False,80
pick_coke_can,pick_coke_can/condition_0032,32,10,False,80,0.6428514781552961,0,0,1,never_grasped,0,False,11,,,,,0,0,False,0,0,False,False,0.6428514122962952,0.00029098987579345703,0.8774228692054749,0,0,0.0,0,False,False,,False,80
pick_coke_can,pick_coke_can/condition_0032,32,11,False,80,0.6428514781552961,0,0,1,never_grasped,0,False,12,,,,,0,0,False,0,0,False,False,0.6428514122962952,0.00029098987579345703,0.8774228692054749,0,0,0.0,0,False,False,,False,80
pick_coke_can,pick_coke_can/condition_0032,32,12,False,80,0.6428514781552961,0,0,1,never_grasped,0,False,13,,,,,0,0,False,0,0,False,False,0.6428514122962952,0.00029098987579345703,0.8774228692054749,0,0,0.0,0,False,False,,False,80
pick_coke_can,pick_coke_can/condition_0032,32,13,False,80,0.6428514781552961,0,0,1,never_grasped,0,False,14,,,,,0,0,False,0,0,False,False,0.6428514122962952,0.00029098987579345703,0.8774228692054749,0,0,0.0,0,False,False,,False,80
pick_coke_can,pick_coke_can/condition_0032,32,14,False,80,0.6428514781552961,0,0,1,never_grasped,0,False,15,,,,,0,0,False,0,0,False,False,0.6428514122962952,0.00029098987579345703,0.8774228692054749,0,0,0.0,0,False,False,,False,80
pick_coke_can,pick_coke_can/condition_0032,32,15,False,80,0.6428514781552961,0,0,1,never_grasped,0,False,16,,,,,0,0,False,0,0,False,False,0.6428514122962952,0.00029098987579345703,0.8774228692054749,0,0,0.0,0,False,False,,False,80
pick_coke_can,pick_coke_can/condition_0032,32,16,False,80,0.6428514781552961,0,0,1,never_grasped,0,False,17,,,,,0,0,False,0,0,False,False,0.6428514122962952,0.00029098987579345703,0.8774228692054749,0,0,0.0,0,False,False,,False,80
pick_coke_can,pick_coke_can/condition_0032,32,17,False,80,0.6428514781552961,0,0,1,never_grasped,0,False,18,,,,,0,0,False,0,0,False,False,0.6428514122962952,0.00029098987579345703,0.8774228692054749,0,0,0.0,0,False,False,,False,80
pick_coke_can,pick_coke_can/condition_0032,32,18,False,80,0.6428514781552961,0,0,1,never_grasped,0,False,19,,,,,0,0,False,0,0,False,False,0.6428514122962952,0.00029098987579345703,0.8774228692054749,0,0,0.0,0,False,False,,False,80
pick_coke_can,pick_coke_can/condition_0032,32,19,False,80,0.6428514781552961,0,0,1,never_grasped,0,False,20,,,,,0,0,False,0,0,False,False,0.6428514122962952,0.00029098987579345703,0.8774228692054749,0,0,0.0,0,False,False,,False,80
pick_coke_can,pick_coke_can/condition_0032,32,20,False,80,0.6428514781552961,0,0,1,never_grasped,0,False,21,,,,,0,0,False,0,0,False,False,0.6428514122962952,0.00029098987579345703,0.8774228692054749,0,0,0.0,0,False,False,,False,80
pick_coke_can,pick_coke_can/condition_0032,32,21,False,80,0.6428514781552961,0,0,1,never_grasped,0,False,22,,,,,0,0,False,0,0,False,False,0.6428514122962952,0.00029098987579345703,0.8774228692054749,0,0,0.0,0,False,False,,False,80
pick_coke_can,pick_coke_can/condition_0032,32,22,False,80,0.6428514781552961,0,0,1,never_grasped,0,False,23,,,,,0,0,False,0,0,False,False,0.6428514122962952,0.00029098987579345703,0.8774228692054749,0,0,0.0,0,False,False,,False,80
pick_coke_can,pick_coke_can/condition_0032,32,23,False,80,0.6428514781552961,0,0,1,never_grasped,0,False,24,,,,,0,0,False,0,0,False,False,0.6428514122962952,0.00029098987579345703,0.8774228692054749,0,0,0.0,0,False,False,,False,80
pick_coke_can,pick_coke_can/condition_0032,32,24,False,80,0.6428514781552961,0,0,1,never_grasped,0,False,25,,,,,0,0,False,0,0,False,False,0.6428514122962952,0.00029098987579345703,0.8774228692054749,0,0,0.0,0,False,False,,False,80
pick_coke_can,pick_coke_can/condition_0032,32,25,False,80,0.6428514781552961,0,0,1,never_grasped,0,False,26,,,,,0,0,False,0,0,False,False,0.6428514122962952,0.00029098987579345703,0.8774228692054749,0,0,0.0,0,False,False,,False,80
pick_coke_can,pick_coke_can/condition_0032,32,26,False,80,0.6428514781552961,0,0,1,never_grasped,0,False,27,,,,,0,0,False,0,0,False,False,0.6428514122962952,0.00029098987579345703,0.8774228692054749,0,0,0.0,0,False,False,,False,80
pick_coke_can,pick_coke_can/condition_0032,32,27,False,80,0.6428514781552961,0,0,1,never_grasped,0,False,28,,,,,0,0,False,0,0,False,False,0.6428514122962952,0.00029098987579345703,0.8774228692054749,0,0,0.0,0,False,False,,False,80
pick_coke_can,pick_coke_can/condition_0032,32,28,False,80,0.6428514781552961,0,0,1,never_grasped,0,False,29,,,,,0,0,False,0,0,False,False,0.6428514122962952,0.00029098987579345703,0.8774228692054749,0,0,0.0,0,False,False,,False,80
pick_coke_can,pick_coke_can/condition_0032,32,29,False,80,0.6428514781552961,0,0,1,never_grasped,0,False,30,,,,,0,0,False,0,0,False,False,0.6428514122962952,0.00029098987579345703,0.8774228692054749,0,0,0.0,0,False,False,,False,80
pick_coke_can,pick_coke_can/condition_0032,32,30,False,80,0.6428514781552961,0,0,1,never_grasped,0,False,31,,,,,0,0,False,0,0,False,False,0.6428514122962952,0.00029098987579345703,0.8774228692054749,0,0,0.0,0,False,False,,False,80
pick_coke_can,pick_coke_can/condition_0032,32,31,False,80,0.6428514781552961,0,0,1,never_grasped,0,False,32,,,,,0,0,False,0,0,False,False,0.6428514122962952,0.00029098987579345703,0.8774228692054749,0,0,0.0,0,False,False,,False,80
pick_coke_can,pick_coke_can/condition_0032,32,32,False,80,0.6428514781552961,0,0,1,never_grasped,0,False,33,,,,,0,0,False,0,0,False,False,0.6428514122962952,0.00029098987579345703,0.8774228692054749,0,0,0.0,0,False,False,,False,80
pick_coke_can,pick_coke_can/condition_0032,32,33,False,80,0.6428514781552961,0,0,1,never_grasped,0,False,34,,,,,0,0,False,0,0,False,False,0.6428514122962952,0.00029098987579345703,0.8774228692054749,0,0,0.0,0,False,False,,False,80
pick_coke_can,pick_coke_can/condition_0032,32,34,False,80,0.6428514781552961,0,0,1,never_grasped,0,False,35,,,,,0,0,False,0,0,False,False,0.6428514122962952,0.00029098987579345703,0.8774228692054749,0,0,0.0,0,False,False,,False,80
pick_coke_can,pick_coke_can/condition_0032,32,35,False,80,0.6428514781552961,0,0,1,never_grasped,0,False,36,,,,,0,0,False,0,0,False,False,0.6428514122962952,0.00029098987579345703,0.8774228692054749,0,0,0.0,0,False,False,,False,80
pick_coke_can,pick_coke_can/condition_0032,32,36,False,80,0.6428514781552961,0,0,1,never_grasped,0,False,37,,,,,0,0,False,0,0,False,False,0.6428514122962952,0.00029098987579345703,0.8774228692054749,0,0,0.0,0,False,False,,False,80
pick_coke_can,pick_coke_can/condition_0032,32,37,False,80,0.6428514781552961,0,0,1,never_grasped,0,False,38,,,,,0,0,False,0,0,False,False,0.6428514122962952,0.00029098987579345703,0.8774228692054749,0,0,0.0,0,False,False,,False,80
pick_coke_can,pick_coke_can/condition_0032,32,38,False,80,0.6428514781552961,0,0,1,never_grasped,0,False,39,,,,,0,0,False,0,0,False,False,0.6428514122962952,0.00029098987579345703,0.8774228692054749,0,0,0.0,0,False,False,,False,80
pick_coke_can,pick_coke_can/condition_0032,32,39,False,80,0.6428514781552961,0,0,1,never_grasped,0,False,40,,,,,0,0,False,0,0,False,False,0.6428514122962952,0.00029098987579345703,0.8774228692054749,0,0,0.0,0,False,False,,False,80
pick_coke_can,pick_coke_can/condition_0032,32,40,False,80,0.6428514781552961,0,0,1,never_grasped,0,False,41,,,,,0,0,False,0,0,False,False,0.6428514122962952,0.00029098987579345703,0.8774228692054749,0,0,0.0,0,False,False,,False,80
pick_coke_can,pick_coke_can/condition_0032,32,41,False,80,0.6428514781552961,0,0,1,never_grasped,0,False,42,,,,,0,0,False,0,0,False,False,0.6428514122962952,0.00029098987579345703,0.8774228692054749,0,0,0.0,0,False,False,,False,80
pick_coke_can,pick_coke_can/condition_0032,32,42,False,80,0.6428514781552961,0,0,1,never_grasped,0,False,43,,,,,0,0,False,0,0,False,False,0.6428514122962952,0.00029098987579345703,0.8774228692054749,0,0,0.0,0,False,False,,False,80
pick_coke_can,pick_coke_can/condition_0032,32,43,False,80,0.6428514781552961,0,0,1,never_grasped,0,False,44,,,,,0,0,False,0,0,False,False,0.6428514122962952,0.00029098987579345703,0.8774228692054749,0,0,0.0,0,False,False,,False,80
pick_coke_can,pick_coke_can/condition_0032,32,44,False,80,0.6428514781552961,0,0,1,never_grasped,0,False,45,,,,,0,0,False,0,0,False,False,0.6428514122962952,0.00029098987579345703,0.8774228692054749,0,0,0.0,0,False,False,,False,80
pick_coke_can,pick_coke_can/condition_0032,32,45,False,80,0.6428514781552961,0,0,1,never_grasped,0,False,46,,,,,0,0,False,0,0,False,False,0.6428514122962952,0.00029098987579345703,0.8774228692054749,0,0,0.0,0,False,False,,False,80
pick_coke_can,pick_coke_can/condition_0032,32,46,False,80,0.6428514781552961,0,0,1,never_grasped,0,False,47,,,,,0,0,False,0,0,False,False,0.6428514122962952,0.00029098987579345703,0.8774228692054749,0,0,0.0,0,False,False,,False,80
pick_coke_can,pick_coke_can/condition_0032,32,47,False,80,0.6428514781552961,0,0,1,never_grasped,0,False,48,,,,,0,0,False,0,0,False,False,0.6428514122962952,0.00029098987579345703,0.8774228692054749,0,0,0.0,0,False,False,,False,80
pick_coke_can,pick_coke_can/condition_0032,32,48,False,80,0.6428514781552961,0,0,1,never_grasped,0,False,49,,,,,0,0,False,0,0,False,False,0.6428514122962952,0.00029098987579345703,0.8774228692054749,0,0,0.0,0,False,False,,False,80
pick_coke_can,pick_coke_can/condition_0032,32,49,False,80,0.6428514781552961,0,0,1,never_grasped,0,False,50,,,,,0,0,False,0,0,False,False,0.6428514122962952,0.00029098987579345703,0.8774228692054749,0,0,0.0,0,False,False,,False,80
pick_coke_can,pick_coke_can/condition_0032,32,50,False,80,0.6428514781552961,0,0,1,never_grasped,0,False,51,,,,,0,0,False,0,0,False,False,0.6428514122962952,0.00029098987579345703,0.8774228692054749,0,0,0.0,0,False,False,,False,80
pick_coke_can,pick_coke_can/condition_0032,32,51,False,80,0.6428514781552961,0,0,1,never_grasped,0,False,52,,,,,0,0,False,0,0,False,False,0.6428514122962952,0.00029098987579345703,0.8774228692054749,0,0,0.0,0,False,False,,False,80
pick_coke_can,pick_coke_can/condition_0032,32,52,False,80,0.6428514781552961,0,0,1,never_grasped,0,False,53,,,,,0,0,False,0,0,False,False,0.6428514122962952,0.00029098987579345703,0.8774228692054749,0,0,0.0,0,False,False,,False,80
pick_coke_can,pick_coke_can/condition_0032,32,53,False,80,0.6428514781552961,0,0,1,never_grasped,0,False,54,,,,,0,0,False,0,0,False,False,0.6428514122962952,0.00029098987579345703,0.8774228692054749,0,0,0.0,0,False,False,,False,80
pick_coke_can,pick_coke_can/condition_0032,32,54,False,80,0.6428514781552961,0,0,1,never_grasped,0,False,55,,,,,0,0,False,0,0,False,False,0.6428514122962952,0.00029098987579345703,0.8774228692054749,0,0,0.0,0,False,False,,False,80
pick_coke_can,pick_coke_can/condition_0032,32,55,False,80,0.6428514781552961,0,0,1,never_grasped,0,False,56,,,,,0,0,False,0,0,False,False,0.6428514122962952,0.00029098987579345703,0.8774228692054749,0,0,0.0,0,False,False,,False,80
pick_coke_can,pick_coke_can/condition_0032,32,56,False,80,0.6428514781552961,0,0,1,never_grasped,0,False,57,,,,,0,0,False,0,0,False,False,0.6428514122962952,0.00029098987579345703,0.8774228692054749,0,0,0.0,0,False,False,,False,80
pick_coke_can,pick_coke_can/condition_0032,32,57,False,80,0.6428514781552961,0,0,1,never_grasped,0,False,58,,,,,0,0,False,0,0,False,False,0.6428514122962952,0.00029098987579345703,0.8774228692054749,0,0,0.0,0,False,False,,False,80
pick_coke_can,pick_coke_can/condition_0032,32,58,False,80,0.6428514781552961,0,0,1,never_grasped,0,False,59,,,,,0,0,False,0,0,False,False,0.6428514122962952,0.00029098987579345703,0.8774228692054749,0,0,0.0,0,False,False,,False,80
pick_coke_can,pick_coke_can/condition_0032,32,59,False,80,0.6428514781552961,0,0,1,never_grasped,0,False,60,,,,,0,0,False,0,0,False,False,0.6428514122962952,0.00029098987579345703,0.8774228692054749,0,0,0.0,0,False,False,,False,80
pick_coke_can,pick_coke_can/condition_0032,32,60,False,80,0.6428514781552961,0,0,1,never_grasped,0,False,61,,,,,0,0,False,0,0,False,False,0.6428514122962952,0.00029098987579345703,0.8774228692054749,0,0,0.0,0,False,False,,False,80
pick_coke_can,pick_coke_can/condition_0032,32,61,False,80,0.6428514781552961,0,0,1,never_grasped,0,False,62,,,,,0,0,False,0,0,False,False,0.6428514122962952,0.00029098987579345703,0.8774228692054749,0,0,0.0,0,False,False,,False,80
pick_coke_can,pick_coke_can/condition_0032,32,62,False,80,0.6428514781552961,0,0,1,never_grasped,0,False,63,,,,,0,0,False,0,0,False,False,0.6428514122962952,0.00029098987579345703,0.8774228692054749,0,0,0.0,0,False,False,,False,80
pick_coke_can,pick_coke_can/condition_0032,32,63,False,80,0.6428514781552961,0,0,1,never_grasped,0,False,64,,,,,0,0,False,0,0,False,False,0.6428514122962952,0.00029098987579345703,0.8774228692054749,0,0,0.0,0,False,False,,False,80
pick_coke_can,pick_coke_can/condition_0032,32,64,False,80,0.6428514781552961,0,0,1,never_grasped,0,False,65,,,,,0,0,False,0,0,False,False,0.6428514122962952,0.00029098987579345703,0.8774228692054749,0,0,0.0,0,False,False,,False,80
pick_coke_can,pick_coke_can/condition_0032,32,65,False,80,0.6428514781552961,0,0,1,never_grasped,0,False,66,,,,,0,0,False,0,0,False,False,0.6428514122962952,0.00029098987579345703,0.8774228692054749,0,0,0.0,0,False,False,,False,80
pick_coke_can,pick_coke_can/condition_0032,32,66,False,80,0.6428514781552961,0,0,1,never_grasped,0,False,67,,,,,0,0,False,0,0,False,False,0.6428514122962952,0.00029098987579345703,0.8774228692054749,0,0,0.0,0,False,False,,False,80
pick_coke_can,pick_coke_can/condition_0032,32,67,False,80,0.6428514781552961,0,0,1,never_grasped,0,False,68,,,,,0,0,False,0,0,False,False,0.6428514122962952,0.00029098987579345703,0.8774228692054749,0,0,0.0,0,False,False,,False,80
pick_coke_can,pick_coke_can/condition_0032,32,68,False,80,0.6428514781552961,0,0,1,never_grasped,0,False,69,,,,,0,0,False,0,0,False,False,0.6428514122962952,0.00029098987579345703,0.8774228692054749,0,0,0.0,0,False,False,,False,80
pick_coke_can,pick_coke_can/condition_0032,32,69,False,80,0.6428514781552961,0,0,1,never_grasped,0,False,70,,,,,0,0,False,0,0,False,False,0.6428514122962952,0.00029098987579345703,0.8774228692054749,0,0,0.0,0,False,False,,False,80
pick_coke_can,pick_coke_can/condition_0032,32,70,False,80,0.6428514781552961,0,0,1,never_grasped,0,False,71,,,,,0,0,False,0,0,False,False,0.6428514122962952,0.00029098987579345703,0.8774228692054749,0,0,0.0,0,False,False,,False,80
pick_coke_can,pick_coke_can/condition_0032,32,71,False,80,0.6428514781552961,0,0,1,never_grasped,0,False,72,,,,,0,0,False,0,0,False,False,0.6428514122962952,0.00029098987579345703,0.8774228692054749,0,0,0.0,0,False,False,,False,80
pick_coke_can,pick_coke_can/condition_0032,32,72,False,80,0.6428514781552961,0,0,1,never_grasped,0,False,73,,,,,0,0,False,0,0,False,False,0.6428514122962952,0.00029098987579345703,0.8774228692054749,0,0,0.0,0,False,False,,False,80
pick_coke_can,pick_coke_can/condition_0032,32,73,False,80,0.6428514781552961,0,0,1,never_grasped,0,False,74,,,,,0,0,False,0,0,False,False,0.6428514122962952,0.00029098987579345703,0.8774228692054749,0,0,0.0,0,False,False,,False,80
pick_coke_can,pick_coke_can/condition_0032,32,74,False,80,0.6428514781552961,0,0,1,never_grasped,0,False,75,,,,,0,0,False,0,0,False,False,0.6428514122962952,0.00029098987579345703,0.8774228692054749,0,0,0.0,0,False,False,,False,80
pick_coke_can,pick_coke_can/condition_0032,32,75,False,80,0.6428514781552961,0,0,1,never_grasped,0,False,76,,,,,0,0,False,0,0,False,False,0.6428514122962952,0.00029098987579345703,0.8774228692054749,0,0,0.0,0,False,False,,False,80
pick_coke_can,pick_coke_can/condition_0032,32,76,False,80,0.6428514781552961,0,0,1,never_grasped,0,False,77,,,,,0,0,False,0,0,False,False,0.6428514122962952,0.00029098987579345703,0.8774228692054749,0,0,0.0,0,False,False,,False,80
pick_coke_can,pick_coke_can/condition_0032,32,77,False,80,0.6428514781552961,0,0,1,never_grasped,0,False,78,,,,,0,0,False,0,0,False,False,0.6428514122962952,0.00029098987579345703,0.8774228692054749,0,0,0.0,0,False,False,,False,80
pick_coke_can,pick_coke_can/condition_0032,32,78,False,80,0.6428514781552961,0,0,1,never_grasped,0,False,79,,,,,0,0,False,0,0,False,False,0.6428514122962952,0.00029098987579345703,0.8774228692054749,0,0,0.0,0,False,False,,False,80
pick_coke_can,pick_coke_can/condition_0032,32,79,False,80,0.6428514781552961,0,0,1,never_grasped,0,False,80,,,,,0,0,False,0,0,False,False,0.6428514122962952,0.00029098987579345703,0.8774228692054749,0,0,0.0,0,False,False,,True,80
pick_coke_can,pick_coke_can/condition_0033,33,0,False,80,0.6521453970151151,0,0,1,never_grasped,0,False,1,,,,,0,0,False,0,0,False,False,0.6428530216217041,-0.10969781875610352,0.877423107624054,0,0,0.0,0,False,False,,False,80
pick_coke_can,pick_coke_can/condition_0033,33,1,False,80,0.6521453970151151,0,0,1,never_grasped,0,False,2,,,,,0,0,False,0,0,False,False,0.6428530216217041,-0.10969781875610352,0.877423107624054,0,0,0.0,0,False,False,,False,80
pick_coke_can,pick_coke_can/condition_0033,33,2,False,80,0.6521453970151151,0,0,1,never_grasped,0,False,3,,,,,0,0,False,0,0,False,False,0.6428530216217041,-0.10969781875610352,0.877423107624054,0,0,0.0,0,False,False,,False,80
pick_coke_can,pick_coke_can/condition_0033,33,3,False,80,0.6521453970151151,0,0,1,never_grasped,0,False,4,,,,,0,0,False,0,0,False,False,0.6428530216217041,-0.10969781875610352,0.877423107624054,0,0,0.0,0,False,False,,False,80
pick_coke_can,pick_coke_can/condition_0033,33,4,False,80,0.6521453970151151,0,0,1,never_grasped,0,False,5,,,,,0,0,False,0,0,False,False,0.6428530216217041,-0.10969781875610352,0.877423107624054,0,0,0.0,0,False,False,,False,80
pick_coke_can,pick_coke_can/condition_0033,33,5,False,80,0.6521453970151151,0,0,1,never_grasped,0,False,6,,,,,0,0,False,0,0,False,False,0.6428530216217041,-0.10969781875610352,0.877423107624054,0,0,0.0,0,False,False,,False,80
pick_coke_can,pick_coke_can/condition_0033,33,6,False,80,0.6521453970151151,0,0,1,never_grasped,0,False,7,,,,,0,0,False,0,0,False,False,0.6428530216217041,-0.10969781875610352,0.877423107624054,0,0,0.0,0,False,False,,False,80
pick_coke_can,pick_coke_can/condition_0033,33,7,False,80,0.6521453970151151,0,0,1,never_grasped,0,False,8,,,,,0,0,False,0,0,False,False,0.6428530216217041,-0.10969781875610352,0.877423107624054,0,0,0.0,0,False,False,,False,80
pick_coke_can,pick_coke_can/condition_0033,33,8,False,80,0.6521453970151151,0,0,1,never_grasped,0,False,9,,,,,0,0,False,0,0,False,False,0.6428530216217041,-0.10969781875610352,0.877423107624054,0,0,0.0,0,False,False,,False,80
pick_coke_can,pick_coke_can/condition_0033,33,9,False,80,0.6521453970151151,0,0,1,never_grasped,0,False,10,,,,,0,0,False,0,0,False,False,0.6428530216217041,-0.10969781875610352,0.877423107624054,0,0,0.0,0,False,False,,False,80
pick_coke_can,pick_coke_can/condition_0033,33,10,False,80,0.6521453970151151,0,0,1,never_grasped,0,False,11,,,,,0,0,False,0,0,False,False,0.6428530216217041,-0.10969781875610352,0.877423107624054,0,0,0.0,0,False,False,,False,80
pick_coke_can,pick_coke_can/condition_0033,33,11,False,80,0.6521453970151151,0,0,1,never_grasped,0,False,12,,,,,0,0,False,0,0,False,False,0.6428530216217041,-0.10969781875610352,0.877423107624054,0,0,0.0,0,False,False,,False,80
pick_coke_can,pick_coke_can/condition_0033,33,12,False,80,0.6521453970151151,0,0,1,never_grasped,0,False,13,,,,,0,0,False,0,0,False,False,0.6428530216217041,-0.10969781875610352,0.877423107624054,0,0,0.0,0,False,False,,False,80
pick_coke_can,pick_coke_can/condition_0033,33,13,False,80,0.6521453970151151,0,0,1,never_grasped,0,False,14,,,,,0,0,False,0,0,False,False,0.6428530216217041,-0.10969781875610352,0.877423107624054,0,0,0.0,0,False,False,,False,80
pick_coke_can,pick_coke_can/condition_0033,33,14,False,80,0.6521453970151151,0,0,1,never_grasped,0,False,15,,,,,0,0,False,0,0,False,False,0.6428530216217041,-0.10969781875610352,0.877423107624054,0,0,0.0,0,False,False,,False,80
pick_coke_can,pick_coke_can/condition_0033,33,15,False,80,0.6521453970151151,0,0,1,never_grasped,0,False,16,,,,,0,0,False,0,0,False,False,0.6428530216217041,-0.10969781875610352,0.877423107624054,0,0,0.0,0,False,False,,False,80
pick_coke_can,pick_coke_can/condition_0033,33,16,False,80,0.6521453970151151,0,0,1,never_grasped,0,False,17,,,,,0,0,False,0,0,False,False,0.6428530216217041,-0.10969781875610352,0.877423107624054,0,0,0.0,0,False,False,,False,80
pick_coke_can,pick_coke_can/condition_0033,33,17,False,80,0.6521453970151151,0,0,1,never_grasped,0,False,18,,,,,0,0,False,0,0,False,False,0.6428530216217041,-0.10969781875610352,0.877423107624054,0,0,0.0,0,False,False,,False,80
pick_coke_can,pick_coke_can/condition_0033,33,18,False,80,0.6521453970151151,0,0,1,never_grasped,0,False,19,,,,,0,0,False,0,0,False,False,0.6428530216217041,-0.10969781875610352,0.877423107624054,0,0,0.0,0,False,False,,False,80
pick_coke_can,pick_coke_can/condition_0033,33,19,False,80,0.6521453970151151,0,0,1,never_grasped,0,False,20,,,,,0,0,False,0,0,False,False,0.6428530216217041,-0.10969781875610352,0.877423107624054,0,0,0.0,0,False,False,,False,80
pick_coke_can,pick_coke_can/condition_0033,33,20,False,80,0.6521453970151151,0,0,1,never_grasped,0,False,21,,,,,0,0,False,0,0,False,False,0.6428530216217041,-0.10969781875610352,0.877423107624054,0,0,0.0,0,False,False,,False,80
pick_coke_can,pick_coke_can/condition_0033,33,21,False,80,0.6521453970151151,0,0,1,never_grasped,0,False,22,,,,,0,0,False,0,0,False,False,0.6428530216217041,-0.10969781875610352,0.877423107624054,0,0,0.0,0,False,False,,False,80
pick_coke_can,pick_coke_can/condition_0033,33,22,False,80,0.6521453970151151,0,0,1,never_grasped,0,False,23,,,,,0,0,False,0,0,False,False,0.6428530216217041,-0.10969781875610352,0.877423107624054,0,0,0.0,0,False,False,,False,80
pick_coke_can,pick_coke_can/condition_0033,33,23,False,80,0.6521453970151151,0,0,1,never_grasped,0,False,24,,,,,0,0,False,0,0,False,False,0.6428530216217041,-0.10969781875610352,0.877423107624054,0,0,0.0,0,False,False,,False,80
pick_coke_can,pick_coke_can/condition_0033,33,24,False,80,0.6521453970151151,0,0,1,never_grasped,0,False,25,,,,,0,0,False,0,0,False,False,0.6428530216217041,-0.10969781875610352,0.877423107624054,0,0,0.0,0,False,False,,False,80
pick_coke_can,pick_coke_can/condition_0033,33,25,False,80,0.6521453970151151,0,0,1,never_grasped,0,False,26,,,,,0,0,False,0,0,False,False,0.6428530216217041,-0.10969781875610352,0.877423107624054,0,0,0.0,0,False,False,,False,80
pick_coke_can,pick_coke_can/condition_0033,33,26,False,80,0.6521453970151151,0,0,1,never_grasped,0,False,27,,,,,0,0,False,0,0,False,False,0.6428530216217041,-0.10969781875610352,0.877423107624054,0,0,0.0,0,False,False,,False,80
pick_coke_can,pick_coke_can/condition_0033,33,27,False,80,0.6521453970151151,0,0,1,never_grasped,0,False,28,,,,,0,0,False,0,0,False,False,0.6428530216217041,-0.10969781875610352,0.877423107624054,0,0,0.0,0,False,False,,False,80
pick_coke_can,pick_coke_can/condition_0033,33,28,False,80,0.6521453970151151,0,0,1,never_grasped,0,False,29,,,,,0,0,False,0,0,False,False,0.6428530216217041,-0.10969781875610352,0.877423107624054,0,0,0.0,0,False,False,,False,80
pick_coke_can,pick_coke_can/condition_0033,33,29,False,80,0.6521453970151151,0,0,1,never_grasped,0,False,30,,,,,0,0,False,0,0,False,False,0.6428530216217041,-0.10969781875610352,0.877423107624054,0,0,0.0,0,False,False,,False,80
pick_coke_can,pick_coke_can/condition_0033,33,30,False,80,0.6521453970151151,0,0,1,never_grasped,0,False,31,,,,,0,0,False,0,0,False,False,0.6428530216217041,-0.10969781875610352,0.877423107624054,0,0,0.0,0,False,False,,False,80
pick_coke_can,pick_coke_can/condition_0033,33,31,False,80,0.6521453970151151,0,0,1,never_grasped,0,False,32,,,,,0,0,False,0,0,False,False,0.6428530216217041,-0.10969781875610352,0.877423107624054,0,0,0.0,0,False,False,,False,80
pick_coke_can,pick_coke_can/condition_0033,33,32,False,80,0.6521453970151151,0,0,1,never_grasped,0,False,33,,,,,0,0,False,0,0,False,False,0.6428530216217041,-0.10969781875610352,0.877423107624054,0,0,0.0,0,False,False,,False,80
pick_coke_can,pick_coke_can/condition_0033,33,33,False,80,0.6521453970151151,0,0,1,never_grasped,0,False,34,,,,,0,0,False,0,0,False,False,0.6428530216217041,-0.10969781875610352,0.877423107624054,0,0,0.0,0,False,False,,False,80
pick_coke_can,pick_coke_can/condition_0033,33,34,False,80,0.6521453970151151,0,0,1,never_grasped,0,False,35,,,,,0,0,False,0,0,False,False,0.6428530216217041,-0.10969781875610352,0.877423107624054,0,0,0.0,0,False,False,,False,80
pick_coke_can,pick_coke_can/condition_0033,33,35,False,80,0.6521453970151151,0,0,1,never_grasped,0,False,36,,,,,0,0,False,0,0,False,False,0.6428530216217041,-0.10969781875610352,0.877423107624054,0,0,0.0,0,False,False,,False,80
pick_coke_can,pick_coke_can/condition_0033,33,36,False,80,0.6521453970151151,0,0,1,never_grasped,0,False,37,,,,,0,0,False,0,0,False,False,0.6428530216217041,-0.10969781875610352,0.877423107624054,0,0,0.0,0,False,False,,False,80
pick_coke_can,pick_coke_can/condition_0033,33,37,False,80,0.6521453970151151,0,0,1,never_grasped,0,False,38,,,,,0,0,False,0,0,False,False,0.6428530216217041,-0.10969781875610352,0.877423107624054,0,0,0.0,0,False,False,,False,80
pick_coke_can,pick_coke_can/condition_0033,33,38,False,80,0.6521453970151151,0,0,1,never_grasped,0,False,39,,,,,0,0,False,0,0,False,False,0.6428530216217041,-0.10969781875610352,0.877423107624054,0,0,0.0,0,False,False,,False,80
pick_coke_can,pick_coke_can/condition_0033,33,39,False,80,0.6521453970151151,0,0,1,never_grasped,0,False,40,,,,,0,0,False,0,0,False,False,0.6428530216217041,-0.10969781875610352,0.877423107624054,0,0,0.0,0,False,False,,False,80
pick_coke_can,pick_coke_can/condition_0033,33,40,False,80,0.6521453970151151,0,0,1,never_grasped,0,False,41,,,,,0,0,False,0,0,False,False,0.6428530216217041,-0.10969781875610352,0.877423107624054,0,0,0.0,0,False,False,,False,80
pick_coke_can,pick_coke_can/condition_0033,33,41,False,80,0.6521453970151151,0,0,1,never_grasped,0,False,42,,,,,0,0,False,0,0,False,False,0.6428530216217041,-0.10969781875610352,0.877423107624054,0,0,0.0,0,False,False,,False,80
pick_coke_can,pick_coke_can/condition_0033,33,42,False,80,0.6521453970151151,0,0,1,never_grasped,0,False,43,,,,,0,0,False,0,0,False,False,0.6428530216217041,-0.10969781875610352,0.877423107624054,0,0,0.0,0,False,False,,False,80
pick_coke_can,pick_coke_can/condition_0033,33,43,False,80,0.6521453970151151,0,0,1,never_grasped,0,False,44,,,,,0,0,False,0,0,False,False,0.6428530216217041,-0.10969781875610352,0.877423107624054,0,0,0.0,0,False,False,,False,80
pick_coke_can,pick_coke_can/condition_0033,33,44,False,80,0.6521453970151151,0,0,1,never_grasped,0,False,45,,,,,0,0,False,0,0,False,False,0.6428530216217041,-0.10969781875610352,0.877423107624054,0,0,0.0,0,False,False,,False,80
pick_coke_can,pick_coke_can/condition_0033,33,45,False,80,0.6521453970151151,0,0,1,never_grasped,0,False,46,,,,,0,0,False,0,0,False,False,0.6428530216217041,-0.10969781875610352,0.877423107624054,0,0,0.0,0,False,False,,False,80
pick_coke_can,pick_coke_can/condition_0033,33,46,False,80,0.6521453970151151,0,0,1,never_grasped,0,False,47,,,,,0,0,False,0,0,False,False,0.6428530216217041,-0.10969781875610352,0.877423107624054,0,0,0.0,0,False,False,,False,80
pick_coke_can,pick_coke_can/condition_0033,33,47,False,80,0.6521453970151151,0,0,1,never_grasped,0,False,48,,,,,0,0,False,0,0,False,False,0.6428530216217041,-0.10969781875610352,0.877423107624054,0,0,0.0,0,False,False,,False,80
pick_coke_can,pick_coke_can/condition_0033,33,48,False,80,0.6521453970151151,0,0,1,never_grasped,0,False,49,,,,,0,0,False,0,0,False,False,0.6428530216217041,-0.10969781875610352,0.877423107624054,0,0,0.0,0,False,False,,False,80
pick_coke_can,pick_coke_can/condition_0033,33,49,False,80,0.6521453970151151,0,0,1,never_grasped,0,False,50,,,,,0,0,False,0,0,False,False,0.6428530216217041,-0.10969781875610352,0.877423107624054,0,0,0.0,0,False,False,,False,80
pick_coke_can,pick_coke_can/condition_0033,33,50,False,80,0.6521453970151151,0,0,1,never_grasped,0,False,51,,,,,0,0,False,0,0,False,False,0.6428530216217041,-0.10969781875610352,0.877423107624054,0,0,0.0,0,False,False,,False,80
pick_coke_can,pick_coke_can/condition_0033,33,51,False,80,0.6521453970151151,0,0,1,never_grasped,0,False,52,,,,,0,0,False,0,0,False,False,0.6428530216217041,-0.10969781875610352,0.877423107624054,0,0,0.0,0,False,False,,False,80
pick_coke_can,pick_coke_can/condition_0033,33,52,False,80,0.6521453970151151,0,0,1,never_grasped,0,False,53,,,,,0,0,False,0,0,False,False,0.6428530216217041,-0.10969781875610352,0.877423107624054,0,0,0.0,0,False,False,,False,80
pick_coke_can,pick_coke_can/condition_0033,33,53,False,80,0.6521453970151151,0,0,1,never_grasped,0,False,54,,,,,0,0,False,0,0,False,False,0.6428530216217041,-0.10969781875610352,0.877423107624054,0,0,0.0,0,False,False,,False,80
pick_coke_can,pick_coke_can/condition_0033,33,54,False,80,0.6521453970151151,0,0,1,never_grasped,0,False,55,,,,,0,0,False,0,0,False,False,0.6428530216217041,-0.10969781875610352,0.877423107624054,0,0,0.0,0,False,False,,False,80
pick_coke_can,pick_coke_can/condition_0033,33,55,False,80,0.6521453970151151,0,0,1,never_grasped,0,False,56,,,,,0,0,False,0,0,False,False,0.6428530216217041,-0.10969781875610352,0.877423107624054,0,0,0.0,0,False,False,,False,80
pick_coke_can,pick_coke_can/condition_0033,33,56,False,80,0.6521453970151151,0,0,1,never_grasped,0,False,57,,,,,0,0,False,0,0,False,False,0.6428530216217041,-0.10969781875610352,0.877423107624054,0,0,0.0,0,False,False,,False,80
pick_coke_can,pick_coke_can/condition_0033,33,57,False,80,0.6521453970151151,0,0,1,never_grasped,0,False,58,,,,,0,0,False,0,0,False,False,0.6428530216217041,-0.10969781875610352,0.877423107624054,0,0,0.0,0,False,False,,False,80
pick_coke_can,pick_coke_can/condition_0033,33,58,False,80,0.6521453970151151,0,0,1,never_grasped,0,False,59,,,,,0,0,False,0,0,False,False,0.6428530216217041,-0.10969781875610352,0.877423107624054,0,0,0.0,0,False,False,,False,80
pick_coke_can,pick_coke_can/condition_0033,33,59,False,80,0.6521453970151151,0,0,1,never_grasped,0,False,60,,,,,0,0,False,0,0,False,False,0.6428530216217041,-0.10969781875610352,0.877423107624054,0,0,0.0,0,False,False,,False,80
pick_coke_can,pick_coke_can/condition_0033,33,60,False,80,0.6521453970151151,0,0,1,never_grasped,0,False,61,,,,,0,0,False,0,0,False,False,0.6428530216217041,-0.10969781875610352,0.877423107624054,0,0,0.0,0,False,False,,False,80
pick_coke_can,pick_coke_can/condition_0033,33,61,False,80,0.6521453970151151,0,0,1,never_grasped,0,False,62,,,,,0,0,False,0,0,False,False,0.6428530216217041,-0.10969781875610352,0.877423107624054,0,0,0.0,0,False,False,,False,80
pick_coke_can,pick_coke_can/condition_0033,33,62,False,80,0.6521453970151151,0,0,1,never_grasped,0,False,63,,,,,0,0,False,0,0,False,False,0.6428530216217041,-0.10969781875610352,0.877423107624054,0,0,0.0,0,False,False,,False,80
pick_coke_can,pick_coke_can/condition_0033,33,63,False,80,0.6521453970151151,0,0,1,never_grasped,0,False,64,,,,,0,0,False,0,0,False,False,0.6428530216217041,-0.10969781875610352,0.877423107624054,0,0,0.0,0,False,False,,False,80
pick_coke_can,pick_coke_can/condition_0033,33,64,False,80,0.6521453970151151,0,0,1,never_grasped,0,False,65,,,,,0,0,False,0,0,False,False,0.6428530216217041,-0.10969781875610352,0.877423107624054,0,0,0.0,0,False,False,,False,80
pick_coke_can,pick_coke_can/condition_0033,33,65,False,80,0.6521453970151151,0,0,1,never_grasped,0,False,66,,,,,0,0,False,0,0,False,False,0.6428530216217041,-0.10969781875610352,0.877423107624054,0,0,0.0,0,False,False,,False,80
pick_coke_can,pick_coke_can/condition_0033,33,66,False,80,0.6521453970151151,0,0,1,never_grasped,0,False,67,,,,,0,0,False,0,0,False,False,0.6428530216217041,-0.10969781875610352,0.877423107624054,0,0,0.0,0,False,False,,False,80
pick_coke_can,pick_coke_can/condition_0033,33,67,False,80,0.6521453970151151,0,0,1,never_grasped,0,False,68,,,,,0,0,False,0,0,False,False,0.6428530216217041,-0.10969781875610352,0.877423107624054,0,0,0.0,0,False,False,,False,80
pick_coke_can,pick_coke_can/condition_0033,33,68,False,80,0.6521453970151151,0,0,1,never_grasped,0,False,69,,,,,0,0,False,0,0,False,False,0.6428530216217041,-0.10969781875610352,0.877423107624054,0,0,0.0,0,False,False,,False,80
pick_coke_can,pick_coke_can/condition_0033,33,69,False,80,0.6521453970151151,0,0,1,never_grasped,0,False,70,,,,,0,0,False,0,0,False,False,0.6428530216217041,-0.10969781875610352,0.877423107624054,0,0,0.0,0,False,False,,False,80
pick_coke_can,pick_coke_can/condition_0033,33,70,False,80,0.6521453970151151,0,0,1,never_grasped,0,False,71,,,,,0,0,False,0,0,False,False,0.6428530216217041,-0.10969781875610352,0.877423107624054,0,0,0.0,0,False,False,,False,80
pick_coke_can,pick_coke_can/condition_0033,33,71,False,80,0.6521453970151151,0,0,1,never_grasped,0,False,72,,,,,0,0,False,0,0,False,False,0.6428530216217041,-0.10969781875610352,0.877423107624054,0,0,0.0,0,False,False,,False,80
pick_coke_can,pick_coke_can/condition_0033,33,72,False,80,0.6521453970151151,0,0,1,never_grasped,0,False,73,,,,,0,0,False,0,0,False,False,0.6428530216217041,-0.10969781875610352,0.877423107624054,0,0,0.0,0,False,False,,False,80
pick_coke_can,pick_coke_can/condition_0033,33,73,False,80,0.6521453970151151,0,0,1,never_grasped,0,False,74,,,,,0,0,False,0,0,False,False,0.6428530216217041,-0.10969781875610352,0.877423107624054,0,0,0.0,0,False,False,,False,80
pick_coke_can,pick_coke_can/condition_0033,33,74,False,80,0.6521453970151151,0,0,1,never_grasped,0,False,75,,,,,0,0,False,0,0,False,False,0.6428530216217041,-0.10969781875610352,0.877423107624054,0,0,0.0,0,False,False,,False,80
pick_coke_can,pick_coke_can/condition_0033,33,75,False,80,0.6521453970151151,0,0,1,never_grasped,0,False,76,,,,,0,0,False,0,0,False,False,0.6428530216217041,-0.10969781875610352,0.877423107624054,0,0,0.0,0,False,False,,False,80
pick_coke_can,pick_coke_can/condition_0033,33,76,False,80,0.6521453970151151,0,0,1,never_grasped,0,False,77,,,,,0,0,False,0,0,False,False,0.6428530216217041,-0.10969781875610352,0.877423107624054,0,0,0.0,0,False,False,,False,80
pick_coke_can,pick_coke_can/condition_0033,33,77,False,80,0.6521453970151151,0,0,1,never_grasped,0,False,78,,,,,0,0,False,0,0,False,False,0.6428530216217041,-0.10969781875610352,0.877423107624054,0,0,0.0,0,False,False,,False,80
pick_coke_can,pick_coke_can/condition_0033,33,78,False,80,0.6521453970151151,0,0,1,never_grasped,0,False,79,,,,,0,0,False,0,0,False,False,0.6428530216217041,-0.10969781875610352,0.877423107624054,0,0,0.0,0,False,False,,False,80
pick_coke_can,pick_coke_can/condition_0033,33,79,False,80,0.6521453970151151,0,0,1,never_grasped,0,False,80,,,,,0,0,False,0,0,False,False,0.6428530216217041,-0.10969781875610352,0.877423107624054,0,0,0.0,0,False,False,,True,80
pick_coke_can,pick_coke_can/condition_0034,34,0,False,80,0.6793591683265366,0,0,1,never_grasped,0,False,1,,,,,0,0,False,0,0,False,False,0.6428512334823608,-0.21970701217651367,0.8774229884147644,0,0,0.0,0,False,False,,False,80
pick_coke_can,pick_coke_can/condition_0034,34,1,False,80,0.6793591683265366,0,0,1,never_grasped,0,False,2,,,,,0,0,False,0,0,False,False,0.6428512334823608,-0.21970701217651367,0.8774229884147644,0,0,0.0,0,False,False,,False,80
pick_coke_can,pick_coke_can/condition_0034,34,2,False,80,0.6793591683265366,0,0,1,never_grasped,0,False,3,,,,,0,0,False,0,0,False,False,0.6428512334823608,-0.21970701217651367,0.8774229884147644,0,0,0.0,0,False,False,,False,80
pick_coke_can,pick_coke_can/condition_0034,34,3,False,80,0.6793591683265366,0,0,1,never_grasped,0,False,4,,,,,0,0,False,0,0,False,False,0.6428512334823608,-0.21970701217651367,0.8774229884147644,0,0,0.0,0,False,False,,False,80
pick_coke_can,pick_coke_can/condition_0034,34,4,False,80,0.6793591683265366,0,0,1,never_grasped,0,False,5,,,,,0,0,False,0,0,False,False,0.6428512334823608,-0.21970701217651367,0.8774229884147644,0,0,0.0,0,False,False,,False,80
pick_coke_can,pick_coke_can/condition_0034,34,5,False,80,0.6793591683265366,0,0,1,never_grasped,0,False,6,,,,,0,0,False,0,0,False,False,0.6428512334823608,-0.21970701217651367,0.8774229884147644,0,0,0.0,0,False,False,,False,80
pick_coke_can,pick_coke_can/condition_0034,34,6,False,80,0.6793591683265366,0,0,1,never_grasped,0,False,7,,,,,0,0,False,0,0,False,False,0.6428512334823608,-0.21970701217651367,0.8774229884147644,0,0,0.0,0,False,False,,False,80
pick_coke_can,pick_coke_can/condition_0034,34,7,False,80,0.6793591683265366,0,0,1,never_grasped,0,False,8,,,,,0,0,False,0,0,False,False,0.6428512334823608,-0.21970701217651367,0.8774229884147644,0,0,0.0,0,False,False,,False,80
pick_coke_can,pick_coke_can/condition_0034,34,8,False,80,0.6793591683265366,0,0,1,never_grasped,0,False,9,,,,,0,0,False,0,0,False,False,0.6428512334823608,-0.21970701217651367,0.8774229884147644,0,0,0.0,0,False,False,,False,80
pick_coke_can,pick_coke_can/condition_0034,34,9,False,80,0.6793591683265366,0,0,1,never_grasped,0,False,10,,,,,0,0,False,0,0,False,False,0.6428512334823608,-0.21970701217651367,0.8774229884147644,0,0,0.0,0,False,False,,False,80
pick_coke_can,pick_coke_can/condition_0034,34,10,False,80,0.6793591683265366,0,0,1,never_grasped,0,False,11,,,,,0,0,False,0,0,False,False,0.6428512334823608,-0.21970701217651367,0.8774229884147644,0,0,0.0,0,False,False,,False,80
pick_coke_can,pick_coke_can/condition_0034,34,11,False,80,0.6793591683265366,0,0,1,never_grasped,0,False,12,,,,,0,0,False,0,0,False,False,0.6428512334823608,-0.21970701217651367,0.8774229884147644,0,0,0.0,0,False,False,,False,80
pick_coke_can,pick_coke_can/condition_0034,34,12,False,80,0.6793591683265366,0,0,1,never_grasped,0,False,13,,,,,0,0,False,0,0,False,False,0.6428512334823608,-0.21970701217651367,0.8774229884147644,0,0,0.0,0,False,False,,False,80
pick_coke_can,pick_coke_can/condition_0034,34,13,False,80,0.6793591683265366,0,0,1,never_grasped,0,False,14,,,,,0,0,False,0,0,False,False,0.6428512334823608,-0.21970701217651367,0.8774229884147644,0,0,0.0,0,False,False,,False,80
pick_coke_can,pick_coke_can/condition_0034,34,14,False,80,0.6793591683265366,0,0,1,never_grasped,0,False,15,,,,,0,0,False,0,0,False,False,0.6428512334823608,-0.21970701217651367,0.8774229884147644,0,0,0.0,0,False,False,,False,80
pick_coke_can,pick_coke_can/condition_0034,34,15,False,80,0.6793591683265366,0,0,1,never_grasped,0,False,16,,,,,0,0,False,0,0,False,False,0.6428512334823608,-0.21970701217651367,0.8774229884147644,0,0,0.0,0,False,False,,False,80
pick_coke_can,pick_coke_can/condition_0034,34,16,False,80,0.6793591683265366,0,0,1,never_grasped,0,False,17,,,,,0,0,False,0,0,False,False,0.6428512334823608,-0.21970701217651367,0.8774229884147644,0,0,0.0,0,False,False,,False,80
pick_coke_can,pick_coke_can/condition_0034,34,17,False,80,0.6793591683265366,0,0,1,never_grasped,0,False,18,,,,,0,0,False,0,0,False,False,0.6428512334823608,-0.21970701217651367,0.8774229884147644,0,0,0.0,0,False,False,,False,80
pick_coke_can,pick_coke_can/condition_0034,34,18,False,80,0.6793591683265366,0,0,1,never_grasped,0,False,19,,,,,0,0,False,0,0,False,False,0.6428512334823608,-0.21970701217651367,0.8774229884147644,0,0,0.0,0,False,False,,False,80
pick_coke_can,pick_coke_can/condition_0034,34,19,False,80,0.6793591683265366,0,0,1,never_grasped,0,False,20,,,,,0,0,False,0,0,False,False,0.6428512334823608,-0.21970701217651367,0.8774229884147644,0,0,0.0,0,False,False,,False,80
pick_coke_can,pick_coke_can/condition_0034,34,20,False,80,0.6793591683265366,0,0,1,never_grasped,0,False,21,,,,,0,0,False,0,0,False,False,0.6428512334823608,-0.21970701217651367,0.8774229884147644,0,0,0.0,0,False,False,,False,80
pick_coke_can,pick_coke_can/condition_0034,34,21,False,80,0.6793591683265366,0,0,1,never_grasped,0,False,22,,,,,0,0,False,0,0,False,False,0.6428512334823608,-0.21970701217651367,0.8774229884147644,0,0,0.0,0,False,False,,False,80
pick_coke_can,pick_coke_can/condition_0034,34,22,False,80,0.6793591683265366,0,0,1,never_grasped,0,False,23,,,,,0,0,False,0,0,False,False,0.6428512334823608,-0.21970701217651367,0.8774229884147644,0,0,0.0,0,False,False,,False,80
pick_coke_can,pick_coke_can/condition_0034,34,23,False,80,0.6793591683265366,0,0,1,never_grasped,0,False,24,,,,,0,0,False,0,0,False,False,0.6428512334823608,-0.21970701217651367,0.8774229884147644,0,0,0.0,0,False,False,,False,80
pick_coke_can,pick_coke_can/condition_0034,34,24,False,80,0.6793591683265366,0,0,1,never_grasped,0,False,25,,,,,0,0,False,0,0,False,False,0.6428512334823608,-0.21970701217651367,0.8774229884147644,0,0,0.0,0,False,False,,False,80
pick_coke_can,pick_coke_can/condition_0034,34,25,False,80,0.6793591683265366,0,0,1,never_grasped,0,False,26,,,,,0,0,False,0,0,False,False,0.6428512334823608,-0.21970701217651367,0.8774229884147644,0,0,0.0,0,False,False,,False,80
pick_coke_can,pick_coke_can/condition_0034,34,26,False,80,0.6793591683265366,0,0,1,never_grasped,0,False,27,,,,,0,0,False,0,0,False,False,0.6428512334823608,-0.21970701217651367,0.8774229884147644,0,0,0.0,0,False,False,,False,80
pick_coke_can,pick_coke_can/condition_0034,34,27,False,80,0.6793591683265366,0,0,1,never_grasped,0,False,28,,,,,0,0,False,0,0,False,False,0.6428512334823608,-0.21970701217651367,0.8774229884147644,0,0,0.0,0,False,False,,False,80
pick_coke_can,pick_coke_can/condition_0034,34,28,False,80,0.6793591683265366,0,0,1,never_grasped,0,False,29,,,,,0,0,False,0,0,False,False,0.6428512334823608,-0.21970701217651367,0.8774229884147644,0,0,0.0,0,False,False,,False,80
pick_coke_can,pick_coke_can/condition_0034,34,29,False,80,0.6793591683265366,0,0,1,never_grasped,0,False,30,,,,,0,0,False,0,0,False,False,0.6428512334823608,-0.21970701217651367,0.8774229884147644,0,0,0.0,0,False,False,,False,80
pick_coke_can,pick_coke_can/condition_0034,34,30,False,80,0.6793591683265366,0,0,1,never_grasped,0,False,31,,,,,0,0,False,0,0,False,False,0.6428512334823608,-0.21970701217651367,0.8774229884147644,0,0,0.0,0,False,False,,False,80
pick_coke_can,pick_coke_can/condition_0034,34,31,False,80,0.6793591683265366,0,0,1,never_grasped,0,False,32,,,,,0,0,False,0,0,False,False,0.6428512334823608,-0.21970701217651367,0.8774229884147644,0,0,0.0,0,False,False,,False,80
pick_coke_can,pick_coke_can/condition_0034,34,32,False,80,0.6793591683265366,0,0,1,never_grasped,0,False,33,,,,,0,0,False,0,0,False,False,0.6428512334823608,-0.21970701217651367,0.8774229884147644,0,0,0.0,0,False,False,,False,80
pick_coke_can,pick_coke_can/condition_0034,34,33,False,80,0.6793591683265366,0,0,1,never_grasped,0,False,34,,,,,0,0,False,0,0,False,False,0.6428512334823608,-0.21970701217651367,0.8774229884147644,0,0,0.0,0,False,False,,False,80
pick_coke_can,pick_coke_can/condition_0034,34,34,False,80,0.6793591683265366,0,0,1,never_grasped,0,False,35,,,,,0,0,False,0,0,False,False,0.6428512334823608,-0.21970701217651367,0.8774229884147644,0,0,0.0,0,False,False,,False,80
pick_coke_can,pick_coke_can/condition_0034,34,35,False,80,0.6793591683265366,0,0,1,never_grasped,0,False,36,,,,,0,0,False,0,0,False,False,0.6428512334823608,-0.21970701217651367,0.8774229884147644,0,0,0.0,0,False,False,,False,80
pick_coke_can,pick_coke_can/condition_0034,34,36,False,80,0.6793591683265366,0,0,1,never_grasped,0,False,37,,,,,0,0,False,0,0,False,False,0.6428512334823608,-0.21970701217651367,0.8774229884147644,0,0,0.0,0,False,False,,False,80
pick_coke_can,pick_coke_can/condition_0034,34,37,False,80,0.6793591683265366,0,0,1,never_grasped,0,False,38,,,,,0,0,False,0,0,False,False,0.6428512334823608,-0.21970701217651367,0.8774229884147644,0,0,0.0,0,False,False,,False,80
pick_coke_can,pick_coke_can/condition_0034,34,38,False,80,0.6793591683265366,0,0,1,never_grasped,0,False,39,,,,,0,0,False,0,0,False,False,0.6428512334823608,-0.21970701217651367,0.8774229884147644,0,0,0.0,0,False,False,,False,80
pick_coke_can,pick_coke_can/condition_0034,34,39,False,80,0.6793591683265366,0,0,1,never_grasped,0,False,40,,,,,0,0,False,0,0,False,False,0.6428512334823608,-0.21970701217651367,0.8774229884147644,0,0,0.0,0,False,False,,False,80
pick_coke_can,pick_coke_can/condition_0034,34,40,False,80,0.6793591683265366,0,0,1,never_grasped,0,False,41,,,,,0,0,False,0,0,False,False,0.6428512334823608,-0.21970701217651367,0.8774229884147644,0,0,0.0,0,False,False,,False,80
pick_coke_can,pick_coke_can/condition_0034,34,41,False,80,0.6793591683265366,0,0,1,never_grasped,0,False,42,,,,,0,0,False,0,0,False,False,0.6428512334823608,-0.21970701217651367,0.8774229884147644,0,0,0.0,0,False,False,,False,80
pick_coke_can,pick_coke_can/condition_0034,34,42,False,80,0.6793591683265366,0,0,1,never_grasped,0,False,43,,,,,0,0,False,0,0,False,False,0.6428512334823608,-0.21970701217651367,0.8774229884147644,0,0,0.0,0,False,False,,False,80
pick_coke_can,pick_coke_can/condition_0034,34,43,False,80,0.6793591683265366,0,0,1,never_grasped,0,False,44,,,,,0,0,False,0,0,False,False,0.6428512334823608,-0.21970701217651367,0.8774229884147644,0,0,0.0,0,False,False,,False,80
pick_coke_can,pick_coke_can/condition_0034,34,44,False,80,0.6793591683265366,0,0,1,never_grasped,0,False,45,,,,,0,0,False,0,0,False,False,0.6428512334823608,-0.21970701217651367,0.8774229884147644,0,0,0.0,0,False,False,,False,80
pick_coke_can,pick_coke_can/condition_0034,34,45,False,80,0.6793591683265366,0,0,1,never_grasped,0,False,46,,,,,0,0,False,0,0,False,False,0.6428512334823608,-0.21970701217651367,0.8774229884147644,0,0,0.0,0,False,False,,False,80
pick_coke_can,pick_coke_can/condition_0034,34,46,False,80,0.6793591683265366,0,0,1,never_grasped,0,False,47,,,,,0,0,False,0,0,False,False,0.6428512334823608,-0.21970701217651367,0.8774229884147644,0,0,0.0,0,False,False,,False,80
pick_coke_can,pick_coke_can/condition_0034,34,47,False,80,0.6793591683265366,0,0,1,never_grasped,0,False,48,,,,,0,0,False,0,0,False,False,0.6428512334823608,-0.21970701217651367,0.8774229884147644,0,0,0.0,0,False,False,,False,80
pick_coke_can,pick_coke_can/condition_0034,34,48,False,80,0.6793591683265366,0,0,1,never_grasped,0,False,49,,,,,0,0,False,0,0,False,False,0.6428512334823608,-0.21970701217651367,0.8774229884147644,0,0,0.0,0,False,False,,False,80
pick_coke_can,pick_coke_can/condition_0034,34,49,False,80,0.6793591683265366,0,0,1,never_grasped,0,False,50,,,,,0,0,False,0,0,False,False,0.6428512334823608,-0.21970701217651367,0.8774229884147644,0,0,0.0,0,False,False,,False,80
pick_coke_can,pick_coke_can/condition_0034,34,50,False,80,0.6793591683265366,0,0,1,never_grasped,0,False,51,,,,,0,0,False,0,0,False,False,0.6428512334823608,-0.21970701217651367,0.8774229884147644,0,0,0.0,0,False,False,,False,80
pick_coke_can,pick_coke_can/condition_0034,34,51,False,80,0.6793591683265366,0,0,1,never_grasped,0,False,52,,,,,0,0,False,0,0,False,False,0.6428512334823608,-0.21970701217651367,0.8774229884147644,0,0,0.0,0,False,False,,False,80
pick_coke_can,pick_coke_can/condition_0034,34,52,False,80,0.6793591683265366,0,0,1,never_grasped,0,False,53,,,,,0,0,False,0,0,False,False,0.6428512334823608,-0.21970701217651367,0.8774229884147644,0,0,0.0,0,False,False,,False,80
pick_coke_can,pick_coke_can/condition_0034,34,53,False,80,0.6793591683265366,0,0,1,never_grasped,0,False,54,,,,,0,0,False,0,0,False,False,0.6428512334823608,-0.21970701217651367,0.8774229884147644,0,0,0.0,0,False,False,,False,80
pick_coke_can,pick_coke_can/condition_0034,34,54,False,80,0.6793591683265366,0,0,1,never_grasped,0,False,55,,,,,0,0,False,0,0,False,False,0.6428512334823608,-0.21970701217651367,0.8774229884147644,0,0,0.0,0,False,False,,False,80
pick_coke_can,pick_coke_can/condition_0034,34,55,False,80,0.6793591683265366,0,0,1,never_grasped,0,False,56,,,,,0,0,False,0,0,False,False,0.6428512334823608,-0.21970701217651367,0.8774229884147644,0,0,0.0,0,False,False,,False,80
pick_coke_can,pick_coke_can/condition_0034,34,56,False,80,0.6793591683265366,0,0,1,never_grasped,0,False,57,,,,,0,0,False,0,0,False,False,0.6428512334823608,-0.21970701217651367,0.8774229884147644,0,0,0.0,0,False,False,,False,80
pick_coke_can,pick_coke_can/condition_0034,34,57,False,80,0.6793591683265366,0,0,1,never_grasped,0,False,58,,,,,0,0,False,0,0,False,False,0.6428512334823608,-0.21970701217651367,0.8774229884147644,0,0,0.0,0,False,False,,False,80
pick_coke_can,pick_coke_can/condition_0034,34,58,False,80,0.6793591683265366,0,0,1,never_grasped,0,False,59,,,,,0,0,False,0,0,False,False,0.6428512334823608,-0.21970701217651367,0.8774229884147644,0,0,0.0,0,False,False,,False,80
pick_coke_can,pick_coke_can/condition_0034,34,59,False,80,0.6793591683265366,0,0,1,never_grasped,0,False,60,,,,,0,0,False,0,0,False,False,0.6428512334823608,-0.21970701217651367,0.8774229884147644,0,0,0.0,0,False,False,,False,80
pick_coke_can,pick_coke_can/condition_0034,34,60,False,80,0.6793591683265366,0,0,1,never_grasped,0,False,61,,,,,0,0,False,0,0,False,False,0.6428512334823608,-0.21970701217651367,0.8774229884147644,0,0,0.0,0,False,False,,False,80
pick_coke_can,pick_coke_can/condition_0034,34,61,False,80,0.6793591683265366,0,0,1,never_grasped,0,False,62,,,,,0,0,False,0,0,False,False,0.6428512334823608,-0.21970701217651367,0.8774229884147644,0,0,0.0,0,False,False,,False,80
pick_coke_can,pick_coke_can/condition_0034,34,62,False,80,0.6793591683265366,0,0,1,never_grasped,0,False,63,,,,,0,0,False,0,0,False,False,0.6428512334823608,-0.21970701217651367,0.8774229884147644,0,0,0.0,0,False,False,,False,80
pick_coke_can,pick_coke_can/condition_0034,34,63,False,80,0.6793591683265366,0,0,1,never_grasped,0,False,64,,,,,0,0,False,0,0,False,False,0.6428512334823608,-0.21970701217651367,0.8774229884147644,0,0,0.0,0,False,False,,False,80
pick_coke_can,pick_coke_can/condition_0034,34,64,False,80,0.6793591683265366,0,0,1,never_grasped,0,False,65,,,,,0,0,False,0,0,False,False,0.6428512334823608,-0.21970701217651367,0.8774229884147644,0,0,0.0,0,False,False,,False,80
pick_coke_can,pick_coke_can/condition_0034,34,65,False,80,0.6793591683265366,0,0,1,never_grasped,0,False,66,,,,,0,0,False,0,0,False,False,0.6428512334823608,-0.21970701217651367,0.8774229884147644,0,0,0.0,0,False,False,,False,80
pick_coke_can,pick_coke_can/condition_0034,34,66,False,80,0.6793591683265366,0,0,1,never_grasped,0,False,67,,,,,0,0,False,0,0,False,False,0.6428512334823608,-0.21970701217651367,0.8774229884147644,0,0,0.0,0,False,False,,False,80
pick_coke_can,pick_coke_can/condition_0034,34,67,False,80,0.6793591683265366,0,0,1,never_grasped,0,False,68,,,,,0,0,False,0,0,False,False,0.6428512334823608,-0.21970701217651367,0.8774229884147644,0,0,0.0,0,False,False,,False,80
pick_coke_can,pick_coke_can/condition_0034,34,68,False,80,0.6793591683265366,0,0,1,never_grasped,0,False,69,,,,,0,0,False,0,0,False,False,0.6428512334823608,-0.21970701217651367,0.8774229884147644,0,0,0.0,0,False,False,,False,80
pick_coke_can,pick_coke_can/condition_0034,34,69,False,80,0.6793591683265366,0,0,1,never_grasped,0,False,70,,,,,0,0,False,0,0,False,False,0.6428512334823608,-0.21970701217651367,0.8774229884147644,0,0,0.0,0,False,False,,False,80
pick_coke_can,pick_coke_can/condition_0034,34,70,False,80,0.6793591683265366,0,0,1,never_grasped,0,False,71,,,,,0,0,False,0,0,False,False,0.6428512334823608,-0.21970701217651367,0.8774229884147644,0,0,0.0,0,False,False,,False,80
pick_coke_can,pick_coke_can/condition_0034,34,71,False,80,0.6793591683265366,0,0,1,never_grasped,0,False,72,,,,,0,0,False,0,0,False,False,0.6428512334823608,-0.21970701217651367,0.8774229884147644,0,0,0.0,0,False,False,,False,80
pick_coke_can,pick_coke_can/condition_0034,34,72,False,80,0.6793591683265366,0,0,1,never_grasped,0,False,73,,,,,0,0,False,0,0,False,False,0.6428512334823608,-0.21970701217651367,0.8774229884147644,0,0,0.0,0,False,False,,False,80
pick_coke_can,pick_coke_can/condition_0034,34,73,False,80,0.6793591683265366,0,0,1,never_grasped,0,False,74,,,,,0,0,False,0,0,False,False,0.6428512334823608,-0.21970701217651367,0.8774229884147644,0,0,0.0,0,False,False,,False,80
pick_coke_can,pick_coke_can/condition_0034,34,74,False,80,0.6793591683265366,0,0,1,never_grasped,0,False,75,,,,,0,0,False,0,0,False,False,0.6428512334823608,-0.21970701217651367,0.8774229884147644,0,0,0.0,0,False,False,,False,80
pick_coke_can,pick_coke_can/condition_0034,34,75,False,80,0.6793591683265366,0,0,1,never_grasped,0,False,76,,,,,0,0,False,0,0,False,False,0.6428512334823608,-0.21970701217651367,0.8774229884147644,0,0,0.0,0,False,False,,False,80
pick_coke_can,pick_coke_can/condition_0034,34,76,False,80,0.6793591683265366,0,0,1,never_grasped,0,False,77,,,,,0,0,False,0,0,False,False,0.6428512334823608,-0.21970701217651367,0.8774229884147644,0,0,0.0,0,False,False,,False,80
pick_coke_can,pick_coke_can/condition_0034,34,77,False,80,0.6793591683265366,0,0,1,never_grasped,0,False,78,,,,,0,0,False,0,0,False,False,0.6428512334823608,-0.21970701217651367,0.8774229884147644,0,0,0.0,0,False,False,,False,80
pick_coke_can,pick_coke_can/condition_0034,34,78,False,80,0.6793591683265366,0,0,1,never_grasped,0,False,79,,,,,0,0,False,0,0,False,False,0.6428512334823608,-0.21970701217651367,0.8774229884147644,0,0,0.0,0,False,False,,False,80
pick_coke_can,pick_coke_can/condition_0034,34,79,False,80,0.6793591683265366,0,0,1,never_grasped,0,False,80,,,,,0,0,False,0,0,False,False,0.6428512334823608,-0.21970701217651367,0.8774229884147644,0,0,0.0,0,False,False,,True,80
pick_coke_can,pick_coke_can/condition_0035,35,0,True,44,0.625416300617367,0,0,0,success,0,False,1,43,43,,43,1,0,False,1,0,False,False,0.5853354930877686,0.22029051184654236,0.8774228096008301,0,0,0.0,0,False,False,,False,80
pick_coke_can,pick_coke_can/condition_0035,35,1,True,44,0.625416300617367,0,0,0,success,0,False,2,43,43,,43,1,0,False,1,0,False,False,0.5853354930877686,0.22029051184654236,0.8774228096008301,0,0,0.0,0,False,False,,False,80
pick_coke_can,pick_coke_can/condition_0035,35,2,True,44,0.625416300617367,0,0,0,success,0,False,3,43,43,,43,1,0,False,1,0,False,False,0.5853354930877686,0.22029051184654236,0.8774228096008301,0,0,0.0,0,False,False,,False,80
pick_coke_can,pick_coke_can/condition_0035,35,3,True,44,0.625416300617367,0,0,0,success,0,False,4,43,43,,43,1,0,False,1,0,False,False,0.5853354930877686,0.22029051184654236,0.8774228096008301,0,0,0.0,0,False,False,,False,80
pick_coke_can,pick_coke_can/condition_0035,35,4,True,44,0.625416300617367,0,0,0,success,0,False,5,43,43,,43,1,0,False,1,0,False,False,0.5853354930877686,0.22029051184654236,0.8774228096008301,0,0,0.0,0,False,False,,False,80
pick_coke_can,pick_coke_can/condition_0035,35,5,True,44,0.625416300617367,0,0,0,success,0,False,6,43,43,,43,1,0,False,1,0,False,False,0.5853354930877686,0.22029051184654236,0.8774228096008301,0,0,0.0,0,False,False,,False,80
pick_coke_can,pick_coke_can/condition_0035,35,6,True,44,0.625416300617367,0,0,0,success,0,False,7,43,43,,43,1,0,False,1,0,False,False,0.5853354930877686,0.22029051184654236,0.8774228096008301,0,0,0.0,0,False,False,,False,80
pick_coke_can,pick_coke_can/condition_0035,35,7,True,44,0.625416300617367,0,0,0,success,0,False,8,43,43,,43,1,0,False,1,0,False,False,0.5853354930877686,0.22029051184654236,0.8774228096008301,0,0,0.0,0,False,False,,False,80
pick_coke_can,pick_coke_can/condition_0035,35,8,True,44,0.625416300617367,0,0,0,success,0,False,9,43,43,,43,1,0,False,1,0,False,False,0.5853354930877686,0.22029051184654236,0.8774228096008301,0,0,0.0,0,False,False,,False,80
pick_coke_can,pick_coke_can/condition_0035,35,9,True,44,0.625416300617367,0,0,0,success,0,False,10,43,43,,43,1,0,False,1,0,False,False,0.5853354930877686,0.22029051184654236,0.8774228096008301,0,0,0.0,0,False,False,,False,80
pick_coke_can,pick_coke_can/condition_0035,35,10,True,44,0.625416300617367,0,0,0,success,0,False,11,43,43,,43,1,0,False,1,0,False,False,0.5853354930877686,0.22029051184654236,0.8774228096008301,0,0,0.0,0,False,False,,False,80
pick_coke_can,pick_coke_can/condition_0035,35,11,True,44,0.625416300617367,0,0,0,success,0,False,12,43,43,,43,1,0,False,1,0,False,False,0.5853354930877686,0.22029051184654236,0.8774228096008301,0,0,0.0,0,False,False,,False,80
pick_coke_can,pick_coke_can/condition_0035,35,12,True,44,0.625416300617367,0,0,0,success,0,False,13,43,43,,43,1,0,False,1,0,False,False,0.5853354930877686,0.22029051184654236,0.8774228096008301,0,0,0.0,0,False,False,,False,80
pick_coke_can,pick_coke_can/condition_0035,35,13,True,44,0.625416300617367,0,0,0,success,0,False,14,43,43,,43,1,0,False,1,0,False,False,0.5853354930877686,0.22029051184654236,0.8774228096008301,0,0,0.0,0,False,False,,False,80
pick_coke_can,pick_coke_can/condition_0035,35,14,True,44,0.625416300617367,0,0,0,success,0,False,15,43,43,,43,1,0,False,1,0,False,False,0.5853354930877686,0.22029051184654236,0.8774228096008301,0,0,0.0,0,False,False,,False,80
pick_coke_can,pick_coke_can/condition_0035,35,15,True,44,0.625416300617367,0,0,0,success,0,False,16,43,43,,43,1,0,False,1,0,False,False,0.5853354930877686,0.22029051184654236,0.8774228096008301,0,0,0.0,0,False,False,,False,80
pick_coke_can,pick_coke_can/condition_0035,35,16,True,44,0.625416300617367,0,0,0,success,0,False,17,43,43,,43,1,0,False,1,0,False,False,0.5853354930877686,0.22029051184654236,0.8774228096008301,0,0,0.0,0,False,False,,False,80
pick_coke_can,pick_coke_can/condition_0035,35,17,True,44,0.625416300617367,0,0,0,success,0,False,18,43,43,,43,1,0,False,1,0,False,False,0.5853354930877686,0.22029051184654236,0.8774228096008301,0,0,0.0,0,False,False,,False,80
pick_coke_can,pick_coke_can/condition_0035,35,18,True,44,0.625416300617367,0,0,0,success,0,False,19,43,43,,43,1,0,False,1,0,False,False,0.5853354930877686,0.22029051184654236,0.8774228096008301,0,0,0.0,0,False,False,,False,80
pick_coke_can,pick_coke_can/condition_0035,35,19,True,44,0.625416300617367,0,0,0,success,0,False,20,43,43,,43,1,0,False,1,0,False,False,0.5853354930877686,0.22029051184654236,0.8774228096008301,0,0,0.0,0,False,False,,False,80
pick_coke_can,pick_coke_can/condition_0035,35,20,True,44,0.625416300617367,0,0,0,success,0,False,21,43,43,,43,1,0,False,1,0,False,False,0.5853354930877686,0.22029051184654236,0.8774228096008301,0,0,0.0,0,False,False,,False,80
pick_coke_can,pick_coke_can/condition_0035,35,21,True,44,0.625416300617367,0,0,0,success,0,False,22,43,43,,43,1,0,False,1,0,False,False,0.5853354930877686,0.22029051184654236,0.8774228096008301,0,0,0.0,0,False,False,,False,80
pick_coke_can,pick_coke_can/condition_0035,35,22,True,44,0.625416300617367,0,0,0,success,0,False,23,43,43,,43,1,0,False,1,0,False,False,0.5853354930877686,0.22029051184654236,0.8774228096008301,0,0,0.0,0,False,False,,False,80
pick_coke_can,pick_coke_can/condition_0035,35,23,True,44,0.625416300617367,0,0,0,success,0,False,24,43,43,,43,1,0,False,1,0,False,False,0.5853354930877686,0.22029051184654236,0.8774228096008301,0,0,0.0,0,False,False,,False,80
pick_coke_can,pick_coke_can/condition_0035,35,24,True,44,0.625416300617367,0,0,0,success,0,False,25,43,43,,43,1,0,False,1,0,False,False,0.5853354930877686,0.22029051184654236,0.8774228096008301,0,0,0.0,0,False,False,,False,80
pick_coke_can,pick_coke_can/condition_0035,35,25,True,44,0.625416300617367,0,0,0,success,0,False,26,43,43,,43,1,0,False,1,0,False,False,0.5853354930877686,0.22029051184654236,0.8774228096008301,0,0,0.0,0,False,False,,False,80
pick_coke_can,pick_coke_can/condition_0035,35,26,True,44,0.625416300617367,0,0,0,success,0,False,27,43,43,,43,1,0,False,1,0,False,False,0.5853354930877686,0.22029051184654236,0.8774228096008301,0,0,0.0,0,False,False,,False,80
pick_coke_can,pick_coke_can/condition_0035,35,27,True,44,0.625416300617367,0,0,0,success,0,False,28,43,43,,43,1,0,False,1,0,False,False,0.5853354930877686,0.22029051184654236,0.8774228096008301,0,0,0.0,0,False,False,,False,80
pick_coke_can,pick_coke_can/condition_0035,35,28,True,44,0.625416300617367,0,0,0,success,0,False,29,43,43,,43,1,0,False,1,0,False,False,0.5853354930877686,0.22029051184654236,0.8774228096008301,0,0,0.0,0,False,False,,False,80
pick_coke_can,pick_coke_can/condition_0035,35,29,True,44,0.625416300617367,0,0,0,success,0,False,30,43,43,,43,1,0,False,1,0,False,False,0.5853354930877686,0.22029051184654236,0.8774228096008301,0,0,0.0,0,False,False,,False,80
pick_coke_can,pick_coke_can/condition_0035,35,30,True,44,0.625416300617367,0,0,0,success,0,False,31,43,43,,43,1,0,False,1,0,False,False,0.5853354930877686,0.22029051184654236,0.8774228096008301,0,0,0.0,0,False,False,,False,80
pick_coke_can,pick_coke_can/condition_0035,35,31,True,44,0.625416300617367,0,0,0,success,0,False,32,43,43,,43,1,0,False,1,0,False,False,0.5853354930877686,0.22029051184654236,0.8774228096008301,0,0,0.0,0,False,False,,False,80
pick_coke_can,pick_coke_can/condition_0035,35,32,True,44,0.625416300617367,0,0,0,success,0,False,33,43,43,,43,1,0,False,1,0,False,False,0.5853354930877686,0.22029051184654236,0.8774228096008301,0,0,0.0,0,False,False,,False,80
pick_coke_can,pick_coke_can/condition_0035,35,33,True,44,0.625416300617367,0,0,0,success,0,False,34,43,43,,43,1,0,False,1,0,False,False,0.5853354930877686,0.22029051184654236,0.8774228096008301,0,0,0.0,0,False,False,,False,80
pick_coke_can,pick_coke_can/condition_0035,35,34,True,44,0.625416300617367,0,0,0,success,0,False,35,43,43,,43,1,0,False,1,0,False,False,0.5853354930877686,0.22029051184654236,0.8774228096008301,0,0,0.0,0,False,False,,False,80
pick_coke_can,pick_coke_can/condition_0035,35,35,True,44,0.625416300617367,0,0,0,success,0,False,36,43,43,,43,1,0,False,1,0,False,False,0.5853354930877686,0.22029051184654236,0.8774228096008301,0,0,0.0,0,False,False,,False,80
pick_coke_can,pick_coke_can/condition_0035,35,36,True,44,0.625416300617367,0,0,0,success,0,False,37,43,43,,43,1,0,False,1,0,False,False,0.5853354930877686,0.22029051184654236,0.8774228096008301,0,0,0.0,0,False,False,,False,80
pick_coke_can,pick_coke_can/condition_0035,35,37,True,44,0.625416300617367,0,0,0,success,0,False,38,43,43,,43,1,0,False,1,0,False,False,0.5853354930877686,0.22029051184654236,0.8774228096008301,0,0,0.0,0,False,False,,False,80
pick_coke_can,pick_coke_can/condition_0035,35,38,True,44,0.625416300617367,0,0,0,success,0,False,39,43,43,,43,1,0,False,1,0,False,False,0.5853354930877686,0.22029051184654236,0.8774228096008301,0,0,0.0,0,False,False,,False,80
pick_coke_can,pick_coke_can/condition_0035,35,39,True,44,0.625416300617367,0,0,0,success,0,False,40,43,43,,43,1,0,False,1,0,False,False,0.5853354930877686,0.22029051184654236,0.8774228096008301,0,0,0.0,0,False,False,,False,80
pick_coke_can,pick_coke_can/condition_0035,35,40,True,44,0.625416300617367,0,0,0,success,0,False,41,43,43,,43,1,0,False,1,0,False,False,0.5853354930877686,0.22029051184654236,0.8774228096008301,0,0,0.0,0,False,False,,False,80
pick_coke_can,pick_coke_can/condition_0035,35,41,True,44,0.625416300617367,0,0,0,success,0,False,42,43,43,,43,1,0,False,1,0,False,False,0.5853354930877686,0.22029051184654236,0.8774228096008301,0,0,0.0,0,False,False,,False,80
pick_coke_can,pick_coke_can/condition_0035,35,42,True,44,0.625416300617367,0,0,0,success,0,False,43,43,43,,43,1,0,False,1,0,False,False,0.5853354930877686,0.22029051184654236,0.8774228096008301,0,0,0.0,0,False,False,,False,80
pick_coke_can,pick_coke_can/condition_0035,35,43,True,44,0.625416300617367,0,0,0,success,0,False,44,43,43,,43,1,1,True,1,1,True,False,0.5853354930877686,0.22029051184654236,0.8774228096008301,4,1,1.0,0,True,True,0,False,80
pick_coke_can,pick_coke_can/condition_0036,36,0,False,80,0.5956488971828322,0,0,1,never_grasped,0,False,1,,,,,0,0,False,0,0,False,False,0.5853481888771057,0.11029554158449173,0.8774228692054749,0,0,0.0,0,False,False,,False,80
pick_coke_can,pick_coke_can/condition_0036,36,1,False,80,0.5956488971828322,0,0,1,never_grasped,0,False,2,,,,,0,0,False,0,0,False,False,0.5853481888771057,0.11029554158449173,0.8774228692054749,0,0,0.0,0,False,False,,False,80
pick_coke_can,pick_coke_can/condition_0036,36,2,False,80,0.5956488971828322,0,0,1,never_grasped,0,False,3,,,,,0,0,False,0,0,False,False,0.5853481888771057,0.11029554158449173,0.8774228692054749,0,0,0.0,0,False,False,,False,80
pick_coke_can,pick_coke_can/condition_0036,36,3,False,80,0.5956488971828322,0,0,1,never_grasped,0,False,4,,,,,0,0,False,0,0,False,False,0.5853481888771057,0.11029554158449173,0.8774228692054749,0,0,0.0,0,False,False,,False,80
pick_coke_can,pick_coke_can/condition_0036,36,4,False,80,0.5956488971828322,0,0,1,never_grasped,0,False,5,,,,,0,0,False,0,0,False,False,0.5853481888771057,0.11029554158449173,0.8774228692054749,0,0,0.0,0,False,False,,False,80
pick_coke_can,pick_coke_can/condition_0036,36,5,False,80,0.5956488971828322,0,0,1,never_grasped,0,False,6,,,,,0,0,False,0,0,False,False,0.5853481888771057,0.11029554158449173,0.8774228692054749,0,0,0.0,0,False,False,,False,80
pick_coke_can,pick_coke_can/condition_0036,36,6,False,80,0.5956488971828322,0,0,1,never_grasped,0,False,7,,,,,0,0,False,0,0,False,False,0.5853481888771057,0.11029554158449173,0.8774228692054749,0,0,0.0,0,False,False,,False,80
pick_coke_can,pick_coke_can/condition_0036,36,7,False,80,0.5956488971828322,0,0,1,never_grasped,0,False,8,,,,,0,0,False,0,0,False,False,0.5853481888771057,0.11029554158449173,0.8774228692054749,0,0,0.0,0,False,False,,False,80
pick_coke_can,pick_coke_can/condition_0036,36,8,False,80,0.5956488971828322,0,0,1,never_grasped,0,False,9,,,,,0,0,False,0,0,False,False,0.5853481888771057,0.11029554158449173,0.8774228692054749,0,0,0.0,0,False,False,,False,80
pick_coke_can,pick_coke_can/condition_0036,36,9,False,80,0.5956488971828322,0,0,1,never_grasped,0,False,10,,,,,0,0,False,0,0,False,False,0.5853481888771057,0.11029554158449173,0.8774228692054749,0,0,0.0,0,False,False,,False,80
pick_coke_can,pick_coke_can/condition_0036,36,10,False,80,0.5956488971828322,0,0,1,never_grasped,0,False,11,,,,,0,0,False,0,0,False,False,0.5853481888771057,0.11029554158449173,0.8774228692054749,0,0,0.0,0,False,False,,False,80
pick_coke_can,pick_coke_can/condition_0036,36,11,False,80,0.5956488971828322,0,0,1,never_grasped,0,False,12,,,,,0,0,False,0,0,False,False,0.5853481888771057,0.11029554158449173,0.8774228692054749,0,0,0.0,0,False,False,,False,80
pick_coke_can,pick_coke_can/condition_0036,36,12,False,80,0.5956488971828322,0,0,1,never_grasped,0,False,13,,,,,0,0,False,0,0,False,False,0.5853481888771057,0.11029554158449173,0.8774228692054749,0,0,0.0,0,False,False,,False,80
pick_coke_can,pick_coke_can/condition_0036,36,13,False,80,0.5956488971828322,0,0,1,never_grasped,0,False,14,,,,,0,0,False,0,0,False,False,0.5853481888771057,0.11029554158449173,0.8774228692054749,0,0,0.0,0,False,False,,False,80
pick_coke_can,pick_coke_can/condition_0036,36,14,False,80,0.5956488971828322,0,0,1,never_grasped,0,False,15,,,,,0,0,False,0,0,False,False,0.5853481888771057,0.11029554158449173,0.8774228692054749,0,0,0.0,0,False,False,,False,80
pick_coke_can,pick_coke_can/condition_0036,36,15,False,80,0.5956488971828322,0,0,1,never_grasped,0,False,16,,,,,0,0,False,0,0,False,False,0.5853481888771057,0.11029554158449173,0.8774228692054749,0,0,0.0,0,False,False,,False,80
pick_coke_can,pick_coke_can/condition_0036,36,16,False,80,0.5956488971828322,0,0,1,never_grasped,0,False,17,,,,,0,0,False,0,0,False,False,0.5853481888771057,0.11029554158449173,0.8774228692054749,0,0,0.0,0,False,False,,False,80
pick_coke_can,pick_coke_can/condition_0036,36,17,False,80,0.5956488971828322,0,0,1,never_grasped,0,False,18,,,,,0,0,False,0,0,False,False,0.5853481888771057,0.11029554158449173,0.8774228692054749,0,0,0.0,0,False,False,,False,80
pick_coke_can,pick_coke_can/condition_0036,36,18,False,80,0.5956488971828322,0,0,1,never_grasped,0,False,19,,,,,0,0,False,0,0,False,False,0.5853481888771057,0.11029554158449173,0.8774228692054749,0,0,0.0,0,False,False,,False,80
pick_coke_can,pick_coke_can/condition_0036,36,19,False,80,0.5956488971828322,0,0,1,never_grasped,0,False,20,,,,,0,0,False,0,0,False,False,0.5853481888771057,0.11029554158449173,0.8774228692054749,0,0,0.0,0,False,False,,False,80
pick_coke_can,pick_coke_can/condition_0036,36,20,False,80,0.5956488971828322,0,0,1,never_grasped,0,False,21,,,,,0,0,False,0,0,False,False,0.5853481888771057,0.11029554158449173,0.8774228692054749,0,0,0.0,0,False,False,,False,80
pick_coke_can,pick_coke_can/condition_0036,36,21,False,80,0.5956488971828322,0,0,1,never_grasped,0,False,22,,,,,0,0,False,0,0,False,False,0.5853481888771057,0.11029554158449173,0.8774228692054749,0,0,0.0,0,False,False,,False,80
pick_coke_can,pick_coke_can/condition_0036,36,22,False,80,0.5956488971828322,0,0,1,never_grasped,0,False,23,,,,,0,0,False,0,0,False,False,0.5853481888771057,0.11029554158449173,0.8774228692054749,0,0,0.0,0,False,False,,False,80
pick_coke_can,pick_coke_can/condition_0036,36,23,False,80,0.5956488971828322,0,0,1,never_grasped,0,False,24,,,,,0,0,False,0,0,False,False,0.5853481888771057,0.11029554158449173,0.8774228692054749,0,0,0.0,0,False,False,,False,80
pick_coke_can,pick_coke_can/condition_0036,36,24,False,80,0.5956488971828322,0,0,1,never_grasped,0,False,25,,,,,0,0,False,0,0,False,False,0.5853481888771057,0.11029554158449173,0.8774228692054749,0,0,0.0,0,False,False,,False,80
pick_coke_can,pick_coke_can/condition_0036,36,25,False,80,0.5956488971828322,0,0,1,never_grasped,0,False,26,,,,,0,0,False,0,0,False,False,0.5853481888771057,0.11029554158449173,0.8774228692054749,0,0,0.0,0,False,False,,False,80
pick_coke_can,pick_coke_can/condition_0036,36,26,False,80,0.5956488971828322,0,0,1,never_grasped,0,False,27,,,,,0,0,False,0,0,False,False,0.5853481888771057,0.11029554158449173,0.8774228692054749,0,0,0.0,0,False,False,,False,80
pick_coke_can,pick_coke_can/condition_0036,36,27,False,80,0.5956488971828322,0,0,1,never_grasped,0,False,28,,,,,0,0,False,0,0,False,False,0.5853481888771057,0.11029554158449173,0.8774228692054749,0,0,0.0,0,False,False,,False,80
pick_coke_can,pick_coke_can/condition_0036,36,28,False,80,0.5956488971828322,0,0,1,never_grasped,0,False,29,,,,,0,0,False,0,0,False,False,0.5853481888771057,0.11029554158449173,0.8774228692054749,0,0,0.0,0,False,False,,False,80
pick_coke_can,pick_coke_can/condition_0036,36,29,False,80,0.5956488971828322,0,0,1,never_grasped,0,False,30,,,,,0,0,False,0,0,False,False,0.5853481888771057,0.11029554158449173,0.8774228692054749,0,0,0.0,0,False,False,,False,80
pick_coke_can,pick_coke_can/condition_0036,36,30,False,80,0.5956488971828322,0,0,1,never_grasped,0,False,31,,,,,0,0,False,0,0,False,False,0.5853481888771057,0.11029554158449173,0.8774228692054749,0,0,0.0,0,False,False,,False,80
pick_coke_can,pick_coke_can/condition_0036,36,31,False,80,0.5956488971828322,0,0,1,never_grasped,0,False,32,,,,,0,0,False,0,0,False,False,0.5853481888771057,0.11029554158449173,0.8774228692054749,0,0,0.0,0,False,False,,False,80
pick_coke_can,pick_coke_can/condition_0036,36,32,False,80,0.5956488971828322,0,0,1,never_grasped,0,False,33,,,,,0,0,False,0,0,False,False,0.5853481888771057,0.11029554158449173,0.8774228692054749,0,0,0.0,0,False,False,,False,80
pick_coke_can,pick_coke_can/condition_0036,36,33,False,80,0.5956488971828322,0,0,1,never_grasped,0,False,34,,,,,0,0,False,0,0,False,False,0.5853481888771057,0.11029554158449173,0.8774228692054749,0,0,0.0,0,False,False,,False,80
pick_coke_can,pick_coke_can/condition_0036,36,34,False,80,0.5956488971828322,0,0,1,never_grasped,0,False,35,,,,,0,0,False,0,0,False,False,0.5853481888771057,0.11029554158449173,0.8774228692054749,0,0,0.0,0,False,False,,False,80
pick_coke_can,pick_coke_can/condition_0036,36,35,False,80,0.5956488971828322,0,0,1,never_grasped,0,False,36,,,,,0,0,False,0,0,False,False,0.5853481888771057,0.11029554158449173,0.8774228692054749,0,0,0.0,0,False,False,,False,80
pick_coke_can,pick_coke_can/condition_0036,36,36,False,80,0.5956488971828322,0,0,1,never_grasped,0,False,37,,,,,0,0,False,0,0,False,False,0.5853481888771057,0.11029554158449173,0.8774228692054749,0,0,0.0,0,False,False,,False,80
pick_coke_can,pick_coke_can/condition_0036,36,37,False,80,0.5956488971828322,0,0,1,never_grasped,0,False,38,,,,,0,0,False,0,0,False,False,0.5853481888771057,0.11029554158449173,0.8774228692054749,0,0,0.0,0,False,False,,False,80
pick_coke_can,pick_coke_can/condition_0036,36,38,False,80,0.5956488971828322,0,0,1,never_grasped,0,False,39,,,,,0,0,False,0,0,False,False,0.5853481888771057,0.11029554158449173,0.8774228692054749,0,0,0.0,0,False,False,,False,80
pick_coke_can,pick_coke_can/condition_0036,36,39,False,80,0.5956488971828322,0,0,1,never_grasped,0,False,40,,,,,0,0,False,0,0,False,False,0.5853481888771057,0.11029554158449173,0.8774228692054749,0,0,0.0,0,False,False,,False,80
pick_coke_can,pick_coke_can/condition_0036,36,40,False,80,0.5956488971828322,0,0,1,never_grasped,0,False,41,,,,,0,0,False,0,0,False,False,0.5853481888771057,0.11029554158449173,0.8774228692054749,0,0,0.0,0,False,False,,False,80
pick_coke_can,pick_coke_can/condition_0036,36,41,False,80,0.5956488971828322,0,0,1,never_grasped,0,False,42,,,,,0,0,False,0,0,False,False,0.5853481888771057,0.11029554158449173,0.8774228692054749,0,0,0.0,0,False,False,,False,80
pick_coke_can,pick_coke_can/condition_0036,36,42,False,80,0.5956488971828322,0,0,1,never_grasped,0,False,43,,,,,0,0,False,0,0,False,False,0.5853481888771057,0.11029554158449173,0.8774228692054749,0,0,0.0,0,False,False,,False,80
pick_coke_can,pick_coke_can/condition_0036,36,43,False,80,0.5956488971828322,0,0,1,never_grasped,0,False,44,,,,,0,0,False,0,0,False,False,0.5853481888771057,0.11029554158449173,0.8774228692054749,0,0,0.0,0,False,False,,False,80
pick_coke_can,pick_coke_can/condition_0036,36,44,False,80,0.5956488971828322,0,0,1,never_grasped,0,False,45,,,,,0,0,False,0,0,False,False,0.5853481888771057,0.11029554158449173,0.8774228692054749,0,0,0.0,0,False,False,,False,80
pick_coke_can,pick_coke_can/condition_0036,36,45,False,80,0.5956488971828322,0,0,1,never_grasped,0,False,46,,,,,0,0,False,0,0,False,False,0.5853481888771057,0.11029554158449173,0.8774228692054749,0,0,0.0,0,False,False,,False,80
pick_coke_can,pick_coke_can/condition_0036,36,46,False,80,0.5956488971828322,0,0,1,never_grasped,0,False,47,,,,,0,0,False,0,0,False,False,0.5853481888771057,0.11029554158449173,0.8774228692054749,0,0,0.0,0,False,False,,False,80
pick_coke_can,pick_coke_can/condition_0036,36,47,False,80,0.5956488971828322,0,0,1,never_grasped,0,False,48,,,,,0,0,False,0,0,False,False,0.5853481888771057,0.11029554158449173,0.8774228692054749,0,0,0.0,0,False,False,,False,80
pick_coke_can,pick_coke_can/condition_0036,36,48,False,80,0.5956488971828322,0,0,1,never_grasped,0,False,49,,,,,0,0,False,0,0,False,False,0.5853481888771057,0.11029554158449173,0.8774228692054749,0,0,0.0,0,False,False,,False,80
pick_coke_can,pick_coke_can/condition_0036,36,49,False,80,0.5956488971828322,0,0,1,never_grasped,0,False,50,,,,,0,0,False,0,0,False,False,0.5853481888771057,0.11029554158449173,0.8774228692054749,0,0,0.0,0,False,False,,False,80
pick_coke_can,pick_coke_can/condition_0036,36,50,False,80,0.5956488971828322,0,0,1,never_grasped,0,False,51,,,,,0,0,False,0,0,False,False,0.5853481888771057,0.11029554158449173,0.8774228692054749,0,0,0.0,0,False,False,,False,80
pick_coke_can,pick_coke_can/condition_0036,36,51,False,80,0.5956488971828322,0,0,1,never_grasped,0,False,52,,,,,0,0,False,0,0,False,False,0.5853481888771057,0.11029554158449173,0.8774228692054749,0,0,0.0,0,False,False,,False,80
pick_coke_can,pick_coke_can/condition_0036,36,52,False,80,0.5956488971828322,0,0,1,never_grasped,0,False,53,,,,,0,0,False,0,0,False,False,0.5853481888771057,0.11029554158449173,0.8774228692054749,0,0,0.0,0,False,False,,False,80
pick_coke_can,pick_coke_can/condition_0036,36,53,False,80,0.5956488971828322,0,0,1,never_grasped,0,False,54,,,,,0,0,False,0,0,False,False,0.5853481888771057,0.11029554158449173,0.8774228692054749,0,0,0.0,0,False,False,,False,80
pick_coke_can,pick_coke_can/condition_0036,36,54,False,80,0.5956488971828322,0,0,1,never_grasped,0,False,55,,,,,0,0,False,0,0,False,False,0.5853481888771057,0.11029554158449173,0.8774228692054749,0,0,0.0,0,False,False,,False,80
pick_coke_can,pick_coke_can/condition_0036,36,55,False,80,0.5956488971828322,0,0,1,never_grasped,0,False,56,,,,,0,0,False,0,0,False,False,0.5853481888771057,0.11029554158449173,0.8774228692054749,0,0,0.0,0,False,False,,False,80
pick_coke_can,pick_coke_can/condition_0036,36,56,False,80,0.5956488971828322,0,0,1,never_grasped,0,False,57,,,,,0,0,False,0,0,False,False,0.5853481888771057,0.11029554158449173,0.8774228692054749,0,0,0.0,0,False,False,,False,80
pick_coke_can,pick_coke_can/condition_0036,36,57,False,80,0.5956488971828322,0,0,1,never_grasped,0,False,58,,,,,0,0,False,0,0,False,False,0.5853481888771057,0.11029554158449173,0.8774228692054749,0,0,0.0,0,False,False,,False,80
pick_coke_can,pick_coke_can/condition_0036,36,58,False,80,0.5956488971828322,0,0,1,never_grasped,0,False,59,,,,,0,0,False,0,0,False,False,0.5853481888771057,0.11029554158449173,0.8774228692054749,0,0,0.0,0,False,False,,False,80
pick_coke_can,pick_coke_can/condition_0036,36,59,False,80,0.5956488971828322,0,0,1,never_grasped,0,False,60,,,,,0,0,False,0,0,False,False,0.5853481888771057,0.11029554158449173,0.8774228692054749,0,0,0.0,0,False,False,,False,80
pick_coke_can,pick_coke_can/condition_0036,36,60,False,80,0.5956488971828322,0,0,1,never_grasped,0,False,61,,,,,0,0,False,0,0,False,False,0.5853481888771057,0.11029554158449173,0.8774228692054749,0,0,0.0,0,False,False,,False,80
pick_coke_can,pick_coke_can/condition_0036,36,61,False,80,0.5956488971828322,0,0,1,never_grasped,0,False,62,,,,,0,0,False,0,0,False,False,0.5853481888771057,0.11029554158449173,0.8774228692054749,0,0,0.0,0,False,False,,False,80
pick_coke_can,pick_coke_can/condition_0036,36,62,False,80,0.5956488971828322,0,0,1,never_grasped,0,False,63,,,,,0,0,False,0,0,False,False,0.5853481888771057,0.11029554158449173,0.8774228692054749,0,0,0.0,0,False,False,,False,80
pick_coke_can,pick_coke_can/condition_0036,36,63,False,80,0.5956488971828322,0,0,1,never_grasped,0,False,64,,,,,0,0,False,0,0,False,False,0.5853481888771057,0.11029554158449173,0.8774228692054749,0,0,0.0,0,False,False,,False,80
pick_coke_can,pick_coke_can/condition_0036,36,64,False,80,0.5956488971828322,0,0,1,never_grasped,0,False,65,,,,,0,0,False,0,0,False,False,0.5853481888771057,0.11029554158449173,0.8774228692054749,0,0,0.0,0,False,False,,False,80
pick_coke_can,pick_coke_can/condition_0036,36,65,False,80,0.5956488971828322,0,0,1,never_grasped,0,False,66,,,,,0,0,False,0,0,False,False,0.5853481888771057,0.11029554158449173,0.8774228692054749,0,0,0.0,0,False,False,,False,80
pick_coke_can,pick_coke_can/condition_0036,36,66,False,80,0.5956488971828322,0,0,1,never_grasped,0,False,67,,,,,0,0,False,0,0,False,False,0.5853481888771057,0.11029554158449173,0.8774228692054749,0,0,0.0,0,False,False,,False,80
pick_coke_can,pick_coke_can/condition_0036,36,67,False,80,0.5956488971828322,0,0,1,never_grasped,0,False,68,,,,,0,0,False,0,0,False,False,0.5853481888771057,0.11029554158449173,0.8774228692054749,0,0,0.0,0,False,False,,False,80
pick_coke_can,pick_coke_can/condition_0036,36,68,False,80,0.5956488971828322,0,0,1,never_grasped,0,False,69,,,,,0,0,False,0,0,False,False,0.5853481888771057,0.11029554158449173,0.8774228692054749,0,0,0.0,0,False,False,,False,80
pick_coke_can,pick_coke_can/condition_0036,36,69,False,80,0.5956488971828322,0,0,1,never_grasped,0,False,70,,,,,0,0,False,0,0,False,False,0.5853481888771057,0.11029554158449173,0.8774228692054749,0,0,0.0,0,False,False,,False,80
pick_coke_can,pick_coke_can/condition_0036,36,70,False,80,0.5956488971828322,0,0,1,never_grasped,0,False,71,,,,,0,0,False,0,0,False,False,0.5853481888771057,0.11029554158449173,0.8774228692054749,0,0,0.0,0,False,False,,False,80
pick_coke_can,pick_coke_can/condition_0036,36,71,False,80,0.5956488971828322,0,0,1,never_grasped,0,False,72,,,,,0,0,False,0,0,False,False,0.5853481888771057,0.11029554158449173,0.8774228692054749,0,0,0.0,0,False,False,,False,80
pick_coke_can,pick_coke_can/condition_0036,36,72,False,80,0.5956488971828322,0,0,1,never_grasped,0,False,73,,,,,0,0,False,0,0,False,False,0.5853481888771057,0.11029554158449173,0.8774228692054749,0,0,0.0,0,False,False,,False,80
pick_coke_can,pick_coke_can/condition_0036,36,73,False,80,0.5956488971828322,0,0,1,never_grasped,0,False,74,,,,,0,0,False,0,0,False,False,0.5853481888771057,0.11029554158449173,0.8774228692054749,0,0,0.0,0,False,False,,False,80
pick_coke_can,pick_coke_can/condition_0036,36,74,False,80,0.5956488971828322,0,0,1,never_grasped,0,False,75,,,,,0,0,False,0,0,False,False,0.5853481888771057,0.11029554158449173,0.8774228692054749,0,0,0.0,0,False,False,,False,80
pick_coke_can,pick_coke_can/condition_0036,36,75,False,80,0.5956488971828322,0,0,1,never_grasped,0,False,76,,,,,0,0,False,0,0,False,False,0.5853481888771057,0.11029554158449173,0.8774228692054749,0,0,0.0,0,False,False,,False,80
pick_coke_can,pick_coke_can/condition_0036,36,76,False,80,0.5956488971828322,0,0,1,never_grasped,0,False,77,,,,,0,0,False,0,0,False,False,0.5853481888771057,0.11029554158449173,0.8774228692054749,0,0,0.0,0,False,False,,False,80
pick_coke_can,pick_coke_can/condition_0036,36,77,False,80,0.5956488971828322,0,0,1,never_grasped,0,False,78,,,,,0,0,False,0,0,False,False,0.5853481888771057,0.11029554158449173,0.8774228692054749,0,0,0.0,0,False,False,,False,80
pick_coke_can,pick_coke_can/condition_0036,36,78,False,80,0.5956488971828322,0,0,1,never_grasped,0,False,79,,,,,0,0,False,0,0,False,False,0.5853481888771057,0.11029554158449173,0.8774228692054749,0,0,0.0,0,False,False,,False,80
pick_coke_can,pick_coke_can/condition_0036,36,79,False,80,0.5956488971828322,0,0,1,never_grasped,0,False,80,,,,,0,0,False,0,0,False,False,0.5853481888771057,0.11029554158449173,0.8774228692054749,0,0,0.0,0,False,False,,True,80
pick_coke_can,pick_coke_can/condition_0037,37,0,False,80,0.585922719617805,0,0,1,never_grasped,0,False,1,,,,,0,0,False,0,0,False,False,0.5859226584434509,0.0002677440643310547,0.877441942691803,0,0,0.0,0,False,False,,False,80
pick_coke_can,pick_coke_can/condition_0037,37,1,False,80,0.585922719617805,0,0,1,never_grasped,0,False,2,,,,,0,0,False,0,0,False,False,0.5859226584434509,0.0002677440643310547,0.877441942691803,0,0,0.0,0,False,False,,False,80
pick_coke_can,pick_coke_can/condition_0037,37,2,False,80,0.585922719617805,0,0,1,never_grasped,0,False,3,,,,,0,0,False,0,0,False,False,0.5859226584434509,0.0002677440643310547,0.877441942691803,0,0,0.0,0,False,False,,False,80
pick_coke_can,pick_coke_can/condition_0037,37,3,False,80,0.585922719617805,0,0,1,never_grasped,0,False,4,,,,,0,0,False,0,0,False,False,0.5859226584434509,0.0002677440643310547,0.877441942691803,0,0,0.0,0,False,False,,False,80
pick_coke_can,pick_coke_can/condition_0037,37,4,False,80,0.585922719617805,0,0,1,never_grasped,0,False,5,,,,,0,0,False,0,0,False,False,0.5859226584434509,0.0002677440643310547,0.877441942691803,0,0,0.0,0,False,False,,False,80
pick_coke_can,pick_coke_can/condition_0037,37,5,False,80,0.585922719617805,0,0,1,never_grasped,0,False,6,,,,,0,0,False,0,0,False,False,0.5859226584434509,0.0002677440643310547,0.877441942691803,0,0,0.0,0,False,False,,False,80
pick_coke_can,pick_coke_can/condition_0037,37,6,False,80,0.585922719617805,0,0,1,never_grasped,0,False,7,,,,,0,0,False,0,0,False,False,0.5859226584434509,0.0002677440643310547,0.877441942691803,0,0,0.0,0,False,False,,False,80
pick_coke_can,pick_coke_can/condition_0037,37,7,False,80,0.585922719617805,0,0,1,never_grasped,0,False,8,,,,,0,0,False,0,0,False,False,0.5859226584434509,0.0002677440643310547,0.877441942691803,0,0,0.0,0,False,False,,False,80
pick_coke_can,pick_coke_can/condition_0037,37,8,False,80,0.585922719617805,0,0,1,never_grasped,0,False,9,,,,,0,0,False,0,0,False,False,0.5859226584434509,0.0002677440643310547,0.877441942691803,0,0,0.0,0,False,False,,False,80
pick_coke_can,pick_coke_can/condition_0037,37,9,False,80,0.585922719617805,0,0,1,never_grasped,0,False,10,,,,,0,0,False,0,0,False,False,0.5859226584434509,0.0002677440643310547,0.877441942691803,0,0,0.0,0,False,False,,False,80
pick_coke_can,pick_coke_can/condition_0037,37,10,False,80,0.585922719617805,0,0,1,never_grasped,0,False,11,,,,,0,0,False,0,0,False,False,0.5859226584434509,0.0002677440643310547,0.877441942691803,0,0,0.0,0,False,False,,False,80
pick_coke_can,pick_coke_can/condition_0037,37,11,False,80,0.585922719617805,0,0,1,never_grasped,0,False,12,,,,,0,0,False,0,0,False,False,0.5859226584434509,0.0002677440643310547,0.877441942691803,0,0,0.0,0,False,False,,False,80
pick_coke_can,pick_coke_can/condition_0037,37,12,False,80,0.585922719617805,0,0,1,never_grasped,0,False,13,,,,,0,0,False,0,0,False,False,0.5859226584434509,0.0002677440643310547,0.877441942691803,0,0,0.0,0,False,False,,False,80
pick_coke_can,pick_coke_can/condition_0037,37,13,False,80,0.585922719617805,0,0,1,never_grasped,0,False,14,,,,,0,0,False,0,0,False,False,0.5859226584434509,0.0002677440643310547,0.877441942691803,0,0,0.0,0,False,False,,False,80
pick_coke_can,pick_coke_can/condition_0037,37,14,False,80,0.585922719617805,0,0,1,never_grasped,0,False,15,,,,,0,0,False,0,0,False,False,0.5859226584434509,0.0002677440643310547,0.877441942691803,0,0,0.0,0,False,False,,False,80
pick_coke_can,pick_coke_can/condition_0037,37,15,False,80,0.585922719617805,0,0,1,never_grasped,0,False,16,,,,,0,0,False,0,0,False,False,0.5859226584434509,0.0002677440643310547,0.877441942691803,0,0,0.0,0,False,False,,False,80
pick_coke_can,pick_coke_can/condition_0037,37,16,False,80,0.585922719617805,0,0,1,never_grasped,0,False,17,,,,,0,0,False,0,0,False,False,0.5859226584434509,0.0002677440643310547,0.877441942691803,0,0,0.0,0,False,False,,False,80
pick_coke_can,pick_coke_can/condition_0037,37,17,False,80,0.585922719617805,0,0,1,never_grasped,0,False,18,,,,,0,0,False,0,0,False,False,0.5859226584434509,0.0002677440643310547,0.877441942691803,0,0,0.0,0,False,False,,False,80
pick_coke_can,pick_coke_can/condition_0037,37,18,False,80,0.585922719617805,0,0,1,never_grasped,0,False,19,,,,,0,0,False,0,0,False,False,0.5859226584434509,0.0002677440643310547,0.877441942691803,0,0,0.0,0,False,False,,False,80
pick_coke_can,pick_coke_can/condition_0037,37,19,False,80,0.585922719617805,0,0,1,never_grasped,0,False,20,,,,,0,0,False,0,0,False,False,0.5859226584434509,0.0002677440643310547,0.877441942691803,0,0,0.0,0,False,False,,False,80
pick_coke_can,pick_coke_can/condition_0037,37,20,False,80,0.585922719617805,0,0,1,never_grasped,0,False,21,,,,,0,0,False,0,0,False,False,0.5859226584434509,0.0002677440643310547,0.877441942691803,0,0,0.0,0,False,False,,False,80
pick_coke_can,pick_coke_can/condition_0037,37,21,False,80,0.585922719617805,0,0,1,never_grasped,0,False,22,,,,,0,0,False,0,0,False,False,0.5859226584434509,0.0002677440643310547,0.877441942691803,0,0,0.0,0,False,False,,False,80
pick_coke_can,pick_coke_can/condition_0037,37,22,False,80,0.585922719617805,0,0,1,never_grasped,0,False,23,,,,,0,0,False,0,0,False,False,0.5859226584434509,0.0002677440643310547,0.877441942691803,0,0,0.0,0,False,False,,False,80
pick_coke_can,pick_coke_can/condition_0037,37,23,False,80,0.585922719617805,0,0,1,never_grasped,0,False,24,,,,,0,0,False,0,0,False,False,0.5859226584434509,0.0002677440643310547,0.877441942691803,0,0,0.0,0,False,False,,False,80
pick_coke_can,pick_coke_can/condition_0037,37,24,False,80,0.585922719617805,0,0,1,never_grasped,0,False,25,,,,,0,0,False,0,0,False,False,0.5859226584434509,0.0002677440643310547,0.877441942691803,0,0,0.0,0,False,False,,False,80
pick_coke_can,pick_coke_can/condition_0037,37,25,False,80,0.585922719617805,0,0,1,never_grasped,0,False,26,,,,,0,0,False,0,0,False,False,0.5859226584434509,0.0002677440643310547,0.877441942691803,0,0,0.0,0,False,False,,False,80
pick_coke_can,pick_coke_can/condition_0037,37,26,False,80,0.585922719617805,0,0,1,never_grasped,0,False,27,,,,,0,0,False,0,0,False,False,0.5859226584434509,0.0002677440643310547,0.877441942691803,0,0,0.0,0,False,False,,False,80
pick_coke_can,pick_coke_can/condition_0037,37,27,False,80,0.585922719617805,0,0,1,never_grasped,0,False,28,,,,,0,0,False,0,0,False,False,0.5859226584434509,0.0002677440643310547,0.877441942691803,0,0,0.0,0,False,False,,False,80
pick_coke_can,pick_coke_can/condition_0037,37,28,False,80,0.585922719617805,0,0,1,never_grasped,0,False,29,,,,,0,0,False,0,0,False,False,0.5859226584434509,0.0002677440643310547,0.877441942691803,0,0,0.0,0,False,False,,False,80
pick_coke_can,pick_coke_can/condition_0037,37,29,False,80,0.585922719617805,0,0,1,never_grasped,0,False,30,,,,,0,0,False,0,0,False,False,0.5859226584434509,0.0002677440643310547,0.877441942691803,0,0,0.0,0,False,False,,False,80
pick_coke_can,pick_coke_can/condition_0037,37,30,False,80,0.585922719617805,0,0,1,never_grasped,0,False,31,,,,,0,0,False,0,0,False,False,0.5859226584434509,0.0002677440643310547,0.877441942691803,0,0,0.0,0,False,False,,False,80
pick_coke_can,pick_coke_can/condition_0037,37,31,False,80,0.585922719617805,0,0,1,never_grasped,0,False,32,,,,,0,0,False,0,0,False,False,0.5859226584434509,0.0002677440643310547,0.877441942691803,0,0,0.0,0,False,False,,False,80
pick_coke_can,pick_coke_can/condition_0037,37,32,False,80,0.585922719617805,0,0,1,never_grasped,0,False,33,,,,,0,0,False,0,0,False,False,0.5859226584434509,0.0002677440643310547,0.877441942691803,0,0,0.0,0,False,False,,False,80
pick_coke_can,pick_coke_can/condition_0037,37,33,False,80,0.585922719617805,0,0,1,never_grasped,0,False,34,,,,,0,0,False,0,0,False,False,0.5859226584434509,0.0002677440643310547,0.877441942691803,0,0,0.0,0,False,False,,False,80
pick_coke_can,pick_coke_can/condition_0037,37,34,False,80,0.585922719617805,0,0,1,never_grasped,0,False,35,,,,,0,0,False,0,0,False,False,0.5859226584434509,0.0002677440643310547,0.877441942691803,0,0,0.0,0,False,False,,False,80
pick_coke_can,pick_coke_can/condition_0037,37,35,False,80,0.585922719617805,0,0,1,never_grasped,0,False,36,,,,,0,0,False,0,0,False,False,0.5859226584434509,0.0002677440643310547,0.877441942691803,0,0,0.0,0,False,False,,False,80
pick_coke_can,pick_coke_can/condition_0037,37,36,False,80,0.585922719617805,0,0,1,never_grasped,0,False,37,,,,,0,0,False,0,0,False,False,0.5859226584434509,0.0002677440643310547,0.877441942691803,0,0,0.0,0,False,False,,False,80
pick_coke_can,pick_coke_can/condition_0037,37,37,False,80,0.585922719617805,0,0,1,never_grasped,0,False,38,,,,,0,0,False,0,0,False,False,0.5859226584434509,0.0002677440643310547,0.877441942691803,0,0,0.0,0,False,False,,False,80
pick_coke_can,pick_coke_can/condition_0037,37,38,False,80,0.585922719617805,0,0,1,never_grasped,0,False,39,,,,,0,0,False,0,0,False,False,0.5859226584434509,0.0002677440643310547,0.877441942691803,0,0,0.0,0,False,False,,False,80
pick_coke_can,pick_coke_can/condition_0037,37,39,False,80,0.585922719617805,0,0,1,never_grasped,0,False,40,,,,,0,0,False,0,0,False,False,0.5859226584434509,0.0002677440643310547,0.877441942691803,0,0,0.0,0,False,False,,False,80
pick_coke_can,pick_coke_can/condition_0037,37,40,False,80,0.585922719617805,0,0,1,never_grasped,0,False,41,,,,,0,0,False,0,0,False,False,0.5859226584434509,0.0002677440643310547,0.877441942691803,0,0,0.0,0,False,False,,False,80
pick_coke_can,pick_coke_can/condition_0037,37,41,False,80,0.585922719617805,0,0,1,never_grasped,0,False,42,,,,,0,0,False,0,0,False,False,0.5859226584434509,0.0002677440643310547,0.877441942691803,0,0,0.0,0,False,False,,False,80
pick_coke_can,pick_coke_can/condition_0037,37,42,False,80,0.585922719617805,0,0,1,never_grasped,0,False,43,,,,,0,0,False,0,0,False,False,0.5859226584434509,0.0002677440643310547,0.877441942691803,0,0,0.0,0,False,False,,False,80
pick_coke_can,pick_coke_can/condition_0037,37,43,False,80,0.585922719617805,0,0,1,never_grasped,0,False,44,,,,,0,0,False,0,0,False,False,0.5859226584434509,0.0002677440643310547,0.877441942691803,0,0,0.0,0,False,False,,False,80
pick_coke_can,pick_coke_can/condition_0037,37,44,False,80,0.585922719617805,0,0,1,never_grasped,0,False,45,,,,,0,0,False,0,0,False,False,0.5859226584434509,0.0002677440643310547,0.877441942691803,0,0,0.0,0,False,False,,False,80
pick_coke_can,pick_coke_can/condition_0037,37,45,False,80,0.585922719617805,0,0,1,never_grasped,0,False,46,,,,,0,0,False,0,0,False,False,0.5859226584434509,0.0002677440643310547,0.877441942691803,0,0,0.0,0,False,False,,False,80
pick_coke_can,pick_coke_can/condition_0037,37,46,False,80,0.585922719617805,0,0,1,never_grasped,0,False,47,,,,,0,0,False,0,0,False,False,0.5859226584434509,0.0002677440643310547,0.877441942691803,0,0,0.0,0,False,False,,False,80
pick_coke_can,pick_coke_can/condition_0037,37,47,False,80,0.585922719617805,0,0,1,never_grasped,0,False,48,,,,,0,0,False,0,0,False,False,0.5859226584434509,0.0002677440643310547,0.877441942691803,0,0,0.0,0,False,False,,False,80
pick_coke_can,pick_coke_can/condition_0037,37,48,False,80,0.585922719617805,0,0,1,never_grasped,0,False,49,,,,,0,0,False,0,0,False,False,0.5859226584434509,0.0002677440643310547,0.877441942691803,0,0,0.0,0,False,False,,False,80
pick_coke_can,pick_coke_can/condition_0037,37,49,False,80,0.585922719617805,0,0,1,never_grasped,0,False,50,,,,,0,0,False,0,0,False,False,0.5859226584434509,0.0002677440643310547,0.877441942691803,0,0,0.0,0,False,False,,False,80
pick_coke_can,pick_coke_can/condition_0037,37,50,False,80,0.585922719617805,0,0,1,never_grasped,0,False,51,,,,,0,0,False,0,0,False,False,0.5859226584434509,0.0002677440643310547,0.877441942691803,0,0,0.0,0,False,False,,False,80
pick_coke_can,pick_coke_can/condition_0037,37,51,False,80,0.585922719617805,0,0,1,never_grasped,0,False,52,,,,,0,0,False,0,0,False,False,0.5859226584434509,0.0002677440643310547,0.877441942691803,0,0,0.0,0,False,False,,False,80
pick_coke_can,pick_coke_can/condition_0037,37,52,False,80,0.585922719617805,0,0,1,never_grasped,0,False,53,,,,,0,0,False,0,0,False,False,0.5859226584434509,0.0002677440643310547,0.877441942691803,0,0,0.0,0,False,False,,False,80
pick_coke_can,pick_coke_can/condition_0037,37,53,False,80,0.585922719617805,0,0,1,never_grasped,0,False,54,,,,,0,0,False,0,0,False,False,0.5859226584434509,0.0002677440643310547,0.877441942691803,0,0,0.0,0,False,False,,False,80
pick_coke_can,pick_coke_can/condition_0037,37,54,False,80,0.585922719617805,0,0,1,never_grasped,0,False,55,,,,,0,0,False,0,0,False,False,0.5859226584434509,0.0002677440643310547,0.877441942691803,0,0,0.0,0,False,False,,False,80
pick_coke_can,pick_coke_can/condition_0037,37,55,False,80,0.585922719617805,0,0,1,never_grasped,0,False,56,,,,,0,0,False,0,0,False,False,0.5859226584434509,0.0002677440643310547,0.877441942691803,0,0,0.0,0,False,False,,False,80
pick_coke_can,pick_coke_can/condition_0037,37,56,False,80,0.585922719617805,0,0,1,never_grasped,0,False,57,,,,,0,0,False,0,0,False,False,0.5859226584434509,0.0002677440643310547,0.877441942691803,0,0,0.0,0,False,False,,False,80
pick_coke_can,pick_coke_can/condition_0037,37,57,False,80,0.585922719617805,0,0,1,never_grasped,0,False,58,,,,,0,0,False,0,0,False,False,0.5859226584434509,0.0002677440643310547,0.877441942691803,0,0,0.0,0,False,False,,False,80
pick_coke_can,pick_coke_can/condition_0037,37,58,False,80,0.585922719617805,0,0,1,never_grasped,0,False,59,,,,,0,0,False,0,0,False,False,0.5859226584434509,0.0002677440643310547,0.877441942691803,0,0,0.0,0,False,False,,False,80
pick_coke_can,pick_coke_can/condition_0037,37,59,False,80,0.585922719617805,0,0,1,never_grasped,0,False,60,,,,,0,0,False,0,0,False,False,0.5859226584434509,0.0002677440643310547,0.877441942691803,0,0,0.0,0,False,False,,False,80
pick_coke_can,pick_coke_can/condition_0037,37,60,False,80,0.585922719617805,0,0,1,never_grasped,0,False,61,,,,,0,0,False,0,0,False,False,0.5859226584434509,0.0002677440643310547,0.877441942691803,0,0,0.0,0,False,False,,False,80
pick_coke_can,pick_coke_can/condition_0037,37,61,False,80,0.585922719617805,0,0,1,never_grasped,0,False,62,,,,,0,0,False,0,0,False,False,0.5859226584434509,0.0002677440643310547,0.877441942691803,0,0,0.0,0,False,False,,False,80
pick_coke_can,pick_coke_can/condition_0037,37,62,False,80,0.585922719617805,0,0,1,never_grasped,0,False,63,,,,,0,0,False,0,0,False,False,0.5859226584434509,0.0002677440643310547,0.877441942691803,0,0,0.0,0,False,False,,False,80
pick_coke_can,pick_coke_can/condition_0037,37,63,False,80,0.585922719617805,0,0,1,never_grasped,0,False,64,,,,,0,0,False,0,0,False,False,0.5859226584434509,0.0002677440643310547,0.877441942691803,0,0,0.0,0,False,False,,False,80
pick_coke_can,pick_coke_can/condition_0037,37,64,False,80,0.585922719617805,0,0,1,never_grasped,0,False,65,,,,,0,0,False,0,0,False,False,0.5859226584434509,0.0002677440643310547,0.877441942691803,0,0,0.0,0,False,False,,False,80
pick_coke_can,pick_coke_can/condition_0037,37,65,False,80,0.585922719617805,0,0,1,never_grasped,0,False,66,,,,,0,0,False,0,0,False,False,0.5859226584434509,0.0002677440643310547,0.877441942691803,0,0,0.0,0,False,False,,False,80
pick_coke_can,pick_coke_can/condition_0037,37,66,False,80,0.585922719617805,0,0,1,never_grasped,0,False,67,,,,,0,0,False,0,0,False,False,0.5859226584434509,0.0002677440643310547,0.877441942691803,0,0,0.0,0,False,False,,False,80
pick_coke_can,pick_coke_can/condition_0037,37,67,False,80,0.585922719617805,0,0,1,never_grasped,0,False,68,,,,,0,0,False,0,0,False,False,0.5859226584434509,0.0002677440643310547,0.877441942691803,0,0,0.0,0,False,False,,False,80
pick_coke_can,pick_coke_can/condition_0037,37,68,False,80,0.585922719617805,0,0,1,never_grasped,0,False,69,,,,,0,0,False,0,0,False,False,0.5859226584434509,0.0002677440643310547,0.877441942691803,0,0,0.0,0,False,False,,False,80
pick_coke_can,pick_coke_can/condition_0037,37,69,False,80,0.585922719617805,0,0,1,never_grasped,0,False,70,,,,,0,0,False,0,0,False,False,0.5859226584434509,0.0002677440643310547,0.877441942691803,0,0,0.0,0,False,False,,False,80
pick_coke_can,pick_coke_can/condition_0037,37,70,False,80,0.585922719617805,0,0,1,never_grasped,0,False,71,,,,,0,0,False,0,0,False,False,0.5859226584434509,0.0002677440643310547,0.877441942691803,0,0,0.0,0,False,False,,False,80
pick_coke_can,pick_coke_can/condition_0037,37,71,False,80,0.585922719617805,0,0,1,never_grasped,0,False,72,,,,,0,0,False,0,0,False,False,0.5859226584434509,0.0002677440643310547,0.877441942691803,0,0,0.0,0,False,False,,False,80
pick_coke_can,pick_coke_can/condition_0037,37,72,False,80,0.585922719617805,0,0,1,never_grasped,0,False,73,,,,,0,0,False,0,0,False,False,0.5859226584434509,0.0002677440643310547,0.877441942691803,0,0,0.0,0,False,False,,False,80
pick_coke_can,pick_coke_can/condition_0037,37,73,False,80,0.585922719617805,0,0,1,never_grasped,0,False,74,,,,,0,0,False,0,0,False,False,0.5859226584434509,0.0002677440643310547,0.877441942691803,0,0,0.0,0,False,False,,False,80
pick_coke_can,pick_coke_can/condition_0037,37,74,False,80,0.585922719617805,0,0,1,never_grasped,0,False,75,,,,,0,0,False,0,0,False,False,0.5859226584434509,0.0002677440643310547,0.877441942691803,0,0,0.0,0,False,False,,False,80
pick_coke_can,pick_coke_can/condition_0037,37,75,False,80,0.585922719617805,0,0,1,never_grasped,0,False,76,,,,,0,0,False,0,0,False,False,0.5859226584434509,0.0002677440643310547,0.877441942691803,0,0,0.0,0,False,False,,False,80
pick_coke_can,pick_coke_can/condition_0037,37,76,False,80,0.585922719617805,0,0,1,never_grasped,0,False,77,,,,,0,0,False,0,0,False,False,0.5859226584434509,0.0002677440643310547,0.877441942691803,0,0,0.0,0,False,False,,False,80
pick_coke_can,pick_coke_can/condition_0037,37,77,False,80,0.585922719617805,0,0,1,never_grasped,0,False,78,,,,,0,0,False,0,0,False,False,0.5859226584434509,0.0002677440643310547,0.877441942691803,0,0,0.0,0,False,False,,False,80
pick_coke_can,pick_coke_can/condition_0037,37,78,False,80,0.585922719617805,0,0,1,never_grasped,0,False,79,,,,,0,0,False,0,0,False,False,0.5859226584434509,0.0002677440643310547,0.877441942691803,0,0,0.0,0,False,False,,False,80
pick_coke_can,pick_coke_can/condition_0037,37,79,False,80,0.585922719617805,0,0,1,never_grasped,0,False,80,,,,,0,0,False,0,0,False,False,0.5859226584434509,0.0002677440643310547,0.877441942691803,0,0,0.0,0,False,False,,True,80
pick_coke_can,pick_coke_can/condition_0038,38,0,False,80,0.5952521571817733,0,0,1,never_grasped,0,False,1,,,,,0,0,False,0,0,False,False,0.5850000977516174,-0.11000007390975952,0.8775197863578796,0,0,0.0,0,False,False,,False,80
pick_coke_can,pick_coke_can/condition_0038,38,1,False,80,0.5952521571817733,0,0,1,never_grasped,0,False,2,,,,,0,0,False,0,0,False,False,0.5850000977516174,-0.11000007390975952,0.8775197863578796,0,0,0.0,0,False,False,,False,80
pick_coke_can,pick_coke_can/condition_0038,38,2,False,80,0.5952521571817733,0,0,1,never_grasped,0,False,3,,,,,0,0,False,0,0,False,False,0.5850000977516174,-0.11000007390975952,0.8775197863578796,0,0,0.0,0,False,False,,False,80
pick_coke_can,pick_coke_can/condition_0038,38,3,False,80,0.5952521571817733,0,0,1,never_grasped,0,False,4,,,,,0,0,False,0,0,False,False,0.5850000977516174,-0.11000007390975952,0.8775197863578796,0,0,0.0,0,False,False,,False,80
pick_coke_can,pick_coke_can/condition_0038,38,4,False,80,0.5952521571817733,0,0,1,never_grasped,0,False,5,,,,,0,0,False,0,0,False,False,0.5850000977516174,-0.11000007390975952,0.8775197863578796,0,0,0.0,0,False,False,,False,80
pick_coke_can,pick_coke_can/condition_0038,38,5,False,80,0.5952521571817733,0,0,1,never_grasped,0,False,6,,,,,0,0,False,0,0,False,False,0.5850000977516174,-0.11000007390975952,0.8775197863578796,0,0,0.0,0,False,False,,False,80
pick_coke_can,pick_coke_can/condition_0038,38,6,False,80,0.5952521571817733,0,0,1,never_grasped,0,False,7,,,,,0,0,False,0,0,False,False,0.5850000977516174,-0.11000007390975952,0.8775197863578796,0,0,0.0,0,False,False,,False,80
pick_coke_can,pick_coke_can/condition_0038,38,7,False,80,0.5952521571817733,0,0,1,never_grasped,0,False,8,,,,,0,0,False,0,0,False,False,0.5850000977516174,-0.11000007390975952,0.8775197863578796,0,0,0.0,0,False,False,,False,80
pick_coke_can,pick_coke_can/condition_0038,38,8,False,80,0.5952521571817733,0,0,1,never_grasped,0,False,9,,,,,0,0,False,0,0,False,False,0.5850000977516174,-0.11000007390975952,0.8775197863578796,0,0,0.0,0,False,False,,False,80
pick_coke_can,pick_coke_can/condition_0038,38,9,False,80,0.5952521571817733,0,0,1,never_grasped,0,False,10,,,,,0,0,False,0,0,False,False,0.5850000977516174,-0.11000007390975952,0.8775197863578796,0,0,0.0,0,False,False,,False,80
pick_coke_can,pick_coke_can/condition_0038,38,10,False,80,0.5952521571817733,0,0,1,never_grasped,0,False,11,,,,,0,0,False,0,0,False,False,0.5850000977516174,-0.11000007390975952,0.8775197863578796,0,0,0.0,0,False,False,,False,80
pick_coke_can,pick_coke_can/condition_0038,38,11,False,80,0.5952521571817733,0,0,1,never_grasped,0,False,12,,,,,0,0,False,0,0,False,False,0.5850000977516174,-0.11000007390975952,0.8775197863578796,0,0,0.0,0,False,False,,False,80
pick_coke_can,pick_coke_can/condition_0038,38,12,False,80,0.5952521571817733,0,0,1,never_grasped,0,False,13,,,,,0,0,False,0,0,False,False,0.5850000977516174,-0.11000007390975952,0.8775197863578796,0,0,0.0,0,False,False,,False,80
pick_coke_can,pick_coke_can/condition_0038,38,13,False,80,0.5952521571817733,0,0,1,never_grasped,0,False,14,,,,,0,0,False,0,0,False,False,0.5850000977516174,-0.11000007390975952,0.8775197863578796,0,0,0.0,0,False,False,,False,80
pick_coke_can,pick_coke_can/condition_0038,38,14,False,80,0.5952521571817733,0,0,1,never_grasped,0,False,15,,,,,0,0,False,0,0,False,False,0.5850000977516174,-0.11000007390975952,0.8775197863578796,0,0,0.0,0,False,False,,False,80
pick_coke_can,pick_coke_can/condition_0038,38,15,False,80,0.5952521571817733,0,0,1,never_grasped,0,False,16,,,,,0,0,False,0,0,False,False,0.5850000977516174,-0.11000007390975952,0.8775197863578796,0,0,0.0,0,False,False,,False,80
pick_coke_can,pick_coke_can/condition_0038,38,16,False,80,0.5952521571817733,0,0,1,never_grasped,0,False,17,,,,,0,0,False,0,0,False,False,0.5850000977516174,-0.11000007390975952,0.8775197863578796,0,0,0.0,0,False,False,,False,80
pick_coke_can,pick_coke_can/condition_0038,38,17,False,80,0.5952521571817733,0,0,1,never_grasped,0,False,18,,,,,0,0,False,0,0,False,False,0.5850000977516174,-0.11000007390975952,0.8775197863578796,0,0,0.0,0,False,False,,False,80
pick_coke_can,pick_coke_can/condition_0038,38,18,False,80,0.5952521571817733,0,0,1,never_grasped,0,False,19,,,,,0,0,False,0,0,False,False,0.5850000977516174,-0.11000007390975952,0.8775197863578796,0,0,0.0,0,False,False,,False,80
pick_coke_can,pick_coke_can/condition_0038,38,19,False,80,0.5952521571817733,0,0,1,never_grasped,0,False,20,,,,,0,0,False,0,0,False,False,0.5850000977516174,-0.11000007390975952,0.8775197863578796,0,0,0.0,0,False,False,,False,80
pick_coke_can,pick_coke_can/condition_0038,38,20,False,80,0.5952521571817733,0,0,1,never_grasped,0,False,21,,,,,0,0,False,0,0,False,False,0.5850000977516174,-0.11000007390975952,0.8775197863578796,0,0,0.0,0,False,False,,False,80
pick_coke_can,pick_coke_can/condition_0038,38,21,False,80,0.5952521571817733,0,0,1,never_grasped,0,False,22,,,,,0,0,False,0,0,False,False,0.5850000977516174,-0.11000007390975952,0.8775197863578796,0,0,0.0,0,False,False,,False,80
pick_coke_can,pick_coke_can/condition_0038,38,22,False,80,0.5952521571817733,0,0,1,never_grasped,0,False,23,,,,,0,0,False,0,0,False,False,0.5850000977516174,-0.11000007390975952,0.8775197863578796,0,0,0.0,0,False,False,,False,80
pick_coke_can,pick_coke_can/condition_0038,38,23,False,80,0.5952521571817733,0,0,1,never_grasped,0,False,24,,,,,0,0,False,0,0,False,False,0.5850000977516174,-0.11000007390975952,0.8775197863578796,0,0,0.0,0,False,False,,False,80
pick_coke_can,pick_coke_can/condition_0038,38,24,False,80,0.5952521571817733,0,0,1,never_grasped,0,False,25,,,,,0,0,False,0,0,False,False,0.5850000977516174,-0.11000007390975952,0.8775197863578796,0,0,0.0,0,False,False,,False,80
pick_coke_can,pick_coke_can/condition_0038,38,25,False,80,0.5952521571817733,0,0,1,never_grasped,0,False,26,,,,,0,0,False,0,0,False,False,0.5850000977516174,-0.11000007390975952,0.8775197863578796,0,0,0.0,0,False,False,,False,80
pick_coke_can,pick_coke_can/condition_0038,38,26,False,80,0.5952521571817733,0,0,1,never_grasped,0,False,27,,,,,0,0,False,0,0,False,False,0.5850000977516174,-0.11000007390975952,0.8775197863578796,0,0,0.0,0,False,False,,False,80
pick_coke_can,pick_coke_can/condition_0038,38,27,False,80,0.5952521571817733,0,0,1,never_grasped,0,False,28,,,,,0,0,False,0,0,False,False,0.5850000977516174,-0.11000007390975952,0.8775197863578796,0,0,0.0,0,False,False,,False,80
pick_coke_can,pick_coke_can/condition_0038,38,28,False,80,0.5952521571817733,0,0,1,never_grasped,0,False,29,,,,,0,0,False,0,0,False,False,0.5850000977516174,-0.11000007390975952,0.8775197863578796,0,0,0.0,0,False,False,,False,80
pick_coke_can,pick_coke_can/condition_0038,38,29,False,80,0.5952521571817733,0,0,1,never_grasped,0,False,30,,,,,0,0,False,0,0,False,False,0.5850000977516174,-0.11000007390975952,0.8775197863578796,0,0,0.0,0,False,False,,False,80
pick_coke_can,pick_coke_can/condition_0038,38,30,False,80,0.5952521571817733,0,0,1,never_grasped,0,False,31,,,,,0,0,False,0,0,False,False,0.5850000977516174,-0.11000007390975952,0.8775197863578796,0,0,0.0,0,False,False,,False,80
pick_coke_can,pick_coke_can/condition_0038,38,31,False,80,0.5952521571817733,0,0,1,never_grasped,0,False,32,,,,,0,0,False,0,0,False,False,0.5850000977516174,-0.11000007390975952,0.8775197863578796,0,0,0.0,0,False,False,,False,80
pick_coke_can,pick_coke_can/condition_0038,38,32,False,80,0.5952521571817733,0,0,1,never_grasped,0,False,33,,,,,0,0,False,0,0,False,False,0.5850000977516174,-0.11000007390975952,0.8775197863578796,0,0,0.0,0,False,False,,False,80
pick_coke_can,pick_coke_can/condition_0038,38,33,False,80,0.5952521571817733,0,0,1,never_grasped,0,False,34,,,,,0,0,False,0,0,False,False,0.5850000977516174,-0.11000007390975952,0.8775197863578796,0,0,0.0,0,False,False,,False,80
pick_coke_can,pick_coke_can/condition_0038,38,34,False,80,0.5952521571817733,0,0,1,never_grasped,0,False,35,,,,,0,0,False,0,0,False,False,0.5850000977516174,-0.11000007390975952,0.8775197863578796,0,0,0.0,0,False,False,,False,80
pick_coke_can,pick_coke_can/condition_0038,38,35,False,80,0.5952521571817733,0,0,1,never_grasped,0,False,36,,,,,0,0,False,0,0,False,False,0.5850000977516174,-0.11000007390975952,0.8775197863578796,0,0,0.0,0,False,False,,False,80
pick_coke_can,pick_coke_can/condition_0038,38,36,False,80,0.5952521571817733,0,0,1,never_grasped,0,False,37,,,,,0,0,False,0,0,False,False,0.5850000977516174,-0.11000007390975952,0.8775197863578796,0,0,0.0,0,False,False,,False,80
pick_coke_can,pick_coke_can/condition_0038,38,37,False,80,0.5952521571817733,0,0,1,never_grasped,0,False,38,,,,,0,0,False,0,0,False,False,0.5850000977516174,-0.11000007390975952,0.8775197863578796,0,0,0.0,0,False,False,,False,80
pick_coke_can,pick_coke_can/condition_0038,38,38,False,80,0.5952521571817733,0,0,1,never_grasped,0,False,39,,,,,0,0,False,0,0,False,False,0.5850000977516174,-0.11000007390975952,0.8775197863578796,0,0,0.0,0,False,False,,False,80
pick_coke_can,pick_coke_can/condition_0038,38,39,False,80,0.5952521571817733,0,0,1,never_grasped,0,False,40,,,,,0,0,False,0,0,False,False,0.5850000977516174,-0.11000007390975952,0.8775197863578796,0,0,0.0,0,False,False,,False,80
pick_coke_can,pick_coke_can/condition_0038,38,40,False,80,0.5952521571817733,0,0,1,never_grasped,0,False,41,,,,,0,0,False,0,0,False,False,0.5850000977516174,-0.11000007390975952,0.8775197863578796,0,0,0.0,0,False,False,,False,80
pick_coke_can,pick_coke_can/condition_0038,38,41,False,80,0.5952521571817733,0,0,1,never_grasped,0,False,42,,,,,0,0,False,0,0,False,False,0.5850000977516174,-0.11000007390975952,0.8775197863578796,0,0,0.0,0,False,False,,False,80
pick_coke_can,pick_coke_can/condition_0038,38,42,False,80,0.5952521571817733,0,0,1,never_grasped,0,False,43,,,,,0,0,False,0,0,False,False,0.5850000977516174,-0.11000007390975952,0.8775197863578796,0,0,0.0,0,False,False,,False,80
pick_coke_can,pick_coke_can/condition_0038,38,43,False,80,0.5952521571817733,0,0,1,never_grasped,0,False,44,,,,,0,0,False,0,0,False,False,0.5850000977516174,-0.11000007390975952,0.8775197863578796,0,0,0.0,0,False,False,,False,80
pick_coke_can,pick_coke_can/condition_0038,38,44,False,80,0.5952521571817733,0,0,1,never_grasped,0,False,45,,,,,0,0,False,0,0,False,False,0.5850000977516174,-0.11000007390975952,0.8775197863578796,0,0,0.0,0,False,False,,False,80
pick_coke_can,pick_coke_can/condition_0038,38,45,False,80,0.5952521571817733,0,0,1,never_grasped,0,False,46,,,,,0,0,False,0,0,False,False,0.5850000977516174,-0.11000007390975952,0.8775197863578796,0,0,0.0,0,False,False,,False,80
pick_coke_can,pick_coke_can/condition_0038,38,46,False,80,0.5952521571817733,0,0,1,never_grasped,0,False,47,,,,,0,0,False,0,0,False,False,0.5850000977516174,-0.11000007390975952,0.8775197863578796,0,0,0.0,0,False,False,,False,80
pick_coke_can,pick_coke_can/condition_0038,38,47,False,80,0.5952521571817733,0,0,1,never_grasped,0,False,48,,,,,0,0,False,0,0,False,False,0.5850000977516174,-0.11000007390975952,0.8775197863578796,0,0,0.0,0,False,False,,False,80
pick_coke_can,pick_coke_can/condition_0038,38,48,False,80,0.5952521571817733,0,0,1,never_grasped,0,False,49,,,,,0,0,False,0,0,False,False,0.5850000977516174,-0.11000007390975952,0.8775197863578796,0,0,0.0,0,False,False,,False,80
pick_coke_can,pick_coke_can/condition_0038,38,49,False,80,0.5952521571817733,0,0,1,never_grasped,0,False,50,,,,,0,0,False,0,0,False,False,0.5850000977516174,-0.11000007390975952,0.8775197863578796,0,0,0.0,0,False,False,,False,80
pick_coke_can,pick_coke_can/condition_0038,38,50,False,80,0.5952521571817733,0,0,1,never_grasped,0,False,51,,,,,0,0,False,0,0,False,False,0.5850000977516174,-0.11000007390975952,0.8775197863578796,0,0,0.0,0,False,False,,False,80
pick_coke_can,pick_coke_can/condition_0038,38,51,False,80,0.5952521571817733,0,0,1,never_grasped,0,False,52,,,,,0,0,False,0,0,False,False,0.5850000977516174,-0.11000007390975952,0.8775197863578796,0,0,0.0,0,False,False,,False,80
pick_coke_can,pick_coke_can/condition_0038,38,52,False,80,0.5952521571817733,0,0,1,never_grasped,0,False,53,,,,,0,0,False,0,0,False,False,0.5850000977516174,-0.11000007390975952,0.8775197863578796,0,0,0.0,0,False,False,,False,80
pick_coke_can,pick_coke_can/condition_0038,38,53,False,80,0.5952521571817733,0,0,1,never_grasped,0,False,54,,,,,0,0,False,0,0,False,False,0.5850000977516174,-0.11000007390975952,0.8775197863578796,0,0,0.0,0,False,False,,False,80
pick_coke_can,pick_coke_can/condition_0038,38,54,False,80,0.5952521571817733,0,0,1,never_grasped,0,False,55,,,,,0,0,False,0,0,False,False,0.5850000977516174,-0.11000007390975952,0.8775197863578796,0,0,0.0,0,False,False,,False,80
pick_coke_can,pick_coke_can/condition_0038,38,55,False,80,0.5952521571817733,0,0,1,never_grasped,0,False,56,,,,,0,0,False,0,0,False,False,0.5850000977516174,-0.11000007390975952,0.8775197863578796,0,0,0.0,0,False,False,,False,80
pick_coke_can,pick_coke_can/condition_0038,38,56,False,80,0.5952521571817733,0,0,1,never_grasped,0,False,57,,,,,0,0,False,0,0,False,False,0.5850000977516174,-0.11000007390975952,0.8775197863578796,0,0,0.0,0,False,False,,False,80
pick_coke_can,pick_coke_can/condition_0038,38,57,False,80,0.5952521571817733,0,0,1,never_grasped,0,False,58,,,,,0,0,False,0,0,False,False,0.5850000977516174,-0.11000007390975952,0.8775197863578796,0,0,0.0,0,False,False,,False,80
pick_coke_can,pick_coke_can/condition_0038,38,58,False,80,0.5952521571817733,0,0,1,never_grasped,0,False,59,,,,,0,0,False,0,0,False,False,0.5850000977516174,-0.11000007390975952,0.8775197863578796,0,0,0.0,0,False,False,,False,80
pick_coke_can,pick_coke_can/condition_0038,38,59,False,80,0.5952521571817733,0,0,1,never_grasped,0,False,60,,,,,0,0,False,0,0,False,False,0.5850000977516174,-0.11000007390975952,0.8775197863578796,0,0,0.0,0,False,False,,False,80
pick_coke_can,pick_coke_can/condition_0038,38,60,False,80,0.5952521571817733,0,0,1,never_grasped,0,False,61,,,,,0,0,False,0,0,False,False,0.5850000977516174,-0.11000007390975952,0.8775197863578796,0,0,0.0,0,False,False,,False,80
pick_coke_can,pick_coke_can/condition_0038,38,61,False,80,0.5952521571817733,0,0,1,never_grasped,0,False,62,,,,,0,0,False,0,0,False,False,0.5850000977516174,-0.11000007390975952,0.8775197863578796,0,0,0.0,0,False,False,,False,80
pick_coke_can,pick_coke_can/condition_0038,38,62,False,80,0.5952521571817733,0,0,1,never_grasped,0,False,63,,,,,0,0,False,0,0,False,False,0.5850000977516174,-0.11000007390975952,0.8775197863578796,0,0,0.0,0,False,False,,False,80
pick_coke_can,pick_coke_can/condition_0038,38,63,False,80,0.5952521571817733,0,0,1,never_grasped,0,False,64,,,,,0,0,False,0,0,False,False,0.5850000977516174,-0.11000007390975952,0.8775197863578796,0,0,0.0,0,False,False,,False,80
pick_coke_can,pick_coke_can/condition_0038,38,64,False,80,0.5952521571817733,0,0,1,never_grasped,0,False,65,,,,,0,0,False,0,0,False,False,0.5850000977516174,-0.11000007390975952,0.8775197863578796,0,0,0.0,0,False,False,,False,80
pick_coke_can,pick_coke_can/condition_0038,38,65,False,80,0.5952521571817733,0,0,1,never_grasped,0,False,66,,,,,0,0,False,0,0,False,False,0.5850000977516174,-0.11000007390975952,0.8775197863578796,0,0,0.0,0,False,False,,False,80
pick_coke_can,pick_coke_can/condition_0038,38,66,False,80,0.5952521571817733,0,0,1,never_grasped,0,False,67,,,,,0,0,False,0,0,False,False,0.5850000977516174,-0.11000007390975952,0.8775197863578796,0,0,0.0,0,False,False,,False,80
pick_coke_can,pick_coke_can/condition_0038,38,67,False,80,0.5952521571817733,0,0,1,never_grasped,0,False,68,,,,,0,0,False,0,0,False,False,0.5850000977516174,-0.11000007390975952,0.8775197863578796,0,0,0.0,0,False,False,,False,80
pick_coke_can,pick_coke_can/condition_0038,38,68,False,80,0.5952521571817733,0,0,1,never_grasped,0,False,69,,,,,0,0,False,0,0,False,False,0.5850000977516174,-0.11000007390975952,0.8775197863578796,0,0,0.0,0,False,False,,False,80
pick_coke_can,pick_coke_can/condition_0038,38,69,False,80,0.5952521571817733,0,0,1,never_grasped,0,False,70,,,,,0,0,False,0,0,False,False,0.5850000977516174,-0.11000007390975952,0.8775197863578796,0,0,0.0,0,False,False,,False,80
pick_coke_can,pick_coke_can/condition_0038,38,70,False,80,0.5952521571817733,0,0,1,never_grasped,0,False,71,,,,,0,0,False,0,0,False,False,0.5850000977516174,-0.11000007390975952,0.8775197863578796,0,0,0.0,0,False,False,,False,80
pick_coke_can,pick_coke_can/condition_0038,38,71,False,80,0.5952521571817733,0,0,1,never_grasped,0,False,72,,,,,0,0,False,0,0,False,False,0.5850000977516174,-0.11000007390975952,0.8775197863578796,0,0,0.0,0,False,False,,False,80
pick_coke_can,pick_coke_can/condition_0038,38,72,False,80,0.5952521571817733,0,0,1,never_grasped,0,False,73,,,,,0,0,False,0,0,False,False,0.5850000977516174,-0.11000007390975952,0.8775197863578796,0,0,0.0,0,False,False,,False,80
pick_coke_can,pick_coke_can/condition_0038,38,73,False,80,0.5952521571817733,0,0,1,never_grasped,0,False,74,,,,,0,0,False,0,0,False,False,0.5850000977516174,-0.11000007390975952,0.8775197863578796,0,0,0.0,0,False,False,,False,80
pick_coke_can,pick_coke_can/condition_0038,38,74,False,80,0.5952521571817733,0,0,1,never_grasped,0,False,75,,,,,0,0,False,0,0,False,False,0.5850000977516174,-0.11000007390975952,0.8775197863578796,0,0,0.0,0,False,False,,False,80
pick_coke_can,pick_coke_can/condition_0038,38,75,False,80,0.5952521571817733,0,0,1,never_grasped,0,False,76,,,,,0,0,False,0,0,False,False,0.5850000977516174,-0.11000007390975952,0.8775197863578796,0,0,0.0,0,False,False,,False,80
pick_coke_can,pick_coke_can/condition_0038,38,76,False,80,0.5952521571817733,0,0,1,never_grasped,0,False,77,,,,,0,0,False,0,0,False,False,0.5850000977516174,-0.11000007390975952,0.8775197863578796,0,0,0.0,0,False,False,,False,80
pick_coke_can,pick_coke_can/condition_0038,38,77,False,80,0.5952521571817733,0,0,1,never_grasped,0,False,78,,,,,0,0,False,0,0,False,False,0.5850000977516174,-0.11000007390975952,0.8775197863578796,0,0,0.0,0,False,False,,False,80
pick_coke_can,pick_coke_can/condition_0038,38,78,False,80,0.5952521571817733,0,0,1,never_grasped,0,False,79,,,,,0,0,False,0,0,False,False,0.5850000977516174,-0.11000007390975952,0.8775197863578796,0,0,0.0,0,False,False,,False,80
pick_coke_can,pick_coke_can/condition_0038,38,79,False,80,0.5952521571817733,0,0,1,never_grasped,0,False,80,,,,,0,0,False,0,0,False,False,0.5850000977516174,-0.11000007390975952,0.8775197863578796,0,0,0.0,0,False,False,,True,80
pick_coke_can,pick_coke_can/condition_0039,39,0,True,23,0.6251712994083862,0,0,0,success,0,False,1,22,22,22,22,1,0,False,1,0,False,False,0.585296094417572,-0.219698965549469,0.8774256706237793,0,0,0.0,1,False,False,,False,80
pick_coke_can,pick_coke_can/condition_0039,39,1,True,23,0.6251712994083862,0,0,0,success,0,False,2,22,22,22,22,1,0,False,1,0,False,False,0.585296094417572,-0.219698965549469,0.8774256706237793,0,0,0.0,1,False,False,,False,80
pick_coke_can,pick_coke_can/condition_0039,39,2,True,23,0.6251712994083862,0,0,0,success,0,False,3,22,22,22,22,1,0,False,1,0,False,False,0.585296094417572,-0.219698965549469,0.8774256706237793,0,0,0.0,1,False,False,,False,80
pick_coke_can,pick_coke_can/condition_0039,39,3,True,23,0.6251712994083862,0,0,0,success,0,False,4,22,22,22,22,1,0,False,1,0,False,False,0.585296094417572,-0.219698965549469,0.8774256706237793,0,0,0.0,1,False,False,,False,80
pick_coke_can,pick_coke_can/condition_0039,39,4,True,23,0.6251712994083862,0,0,0,success,0,False,5,22,22,22,22,1,0,False,1,0,False,False,0.585296094417572,-0.219698965549469,0.8774256706237793,0,0,0.0,1,False,False,,False,80
pick_coke_can,pick_coke_can/condition_0039,39,5,True,23,0.6251712994083862,0,0,0,success,0,False,6,22,22,22,22,1,0,False,1,0,False,False,0.585296094417572,-0.219698965549469,0.8774256706237793,0,0,0.0,1,False,False,,False,80
pick_coke_can,pick_coke_can/condition_0039,39,6,True,23,0.6251712994083862,0,0,0,success,0,False,7,22,22,22,22,1,0,False,1,0,False,False,0.585296094417572,-0.219698965549469,0.8774256706237793,0,0,0.0,1,False,False,,False,80
pick_coke_can,pick_coke_can/condition_0039,39,7,True,23,0.6251712994083862,0,0,0,success,0,False,8,22,22,22,22,1,0,False,1,0,False,False,0.585296094417572,-0.219698965549469,0.8774256706237793,0,0,0.0,1,False,False,,False,80
pick_coke_can,pick_coke_can/condition_0039,39,8,True,23,0.6251712994083862,0,0,0,success,0,False,9,22,22,22,22,1,0,False,1,0,False,False,0.585296094417572,-0.219698965549469,0.8774256706237793,0,0,0.0,1,False,False,,False,80
pick_coke_can,pick_coke_can/condition_0039,39,9,True,23,0.6251712994083862,0,0,0,success,0,False,10,22,22,22,22,1,0,False,1,0,False,False,0.585296094417572,-0.219698965549469,0.8774256706237793,0,0,0.0,1,False,False,,False,80
pick_coke_can,pick_coke_can/condition_0039,39,10,True,23,0.6251712994083862,0,0,0,success,0,False,11,22,22,22,22,1,0,False,1,0,False,False,0.585296094417572,-0.219698965549469,0.8774256706237793,0,0,0.0,1,False,False,,False,80
pick_coke_can,pick_coke_can/condition_0039,39,11,True,23,0.6251712994083862,0,0,0,success,0,False,12,22,22,22,22,1,0,False,1,0,False,False,0.585296094417572,-0.219698965549469,0.8774256706237793,0,0,0.0,1,False,False,,False,80
pick_coke_can,pick_coke_can/condition_0039,39,12,True,23,0.6251712994083862,0,0,0,success,0,False,13,22,22,22,22,1,0,False,1,0,False,False,0.585296094417572,-0.219698965549469,0.8774256706237793,0,0,0.0,1,False,False,,False,80
pick_coke_can,pick_coke_can/condition_0039,39,13,True,23,0.6251712994083862,0,0,0,success,0,False,14,22,22,22,22,1,0,False,1,0,False,False,0.585296094417572,-0.219698965549469,0.8774256706237793,0,0,0.0,1,False,False,,False,80
pick_coke_can,pick_coke_can/condition_0039,39,14,True,23,0.6251712994083862,0,0,0,success,0,False,15,22,22,22,22,1,0,False,1,0,False,False,0.585296094417572,-0.219698965549469,0.8774256706237793,0,0,0.0,1,False,False,,False,80
pick_coke_can,pick_coke_can/condition_0039,39,15,True,23,0.6251712994083862,0,0,0,success,0,False,16,22,22,22,22,1,0,False,1,0,False,False,0.585296094417572,-0.219698965549469,0.8774256706237793,0,0,0.0,1,False,False,,False,80
pick_coke_can,pick_coke_can/condition_0039,39,16,True,23,0.6251712994083862,0,0,0,success,0,False,17,22,22,22,22,1,0,False,1,0,False,False,0.585296094417572,-0.219698965549469,0.8774256706237793,0,0,0.0,1,False,False,,False,80
pick_coke_can,pick_coke_can/condition_0039,39,17,True,23,0.6251712994083862,0,0,0,success,0,False,18,22,22,22,22,1,0,False,1,0,False,False,0.585296094417572,-0.219698965549469,0.8774256706237793,0,0,0.0,1,False,False,,False,80
pick_coke_can,pick_coke_can/condition_0039,39,18,True,23,0.6251712994083862,0,0,0,success,0,False,19,22,22,22,22,1,0,False,1,0,False,False,0.585296094417572,-0.219698965549469,0.8774256706237793,0,0,0.0,1,False,False,,False,80
pick_coke_can,pick_coke_can/condition_0039,39,19,True,23,0.6251712994083862,0,0,0,success,0,False,20,22,22,22,22,1,0,False,1,0,False,False,0.585296094417572,-0.219698965549469,0.8774256706237793,0,0,0.0,1,False,False,,False,80
pick_coke_can,pick_coke_can/condition_0039,39,20,True,23,0.6251712994083862,0,0,0,success,0,False,21,22,22,22,22,1,0,False,1,0,False,False,0.585296094417572,-0.219698965549469,0.8774256706237793,0,0,0.0,1,False,False,,False,80
pick_coke_can,pick_coke_can/condition_0039,39,21,True,23,0.6251712994083862,0,0,0,success,0,False,22,22,22,22,22,1,0,False,1,0,False,False,0.585296094417572,-0.219698965549469,0.8774256706237793,0,0,0.0,1,False,False,,False,80
pick_coke_can,pick_coke_can/condition_0039,39,22,True,23,0.6251712994083862,0,0,0,success,0,False,23,22,22,22,22,1,1,True,1,1,True,True,0.585296094417572,-0.219698965549469,0.8774256706237793,4,1,1.0,1,True,True,0,False,80
pick_coke_can,pick_coke_can/condition_0040,40,0,False,80,0.5719747537837082,0,0,1,never_grasped,0,False,1,,,,,0,0,False,0,0,False,False,0.5278500914573669,0.22029389441013336,0.8774228692054749,0,0,0.0,0,False,False,,False,80
pick_coke_can,pick_coke_can/condition_0040,40,1,False,80,0.5719747537837082,0,0,1,never_grasped,0,False,2,,,,,0,0,False,0,0,False,False,0.5278500914573669,0.22029389441013336,0.8774228692054749,0,0,0.0,0,False,False,,False,80
pick_coke_can,pick_coke_can/condition_0040,40,2,False,80,0.5719747537837082,0,0,1,never_grasped,0,False,3,,,,,0,0,False,0,0,False,False,0.5278500914573669,0.22029389441013336,0.8774228692054749,0,0,0.0,0,False,False,,False,80
pick_coke_can,pick_coke_can/condition_0040,40,3,False,80,0.5719747537837082,0,0,1,never_grasped,0,False,4,,,,,0,0,False,0,0,False,False,0.5278500914573669,0.22029389441013336,0.8774228692054749,0,0,0.0,0,False,False,,False,80
pick_coke_can,pick_coke_can/condition_0040,40,4,False,80,0.5719747537837082,0,0,1,never_grasped,0,False,5,,,,,0,0,False,0,0,False,False,0.5278500914573669,0.22029389441013336,0.8774228692054749,0,0,0.0,0,False,False,,False,80
pick_coke_can,pick_coke_can/condition_0040,40,5,False,80,0.5719747537837082,0,0,1,never_grasped,0,False,6,,,,,0,0,False,0,0,False,False,0.5278500914573669,0.22029389441013336,0.8774228692054749,0,0,0.0,0,False,False,,False,80
pick_coke_can,pick_coke_can/condition_0040,40,6,False,80,0.5719747537837082,0,0,1,never_grasped,0,False,7,,,,,0,0,False,0,0,False,False,0.5278500914573669,0.22029389441013336,0.8774228692054749,0,0,0.0,0,False,False,,False,80
pick_coke_can,pick_coke_can/condition_0040,40,7,False,80,0.5719747537837082,0,0,1,never_grasped,0,False,8,,,,,0,0,False,0,0,False,False,0.5278500914573669,0.22029389441013336,0.8774228692054749,0,0,0.0,0,False,False,,False,80
pick_coke_can,pick_coke_can/condition_0040,40,8,False,80,0.5719747537837082,0,0,1,never_grasped,0,False,9,,,,,0,0,False,0,0,False,False,0.5278500914573669,0.22029389441013336,0.8774228692054749,0,0,0.0,0,False,False,,False,80
pick_coke_can,pick_coke_can/condition_0040,40,9,False,80,0.5719747537837082,0,0,1,never_grasped,0,False,10,,,,,0,0,False,0,0,False,False,0.5278500914573669,0.22029389441013336,0.8774228692054749,0,0,0.0,0,False,False,,False,80
pick_coke_can,pick_coke_can/condition_0040,40,10,False,80,0.5719747537837082,0,0,1,never_grasped,0,False,11,,,,,0,0,False,0,0,False,False,0.5278500914573669,0.22029389441013336,0.8774228692054749,0,0,0.0,0,False,False,,False,80
pick_coke_can,pick_coke_can/condition_0040,40,11,False,80,0.5719747537837082,0,0,1,never_grasped,0,False,12,,,,,0,0,False,0,0,False,False,0.5278500914573669,0.22029389441013336,0.8774228692054749,0,0,0.0,0,False,False,,False,80
pick_coke_can,pick_coke_can/condition_0040,40,12,False,80,0.5719747537837082,0,0,1,never_grasped,0,False,13,,,,,0,0,False,0,0,False,False,0.5278500914573669,0.22029389441013336,0.8774228692054749,0,0,0.0,0,False,False,,False,80
pick_coke_can,pick_coke_can/condition_0040,40,13,False,80,0.5719747537837082,0,0,1,never_grasped,0,False,14,,,,,0,0,False,0,0,False,False,0.5278500914573669,0.22029389441013336,0.8774228692054749,0,0,0.0,0,False,False,,False,80
pick_coke_can,pick_coke_can/condition_0040,40,14,False,80,0.5719747537837082,0,0,1,never_grasped,0,False,15,,,,,0,0,False,0,0,False,False,0.5278500914573669,0.22029389441013336,0.8774228692054749,0,0,0.0,0,False,False,,False,80
pick_coke_can,pick_coke_can/condition_0040,40,15,False,80,0.5719747537837082,0,0,1,never_grasped,0,False,16,,,,,0,0,False,0,0,False,False,0.5278500914573669,0.22029389441013336,0.8774228692054749,0,0,0.0,0,False,False,,False,80
pick_coke_can,pick_coke_can/condition_0040,40,16,False,80,0.5719747537837082,0,0,1,never_grasped,0,False,17,,,,,0,0,False,0,0,False,False,0.5278500914573669,0.22029389441013336,0.8774228692054749,0,0,0.0,0,False,False,,False,80
pick_coke_can,pick_coke_can/condition_0040,40,17,False,80,0.5719747537837082,0,0,1,never_grasped,0,False,18,,,,,0,0,False,0,0,False,False,0.5278500914573669,0.22029389441013336,0.8774228692054749,0,0,0.0,0,False,False,,False,80
pick_coke_can,pick_coke_can/condition_0040,40,18,False,80,0.5719747537837082,0,0,1,never_grasped,0,False,19,,,,,0,0,False,0,0,False,False,0.5278500914573669,0.22029389441013336,0.8774228692054749,0,0,0.0,0,False,False,,False,80
pick_coke_can,pick_coke_can/condition_0040,40,19,False,80,0.5719747537837082,0,0,1,never_grasped,0,False,20,,,,,0,0,False,0,0,False,False,0.5278500914573669,0.22029389441013336,0.8774228692054749,0,0,0.0,0,False,False,,False,80
pick_coke_can,pick_coke_can/condition_0040,40,20,False,80,0.5719747537837082,0,0,1,never_grasped,0,False,21,,,,,0,0,False,0,0,False,False,0.5278500914573669,0.22029389441013336,0.8774228692054749,0,0,0.0,0,False,False,,False,80
pick_coke_can,pick_coke_can/condition_0040,40,21,False,80,0.5719747537837082,0,0,1,never_grasped,0,False,22,,,,,0,0,False,0,0,False,False,0.5278500914573669,0.22029389441013336,0.8774228692054749,0,0,0.0,0,False,False,,False,80
pick_coke_can,pick_coke_can/condition_0040,40,22,False,80,0.5719747537837082,0,0,1,never_grasped,0,False,23,,,,,0,0,False,0,0,False,False,0.5278500914573669,0.22029389441013336,0.8774228692054749,0,0,0.0,0,False,False,,False,80
pick_coke_can,pick_coke_can/condition_0040,40,23,False,80,0.5719747537837082,0,0,1,never_grasped,0,False,24,,,,,0,0,False,0,0,False,False,0.5278500914573669,0.22029389441013336,0.8774228692054749,0,0,0.0,0,False,False,,False,80
pick_coke_can,pick_coke_can/condition_0040,40,24,False,80,0.5719747537837082,0,0,1,never_grasped,0,False,25,,,,,0,0,False,0,0,False,False,0.5278500914573669,0.22029389441013336,0.8774228692054749,0,0,0.0,0,False,False,,False,80
pick_coke_can,pick_coke_can/condition_0040,40,25,False,80,0.5719747537837082,0,0,1,never_grasped,0,False,26,,,,,0,0,False,0,0,False,False,0.5278500914573669,0.22029389441013336,0.8774228692054749,0,0,0.0,0,False,False,,False,80
pick_coke_can,pick_coke_can/condition_0040,40,26,False,80,0.5719747537837082,0,0,1,never_grasped,0,False,27,,,,,0,0,False,0,0,False,False,0.5278500914573669,0.22029389441013336,0.8774228692054749,0,0,0.0,0,False,False,,False,80
pick_coke_can,pick_coke_can/condition_0040,40,27,False,80,0.5719747537837082,0,0,1,never_grasped,0,False,28,,,,,0,0,False,0,0,False,False,0.5278500914573669,0.22029389441013336,0.8774228692054749,0,0,0.0,0,False,False,,False,80
pick_coke_can,pick_coke_can/condition_0040,40,28,False,80,0.5719747537837082,0,0,1,never_grasped,0,False,29,,,,,0,0,False,0,0,False,False,0.5278500914573669,0.22029389441013336,0.8774228692054749,0,0,0.0,0,False,False,,False,80
pick_coke_can,pick_coke_can/condition_0040,40,29,False,80,0.5719747537837082,0,0,1,never_grasped,0,False,30,,,,,0,0,False,0,0,False,False,0.5278500914573669,0.22029389441013336,0.8774228692054749,0,0,0.0,0,False,False,,False,80
pick_coke_can,pick_coke_can/condition_0040,40,30,False,80,0.5719747537837082,0,0,1,never_grasped,0,False,31,,,,,0,0,False,0,0,False,False,0.5278500914573669,0.22029389441013336,0.8774228692054749,0,0,0.0,0,False,False,,False,80
pick_coke_can,pick_coke_can/condition_0040,40,31,False,80,0.5719747537837082,0,0,1,never_grasped,0,False,32,,,,,0,0,False,0,0,False,False,0.5278500914573669,0.22029389441013336,0.8774228692054749,0,0,0.0,0,False,False,,False,80
pick_coke_can,pick_coke_can/condition_0040,40,32,False,80,0.5719747537837082,0,0,1,never_grasped,0,False,33,,,,,0,0,False,0,0,False,False,0.5278500914573669,0.22029389441013336,0.8774228692054749,0,0,0.0,0,False,False,,False,80
pick_coke_can,pick_coke_can/condition_0040,40,33,False,80,0.5719747537837082,0,0,1,never_grasped,0,False,34,,,,,0,0,False,0,0,False,False,0.5278500914573669,0.22029389441013336,0.8774228692054749,0,0,0.0,0,False,False,,False,80
pick_coke_can,pick_coke_can/condition_0040,40,34,False,80,0.5719747537837082,0,0,1,never_grasped,0,False,35,,,,,0,0,False,0,0,False,False,0.5278500914573669,0.22029389441013336,0.8774228692054749,0,0,0.0,0,False,False,,False,80
pick_coke_can,pick_coke_can/condition_0040,40,35,False,80,0.5719747537837082,0,0,1,never_grasped,0,False,36,,,,,0,0,False,0,0,False,False,0.5278500914573669,0.22029389441013336,0.8774228692054749,0,0,0.0,0,False,False,,False,80
pick_coke_can,pick_coke_can/condition_0040,40,36,False,80,0.5719747537837082,0,0,1,never_grasped,0,False,37,,,,,0,0,False,0,0,False,False,0.5278500914573669,0.22029389441013336,0.8774228692054749,0,0,0.0,0,False,False,,False,80
pick_coke_can,pick_coke_can/condition_0040,40,37,False,80,0.5719747537837082,0,0,1,never_grasped,0,False,38,,,,,0,0,False,0,0,False,False,0.5278500914573669,0.22029389441013336,0.8774228692054749,0,0,0.0,0,False,False,,False,80
pick_coke_can,pick_coke_can/condition_0040,40,38,False,80,0.5719747537837082,0,0,1,never_grasped,0,False,39,,,,,0,0,False,0,0,False,False,0.5278500914573669,0.22029389441013336,0.8774228692054749,0,0,0.0,0,False,False,,False,80
pick_coke_can,pick_coke_can/condition_0040,40,39,False,80,0.5719747537837082,0,0,1,never_grasped,0,False,40,,,,,0,0,False,0,0,False,False,0.5278500914573669,0.22029389441013336,0.8774228692054749,0,0,0.0,0,False,False,,False,80
pick_coke_can,pick_coke_can/condition_0040,40,40,False,80,0.5719747537837082,0,0,1,never_grasped,0,False,41,,,,,0,0,False,0,0,False,False,0.5278500914573669,0.22029389441013336,0.8774228692054749,0,0,0.0,0,False,False,,False,80
pick_coke_can,pick_coke_can/condition_0040,40,41,False,80,0.5719747537837082,0,0,1,never_grasped,0,False,42,,,,,0,0,False,0,0,False,False,0.5278500914573669,0.22029389441013336,0.8774228692054749,0,0,0.0,0,False,False,,False,80
pick_coke_can,pick_coke_can/condition_0040,40,42,False,80,0.5719747537837082,0,0,1,never_grasped,0,False,43,,,,,0,0,False,0,0,False,False,0.5278500914573669,0.22029389441013336,0.8774228692054749,0,0,0.0,0,False,False,,False,80
pick_coke_can,pick_coke_can/condition_0040,40,43,False,80,0.5719747537837082,0,0,1,never_grasped,0,False,44,,,,,0,0,False,0,0,False,False,0.5278500914573669,0.22029389441013336,0.8774228692054749,0,0,0.0,0,False,False,,False,80
pick_coke_can,pick_coke_can/condition_0040,40,44,False,80,0.5719747537837082,0,0,1,never_grasped,0,False,45,,,,,0,0,False,0,0,False,False,0.5278500914573669,0.22029389441013336,0.8774228692054749,0,0,0.0,0,False,False,,False,80
pick_coke_can,pick_coke_can/condition_0040,40,45,False,80,0.5719747537837082,0,0,1,never_grasped,0,False,46,,,,,0,0,False,0,0,False,False,0.5278500914573669,0.22029389441013336,0.8774228692054749,0,0,0.0,0,False,False,,False,80
pick_coke_can,pick_coke_can/condition_0040,40,46,False,80,0.5719747537837082,0,0,1,never_grasped,0,False,47,,,,,0,0,False,0,0,False,False,0.5278500914573669,0.22029389441013336,0.8774228692054749,0,0,0.0,0,False,False,,False,80
pick_coke_can,pick_coke_can/condition_0040,40,47,False,80,0.5719747537837082,0,0,1,never_grasped,0,False,48,,,,,0,0,False,0,0,False,False,0.5278500914573669,0.22029389441013336,0.8774228692054749,0,0,0.0,0,False,False,,False,80
pick_coke_can,pick_coke_can/condition_0040,40,48,False,80,0.5719747537837082,0,0,1,never_grasped,0,False,49,,,,,0,0,False,0,0,False,False,0.5278500914573669,0.22029389441013336,0.8774228692054749,0,0,0.0,0,False,False,,False,80
pick_coke_can,pick_coke_can/condition_0040,40,49,False,80,0.5719747537837082,0,0,1,never_grasped,0,False,50,,,,,0,0,False,0,0,False,False,0.5278500914573669,0.22029389441013336,0.8774228692054749,0,0,0.0,0,False,False,,False,80
pick_coke_can,pick_coke_can/condition_0040,40,50,False,80,0.5719747537837082,0,0,1,never_grasped,0,False,51,,,,,0,0,False,0,0,False,False,0.5278500914573669,0.22029389441013336,0.8774228692054749,0,0,0.0,0,False,False,,False,80
pick_coke_can,pick_coke_can/condition_0040,40,51,False,80,0.5719747537837082,0,0,1,never_grasped,0,False,52,,,,,0,0,False,0,0,False,False,0.5278500914573669,0.22029389441013336,0.8774228692054749,0,0,0.0,0,False,False,,False,80
pick_coke_can,pick_coke_can/condition_0040,40,52,False,80,0.5719747537837082,0,0,1,never_grasped,0,False,53,,,,,0,0,False,0,0,False,False,0.5278500914573669,0.22029389441013336,0.8774228692054749,0,0,0.0,0,False,False,,False,80
pick_coke_can,pick_coke_can/condition_0040,40,53,False,80,0.5719747537837082,0,0,1,never_grasped,0,False,54,,,,,0,0,False,0,0,False,False,0.5278500914573669,0.22029389441013336,0.8774228692054749,0,0,0.0,0,False,False,,False,80
pick_coke_can,pick_coke_can/condition_0040,40,54,False,80,0.5719747537837082,0,0,1,never_grasped,0,False,55,,,,,0,0,False,0,0,False,False,0.5278500914573669,0.22029389441013336,0.8774228692054749,0,0,0.0,0,False,False,,False,80
pick_coke_can,pick_coke_can/condition_0040,40,55,False,80,0.5719747537837082,0,0,1,never_grasped,0,False,56,,,,,0,0,False,0,0,False,False,0.5278500914573669,0.22029389441013336,0.8774228692054749,0,0,0.0,0,False,False,,False,80
pick_coke_can,pick_coke_can/condition_0040,40,56,False,80,0.5719747537837082,0,0,1,never_grasped,0,False,57,,,,,0,0,False,0,0,False,False,0.5278500914573669,0.22029389441013336,0.8774228692054749,0,0,0.0,0,False,False,,False,80
pick_coke_can,pick_coke_can/condition_0040,40,57,False,80,0.5719747537837082,0,0,1,never_grasped,0,False,58,,,,,0,0,False,0,0,False,False,0.5278500914573669,0.22029389441013336,0.8774228692054749,0,0,0.0,0,False,False,,False,80
pick_coke_can,pick_coke_can/condition_0040,40,58,False,80,0.5719747537837082,0,0,1,never_grasped,0,False,59,,,,,0,0,False,0,0,False,False,0.5278500914573669,0.22029389441013336,0.8774228692054749,0,0,0.0,0,False,False,,False,80
pick_coke_can,pick_coke_can/condition_0040,40,59,False,80,0.5719747537837082,0,0,1,never_grasped,0,False,60,,,,,0,0,False,0,0,False,False,0.5278500914573669,0.22029389441013336,0.8774228692054749,0,0,0.0,0,False,False,,False,80
pick_coke_can,pick_coke_can/condition_0040,40,60,False,80,0.5719747537837082,0,0,1,never_grasped,0,False,61,,,,,0,0,False,0,0,False,False,0.5278500914573669,0.22029389441013336,0.8774228692054749,0,0,0.0,0,False,False,,False,80
pick_coke_can,pick_coke_can/condition_0040,40,61,False,80,0.5719747537837082,0,0,1,never_grasped,0,False,62,,,,,0,0,False,0,0,False,False,0.5278500914573669,0.22029389441013336,0.8774228692054749,0,0,0.0,0,False,False,,False,80
pick_coke_can,pick_coke_can/condition_0040,40,62,False,80,0.5719747537837082,0,0,1,never_grasped,0,False,63,,,,,0,0,False,0,0,False,False,0.5278500914573669,0.22029389441013336,0.8774228692054749,0,0,0.0,0,False,False,,False,80
pick_coke_can,pick_coke_can/condition_0040,40,63,False,80,0.5719747537837082,0,0,1,never_grasped,0,False,64,,,,,0,0,False,0,0,False,False,0.5278500914573669,0.22029389441013336,0.8774228692054749,0,0,0.0,0,False,False,,False,80
pick_coke_can,pick_coke_can/condition_0040,40,64,False,80,0.5719747537837082,0,0,1,never_grasped,0,False,65,,,,,0,0,False,0,0,False,False,0.5278500914573669,0.22029389441013336,0.8774228692054749,0,0,0.0,0,False,False,,False,80
pick_coke_can,pick_coke_can/condition_0040,40,65,False,80,0.5719747537837082,0,0,1,never_grasped,0,False,66,,,,,0,0,False,0,0,False,False,0.5278500914573669,0.22029389441013336,0.8774228692054749,0,0,0.0,0,False,False,,False,80
pick_coke_can,pick_coke_can/condition_0040,40,66,False,80,0.5719747537837082,0,0,1,never_grasped,0,False,67,,,,,0,0,False,0,0,False,False,0.5278500914573669,0.22029389441013336,0.8774228692054749,0,0,0.0,0,False,False,,False,80
pick_coke_can,pick_coke_can/condition_0040,40,67,False,80,0.5719747537837082,0,0,1,never_grasped,0,False,68,,,,,0,0,False,0,0,False,False,0.5278500914573669,0.22029389441013336,0.8774228692054749,0,0,0.0,0,False,False,,False,80
pick_coke_can,pick_coke_can/condition_0040,40,68,False,80,0.5719747537837082,0,0,1,never_grasped,0,False,69,,,,,0,0,False,0,0,False,False,0.5278500914573669,0.22029389441013336,0.8774228692054749,0,0,0.0,0,False,False,,False,80
pick_coke_can,pick_coke_can/condition_0040,40,69,False,80,0.5719747537837082,0,0,1,never_grasped,0,False,70,,,,,0,0,False,0,0,False,False,0.5278500914573669,0.22029389441013336,0.8774228692054749,0,0,0.0,0,False,False,,False,80
pick_coke_can,pick_coke_can/condition_0040,40,70,False,80,0.5719747537837082,0,0,1,never_grasped,0,False,71,,,,,0,0,False,0,0,False,False,0.5278500914573669,0.22029389441013336,0.8774228692054749,0,0,0.0,0,False,False,,False,80
pick_coke_can,pick_coke_can/condition_0040,40,71,False,80,0.5719747537837082,0,0,1,never_grasped,0,False,72,,,,,0,0,False,0,0,False,False,0.5278500914573669,0.22029389441013336,0.8774228692054749,0,0,0.0,0,False,False,,False,80
pick_coke_can,pick_coke_can/condition_0040,40,72,False,80,0.5719747537837082,0,0,1,never_grasped,0,False,73,,,,,0,0,False,0,0,False,False,0.5278500914573669,0.22029389441013336,0.8774228692054749,0,0,0.0,0,False,False,,False,80
pick_coke_can,pick_coke_can/condition_0040,40,73,False,80,0.5719747537837082,0,0,1,never_grasped,0,False,74,,,,,0,0,False,0,0,False,False,0.5278500914573669,0.22029389441013336,0.8774228692054749,0,0,0.0,0,False,False,,False,80
pick_coke_can,pick_coke_can/condition_0040,40,74,False,80,0.5719747537837082,0,0,1,never_grasped,0,False,75,,,,,0,0,False,0,0,False,False,0.5278500914573669,0.22029389441013336,0.8774228692054749,0,0,0.0,0,False,False,,False,80
pick_coke_can,pick_coke_can/condition_0040,40,75,False,80,0.5719747537837082,0,0,1,never_grasped,0,False,76,,,,,0,0,False,0,0,False,False,0.5278500914573669,0.22029389441013336,0.8774228692054749,0,0,0.0,0,False,False,,False,80
pick_coke_can,pick_coke_can/condition_0040,40,76,False,80,0.5719747537837082,0,0,1,never_grasped,0,False,77,,,,,0,0,False,0,0,False,False,0.5278500914573669,0.22029389441013336,0.8774228692054749,0,0,0.0,0,False,False,,False,80
pick_coke_can,pick_coke_can/condition_0040,40,77,False,80,0.5719747537837082,0,0,1,never_grasped,0,False,78,,,,,0,0,False,0,0,False,False,0.5278500914573669,0.22029389441013336,0.8774228692054749,0,0,0.0,0,False,False,,False,80
pick_coke_can,pick_coke_can/condition_0040,40,78,False,80,0.5719747537837082,0,0,1,never_grasped,0,False,79,,,,,0,0,False,0,0,False,False,0.5278500914573669,0.22029389441013336,0.8774228692054749,0,0,0.0,0,False,False,,False,80
pick_coke_can,pick_coke_can/condition_0040,40,79,False,80,0.5719747537837082,0,0,1,never_grasped,0,False,80,,,,,0,0,False,0,0,False,False,0.5278500914573669,0.22029389441013336,0.8774228692054749,0,0,0.0,0,False,False,,True,80
pick_coke_can,pick_coke_can/condition_0041,41,0,False,80,0.5392389466161234,0,0,1,never_grasped,0,False,1,,,,,0,0,False,0,0,False,False,0.527839183807373,0.11029250919818878,0.8774229288101196,0,0,0.0,0,False,False,,False,80
pick_coke_can,pick_coke_can/condition_0041,41,1,False,80,0.5392389466161234,0,0,1,never_grasped,0,False,2,,,,,0,0,False,0,0,False,False,0.527839183807373,0.11029250919818878,0.8774229288101196,0,0,0.0,0,False,False,,False,80
pick_coke_can,pick_coke_can/condition_0041,41,2,False,80,0.5392389466161234,0,0,1,never_grasped,0,False,3,,,,,0,0,False,0,0,False,False,0.527839183807373,0.11029250919818878,0.8774229288101196,0,0,0.0,0,False,False,,False,80
pick_coke_can,pick_coke_can/condition_0041,41,3,False,80,0.5392389466161234,0,0,1,never_grasped,0,False,4,,,,,0,0,False,0,0,False,False,0.527839183807373,0.11029250919818878,0.8774229288101196,0,0,0.0,0,False,False,,False,80
pick_coke_can,pick_coke_can/condition_0041,41,4,False,80,0.5392389466161234,0,0,1,never_grasped,0,False,5,,,,,0,0,False,0,0,False,False,0.527839183807373,0.11029250919818878,0.8774229288101196,0,0,0.0,0,False,False,,False,80
pick_coke_can,pick_coke_can/condition_0041,41,5,False,80,0.5392389466161234,0,0,1,never_grasped,0,False,6,,,,,0,0,False,0,0,False,False,0.527839183807373,0.11029250919818878,0.8774229288101196,0,0,0.0,0,False,False,,False,80
pick_coke_can,pick_coke_can/condition_0041,41,6,False,80,0.5392389466161234,0,0,1,never_grasped,0,False,7,,,,,0,0,False,0,0,False,False,0.527839183807373,0.11029250919818878,0.8774229288101196,0,0,0.0,0,False,False,,False,80
pick_coke_can,pick_coke_can/condition_0041,41,7,False,80,0.5392389466161234,0,0,1,never_grasped,0,False,8,,,,,0,0,False,0,0,False,False,0.527839183807373,0.11029250919818878,0.8774229288101196,0,0,0.0,0,False,False,,False,80
pick_coke_can,pick_coke_can/condition_0041,41,8,False,80,0.5392389466161234,0,0,1,never_grasped,0,False,9,,,,,0,0,False,0,0,False,False,0.527839183807373,0.11029250919818878,0.8774229288101196,0,0,0.0,0,False,False,,False,80
pick_coke_can,pick_coke_can/condition_0041,41,9,False,80,0.5392389466161234,0,0,1,never_grasped,0,False,10,,,,,0,0,False,0,0,False,False,0.527839183807373,0.11029250919818878,0.8774229288101196,0,0,0.0,0,False,False,,False,80
pick_coke_can,pick_coke_can/condition_0041,41,10,False,80,0.5392389466161234,0,0,1,never_grasped,0,False,11,,,,,0,0,False,0,0,False,False,0.527839183807373,0.11029250919818878,0.8774229288101196,0,0,0.0,0,False,False,,False,80
pick_coke_can,pick_coke_can/condition_0041,41,11,False,80,0.5392389466161234,0,0,1,never_grasped,0,False,12,,,,,0,0,False,0,0,False,False,0.527839183807373,0.11029250919818878,0.8774229288101196,0,0,0.0,0,False,False,,False,80
pick_coke_can,pick_coke_can/condition_0041,41,12,False,80,0.5392389466161234,0,0,1,never_grasped,0,False,13,,,,,0,0,False,0,0,False,False,0.527839183807373,0.11029250919818878,0.8774229288101196,0,0,0.0,0,False,False,,False,80
pick_coke_can,pick_coke_can/condition_0041,41,13,False,80,0.5392389466161234,0,0,1,never_grasped,0,False,14,,,,,0,0,False,0,0,False,False,0.527839183807373,0.11029250919818878,0.8774229288101196,0,0,0.0,0,False,False,,False,80
pick_coke_can,pick_coke_can/condition_0041,41,14,False,80,0.5392389466161234,0,0,1,never_grasped,0,False,15,,,,,0,0,False,0,0,False,False,0.527839183807373,0.11029250919818878,0.8774229288101196,0,0,0.0,0,False,False,,False,80
pick_coke_can,pick_coke_can/condition_0041,41,15,False,80,0.5392389466161234,0,0,1,never_grasped,0,False,16,,,,,0,0,False,0,0,False,False,0.527839183807373,0.11029250919818878,0.8774229288101196,0,0,0.0,0,False,False,,False,80
pick_coke_can,pick_coke_can/condition_0041,41,16,False,80,0.5392389466161234,0,0,1,never_grasped,0,False,17,,,,,0,0,False,0,0,False,False,0.527839183807373,0.11029250919818878,0.8774229288101196,0,0,0.0,0,False,False,,False,80
pick_coke_can,pick_coke_can/condition_0041,41,17,False,80,0.5392389466161234,0,0,1,never_grasped,0,False,18,,,,,0,0,False,0,0,False,False,0.527839183807373,0.11029250919818878,0.8774229288101196,0,0,0.0,0,False,False,,False,80
pick_coke_can,pick_coke_can/condition_0041,41,18,False,80,0.5392389466161234,0,0,1,never_grasped,0,False,19,,,,,0,0,False,0,0,False,False,0.527839183807373,0.11029250919818878,0.8774229288101196,0,0,0.0,0,False,False,,False,80
pick_coke_can,pick_coke_can/condition_0041,41,19,False,80,0.5392389466161234,0,0,1,never_grasped,0,False,20,,,,,0,0,False,0,0,False,False,0.527839183807373,0.11029250919818878,0.8774229288101196,0,0,0.0,0,False,False,,False,80
pick_coke_can,pick_coke_can/condition_0041,41,20,False,80,0.5392389466161234,0,0,1,never_grasped,0,False,21,,,,,0,0,False,0,0,False,False,0.527839183807373,0.11029250919818878,0.8774229288101196,0,0,0.0,0,False,False,,False,80
pick_coke_can,pick_coke_can/condition_0041,41,21,False,80,0.5392389466161234,0,0,1,never_grasped,0,False,22,,,,,0,0,False,0,0,False,False,0.527839183807373,0.11029250919818878,0.8774229288101196,0,0,0.0,0,False,False,,False,80
pick_coke_can,pick_coke_can/condition_0041,41,22,False,80,0.5392389466161234,0,0,1,never_grasped,0,False,23,,,,,0,0,False,0,0,False,False,0.527839183807373,0.11029250919818878,0.8774229288101196,0,0,0.0,0,False,False,,False,80
pick_coke_can,pick_coke_can/condition_0041,41,23,False,80,0.5392389466161234,0,0,1,never_grasped,0,False,24,,,,,0,0,False,0,0,False,False,0.527839183807373,0.11029250919818878,0.8774229288101196,0,0,0.0,0,False,False,,False,80
pick_coke_can,pick_coke_can/condition_0041,41,24,False,80,0.5392389466161234,0,0,1,never_grasped,0,False,25,,,,,0,0,False,0,0,False,False,0.527839183807373,0.11029250919818878,0.8774229288101196,0,0,0.0,0,False,False,,False,80
pick_coke_can,pick_coke_can/condition_0041,41,25,False,80,0.5392389466161234,0,0,1,never_grasped,0,False,26,,,,,0,0,False,0,0,False,False,0.527839183807373,0.11029250919818878,0.8774229288101196,0,0,0.0,0,False,False,,False,80
pick_coke_can,pick_coke_can/condition_0041,41,26,False,80,0.5392389466161234,0,0,1,never_grasped,0,False,27,,,,,0,0,False,0,0,False,False,0.527839183807373,0.11029250919818878,0.8774229288101196,0,0,0.0,0,False,False,,False,80
pick_coke_can,pick_coke_can/condition_0041,41,27,False,80,0.5392389466161234,0,0,1,never_grasped,0,False,28,,,,,0,0,False,0,0,False,False,0.527839183807373,0.11029250919818878,0.8774229288101196,0,0,0.0,0,False,False,,False,80
pick_coke_can,pick_coke_can/condition_0041,41,28,False,80,0.5392389466161234,0,0,1,never_grasped,0,False,29,,,,,0,0,False,0,0,False,False,0.527839183807373,0.11029250919818878,0.8774229288101196,0,0,0.0,0,False,False,,False,80
pick_coke_can,pick_coke_can/condition_0041,41,29,False,80,0.5392389466161234,0,0,1,never_grasped,0,False,30,,,,,0,0,False,0,0,False,False,0.527839183807373,0.11029250919818878,0.8774229288101196,0,0,0.0,0,False,False,,False,80
pick_coke_can,pick_coke_can/condition_0041,41,30,False,80,0.5392389466161234,0,0,1,never_grasped,0,False,31,,,,,0,0,False,0,0,False,False,0.527839183807373,0.11029250919818878,0.8774229288101196,0,0,0.0,0,False,False,,False,80
pick_coke_can,pick_coke_can/condition_0041,41,31,False,80,0.5392389466161234,0,0,1,never_grasped,0,False,32,,,,,0,0,False,0,0,False,False,0.527839183807373,0.11029250919818878,0.8774229288101196,0,0,0.0,0,False,False,,False,80
pick_coke_can,pick_coke_can/condition_0041,41,32,False,80,0.5392389466161234,0,0,1,never_grasped,0,False,33,,,,,0,0,False,0,0,False,False,0.527839183807373,0.11029250919818878,0.8774229288101196,0,0,0.0,0,False,False,,False,80
pick_coke_can,pick_coke_can/condition_0041,41,33,False,80,0.5392389466161234,0,0,1,never_grasped,0,False,34,,,,,0,0,False,0,0,False,False,0.527839183807373,0.11029250919818878,0.8774229288101196,0,0,0.0,0,False,False,,False,80
pick_coke_can,pick_coke_can/condition_0041,41,34,False,80,0.5392389466161234,0,0,1,never_grasped,0,False,35,,,,,0,0,False,0,0,False,False,0.527839183807373,0.11029250919818878,0.8774229288101196,0,0,0.0,0,False,False,,False,80
pick_coke_can,pick_coke_can/condition_0041,41,35,False,80,0.5392389466161234,0,0,1,never_grasped,0,False,36,,,,,0,0,False,0,0,False,False,0.527839183807373,0.11029250919818878,0.8774229288101196,0,0,0.0,0,False,False,,False,80
pick_coke_can,pick_coke_can/condition_0041,41,36,False,80,0.5392389466161234,0,0,1,never_grasped,0,False,37,,,,,0,0,False,0,0,False,False,0.527839183807373,0.11029250919818878,0.8774229288101196,0,0,0.0,0,False,False,,False,80
pick_coke_can,pick_coke_can/condition_0041,41,37,False,80,0.5392389466161234,0,0,1,never_grasped,0,False,38,,,,,0,0,False,0,0,False,False,0.527839183807373,0.11029250919818878,0.8774229288101196,0,0,0.0,0,False,False,,False,80
pick_coke_can,pick_coke_can/condition_0041,41,38,False,80,0.5392389466161234,0,0,1,never_grasped,0,False,39,,,,,0,0,False,0,0,False,False,0.527839183807373,0.11029250919818878,0.8774229288101196,0,0,0.0,0,False,False,,False,80
pick_coke_can,pick_coke_can/condition_0041,41,39,False,80,0.5392389466161234,0,0,1,never_grasped,0,False,40,,,,,0,0,False,0,0,False,False,0.527839183807373,0.11029250919818878,0.8774229288101196,0,0,0.0,0,False,False,,False,80
pick_coke_can,pick_coke_can/condition_0041,41,40,False,80,0.5392389466161234,0,0,1,never_grasped,0,False,41,,,,,0,0,False,0,0,False,False,0.527839183807373,0.11029250919818878,0.8774229288101196,0,0,0.0,0,False,False,,False,80
pick_coke_can,pick_coke_can/condition_0041,41,41,False,80,0.5392389466161234,0,0,1,never_grasped,0,False,42,,,,,0,0,False,0,0,False,False,0.527839183807373,0.11029250919818878,0.8774229288101196,0,0,0.0,0,False,False,,False,80
pick_coke_can,pick_coke_can/condition_0041,41,42,False,80,0.5392389466161234,0,0,1,never_grasped,0,False,43,,,,,0,0,False,0,0,False,False,0.527839183807373,0.11029250919818878,0.8774229288101196,0,0,0.0,0,False,False,,False,80
pick_coke_can,pick_coke_can/condition_0041,41,43,False,80,0.5392389466161234,0,0,1,never_grasped,0,False,44,,,,,0,0,False,0,0,False,False,0.527839183807373,0.11029250919818878,0.8774229288101196,0,0,0.0,0,False,False,,False,80
pick_coke_can,pick_coke_can/condition_0041,41,44,False,80,0.5392389466161234,0,0,1,never_grasped,0,False,45,,,,,0,0,False,0,0,False,False,0.527839183807373,0.11029250919818878,0.8774229288101196,0,0,0.0,0,False,False,,False,80
pick_coke_can,pick_coke_can/condition_0041,41,45,False,80,0.5392389466161234,0,0,1,never_grasped,0,False,46,,,,,0,0,False,0,0,False,False,0.527839183807373,0.11029250919818878,0.8774229288101196,0,0,0.0,0,False,False,,False,80
pick_coke_can,pick_coke_can/condition_0041,41,46,False,80,0.5392389466161234,0,0,1,never_grasped,0,False,47,,,,,0,0,False,0,0,False,False,0.527839183807373,0.11029250919818878,0.8774229288101196,0,0,0.0,0,False,False,,False,80
pick_coke_can,pick_coke_can/condition_0041,41,47,False,80,0.5392389466161234,0,0,1,never_grasped,0,False,48,,,,,0,0,False,0,0,False,False,0.527839183807373,0.11029250919818878,0.8774229288101196,0,0,0.0,0,False,False,,False,80
pick_coke_can,pick_coke_can/condition_0041,41,48,False,80,0.5392389466161234,0,0,1,never_grasped,0,False,49,,,,,0,0,False,0,0,False,False,0.527839183807373,0.11029250919818878,0.8774229288101196,0,0,0.0,0,False,False,,False,80
pick_coke_can,pick_coke_can/condition_0041,41,49,False,80,0.5392389466161234,0,0,1,never_grasped,0,False,50,,,,,0,0,False,0,0,False,False,0.527839183807373,0.11029250919818878,0.8774229288101196,0,0,0.0,0,False,False,,False,80
pick_coke_can,pick_coke_can/condition_0041,41,50,False,80,0.5392389466161234,0,0,1,never_grasped,0,False,51,,,,,0,0,False,0,0,False,False,0.527839183807373,0.11029250919818878,0.8774229288101196,0,0,0.0,0,False,False,,False,80
pick_coke_can,pick_coke_can/condition_0041,41,51,False,80,0.5392389466161234,0,0,1,never_grasped,0,False,52,,,,,0,0,False,0,0,False,False,0.527839183807373,0.11029250919818878,0.8774229288101196,0,0,0.0,0,False,False,,False,80
pick_coke_can,pick_coke_can/condition_0041,41,52,False,80,0.5392389466161234,0,0,1,never_grasped,0,False,53,,,,,0,0,False,0,0,False,False,0.527839183807373,0.11029250919818878,0.8774229288101196,0,0,0.0,0,False,False,,False,80
pick_coke_can,pick_coke_can/condition_0041,41,53,False,80,0.5392389466161234,0,0,1,never_grasped,0,False,54,,,,,0,0,False,0,0,False,False,0.527839183807373,0.11029250919818878,0.8774229288101196,0,0,0.0,0,False,False,,False,80
pick_coke_can,pick_coke_can/condition_0041,41,54,False,80,0.5392389466161234,0,0,1,never_grasped,0,False,55,,,,,0,0,False,0,0,False,False,0.527839183807373,0.11029250919818878,0.8774229288101196,0,0,0.0,0,False,False,,False,80
pick_coke_can,pick_coke_can/condition_0041,41,55,False,80,0.5392389466161234,0,0,1,never_grasped,0,False,56,,,,,0,0,False,0,0,False,False,0.527839183807373,0.11029250919818878,0.8774229288101196,0,0,0.0,0,False,False,,False,80
pick_coke_can,pick_coke_can/condition_0041,41,56,False,80,0.5392389466161234,0,0,1,never_grasped,0,False,57,,,,,0,0,False,0,0,False,False,0.527839183807373,0.11029250919818878,0.8774229288101196,0,0,0.0,0,False,False,,False,80
pick_coke_can,pick_coke_can/condition_0041,41,57,False,80,0.5392389466161234,0,0,1,never_grasped,0,False,58,,,,,0,0,False,0,0,False,False,0.527839183807373,0.11029250919818878,0.8774229288101196,0,0,0.0,0,False,False,,False,80
pick_coke_can,pick_coke_can/condition_0041,41,58,False,80,0.5392389466161234,0,0,1,never_grasped,0,False,59,,,,,0,0,False,0,0,False,False,0.527839183807373,0.11029250919818878,0.8774229288101196,0,0,0.0,0,False,False,,False,80
pick_coke_can,pick_coke_can/condition_0041,41,59,False,80,0.5392389466161234,0,0,1,never_grasped,0,False,60,,,,,0,0,False,0,0,False,False,0.527839183807373,0.11029250919818878,0.8774229288101196,0,0,0.0,0,False,False,,False,80
pick_coke_can,pick_coke_can/condition_0041,41,60,False,80,0.5392389466161234,0,0,1,never_grasped,0,False,61,,,,,0,0,False,0,0,False,False,0.527839183807373,0.11029250919818878,0.8774229288101196,0,0,0.0,0,False,False,,False,80
pick_coke_can,pick_coke_can/condition_0041,41,61,False,80,0.5392389466161234,0,0,1,never_grasped,0,False,62,,,,,0,0,False,0,0,False,False,0.527839183807373,0.11029250919818878,0.8774229288101196,0,0,0.0,0,False,False,,False,80
pick_coke_can,pick_coke_can/condition_0041,41,62,False,80,0.5392389466161234,0,0,1,never_grasped,0,False,63,,,,,0,0,False,0,0,False,False,0.527839183807373,0.11029250919818878,0.8774229288101196,0,0,0.0,0,False,False,,False,80
pick_coke_can,pick_coke_can/condition_0041,41,63,False,80,0.5392389466161234,0,0,1,never_grasped,0,False,64,,,,,0,0,False,0,0,False,False,0.527839183807373,0.11029250919818878,0.8774229288101196,0,0,0.0,0,False,False,,False,80
pick_coke_can,pick_coke_can/condition_0041,41,64,False,80,0.5392389466161234,0,0,1,never_grasped,0,False,65,,,,,0,0,False,0,0,False,False,0.527839183807373,0.11029250919818878,0.8774229288101196,0,0,0.0,0,False,False,,False,80
pick_coke_can,pick_coke_can/condition_0041,41,65,False,80,0.5392389466161234,0,0,1,never_grasped,0,False,66,,,,,0,0,False,0,0,False,False,0.527839183807373,0.11029250919818878,0.8774229288101196,0,0,0.0,0,False,False,,False,80
pick_coke_can,pick_coke_can/condition_0041,41,66,False,80,0.5392389466161234,0,0,1,never_grasped,0,False,67,,,,,0,0,False,0,0,False,False,0.527839183807373,0.11029250919818878,0.8774229288101196,0,0,0.0,0,False,False,,False,80
pick_coke_can,pick_coke_can/condition_0041,41,67,False,80,0.5392389466161234,0,0,1,never_grasped,0,False,68,,,,,0,0,False,0,0,False,False,0.527839183807373,0.11029250919818878,0.8774229288101196,0,0,0.0,0,False,False,,False,80
pick_coke_can,pick_coke_can/condition_0041,41,68,False,80,0.5392389466161234,0,0,1,never_grasped,0,False,69,,,,,0,0,False,0,0,False,False,0.527839183807373,0.11029250919818878,0.8774229288101196,0,0,0.0,0,False,False,,False,80
pick_coke_can,pick_coke_can/condition_0041,41,69,False,80,0.5392389466161234,0,0,1,never_grasped,0,False,70,,,,,0,0,False,0,0,False,False,0.527839183807373,0.11029250919818878,0.8774229288101196,0,0,0.0,0,False,False,,False,80
pick_coke_can,pick_coke_can/condition_0041,41,70,False,80,0.5392389466161234,0,0,1,never_grasped,0,False,71,,,,,0,0,False,0,0,False,False,0.527839183807373,0.11029250919818878,0.8774229288101196,0,0,0.0,0,False,False,,False,80
pick_coke_can,pick_coke_can/condition_0041,41,71,False,80,0.5392389466161234,0,0,1,never_grasped,0,False,72,,,,,0,0,False,0,0,False,False,0.527839183807373,0.11029250919818878,0.8774229288101196,0,0,0.0,0,False,False,,False,80
pick_coke_can,pick_coke_can/condition_0041,41,72,False,80,0.5392389466161234,0,0,1,never_grasped,0,False,73,,,,,0,0,False,0,0,False,False,0.527839183807373,0.11029250919818878,0.8774229288101196,0,0,0.0,0,False,False,,False,80
pick_coke_can,pick_coke_can/condition_0041,41,73,False,80,0.5392389466161234,0,0,1,never_grasped,0,False,74,,,,,0,0,False,0,0,False,False,0.527839183807373,0.11029250919818878,0.8774229288101196,0,0,0.0,0,False,False,,False,80
pick_coke_can,pick_coke_can/condition_0041,41,74,False,80,0.5392389466161234,0,0,1,never_grasped,0,False,75,,,,,0,0,False,0,0,False,False,0.527839183807373,0.11029250919818878,0.8774229288101196,0,0,0.0,0,False,False,,False,80
pick_coke_can,pick_coke_can/condition_0041,41,75,False,80,0.5392389466161234,0,0,1,never_grasped,0,False,76,,,,,0,0,False,0,0,False,False,0.527839183807373,0.11029250919818878,0.8774229288101196,0,0,0.0,0,False,False,,False,80
pick_coke_can,pick_coke_can/condition_0041,41,76,False,80,0.5392389466161234,0,0,1,never_grasped,0,False,77,,,,,0,0,False,0,0,False,False,0.527839183807373,0.11029250919818878,0.8774229288101196,0,0,0.0,0,False,False,,False,80
pick_coke_can,pick_coke_can/condition_0041,41,77,False,80,0.5392389466161234,0,0,1,never_grasped,0,False,78,,,,,0,0,False,0,0,False,False,0.527839183807373,0.11029250919818878,0.8774229288101196,0,0,0.0,0,False,False,,False,80
pick_coke_can,pick_coke_can/condition_0041,41,78,False,80,0.5392389466161234,0,0,1,never_grasped,0,False,79,,,,,0,0,False,0,0,False,False,0.527839183807373,0.11029250919818878,0.8774229288101196,0,0,0.0,0,False,False,,False,80
pick_coke_can,pick_coke_can/condition_0041,41,79,False,80,0.5392389466161234,0,0,1,never_grasped,0,False,80,,,,,0,0,False,0,0,False,False,0.527839183807373,0.11029250919818878,0.8774229288101196,0,0,0.0,0,False,False,,True,80
pick_coke_can,pick_coke_can/condition_0042,42,0,True,24,0.5278519603965067,0,0,0,success,0,False,1,21,23,23,23,3,0,False,1,0,False,False,0.5278518795967102,0.00029206275939941406,0.8774229884147644,0,0,0.0,1,False,False,,False,80
pick_coke_can,pick_coke_can/condition_0042,42,1,True,24,0.5278519603965067,0,0,0,success,0,False,2,21,23,23,23,3,0,False,1,0,False,False,0.5278518795967102,0.00029206275939941406,0.8774229884147644,0,0,0.0,1,False,False,,False,80
pick_coke_can,pick_coke_can/condition_0042,42,2,True,24,0.5278519603965067,0,0,0,success,0,False,3,21,23,23,23,3,0,False,1,0,False,False,0.5278518795967102,0.00029206275939941406,0.8774229884147644,0,0,0.0,1,False,False,,False,80
pick_coke_can,pick_coke_can/condition_0042,42,3,True,24,0.5278519603965067,0,0,0,success,0,False,4,21,23,23,23,3,0,False,1,0,False,False,0.5278518795967102,0.00029206275939941406,0.8774229884147644,0,0,0.0,1,False,False,,False,80
pick_coke_can,pick_coke_can/condition_0042,42,4,True,24,0.5278519603965067,0,0,0,success,0,False,5,21,23,23,23,3,0,False,1,0,False,False,0.5278518795967102,0.00029206275939941406,0.8774229884147644,0,0,0.0,1,False,False,,False,80
pick_coke_can,pick_coke_can/condition_0042,42,5,True,24,0.5278519603965067,0,0,0,success,0,False,6,21,23,23,23,3,0,False,1,0,False,False,0.5278518795967102,0.00029206275939941406,0.8774229884147644,0,0,0.0,1,False,False,,False,80
pick_coke_can,pick_coke_can/condition_0042,42,6,True,24,0.5278519603965067,0,0,0,success,0,False,7,21,23,23,23,3,0,False,1,0,False,False,0.5278518795967102,0.00029206275939941406,0.8774229884147644,0,0,0.0,1,False,False,,False,80
pick_coke_can,pick_coke_can/condition_0042,42,7,True,24,0.5278519603965067,0,0,0,success,0,False,8,21,23,23,23,3,0,False,1,0,False,False,0.5278518795967102,0.00029206275939941406,0.8774229884147644,0,0,0.0,1,False,False,,False,80
pick_coke_can,pick_coke_can/condition_0042,42,8,True,24,0.5278519603965067,0,0,0,success,0,False,9,21,23,23,23,3,0,False,1,0,False,False,0.5278518795967102,0.00029206275939941406,0.8774229884147644,0,0,0.0,1,False,False,,False,80
pick_coke_can,pick_coke_can/condition_0042,42,9,True,24,0.5278519603965067,0,0,0,success,0,False,10,21,23,23,23,3,0,False,1,0,False,False,0.5278518795967102,0.00029206275939941406,0.8774229884147644,0,0,0.0,1,False,False,,False,80
pick_coke_can,pick_coke_can/condition_0042,42,10,True,24,0.5278519603965067,0,0,0,success,0,False,11,21,23,23,23,3,0,False,1,0,False,False,0.5278518795967102,0.00029206275939941406,0.8774229884147644,0,0,0.0,1,False,False,,False,80
pick_coke_can,pick_coke_can/condition_0042,42,11,True,24,0.5278519603965067,0,0,0,success,0,False,12,21,23,23,23,3,0,False,1,0,False,False,0.5278518795967102,0.00029206275939941406,0.8774229884147644,0,0,0.0,1,False,False,,False,80
pick_coke_can,pick_coke_can/condition_0042,42,12,True,24,0.5278519603965067,0,0,0,success,0,False,13,21,23,23,23,3,0,False,1,0,False,False,0.5278518795967102,0.00029206275939941406,0.8774229884147644,0,0,0.0,1,False,False,,False,80
pick_coke_can,pick_coke_can/condition_0042,42,13,True,24,0.5278519603965067,0,0,0,success,0,False,14,21,23,23,23,3,0,False,1,0,False,False,0.5278518795967102,0.00029206275939941406,0.8774229884147644,0,0,0.0,1,False,False,,False,80
pick_coke_can,pick_coke_can/condition_0042,42,14,True,24,0.5278519603965067,0,0,0,success,0,False,15,21,23,23,23,3,0,False,1,0,False,False,0.5278518795967102,0.00029206275939941406,0.8774229884147644,0,0,0.0,1,False,False,,False,80
pick_coke_can,pick_coke_can/condition_0042,42,15,True,24,0.5278519603965067,0,0,0,success,0,False,16,21,23,23,23,3,0,False,1,0,False,False,0.5278518795967102,0.00029206275939941406,0.8774229884147644,0,0,0.0,1,False,False,,False,80
pick_coke_can,pick_coke_can/condition_0042,42,16,True,24,0.5278519603965067,0,0,0,success,0,False,17,21,23,23,23,3,0,False,1,0,False,False,0.5278518795967102,0.00029206275939941406,0.8774229884147644,0,0,0.0,1,False,False,,False,80
pick_coke_can,pick_coke_can/condition_0042,42,17,True,24,0.5278519603965067,0,0,0,success,0,False,18,21,23,23,23,3,0,False,1,0,False,False,0.5278518795967102,0.00029206275939941406,0.8774229884147644,0,0,0.0,1,False,False,,False,80
pick_coke_can,pick_coke_can/condition_0042,42,18,True,24,0.5278519603965067,0,0,0,success,0,False,19,21,23,23,23,3,0,False,1,0,False,False,0.5278518795967102,0.00029206275939941406,0.8774229884147644,0,0,0.0,1,False,False,,False,80
pick_coke_can,pick_coke_can/condition_0042,42,19,True,24,0.5278519603965067,0,0,0,success,0,False,20,21,23,23,23,3,0,False,1,0,False,False,0.5278518795967102,0.00029206275939941406,0.8774229884147644,0,0,0.0,1,False,False,,False,80
pick_coke_can,pick_coke_can/condition_0042,42,20,True,24,0.5278519603965067,0,0,0,success,0,False,21,21,23,23,23,3,0,False,1,0,False,False,0.5278518795967102,0.00029206275939941406,0.8774229884147644,0,0,0.0,1,False,False,,False,80
pick_coke_can,pick_coke_can/condition_0042,42,21,True,24,0.5278519603965067,0,0,0,success,0,False,22,21,23,23,23,3,1,True,1,0,False,False,0.5278518795967102,0.00029206275939941406,0.8774229884147644,1,1,0.0,1,False,False,0,False,80
pick_coke_can,pick_coke_can/condition_0042,42,22,True,24,0.5278519603965067,0,0,0,success,0,False,23,21,23,23,23,3,2,True,1,0,False,False,0.5278518795967102,0.00029206275939941406,0.8774229884147644,1,0,0.0,1,False,False,1,False,80
pick_coke_can,pick_coke_can/condition_0042,42,23,True,24,0.5278519603965067,0,0,0,success,0,False,24,21,23,23,23,3,3,True,1,1,True,True,0.5278518795967102,0.00029206275939941406,0.8774229884147644,4,1,1.0,1,True,True,2,False,80
pick_coke_can,pick_coke_can/condition_0043,43,0,False,80,0.5391281055599113,0,0,1,never_grasped,0,False,1,,,,,0,0,False,0,0,False,False,0.5278483629226685,-0.10970515012741089,0.8774231672286987,0,0,0.0,0,False,False,,False,80
pick_coke_can,pick_coke_can/condition_0043,43,1,False,80,0.5391281055599113,0,0,1,never_grasped,0,False,2,,,,,0,0,False,0,0,False,False,0.5278483629226685,-0.10970515012741089,0.8774231672286987,0,0,0.0,0,False,False,,False,80
pick_coke_can,pick_coke_can/condition_0043,43,2,False,80,0.5391281055599113,0,0,1,never_grasped,0,False,3,,,,,0,0,False,0,0,False,False,0.5278483629226685,-0.10970515012741089,0.8774231672286987,0,0,0.0,0,False,False,,False,80
pick_coke_can,pick_coke_can/condition_0043,43,3,False,80,0.5391281055599113,0,0,1,never_grasped,0,False,4,,,,,0,0,False,0,0,False,False,0.5278483629226685,-0.10970515012741089,0.8774231672286987,0,0,0.0,0,False,False,,False,80
pick_coke_can,pick_coke_can/condition_0043,43,4,False,80,0.5391281055599113,0,0,1,never_grasped,0,False,5,,,,,0,0,False,0,0,False,False,0.5278483629226685,-0.10970515012741089,0.8774231672286987,0,0,0.0,0,False,False,,False,80
pick_coke_can,pick_coke_can/condition_0043,43,5,False,80,0.5391281055599113,0,0,1,never_grasped,0,False,6,,,,,0,0,False,0,0,False,False,0.5278483629226685,-0.10970515012741089,0.8774231672286987,0,0,0.0,0,False,False,,False,80
pick_coke_can,pick_coke_can/condition_0043,43,6,False,80,0.5391281055599113,0,0,1,never_grasped,0,False,7,,,,,0,0,False,0,0,False,False,0.5278483629226685,-0.10970515012741089,0.8774231672286987,0,0,0.0,0,False,False,,False,80
pick_coke_can,pick_coke_can/condition_0043,43,7,False,80,0.5391281055599113,0,0,1,never_grasped,0,False,8,,,,,0,0,False,0,0,False,False,0.5278483629226685,-0.10970515012741089,0.8774231672286987,0,0,0.0,0,False,False,,False,80
pick_coke_can,pick_coke_can/condition_0043,43,8,False,80,0.5391281055599113,0,0,1,never_grasped,0,False,9,,,,,0,0,False,0,0,False,False,0.5278483629226685,-0.10970515012741089,0.8774231672286987,0,0,0.0,0,False,False,,False,80
pick_coke_can,pick_coke_can/condition_0043,43,9,False,80,0.5391281055599113,0,0,1,never_grasped,0,False,10,,,,,0,0,False,0,0,False,False,0.5278483629226685,-0.10970515012741089,0.8774231672286987,0,0,0.0,0,False,False,,False,80
pick_coke_can,pick_coke_can/condition_0043,43,10,False,80,0.5391281055599113,0,0,1,never_grasped,0,False,11,,,,,0,0,False,0,0,False,False,0.5278483629226685,-0.10970515012741089,0.8774231672286987,0,0,0.0,0,False,False,,False,80
pick_coke_can,pick_coke_can/condition_0043,43,11,False,80,0.5391281055599113,0,0,1,never_grasped,0,False,12,,,,,0,0,False,0,0,False,False,0.5278483629226685,-0.10970515012741089,0.8774231672286987,0,0,0.0,0,False,False,,False,80
pick_coke_can,pick_coke_can/condition_0043,43,12,False,80,0.5391281055599113,0,0,1,never_grasped,0,False,13,,,,,0,0,False,0,0,False,False,0.5278483629226685,-0.10970515012741089,0.8774231672286987,0,0,0.0,0,False,False,,False,80
pick_coke_can,pick_coke_can/condition_0043,43,13,False,80,0.5391281055599113,0,0,1,never_grasped,0,False,14,,,,,0,0,False,0,0,False,False,0.5278483629226685,-0.10970515012741089,0.8774231672286987,0,0,0.0,0,False,False,,False,80
pick_coke_can,pick_coke_can/condition_0043,43,14,False,80,0.5391281055599113,0,0,1,never_grasped,0,False,15,,,,,0,0,False,0,0,False,False,0.5278483629226685,-0.10970515012741089,0.8774231672286987,0,0,0.0,0,False,False,,False,80
pick_coke_can,pick_coke_can/condition_0043,43,15,False,80,0.5391281055599113,0,0,1,never_grasped,0,False,16,,,,,0,0,False,0,0,False,False,0.5278483629226685,-0.10970515012741089,0.8774231672286987,0,0,0.0,0,False,False,,False,80
pick_coke_can,pick_coke_can/condition_0043,43,16,False,80,0.5391281055599113,0,0,1,never_grasped,0,False,17,,,,,0,0,False,0,0,False,False,0.5278483629226685,-0.10970515012741089,0.8774231672286987,0,0,0.0,0,False,False,,False,80
pick_coke_can,pick_coke_can/condition_0043,43,17,False,80,0.5391281055599113,0,0,1,never_grasped,0,False,18,,,,,0,0,False,0,0,False,False,0.5278483629226685,-0.10970515012741089,0.8774231672286987,0,0,0.0,0,False,False,,False,80
pick_coke_can,pick_coke_can/condition_0043,43,18,False,80,0.5391281055599113,0,0,1,never_grasped,0,False,19,,,,,0,0,False,0,0,False,False,0.5278483629226685,-0.10970515012741089,0.8774231672286987,0,0,0.0,0,False,False,,False,80
pick_coke_can,pick_coke_can/condition_0043,43,19,False,80,0.5391281055599113,0,0,1,never_grasped,0,False,20,,,,,0,0,False,0,0,False,False,0.5278483629226685,-0.10970515012741089,0.8774231672286987,0,0,0.0,0,False,False,,False,80
pick_coke_can,pick_coke_can/condition_0043,43,20,False,80,0.5391281055599113,0,0,1,never_grasped,0,False,21,,,,,0,0,False,0,0,False,False,0.5278483629226685,-0.10970515012741089,0.8774231672286987,0,0,0.0,0,False,False,,False,80
pick_coke_can,pick_coke_can/condition_0043,43,21,False,80,0.5391281055599113,0,0,1,never_grasped,0,False,22,,,,,0,0,False,0,0,False,False,0.5278483629226685,-0.10970515012741089,0.8774231672286987,0,0,0.0,0,False,False,,False,80
pick_coke_can,pick_coke_can/condition_0043,43,22,False,80,0.5391281055599113,0,0,1,never_grasped,0,False,23,,,,,0,0,False,0,0,False,False,0.5278483629226685,-0.10970515012741089,0.8774231672286987,0,0,0.0,0,False,False,,False,80
pick_coke_can,pick_coke_can/condition_0043,43,23,False,80,0.5391281055599113,0,0,1,never_grasped,0,False,24,,,,,0,0,False,0,0,False,False,0.5278483629226685,-0.10970515012741089,0.8774231672286987,0,0,0.0,0,False,False,,False,80
pick_coke_can,pick_coke_can/condition_0043,43,24,False,80,0.5391281055599113,0,0,1,never_grasped,0,False,25,,,,,0,0,False,0,0,False,False,0.5278483629226685,-0.10970515012741089,0.8774231672286987,0,0,0.0,0,False,False,,False,80
pick_coke_can,pick_coke_can/condition_0043,43,25,False,80,0.5391281055599113,0,0,1,never_grasped,0,False,26,,,,,0,0,False,0,0,False,False,0.5278483629226685,-0.10970515012741089,0.8774231672286987,0,0,0.0,0,False,False,,False,80
pick_coke_can,pick_coke_can/condition_0043,43,26,False,80,0.5391281055599113,0,0,1,never_grasped,0,False,27,,,,,0,0,False,0,0,False,False,0.5278483629226685,-0.10970515012741089,0.8774231672286987,0,0,0.0,0,False,False,,False,80
pick_coke_can,pick_coke_can/condition_0043,43,27,False,80,0.5391281055599113,0,0,1,never_grasped,0,False,28,,,,,0,0,False,0,0,False,False,0.5278483629226685,-0.10970515012741089,0.8774231672286987,0,0,0.0,0,False,False,,False,80
pick_coke_can,pick_coke_can/condition_0043,43,28,False,80,0.5391281055599113,0,0,1,never_grasped,0,False,29,,,,,0,0,False,0,0,False,False,0.5278483629226685,-0.10970515012741089,0.8774231672286987,0,0,0.0,0,False,False,,False,80
pick_coke_can,pick_coke_can/condition_0043,43,29,False,80,0.5391281055599113,0,0,1,never_grasped,0,False,30,,,,,0,0,False,0,0,False,False,0.5278483629226685,-0.10970515012741089,0.8774231672286987,0,0,0.0,0,False,False,,False,80
pick_coke_can,pick_coke_can/condition_0043,43,30,False,80,0.5391281055599113,0,0,1,never_grasped,0,False,31,,,,,0,0,False,0,0,False,False,0.5278483629226685,-0.10970515012741089,0.8774231672286987,0,0,0.0,0,False,False,,False,80
pick_coke_can,pick_coke_can/condition_0043,43,31,False,80,0.5391281055599113,0,0,1,never_grasped,0,False,32,,,,,0,0,False,0,0,False,False,0.5278483629226685,-0.10970515012741089,0.8774231672286987,0,0,0.0,0,False,False,,False,80
pick_coke_can,pick_coke_can/condition_0043,43,32,False,80,0.5391281055599113,0,0,1,never_grasped,0,False,33,,,,,0,0,False,0,0,False,False,0.5278483629226685,-0.10970515012741089,0.8774231672286987,0,0,0.0,0,False,False,,False,80
pick_coke_can,pick_coke_can/condition_0043,43,33,False,80,0.5391281055599113,0,0,1,never_grasped,0,False,34,,,,,0,0,False,0,0,False,False,0.5278483629226685,-0.10970515012741089,0.8774231672286987,0,0,0.0,0,False,False,,False,80
pick_coke_can,pick_coke_can/condition_0043,43,34,False,80,0.5391281055599113,0,0,1,never_grasped,0,False,35,,,,,0,0,False,0,0,False,False,0.5278483629226685,-0.10970515012741089,0.8774231672286987,0,0,0.0,0,False,False,,False,80
pick_coke_can,pick_coke_can/condition_0043,43,35,False,80,0.5391281055599113,0,0,1,never_grasped,0,False,36,,,,,0,0,False,0,0,False,False,0.5278483629226685,-0.10970515012741089,0.8774231672286987,0,0,0.0,0,False,False,,False,80
pick_coke_can,pick_coke_can/condition_0043,43,36,False,80,0.5391281055599113,0,0,1,never_grasped,0,False,37,,,,,0,0,False,0,0,False,False,0.5278483629226685,-0.10970515012741089,0.8774231672286987,0,0,0.0,0,False,False,,False,80
pick_coke_can,pick_coke_can/condition_0043,43,37,False,80,0.5391281055599113,0,0,1,never_grasped,0,False,38,,,,,0,0,False,0,0,False,False,0.5278483629226685,-0.10970515012741089,0.8774231672286987,0,0,0.0,0,False,False,,False,80
pick_coke_can,pick_coke_can/condition_0043,43,38,False,80,0.5391281055599113,0,0,1,never_grasped,0,False,39,,,,,0,0,False,0,0,False,False,0.5278483629226685,-0.10970515012741089,0.8774231672286987,0,0,0.0,0,False,False,,False,80
pick_coke_can,pick_coke_can/condition_0043,43,39,False,80,0.5391281055599113,0,0,1,never_grasped,0,False,40,,,,,0,0,False,0,0,False,False,0.5278483629226685,-0.10970515012741089,0.8774231672286987,0,0,0.0,0,False,False,,False,80
pick_coke_can,pick_coke_can/condition_0043,43,40,False,80,0.5391281055599113,0,0,1,never_grasped,0,False,41,,,,,0,0,False,0,0,False,False,0.5278483629226685,-0.10970515012741089,0.8774231672286987,0,0,0.0,0,False,False,,False,80
pick_coke_can,pick_coke_can/condition_0043,43,41,False,80,0.5391281055599113,0,0,1,never_grasped,0,False,42,,,,,0,0,False,0,0,False,False,0.5278483629226685,-0.10970515012741089,0.8774231672286987,0,0,0.0,0,False,False,,False,80
pick_coke_can,pick_coke_can/condition_0043,43,42,False,80,0.5391281055599113,0,0,1,never_grasped,0,False,43,,,,,0,0,False,0,0,False,False,0.5278483629226685,-0.10970515012741089,0.8774231672286987,0,0,0.0,0,False,False,,False,80
pick_coke_can,pick_coke_can/condition_0043,43,43,False,80,0.5391281055599113,0,0,1,never_grasped,0,False,44,,,,,0,0,False,0,0,False,False,0.5278483629226685,-0.10970515012741089,0.8774231672286987,0,0,0.0,0,False,False,,False,80
pick_coke_can,pick_coke_can/condition_0043,43,44,False,80,0.5391281055599113,0,0,1,never_grasped,0,False,45,,,,,0,0,False,0,0,False,False,0.5278483629226685,-0.10970515012741089,0.8774231672286987,0,0,0.0,0,False,False,,False,80
pick_coke_can,pick_coke_can/condition_0043,43,45,False,80,0.5391281055599113,0,0,1,never_grasped,0,False,46,,,,,0,0,False,0,0,False,False,0.5278483629226685,-0.10970515012741089,0.8774231672286987,0,0,0.0,0,False,False,,False,80
pick_coke_can,pick_coke_can/condition_0043,43,46,False,80,0.5391281055599113,0,0,1,never_grasped,0,False,47,,,,,0,0,False,0,0,False,False,0.5278483629226685,-0.10970515012741089,0.8774231672286987,0,0,0.0,0,False,False,,False,80
pick_coke_can,pick_coke_can/condition_0043,43,47,False,80,0.5391281055599113,0,0,1,never_grasped,0,False,48,,,,,0,0,False,0,0,False,False,0.5278483629226685,-0.10970515012741089,0.8774231672286987,0,0,0.0,0,False,False,,False,80
pick_coke_can,pick_coke_can/condition_0043,43,48,False,80,0.5391281055599113,0,0,1,never_grasped,0,False,49,,,,,0,0,False,0,0,False,False,0.5278483629226685,-0.10970515012741089,0.8774231672286987,0,0,0.0,0,False,False,,False,80
pick_coke_can,pick_coke_can/condition_0043,43,49,False,80,0.5391281055599113,0,0,1,never_grasped,0,False,50,,,,,0,0,False,0,0,False,False,0.5278483629226685,-0.10970515012741089,0.8774231672286987,0,0,0.0,0,False,False,,False,80
pick_coke_can,pick_coke_can/condition_0043,43,50,False,80,0.5391281055599113,0,0,1,never_grasped,0,False,51,,,,,0,0,False,0,0,False,False,0.5278483629226685,-0.10970515012741089,0.8774231672286987,0,0,0.0,0,False,False,,False,80
pick_coke_can,pick_coke_can/condition_0043,43,51,False,80,0.5391281055599113,0,0,1,never_grasped,0,False,52,,,,,0,0,False,0,0,False,False,0.5278483629226685,-0.10970515012741089,0.8774231672286987,0,0,0.0,0,False,False,,False,80
pick_coke_can,pick_coke_can/condition_0043,43,52,False,80,0.5391281055599113,0,0,1,never_grasped,0,False,53,,,,,0,0,False,0,0,False,False,0.5278483629226685,-0.10970515012741089,0.8774231672286987,0,0,0.0,0,False,False,,False,80
pick_coke_can,pick_coke_can/condition_0043,43,53,False,80,0.5391281055599113,0,0,1,never_grasped,0,False,54,,,,,0,0,False,0,0,False,False,0.5278483629226685,-0.10970515012741089,0.8774231672286987,0,0,0.0,0,False,False,,False,80
pick_coke_can,pick_coke_can/condition_0043,43,54,False,80,0.5391281055599113,0,0,1,never_grasped,0,False,55,,,,,0,0,False,0,0,False,False,0.5278483629226685,-0.10970515012741089,0.8774231672286987,0,0,0.0,0,False,False,,False,80
pick_coke_can,pick_coke_can/condition_0043,43,55,False,80,0.5391281055599113,0,0,1,never_grasped,0,False,56,,,,,0,0,False,0,0,False,False,0.5278483629226685,-0.10970515012741089,0.8774231672286987,0,0,0.0,0,False,False,,False,80
pick_coke_can,pick_coke_can/condition_0043,43,56,False,80,0.5391281055599113,0,0,1,never_grasped,0,False,57,,,,,0,0,False,0,0,False,False,0.5278483629226685,-0.10970515012741089,0.8774231672286987,0,0,0.0,0,False,False,,False,80
pick_coke_can,pick_coke_can/condition_0043,43,57,False,80,0.5391281055599113,0,0,1,never_grasped,0,False,58,,,,,0,0,False,0,0,False,False,0.5278483629226685,-0.10970515012741089,0.8774231672286987,0,0,0.0,0,False,False,,False,80
pick_coke_can,pick_coke_can/condition_0043,43,58,False,80,0.5391281055599113,0,0,1,never_grasped,0,False,59,,,,,0,0,False,0,0,False,False,0.5278483629226685,-0.10970515012741089,0.8774231672286987,0,0,0.0,0,False,False,,False,80
pick_coke_can,pick_coke_can/condition_0043,43,59,False,80,0.5391281055599113,0,0,1,never_grasped,0,False,60,,,,,0,0,False,0,0,False,False,0.5278483629226685,-0.10970515012741089,0.8774231672286987,0,0,0.0,0,False,False,,False,80
pick_coke_can,pick_coke_can/condition_0043,43,60,False,80,0.5391281055599113,0,0,1,never_grasped,0,False,61,,,,,0,0,False,0,0,False,False,0.5278483629226685,-0.10970515012741089,0.8774231672286987,0,0,0.0,0,False,False,,False,80
pick_coke_can,pick_coke_can/condition_0043,43,61,False,80,0.5391281055599113,0,0,1,never_grasped,0,False,62,,,,,0,0,False,0,0,False,False,0.5278483629226685,-0.10970515012741089,0.8774231672286987,0,0,0.0,0,False,False,,False,80
pick_coke_can,pick_coke_can/condition_0043,43,62,False,80,0.5391281055599113,0,0,1,never_grasped,0,False,63,,,,,0,0,False,0,0,False,False,0.5278483629226685,-0.10970515012741089,0.8774231672286987,0,0,0.0,0,False,False,,False,80
pick_coke_can,pick_coke_can/condition_0043,43,63,False,80,0.5391281055599113,0,0,1,never_grasped,0,False,64,,,,,0,0,False,0,0,False,False,0.5278483629226685,-0.10970515012741089,0.8774231672286987,0,0,0.0,0,False,False,,False,80
pick_coke_can,pick_coke_can/condition_0043,43,64,False,80,0.5391281055599113,0,0,1,never_grasped,0,False,65,,,,,0,0,False,0,0,False,False,0.5278483629226685,-0.10970515012741089,0.8774231672286987,0,0,0.0,0,False,False,,False,80
pick_coke_can,pick_coke_can/condition_0043,43,65,False,80,0.5391281055599113,0,0,1,never_grasped,0,False,66,,,,,0,0,False,0,0,False,False,0.5278483629226685,-0.10970515012741089,0.8774231672286987,0,0,0.0,0,False,False,,False,80
pick_coke_can,pick_coke_can/condition_0043,43,66,False,80,0.5391281055599113,0,0,1,never_grasped,0,False,67,,,,,0,0,False,0,0,False,False,0.5278483629226685,-0.10970515012741089,0.8774231672286987,0,0,0.0,0,False,False,,False,80
pick_coke_can,pick_coke_can/condition_0043,43,67,False,80,0.5391281055599113,0,0,1,never_grasped,0,False,68,,,,,0,0,False,0,0,False,False,0.5278483629226685,-0.10970515012741089,0.8774231672286987,0,0,0.0,0,False,False,,False,80
pick_coke_can,pick_coke_can/condition_0043,43,68,False,80,0.5391281055599113,0,0,1,never_grasped,0,False,69,,,,,0,0,False,0,0,False,False,0.5278483629226685,-0.10970515012741089,0.8774231672286987,0,0,0.0,0,False,False,,False,80
pick_coke_can,pick_coke_can/condition_0043,43,69,False,80,0.5391281055599113,0,0,1,never_grasped,0,False,70,,,,,0,0,False,0,0,False,False,0.5278483629226685,-0.10970515012741089,0.8774231672286987,0,0,0.0,0,False,False,,False,80
pick_coke_can,pick_coke_can/condition_0043,43,70,False,80,0.5391281055599113,0,0,1,never_grasped,0,False,71,,,,,0,0,False,0,0,False,False,0.5278483629226685,-0.10970515012741089,0.8774231672286987,0,0,0.0,0,False,False,,False,80
pick_coke_can,pick_coke_can/condition_0043,43,71,False,80,0.5391281055599113,0,0,1,never_grasped,0,False,72,,,,,0,0,False,0,0,False,False,0.5278483629226685,-0.10970515012741089,0.8774231672286987,0,0,0.0,0,False,False,,False,80
pick_coke_can,pick_coke_can/condition_0043,43,72,False,80,0.5391281055599113,0,0,1,never_grasped,0,False,73,,,,,0,0,False,0,0,False,False,0.5278483629226685,-0.10970515012741089,0.8774231672286987,0,0,0.0,0,False,False,,False,80
pick_coke_can,pick_coke_can/condition_0043,43,73,False,80,0.5391281055599113,0,0,1,never_grasped,0,False,74,,,,,0,0,False,0,0,False,False,0.5278483629226685,-0.10970515012741089,0.8774231672286987,0,0,0.0,0,False,False,,False,80
pick_coke_can,pick_coke_can/condition_0043,43,74,False,80,0.5391281055599113,0,0,1,never_grasped,0,False,75,,,,,0,0,False,0,0,False,False,0.5278483629226685,-0.10970515012741089,0.8774231672286987,0,0,0.0,0,False,False,,False,80
pick_coke_can,pick_coke_can/condition_0043,43,75,False,80,0.5391281055599113,0,0,1,never_grasped,0,False,76,,,,,0,0,False,0,0,False,False,0.5278483629226685,-0.10970515012741089,0.8774231672286987,0,0,0.0,0,False,False,,False,80
pick_coke_can,pick_coke_can/condition_0043,43,76,False,80,0.5391281055599113,0,0,1,never_grasped,0,False,77,,,,,0,0,False,0,0,False,False,0.5278483629226685,-0.10970515012741089,0.8774231672286987,0,0,0.0,0,False,False,,False,80
pick_coke_can,pick_coke_can/condition_0043,43,77,False,80,0.5391281055599113,0,0,1,never_grasped,0,False,78,,,,,0,0,False,0,0,False,False,0.5278483629226685,-0.10970515012741089,0.8774231672286987,0,0,0.0,0,False,False,,False,80
pick_coke_can,pick_coke_can/condition_0043,43,78,False,80,0.5391281055599113,0,0,1,never_grasped,0,False,79,,,,,0,0,False,0,0,False,False,0.5278483629226685,-0.10970515012741089,0.8774231672286987,0,0,0.0,0,False,False,,False,80
pick_coke_can,pick_coke_can/condition_0043,43,79,False,80,0.5391281055599113,0,0,1,never_grasped,0,False,80,,,,,0,0,False,0,0,False,False,0.5278483629226685,-0.10970515012741089,0.8774231672286987,0,0,0.0,0,False,False,,True,80
pick_coke_can,pick_coke_can/condition_0044,44,0,True,15,0.5717421966704173,0,0,0,success,0,False,1,14,14,,14,1,0,False,1,0,False,False,0.5278445482254028,-0.21970269083976746,0.877423107624054,0,0,0.0,0,False,False,,False,80
pick_coke_can,pick_coke_can/condition_0044,44,1,True,15,0.5717421966704173,0,0,0,success,0,False,2,14,14,,14,1,0,False,1,0,False,False,0.5278445482254028,-0.21970269083976746,0.877423107624054,0,0,0.0,0,False,False,,False,80
pick_coke_can,pick_coke_can/condition_0044,44,2,True,15,0.5717421966704173,0,0,0,success,0,False,3,14,14,,14,1,0,False,1,0,False,False,0.5278445482254028,-0.21970269083976746,0.877423107624054,0,0,0.0,0,False,False,,False,80
pick_coke_can,pick_coke_can/condition_0044,44,3,True,15,0.5717421966704173,0,0,0,success,0,False,4,14,14,,14,1,0,False,1,0,False,False,0.5278445482254028,-0.21970269083976746,0.877423107624054,0,0,0.0,0,False,False,,False,80
pick_coke_can,pick_coke_can/condition_0044,44,4,True,15,0.5717421966704173,0,0,0,success,0,False,5,14,14,,14,1,0,False,1,0,False,False,0.5278445482254028,-0.21970269083976746,0.877423107624054,0,0,0.0,0,False,False,,False,80
pick_coke_can,pick_coke_can/condition_0044,44,5,True,15,0.5717421966704173,0,0,0,success,0,False,6,14,14,,14,1,0,False,1,0,False,False,0.5278445482254028,-0.21970269083976746,0.877423107624054,0,0,0.0,0,False,False,,False,80
pick_coke_can,pick_coke_can/condition_0044,44,6,True,15,0.5717421966704173,0,0,0,success,0,False,7,14,14,,14,1,0,False,1,0,False,False,0.5278445482254028,-0.21970269083976746,0.877423107624054,0,0,0.0,0,False,False,,False,80
pick_coke_can,pick_coke_can/condition_0044,44,7,True,15,0.5717421966704173,0,0,0,success,0,False,8,14,14,,14,1,0,False,1,0,False,False,0.5278445482254028,-0.21970269083976746,0.877423107624054,0,0,0.0,0,False,False,,False,80
pick_coke_can,pick_coke_can/condition_0044,44,8,True,15,0.5717421966704173,0,0,0,success,0,False,9,14,14,,14,1,0,False,1,0,False,False,0.5278445482254028,-0.21970269083976746,0.877423107624054,0,0,0.0,0,False,False,,False,80
pick_coke_can,pick_coke_can/condition_0044,44,9,True,15,0.5717421966704173,0,0,0,success,0,False,10,14,14,,14,1,0,False,1,0,False,False,0.5278445482254028,-0.21970269083976746,0.877423107624054,0,0,0.0,0,False,False,,False,80
pick_coke_can,pick_coke_can/condition_0044,44,10,True,15,0.5717421966704173,0,0,0,success,0,False,11,14,14,,14,1,0,False,1,0,False,False,0.5278445482254028,-0.21970269083976746,0.877423107624054,0,0,0.0,0,False,False,,False,80
pick_coke_can,pick_coke_can/condition_0044,44,11,True,15,0.5717421966704173,0,0,0,success,0,False,12,14,14,,14,1,0,False,1,0,False,False,0.5278445482254028,-0.21970269083976746,0.877423107624054,0,0,0.0,0,False,False,,False,80
pick_coke_can,pick_coke_can/condition_0044,44,12,True,15,0.5717421966704173,0,0,0,success,0,False,13,14,14,,14,1,0,False,1,0,False,False,0.5278445482254028,-0.21970269083976746,0.877423107624054,0,0,0.0,0,False,False,,False,80
pick_coke_can,pick_coke_can/condition_0044,44,13,True,15,0.5717421966704173,0,0,0,success,0,False,14,14,14,,14,1,0,False,1,0,False,False,0.5278445482254028,-0.21970269083976746,0.877423107624054,0,0,0.0,0,False,False,,False,80
pick_coke_can,pick_coke_can/condition_0044,44,14,True,15,0.5717421966704173,0,0,0,success,0,False,15,14,14,,14,1,1,True,1,1,True,False,0.5278445482254028,-0.21970269083976746,0.877423107624054,4,1,1.0,0,True,True,0,False,80
